timestamp,estimated_lat,estimated_lon,estimated_heading,position_uncertainty,gnss_available,raw_dr_lat,raw_dr_lon
2020-01-08 10:15:46.700,52.55469500385986,-1.4630640120905638,251.38885315611873,4.418942490195801,True,52.5546950063702,-1.463064
2020-01-08 10:15:46.800,52.55469499292924,-1.4630640280475633,225.20427105184547,3.749227535324709,True,52.55469502459394,-1.46306400004998
2020-01-08 10:15:46.900,52.554694977831474,-1.4630640372320711,213.09905709876088,3.3192866996531616,True,52.55469504656481,-1.4630640001187651
2020-01-08 10:15:47.000,52.55469497614007,-1.463064031266408,206.13974872064853,3.0190922983984305,True,52.554695051576175,-1.46306400013764
2020-01-08 10:15:47.100,52.554694968482934,-1.4630640313815526,201.6617666678837,2.800319163806578,True,52.55469506463037,-1.4630640002857374
2020-01-08 10:15:47.200,52.55469496266225,-1.4630640302117632,198.5797012515868,2.6378742205772703,True,52.55469507619615,-1.4630640004638962
2020-01-08 10:15:47.300,52.55469495483146,-1.4630640301944353,196.29487892799511,2.5169329106334866,True,52.55469509080568,-1.4630640006899023
2020-01-08 10:15:47.400,52.55469495521618,-1.4630640265152748,194.57227134283227,2.4277431038866557,True,52.55469509657823,-1.4630640007907691
2020-01-08 10:15:47.500,52.554694954653485,-1.4630640238006962,193.17062724523296,2.3631221009389924,True,52.55469510340601,-1.4630640009127835
2020-01-08 10:15:47.600,52.55469495401968,-1.4630640214108495,191.89590398192857,2.3173484239146585,True,52.55469511044923,-1.4630640010482427
2020-01-08 10:15:47.700,52.55469494237997,-1.463064022621532,190.9738010290774,2.285706883548187,True,52.55469513054572,-1.463064001513592
2020-01-08 10:15:47.800,52.554694937054435,-1.463064021662863,190.23434764611994,2.264206713421199,True,52.55469514517079,-1.4630640018449876
2020-01-08 10:15:47.900,52.55469493869402,-1.4630640187238304,189.58431750514737,2.2495612387645165,True,52.55469515266941,-1.463064002011115
2020-01-08 10:15:48.000,52.55469493040812,-1.4630640185673556,188.95745045832362,2.2391063501101107,True,52.554695171760685,-1.4630640024008585
2020-01-08 10:15:48.100,52.5546949253053,-1.4630640173728071,188.2921211811605,2.2308420090177226,True,52.55469518864502,-1.4630640027638795
2020-01-08 10:15:48.200,52.55469493284109,-1.4630640133632797,187.76578602492606,2.2233653530868804,True,52.55469519174234,-1.4630640028401047
2020-01-08 10:15:48.300,52.55469493111039,-1.463064011699319,187.23051112714464,2.2157257751578205,True,52.55469520465614,-1.463064003159731
2020-01-08 10:15:48.400,52.55469491936407,-1.4630640119036953,186.8291178459759,2.207400952765071,True,52.55469522973233,-1.463064003836573
2020-01-08 10:15:48.500,52.554694911319444,-1.4630640112674969,186.52903011857194,2.1981393972536774,True,52.55469525252219,-1.463064004440126
2020-01-08 10:15:48.600,52.55469490909461,-1.4630640096756544,185.95085329933883,2.187845877902973,True,52.554695269895774,-1.4630640048649453
2020-01-08 10:15:48.700,52.55469489796997,-1.4630640093895853,185.51704684630138,2.1766355099635057,True,52.554695298094096,-1.463064005772394
2020-01-08 10:15:48.800,52.554694892677055,-1.4630640080979678,185.27953431892058,2.164691437672227,True,52.55469532129602,-1.4630640066081595
2020-01-08 10:15:48.900,52.55469489694854,-1.4630640055589619,185.05461526161605,2.152206528559789,True,52.55469533412098,-1.4630640070544105
2020-01-08 10:15:49.000,52.55469489655517,-1.463064003883159,184.87836711254903,2.1393857748612373,True,52.554695351618996,-1.463064007640287
2020-01-08 10:15:49.100,52.55469490199691,-1.4630640016936995,184.64022570864614,2.126417449829191,True,52.55469536227063,-1.4630640079746005
2020-01-08 10:15:49.200,52.55469489784998,-1.463064000739015,184.450591011525,2.1134889262372036,True,52.55469538311352,-1.4630640086365587
2020-01-08 10:15:49.300,52.5546948954657,-1.463063999530947,184.1988023116652,2.100750488486962,True,52.554695402458215,-1.4630640092153515
2020-01-08 10:15:49.400,52.554694903844364,-1.4630639974436037,183.993054801487,2.0883339219102615,True,52.55469540955017,-1.4630640094274379
2020-01-08 10:15:49.500,52.5546949107102,-1.4630639957000042,183.76678052063983,2.0763483367261344,True,52.55469541694188,-1.4630640096491256
2020-01-08 10:15:49.600,52.554694912246624,-1.4630639947588069,183.42842105690394,2.06486838102099,True,52.554695429342885,-1.4630640100277905
2020-01-08 10:15:49.700,52.554694918789934,-1.463063993285825,183.31518642692185,2.0539692947058246,True,52.554695435586765,-1.463064010245965
2020-01-08 10:15:49.800,52.55469492286038,-1.4630639924608415,183.15778784883457,2.0436804465023855,True,52.5546954436095,-1.4630640105024897
2020-01-08 10:15:49.900,52.554694918719676,-1.463063992429726,182.93118906814087,2.03402261278856,True,52.55469546044508,-1.4630640110427409
2020-01-08 10:15:50.000,52.55469492035342,-1.4630639919780017,182.73192896005497,2.0250034249355524,True,52.55469547118464,-1.4630640114118358
2020-01-08 10:15:50.100,52.554694919838184,-1.46306399163896,182.4584368242175,2.0166156952160446,True,52.55469548409677,-1.463064011880042
2020-01-08 10:15:50.200,52.55469491022221,-1.4630639918850037,182.27603498626544,2.0088463859809127,True,52.55469550755967,-1.4630640128150392
2020-01-08 10:15:50.300,52.554694910255904,-1.4630639914054977,182.30407778393104,2.0016757505924083,True,52.554695521310165,-1.4630640133794146
2020-01-08 10:15:50.400,52.5546949096834,-1.4630639909930327,182.1511223048297,1.9950656582766395,True,52.55469553571329,-1.4630640139595006
2020-01-08 10:15:50.500,52.55469491253451,-1.4630639906008192,181.98774419275298,1.988980936278555,True,52.55469554622726,-1.463064014379644
2020-01-08 10:15:50.600,52.55469491380599,-1.4630639904075076,181.8628101228789,1.9833863113504508,True,52.55469555810211,-1.4630640148661291
2020-01-08 10:15:50.700,52.55469492119317,-1.4630639898552629,182.05653517969745,1.9782451963946754,True,52.554695562703635,-1.4630640150561576
2020-01-08 10:15:50.800,52.55469491836683,-1.4630639899209161,181.84278490691946,1.9735132244973728,True,52.55469557793805,-1.463064015636596
2020-01-08 10:15:50.900,52.55469491671353,-1.4630639898476039,181.65739698146464,1.96915380999848,True,52.554695592235475,-1.4630640162120718
2020-01-08 10:15:51.000,52.55469491906013,-1.4630639898163624,181.5665570682479,1.9651313464467388,True,52.5546956021718,-1.4630640166239655
2020-01-08 10:15:51.100,52.55469491686722,-1.4630639898498707,181.393461769729,1.961411381116104,True,52.554695616970335,-1.4630640172342997
2020-01-08 10:15:51.200,52.55469491788366,-1.4630639900478393,181.34515862764053,1.9579617261877733,True,52.55469562840786,-1.4630640177215264
2020-01-08 10:15:51.300,52.55469492418698,-1.4630639902439762,181.3286537904643,1.9547521652022608,True,52.55469563360224,-1.4630640179399461
2020-01-08 10:15:51.400,52.55469493063917,-1.4630639902319835,181.39172735534075,1.951753831210723,True,52.55469563766041,-1.4630640181076935
2020-01-08 10:15:51.500,52.55469493337843,-1.4630639903816978,181.2897633909317,1.9489415961472905,True,52.55469564501562,-1.4630640183706403
2020-01-08 10:15:51.600,52.554694933320945,-1.4630639908000944,181.25006302690628,1.9462934785737827,True,52.55469565518047,-1.4630640187407211
2020-01-08 10:15:51.700,52.554694922583316,-1.4630639915887458,181.1788784557631,1.9437900611408363,True,52.55469567765805,-1.4630640195553473
2020-01-08 10:15:51.800,52.55469491303569,-1.46306399232786,180.99030156068162,1.9414149658326487,True,52.554695700397666,-1.4630640203949987
2020-01-08 10:15:51.900,52.554694903230164,-1.4630639929821863,180.96564273660542,1.9391531560356465,True,52.55469572488405,-1.4630640214013195
2020-01-08 10:15:52.000,52.55469489375853,-1.4630639936652552,180.94438801981514,1.9369915124889558,True,52.55469575047823,-1.4630640224350135
2020-01-08 10:15:52.100,52.55469488751674,-1.463063994266573,180.85856993093162,1.9349192860509927,True,52.55469577379384,-1.4630640233610304
2020-01-08 10:15:52.200,52.55469488492068,-1.4630639944533297,180.85064745550164,1.932926490044739,True,52.554695793856595,-1.4630640241854578
2020-01-08 10:15:52.300,52.55469489276406,-1.4630639948233704,180.76482747069954,1.9310062964472785,True,52.554695802297864,-1.46306402451425
2020-01-08 10:15:52.400,52.55469489435961,-1.4630639953143985,180.64297860190854,1.9291522266592858,True,52.55469581674501,-1.463064025104055
2020-01-08 10:15:52.500,52.55469489974646,-1.4630639956484877,180.68284061374752,1.9273581293623778,True,52.554695826584684,-1.4630640254972906
2020-01-08 10:15:52.600,52.554694904445824,-1.46306399600356,180.66565356590138,1.9256193960201717,True,52.55469583639968,-1.4630640258686316
2020-01-08 10:15:52.700,52.55469490460098,-1.4630639963592693,180.7425237731999,1.9239311994326156,True,52.55469585073516,-1.463064026404737
2020-01-08 10:15:52.800,52.5546949054761,-1.4630639970109662,180.76294607869593,1.9222912839627861,True,52.55469586422224,-1.4630640268522126
2020-01-08 10:15:52.900,52.5546949076472,-1.4630639972929784,180.9753955542777,1.9206931250167596,True,52.55469587608224,-1.4630640272327864
2020-01-08 10:15:53.000,52.55469491706634,-1.4630639975050472,180.97685139752602,1.9191389727567087,True,52.554695879265,-1.4630640273245077
2020-01-08 10:15:53.100,52.554694922422435,-1.463063997729109,181.0288701867524,1.9176259271150478,True,52.554695885696574,-1.4630640275177496
2020-01-08 10:15:53.200,52.55469492210672,-1.4630639980195577,180.8881309467021,1.9161556491845178,True,52.55469589784835,-1.463064027837937
2020-01-08 10:15:53.300,52.55469491816357,-1.4630639985229326,180.8631303057933,1.9147251964712664,True,52.554695914227494,-1.4630640283030196
2020-01-08 10:15:53.400,52.554694908257304,-1.463063999425323,180.63577798468842,1.91333440461491,True,52.55469593807737,-1.4630640289669268
2020-01-08 10:15:53.500,52.55469491384322,-1.4630639997277206,180.6131528463829,1.9119803302391933,True,52.554695945585244,-1.4630640292229922
2020-01-08 10:15:53.600,52.55469491654597,-1.4630640001184612,180.4034403498006,1.9106620231937943,True,52.5546959555657,-1.4630640295614714
2020-01-08 10:15:53.700,52.55469491492097,-1.4630640004899058,180.11303159518727,1.9093772843080663,True,52.55469597011875,-1.4630640301327862
2020-01-08 10:15:53.800,52.554694916582164,-1.4630640008772424,180.1715184004988,1.9081278217284756,True,52.55469598113328,-1.4630640306441827
2020-01-08 10:15:53.900,52.55469491755948,-1.4630640011472742,180.10436629954623,1.906911411510733,True,52.554695992682596,-1.463064031172037
2020-01-08 10:15:54.000,52.554694921942435,-1.4630640013762164,179.994597423126,1.9057265723791967,True,52.554696000161435,-1.4630640315218728
2020-01-08 10:15:54.100,52.55469492025039,-1.463064001875749,179.7935588392895,1.9045712644609394,True,52.55469601396987,-1.4630640321994046
2020-01-08 10:15:54.200,52.5546949217741,-1.4630640023931785,179.85655552156575,1.9034477080560368,True,52.554696024331236,-1.4630640327703295
2020-01-08 10:15:54.300,52.554694921935926,-1.4630640027114177,179.76880293504502,1.9023531532534235,True,52.554696036028716,-1.4630640333962899
2020-01-08 10:15:54.400,52.55469492594709,-1.4630640031570896,179.84368488260318,1.9012868521439454,True,52.5546960432691,-1.4630640337996674
2020-01-08 10:15:54.500,52.55469492965415,-1.463064003711517,179.8476582289124,1.900246928359297,True,52.554696050250215,-1.4630640341743184
2020-01-08 10:15:54.600,52.554694933389754,-1.4630640039777718,179.81757021902624,1.8992322061329154,True,52.554696056634796,-1.4630640345200658
2020-01-08 10:15:54.700,52.554694932122615,-1.4630640043390064,179.77037793555897,1.8982416816722723,True,52.5546960682113,-1.4630640351505135
2020-01-08 10:15:54.800,52.55469493292346,-1.4630640044931467,179.7797599732669,1.8972743744575136,True,52.55469607759882,-1.4630640356737217
2020-01-08 10:15:54.900,52.55469493918071,-1.463064004621994,179.82995832339816,1.8963290324884285,True,52.55469608058228,-1.4630640358436513
2020-01-08 10:15:55.000,52.554694938659885,-1.4630640045654253,179.84187965903143,1.8954048276397921,True,52.55469609041951,-1.4630640363772727
2020-01-08 10:15:55.100,52.55469493740089,-1.46306400440642,179.80378501712232,1.8945013968247273,True,52.55469610118632,-1.4630640369366883
2020-01-08 10:15:55.200,52.55469492915211,-1.4630640041505205,179.67772846498264,1.8936185657969973,True,52.55469612019306,-1.4630640378945778
2020-01-08 10:15:55.300,52.55469492972188,-1.4630640037034324,179.57272871676992,1.8927554195406306,True,52.55469613029969,-1.4630640383936035
2020-01-08 10:15:55.400,52.55469492976778,-1.4630640029237787,179.44392377250668,1.8919113768329332,True,52.55469614092447,-1.4630640389135117
2020-01-08 10:15:55.500,52.55469493071737,-1.4630640025003556,179.22803559549848,1.8910851731030618,True,52.55469615050074,-1.4630640393687762
2020-01-08 10:15:55.600,52.554694929471324,-1.4630640019791716,179.1391953546181,1.8902774498114068,True,52.55469616246193,-1.4630640399263175
2020-01-08 10:15:55.700,52.554694903185215,-1.4630640005126232,179.05702120299136,1.8894880209916816,True,52.55469620345291,-1.463064041786339
2020-01-08 10:15:55.800,52.55469486808585,-1.4630639986228435,179.01075514151222,1.8887162159426403,True,52.55469625859216,-1.4630640441766831
2020-01-08 10:15:55.900,52.554694827267284,-1.4630639962359775,178.82315349939532,1.8879605589947337,True,52.55469632565896,-1.4630640468786311
2020-01-08 10:15:56.000,52.55469476155043,-1.4630639926910678,178.7065112895851,1.8872212925175635,True,52.554696427612654,-1.4630640510734998
2020-01-08 10:15:56.100,52.55469467630606,-1.4630639877933982,178.59840820879532,1.886498578667815,True,52.5546965620581,-1.4630640565088764
2020-01-08 10:15:56.200,52.55469459843451,-1.4630639823512783,178.45245646351322,1.8857916150250136,True,52.554696700981744,-1.46306406197372
2020-01-08 10:15:56.300,52.55469449562794,-1.4630639749780172,178.26442452075975,1.8850997998461547,True,52.55469688048475,-1.463064069049963
2020-01-08 10:15:56.400,52.554694394549664,-1.4630639661830696,178.15025215307543,1.884424214380485,True,52.55469707365072,-1.4630640769401146
2020-01-08 10:15:56.500,52.55469428970832,-1.4630639567052452,177.8882843080874,1.88376209844957,True,52.55469728654092,-1.4630640853725756
2020-01-08 10:15:56.600,52.55469412226125,-1.4630639418447655,177.72009367264891,1.8831167067245433,True,52.55469758754646,-1.4630640984398275
2020-01-08 10:15:56.700,52.554693964023194,-1.463063925406958,177.66075263750218,1.8824892923246848,True,52.5546979034523,-1.4630641126585462
2020-01-08 10:15:56.800,52.554693816553375,-1.4630639082385304,177.56157150340223,1.881877748528471,True,52.55469823106977,-1.4630641267883295
2020-01-08 10:15:56.900,52.55469363144542,-1.4630638868013177,177.44349864372265,1.881282028080524,True,52.554698624568815,-1.4630641432523994
2020-01-08 10:15:57.000,52.554693428520935,-1.463063863060619,177.40702320608528,1.8807020691513692,True,52.554699066822664,-1.4630641615375912
2020-01-08 10:15:57.100,52.554693242638905,-1.4630638387549293,177.2043913727811,1.8801346586483771,True,52.55469952039428,-1.4630641791047825
2020-01-08 10:15:57.200,52.55469308764626,-1.4630638165611178,177.08090672132613,1.8795796404037464,True,52.55469996668403,-1.4630641972306337
2020-01-08 10:15:57.300,52.554692883765675,-1.4630637891238254,177.0050851645913,1.8790404245617727,True,52.554700493011325,-1.4630642187808451
2020-01-08 10:15:57.400,52.554692697853746,-1.463063758574013,176.727849671658,1.8785125809145609,True,52.55470102981745,-1.463064241410337
2020-01-08 10:15:57.500,52.55469254076075,-1.4630637298750346,176.55228525422427,1.8779964245507905,True,52.55470156177265,-1.4630642657549682
2020-01-08 10:15:57.600,52.55469238731549,-1.4630637002623985,176.30600718842868,1.8774925583059505,True,52.55470211355473,-1.4630642917608174
2020-01-08 10:15:57.700,52.554692286412475,-1.4630636779248012,176.04916941818902,1.8769981138561858,True,52.55470262809721,-1.4630643178343492
2020-01-08 10:15:57.800,52.55469224840907,-1.4630636586593524,175.80142952092567,1.8765133081344358,True,52.55470308561739,-1.4630643431836763
2020-01-08 10:15:57.900,52.55469218573317,-1.4630636364385485,175.58479088879778,1.8760434510767934,True,52.55470357749638,-1.4630643725835863
2020-01-08 10:15:58.000,52.5546921674307,-1.4630636254843503,175.4033568977611,1.8755842232118103,True,52.55470402757192,-1.4630644011357308
2020-01-08 10:15:58.100,52.55469219265085,-1.4630636225144575,175.28076876929535,1.8751359973708033,True,52.55470443014472,-1.4630644281840686
2020-01-08 10:15:58.200,52.55469222451167,-1.4630636244057726,175.25033708683304,1.8747000280934014,True,52.55470482108737,-1.4630644553849437
2020-01-08 10:15:58.300,52.554692287536064,-1.463063627214182,175.18278973674063,1.8742712004543203,True,52.55470517135798,-1.4630644798200156
2020-01-08 10:15:58.400,52.55469234141554,-1.463063631137817,175.10628750700224,1.8738495586115218,True,52.55470552253501,-1.4630645044956723
2020-01-08 10:15:58.500,52.554692390413116,-1.4630636464344478,175.1280299952848,1.8734333357957456,True,52.554705870609,-1.463064529265013
2020-01-08 10:15:58.600,52.554692497172994,-1.4630636738813312,175.07950895211772,1.873015988071723,True,52.55470614423715,-1.4630645486129372
2020-01-08 10:15:58.700,52.55469258520959,-1.463063697135517,175.26176380938543,1.872599472678745,True,52.55470642319277,-1.4630645688521668
2020-01-08 10:15:58.800,52.55469263114362,-1.4630637190180966,175.26212220059378,1.8721855134247505,True,52.55470673703195,-1.4630645913823557
2020-01-08 10:15:58.900,52.55469271708577,-1.463063754455443,175.08806130680895,1.8717708572326035,True,52.554706997097966,-1.4630646101456513
2020-01-08 10:15:59.000,52.55469281568726,-1.4630637968747089,174.98763369398793,1.8713572015165647,True,52.554707228909535,-1.4630646283251552
2020-01-08 10:15:59.100,52.55469290355122,-1.4630638370033808,174.98327435382188,1.87094555209765,True,52.554707457842916,-1.4630646474037228
2020-01-08 10:15:59.200,52.55469298939958,-1.4630638826213629,174.92691105418365,1.8705362833891874,True,52.55470767509879,-1.4630646659533753
2020-01-08 10:15:59.300,52.554693040557254,-1.4630639289115506,174.9998134877657,1.8701307589905,True,52.55470791864158,-1.4630646877627294
2020-01-08 10:15:59.400,52.55469308021503,-1.463063969830179,174.9004618774575,1.869729358864961,True,52.55470816749945,-1.4630647103643668
2020-01-08 10:15:59.500,52.5546931174338,-1.4630640104555117,175.00093297412357,1.8693290797213526,True,52.554708412730015,-1.4630647340263214
2020-01-08 10:15:59.600,52.554693144068736,-1.4630640504034946,175.0540741990416,1.86893132545544,True,52.55470866410787,-1.463064758281212
2020-01-08 10:15:59.700,52.554693159390474,-1.4630640952116842,175.08329101644213,1.8685376939571767,True,52.55470892370259,-1.4630647836864743
2020-01-08 10:15:59.800,52.55469313239404,-1.46306413455645,175.2092667390692,1.868148708114618,True,52.55470922933682,-1.4630648144628948
2020-01-08 10:15:59.900,52.554693112507636,-1.4630641692381814,175.24712412058236,1.8677626863693064,True,52.554709530856,-1.4630648448480899
2020-01-08 10:16:00.000,52.55469308893681,-1.463064207513135,175.371206810321,1.8673800365509778,True,52.55470983902466,-1.4630648764518515
2020-01-08 10:16:00.100,52.55469300808036,-1.4630642419685473,175.45242215065906,1.8670071233744054,True,52.55471021626034,-1.4630649150486732
2020-01-08 10:16:00.200,52.55469293448349,-1.463064267079875,175.431653197193,1.866641078027262,True,52.55471059773322,-1.4630649545716632
2020-01-08 10:16:00.300,52.55469287893804,-1.4630642925804853,175.52965960497136,1.8662791761378772,True,52.554710969453055,-1.463064992754375
2020-01-08 10:16:00.400,52.554692808111874,-1.463064307582226,175.88759599803086,1.8659161741049897,True,52.5547113676279,-1.4630650332114215
2020-01-08 10:16:00.500,52.55469274167756,-1.4630643273420114,176.02927264778734,1.865560889940644,True,52.554711771203266,-1.463065072910183
2020-01-08 10:16:00.600,52.55469264666875,-1.463064348282555,176.09237010218072,1.8652200012161495,True,52.55471221746528,-1.4630651151483847
2020-01-08 10:16:00.700,52.55469253743825,-1.4630643613128675,176.21605665476807,1.8648894351935503,True,52.55471269484758,-1.463065160107576
2020-01-08 10:16:00.800,52.554692460142256,-1.4630643708270692,176.10705703478638,1.8645716803012355,True,52.55471315245897,-1.4630652015422196
2020-01-08 10:16:00.900,52.554692357799865,-1.4630643849372824,176.26325528366573,1.8642644978108094,True,52.55471365018074,-1.4630652461899272
2020-01-08 10:16:01.000,52.554692256974434,-1.4630643983867202,176.309446743846,1.8639672675781485,True,52.554714161798316,-1.4630652897007035
2020-01-08 10:16:01.100,52.55469213926521,-1.4630644060109428,176.1798139215383,1.8636836873611862,True,52.55471470841812,-1.463065335369791
2020-01-08 10:16:01.200,52.554692064673,-1.46306441091373,176.11449471960827,1.863403973585202,True,52.5547152235345,-1.463065380166993
2020-01-08 10:16:01.300,52.55469192983575,-1.4630644193495383,175.9462926630788,1.8631370367648963,True,52.55471581879318,-1.4630654326318566
2020-01-08 10:16:01.400,52.55469186923322,-1.4630644244756628,175.78747136225283,1.862866620757515,True,52.55471634942801,-1.4630654821032774
2020-01-08 10:16:01.500,52.55469173533963,-1.4630644234398782,175.63445345441653,1.862606215923279,True,52.55471697349054,-1.4630655428189818
2020-01-08 10:16:01.600,52.5546916316318,-1.463064427766314,175.5928705742111,1.8623461515898172,True,52.55471758283045,-1.4630656047437023
2020-01-08 10:16:01.700,52.55469151852864,-1.463064427532993,175.69759125060042,1.8620922480427708,True,52.554718218851875,-1.4630656703040703
2020-01-08 10:16:01.800,52.55469141354596,-1.4630644261917392,175.82934282769887,1.861842369684033,True,52.554718862865045,-1.4630657346611113
2020-01-08 10:16:01.900,52.554691323472966,-1.4630644177364138,175.93006189908323,1.8615952511985367,True,52.554719506281145,-1.463065794717266
2020-01-08 10:16:02.000,52.55469123315395,-1.4630643918591208,176.53563240406456,1.861347231597957,True,52.55472016481724,-1.4630658530367984
2020-01-08 10:16:02.100,52.55469114694691,-1.4630643862129682,176.4860516526515,1.8611082684360718,True,52.55472083166753,-1.4630659086970415
2020-01-08 10:16:02.200,52.55469106630765,-1.4630643808243946,176.6762824307332,1.8608734500581945,True,52.55472150530411,-1.4630659645245083
2020-01-08 10:16:02.300,52.55469099370231,-1.4630643734274413,176.67445606907657,1.8606452752142497,True,52.55472218225597,-1.4630660184822302
2020-01-08 10:16:02.400,52.55469091149324,-1.4630643440450068,176.55001329341258,1.8604257573862795,True,52.55472288249238,-1.4630660726752893
2020-01-08 10:16:02.500,52.55469082211854,-1.4630643035725623,176.35027217150403,1.860212793249914,True,52.55472360415799,-1.463066128554882
2020-01-08 10:16:02.600,52.55469076229095,-1.4630642625430856,176.24271269857334,1.8599991802869902,True,52.55472430568945,-1.4630661841461745
2020-01-08 10:16:02.700,52.55469068208619,-1.4630642283785442,176.12927370830886,1.8597902189222395,True,52.55472503963184,-1.4630662415133158
2020-01-08 10:16:02.800,52.55469062865455,-1.4630641880328454,175.9086937785021,1.8595779698057635,True,52.554725755480185,-1.463066297575325
2020-01-08 10:16:02.900,52.554690565970645,-1.4630641559778912,175.7072146946019,1.8593662467688608,True,52.55472648990677,-1.4630663544718472
2020-01-08 10:16:03.000,52.5546904951378,-1.4630641040650838,175.5371204130187,1.8591579301543375,True,52.5547272442276,-1.4630664152304398
2020-01-08 10:16:03.100,52.55469043488723,-1.4630640547827343,175.36624645506777,1.8589500875530285,True,52.55472799727497,-1.4630664769307378
2020-01-08 10:16:03.200,52.554690416468446,-1.4630640171347786,175.38417350241093,1.8587431278496542,True,52.554728711139425,-1.4630665366047597
2020-01-08 10:16:03.300,52.554690339080025,-1.46306397144033,175.22972597136507,1.85854846318197,True,52.554729496150905,-1.4630665991528342
2020-01-08 10:16:03.400,52.554690317198954,-1.4630639331600688,175.3439136224442,1.8583552285442109,True,52.554730229058684,-1.4630666587353536
2020-01-08 10:16:03.500,52.554690285689,-1.4630638908849267,175.32720610960254,1.8581689236673107,True,52.55473097692834,-1.463066712263523
2020-01-08 10:16:03.600,52.55469029996263,-1.463063849992636,175.42060296891586,1.8579811794441088,True,52.55473167724394,-1.4630667605571455
2020-01-08 10:16:03.700,52.55469028886538,-1.4630638193467411,175.46281675932264,1.8578006930431499,True,52.55473240445469,-1.4630668034567325
2020-01-08 10:16:03.800,52.554690269922396,-1.4630637842107095,175.4208497562112,1.857624449105392,True,52.55473314285033,-1.4630668428652078
2020-01-08 10:16:03.900,52.55469027163816,-1.4630637528815549,175.05231642390578,1.857444193527307,True,52.554733860451584,-1.4630668794506658
2020-01-08 10:16:04.000,52.554690269585535,-1.463063706273115,174.8037251193849,1.8572659576543724,True,52.55473458303061,-1.4630669211071723
2020-01-08 10:16:04.100,52.55469027821368,-1.4630636441004385,174.68682524501213,1.857090831820104,True,52.554735294761585,-1.4630669641859357
2020-01-08 10:16:04.200,52.554690280073466,-1.463063598437437,174.34583029873386,1.8569158394372307,True,52.55473601258452,-1.463067006471029
2020-01-08 10:16:04.300,52.554690263719536,-1.4630635448929163,174.33591805982138,1.85675349979249,True,52.55473675178926,-1.4630670533661463
2020-01-08 10:16:04.400,52.55469030851561,-1.4630635182186797,174.18754771895777,1.8565849408026578,True,52.55473742229541,-1.4630670920678088
2020-01-08 10:16:04.500,52.554690328946094,-1.4630634917130863,174.26774262195275,1.8564286094040028,True,52.554738114218814,-1.4630671315749806
2020-01-08 10:16:04.600,52.55469035899551,-1.4630634605035244,174.10373478042277,1.8562733906353748,True,52.55473879245907,-1.4630671697893547
2020-01-08 10:16:04.700,52.55469036200772,-1.4630634249872747,174.29321463232338,1.8561285207973024,True,52.55473949787889,-1.4630672013112223
2020-01-08 10:16:04.800,52.55469041585744,-1.4630634055298457,174.32629910584652,1.8559754803996327,True,52.554740143848264,-1.463067228127264
2020-01-08 10:16:04.900,52.55469042422397,-1.463063355207192,174.3063448066966,1.8558302675113687,True,52.554740835948714,-1.4630672529728201
2020-01-08 10:16:05.000,52.55469045053436,-1.4630633285321801,174.2351173248905,1.8556814820552732,True,52.5547415052458,-1.4630672740709272
2020-01-08 10:16:05.100,52.5546904939992,-1.4630633099611174,174.0383321364009,1.8555291360496518,True,52.55474215064481,-1.4630672933570124
2020-01-08 10:16:05.200,52.55469048275605,-1.4630632928316896,174.12021623922885,1.8553869909720744,True,52.55474285234043,-1.4630673137128052
2020-01-08 10:16:05.300,52.55469048966743,-1.4630632807557604,173.93767451520716,1.855242189171372,True,52.55474353477744,-1.463067328676001
2020-01-08 10:16:05.400,52.554690521589436,-1.46306326955441,174.52522962586826,1.8550871243528368,True,52.55474418755221,-1.4630673448814808
2020-01-08 10:16:05.500,52.554690511711655,-1.4630632663680394,174.39145004867407,1.8549406550590288,True,52.554744882992374,-1.4630673586430734
2020-01-08 10:16:05.600,52.55469049690764,-1.4630632501517469,174.12425569070214,1.8547977828239068,True,52.55474558648986,-1.463067373663952
2020-01-08 10:16:05.700,52.55469049839936,-1.46306324774793,173.79326983564692,1.8546533039557356,True,52.55474627272487,-1.4630673914077472
2020-01-08 10:16:05.800,52.55469047251856,-1.463063224920799,173.56015552056527,1.8545157289922787,True,52.55474699152668,-1.4630674150202982
2020-01-08 10:16:05.900,52.55469045349087,-1.4630632012167288,173.31406877502545,1.8543791135255183,True,52.554747706659676,-1.4630674412258549
2020-01-08 10:16:06.000,52.5546903667572,-1.4630631738254176,173.09563782928137,1.8542588920888603,True,52.554748502706914,-1.4630674737788996
2020-01-08 10:16:06.100,52.55469030038704,-1.4630631413646513,172.9711241152112,1.8541418849610583,True,52.55474928915796,-1.4630675093351222
2020-01-08 10:16:06.200,52.55469019938795,-1.463063104150474,172.79268315829424,1.8540376063202981,True,52.554750125965846,-1.4630675483219
2020-01-08 10:16:06.300,52.55469005718341,-1.4630630753417662,172.7490221457534,1.8539499264346135,True,52.554751024902,-1.4630675930081314
2020-01-08 10:16:06.400,52.554689872320075,-1.4630630471108468,172.64425462616367,1.8538791664816232,True,52.554751994349076,-1.4630676413949746
2020-01-08 10:16:06.500,52.5546897216272,-1.4630630121283699,172.64340625535138,1.8538112352413434,True,52.554752953392835,-1.463067691431164
2020-01-08 10:16:06.600,52.55468962561874,-1.4630629955991405,172.70579455231604,1.8537382262046964,True,52.55475387151833,-1.4630677378701102
2020-01-08 10:16:06.700,52.55468951283701,-1.463062983022536,172.86540362663004,1.8536709140519014,True,52.55475482318712,-1.46306778305966
2020-01-08 10:16:06.800,52.55468941873327,-1.4630629783028872,172.67929379492193,1.8536027816280292,True,52.55475577007398,-1.4630678205031218
2020-01-08 10:16:06.900,52.55468936413684,-1.463063011991815,172.72587079628218,1.853527486541647,True,52.5547566826991,-1.4630678604818765
2020-01-08 10:16:07.000,52.55468938731721,-1.4630630550179384,172.457172307864,1.853436886676334,True,52.554757513436286,-1.4630678955430756
2020-01-08 10:16:07.100,52.55468939254923,-1.4630631079529033,172.60939607926943,1.8533486114395106,True,52.55475835967998,-1.463067937266375
2020-01-08 10:16:07.200,52.55468942801578,-1.4630631710528668,172.42217064018698,1.8532534658440818,True,52.5547591690609,-1.4630679732812315
2020-01-08 10:16:07.300,52.55468949855214,-1.4630632305696143,172.56591146852114,1.853147699814161,True,52.5547599324878,-1.4630680112223193
2020-01-08 10:16:07.400,52.55468954635814,-1.463063293065323,172.98959111209462,1.853035781357312,True,52.55476071029885,-1.4630680453669735
2020-01-08 10:16:07.500,52.55468959926212,-1.4630633576950454,173.182903472921,1.8529149041989672,True,52.55476147430827,-1.463068067088046
2020-01-08 10:16:07.600,52.55468969767896,-1.4630634199181956,173.12609516596316,1.8527838639731637,True,52.554762177913204,-1.4630680771800628
2020-01-08 10:16:07.700,52.55468982346499,-1.463063500945106,173.38820058348617,1.8526377006988886,True,52.554762832951624,-1.4630680850401332
2020-01-08 10:16:07.800,52.55468996176323,-1.4630636365129503,173.88004405907103,1.8524724386281217,True,52.55476344881877,-1.4630680827656435
2020-01-08 10:16:07.900,52.55469015936353,-1.4630637811441083,174.42368733086045,1.8522742123157279,True,52.55476397383532,-1.4630680730944727
2020-01-08 10:16:08.000,52.55469036370241,-1.46306394173105,174.48451234013433,1.8520833688001035,True,52.55476445840639,-1.4630680568095447
2020-01-08 10:16:08.100,52.55469063282464,-1.4630640904755785,174.83149445274057,1.8518723686772358,True,52.55476483753401,-1.4630680396694038
2020-01-08 10:16:08.200,52.55469093904065,-1.463064267233788,175.2759732884245,1.8516470246505248,True,52.5547651296775,-1.4630680214069078
2020-01-08 10:16:08.300,52.554691268755285,-1.4630644444487508,175.47378269340933,1.8514265390474796,True,52.55476534712452,-1.4630680046460478
2020-01-08 10:16:08.400,52.55469168202433,-1.4630646335108495,175.420704735384,1.8512091706843368,True,52.55476541677623,-1.4630679990467212
2020-01-08 10:16:08.500,52.55469208010616,-1.4630648112240505,175.39768324911788,1.8510054887069654,True,52.554765440842424,-1.4630679969630553
2020-01-08 10:16:08.600,52.55469231746529,-1.4630649826916242,175.41462276542478,1.8508394712071625,True,52.55476558767854,-1.4630679842165615
2020-01-08 10:16:08.700,52.55469239009771,-1.4630651438338496,175.41975976748404,1.8507102646594729,True,52.55476588654981,-1.4630679545027254
2020-01-08 10:16:08.800,52.55469230445362,-1.4630652866701648,175.68371574657925,1.8506120823632457,True,52.554766355954676,-1.4630679079207556
2020-01-08 10:16:08.900,52.55469207625813,-1.4630654049475162,175.98558892753755,1.8505450815116147,True,52.55476700253627,-1.463067837809595
2020-01-08 10:16:09.000,52.55469161624767,-1.4630655477006533,175.92617675927642,1.8505390258044714,True,52.554767946068985,-1.4630677224419055
2020-01-08 10:16:09.100,52.55469100578677,-1.4630656596493228,176.56481823056075,1.8505684980390154,True,52.554769133334624,-1.4630675818290213
2020-01-08 10:16:09.200,52.554690220754736,-1.463065774999427,176.60311709611437,1.8506628936928127,True,52.55477061197998,-1.4630673844741169
2020-01-08 10:16:09.300,52.55468933768337,-1.463065928014653,176.57741342974106,1.8508112844352744,True,52.55477231900568,-1.4630671569721632
2020-01-08 10:16:09.400,52.554688402307704,-1.4630660857145397,176.58624620845362,1.8510040590096093,True,52.55477421926846,-1.463066910243477
2020-01-08 10:16:09.500,52.55468737188512,-1.4630662389964766,176.58904649367878,1.8512538459667107,True,52.5547763702131,-1.4630666362680915
2020-01-08 10:16:09.600,52.55468628294425,-1.4630664093656172,176.98859078646063,1.8515578991561534,True,52.55477874310078,-1.4630663324424873
2020-01-08 10:16:09.700,52.55468516378709,-1.4630665976079722,177.64161482055113,1.851913692674949,True,52.55478131388143,-1.4630659765296485
2020-01-08 10:16:09.800,52.55468402923885,-1.463066870786075,177.53108903270643,1.8523399426206784,True,52.5547840667504,-1.4630655661658238
2020-01-08 10:16:09.900,52.55468489808372,-1.463067387598162,177.652572581192,1.8528198528826252,True,52.554786955464216,-1.463065145303587
2020-01-08 10:16:10.000,52.55469666500515,-1.4630691866217933,177.688692290678,1.8533687628268438,True,52.55479002802715,-1.463064688359472
2020-01-08 10:16:10.100,52.55470673688895,-1.4630707374975833,177.81281052026017,1.8539832841256763,True,52.55479326284225,-1.4630642157915066
2020-01-08 10:16:10.200,52.55471532347293,-1.4630721321325413,177.90229068358173,1.8546714730933644,True,52.55479667298936,-1.4630637165440263
2020-01-08 10:16:10.300,52.55472263660921,-1.463073366499942,178.24369484805416,1.8554326580974156,True,52.55480024168647,-1.4630632062163031
2020-01-08 10:16:10.400,52.55472881704496,-1.4630745097287001,178.53302345116188,1.8562826940953623,True,52.55480399684296,-1.4630626474440576
2020-01-08 10:16:10.500,52.55473399454303,-1.4630755646009346,178.41720868659218,1.8572368159190098,True,52.55480796257223,-1.4630620472527505
2020-01-08 10:16:10.600,52.55473840039136,-1.4630765088659576,178.30505738333358,1.8582558493158914,True,52.55481202894941,-1.463061467946231
2020-01-08 10:16:10.700,52.554742133261705,-1.4630774212556306,177.1380409622558,1.8593022807603263,True,52.55481619880801,-1.4630609082683785
2020-01-08 10:16:10.800,52.55474530461412,-1.4630781750502821,177.8942859403023,1.8604328004973665,True,52.55482045373886,-1.4630604731679804
2020-01-08 10:16:10.900,52.554748013900415,-1.4630789659817425,178.02777444955444,1.8616105356311503,True,52.55482475206106,-1.4630599881739585
2020-01-08 10:16:11.000,52.554750211434154,-1.4630796889822708,178.13209410478797,1.8628902537368517,True,52.554829226701976,-1.463059507680724
2020-01-08 10:16:11.100,52.55475200738458,-1.4630803860237798,178.28201033991868,1.8642555310793902,True,52.55483382801991,-1.4630590439662656
2020-01-08 10:16:11.200,52.55475347427076,-1.4630810953471756,178.36913836706415,1.8656973145399123,True,52.55483853385604,-1.463058630912891
2020-01-08 10:16:11.300,52.55475471973379,-1.463081783233462,177.68617038097568,1.8671638661527232,True,52.55484327075614,-1.4630582499400702
2020-01-08 10:16:11.400,52.55475566922879,-1.4630823557858226,177.62491057470214,1.868728986987565,True,52.55484816268187,-1.4630579901749359
2020-01-08 10:16:11.500,52.554756404126486,-1.4630828934427251,177.75069506062343,1.8703770546780336,True,52.554853157035346,-1.4630577712279484
2020-01-08 10:16:11.600,52.55475698377449,-1.4630833801852234,177.96138086030228,1.8720910832636344,True,52.554858217906634,-1.4630575701324549
2020-01-08 10:16:11.700,52.55475736225983,-1.4630838694874184,178.16496047455286,1.8739080657273528,True,52.55486342036516,-1.4630573690770716
2020-01-08 10:16:11.800,52.5547575910067,-1.4630843559349471,178.0470563719549,1.8758086322399143,True,52.55486873603534,-1.4630571688950027
2020-01-08 10:16:11.900,52.554757743278756,-1.4630847612090332,178.08099945154427,1.877760976023685,True,52.55487410618017,-1.4630570768486095
2020-01-08 10:16:12.000,52.55475776761362,-1.4630851693472162,178.29476764414505,1.8798049043790426,True,52.55487959911793,-1.4630570144105628
2020-01-08 10:16:12.100,52.55475769178935,-1.4630856114993456,178.50921426125942,1.881931149878385,True,52.55488520144282,-1.4630569500932988
2020-01-08 10:16:12.200,52.55475758774078,-1.4630860280686186,178.6479928285475,1.884096945850353,True,52.55489084670783,-1.4630568793357352
2020-01-08 10:16:12.300,52.554757488684785,-1.463086387664349,179.2562770994274,1.8862725038556751,True,52.554896501195785,-1.4630567608549816
2020-01-08 10:16:12.400,52.55475734035614,-1.4630868647423265,179.3487971676205,1.8885004284343638,True,52.55490222311413,-1.463056527979073
2020-01-08 10:16:12.500,52.55475721930421,-1.4630872609793815,180.12172675408507,1.8907086914855178,True,52.55490793495711,-1.4630562481158131
2020-01-08 10:16:12.600,52.55475708227718,-1.463087656045666,180.68668846561744,1.892930881507858,True,52.55491367813499,-1.4630557669382875
2020-01-08 10:16:12.700,52.554757046781994,-1.463088112814519,181.67440774497797,1.8950528645645586,True,52.55491931911086,-1.463055166188968
2020-01-08 10:16:12.800,52.554757057703334,-1.4630887443670342,180.87268274971996,1.8972053181625912,True,52.554924903340215,-1.4630543716413218
2020-01-08 10:16:12.900,52.554757076048965,-1.463089213826889,180.79058398893585,1.8993432075976568,True,52.55493047102968,-1.4630535034541763
2020-01-08 10:16:13.000,52.55475713471441,-1.4630895289930033,181.0320571068449,1.9014238508417733,True,52.55493598579412,-1.4630525733921007
2020-01-08 10:16:13.100,52.554757147707,-1.4630898619915549,181.16699114208475,1.9035133301463543,True,52.55494153798516,-1.4630515433840463
2020-01-08 10:16:13.200,52.55475717751832,-1.4630901334465074,181.16327054466626,1.9055615760721807,True,52.55494706472483,-1.4630504541594886
2020-01-08 10:16:13.300,52.55475720840748,-1.4630904740461725,180.8445151725816,1.9075734700395521,True,52.5549525822843,-1.4630493203678185
2020-01-08 10:16:13.400,52.55475725559445,-1.4630908173720036,180.91646055558786,1.9095269050919133,True,52.55495807921366,-1.4630482301855456
2020-01-08 10:16:13.500,52.55475733139574,-1.4630911274370602,180.5448860622252,1.9114020731061945,True,52.55496353516076,-1.4630471257377047
2020-01-08 10:16:13.600,52.55475738798376,-1.4630913488062145,180.60062168030072,1.9132397731761743,True,52.55496900494364,-1.4630460659165538
2020-01-08 10:16:13.700,52.55475747579514,-1.463091593126728,180.3733969288728,1.9149920368379847,True,52.55497443021648,-1.463045003169525
2020-01-08 10:16:13.800,52.55475754440839,-1.4630918644748814,180.24129805473575,1.916701294656388,True,52.55497986733393,-1.4630439732393108
2020-01-08 10:16:13.900,52.5547576028313,-1.4630920386590578,179.9926934063795,1.9183590899297334,True,52.554985308046454,-1.4630429795008606
2020-01-08 10:16:14.000,52.55475771035358,-1.4630922392587375,179.97007497535085,1.9199226731201646,True,52.55499068772446,-1.4630420468387364
2020-01-08 10:16:14.100,52.55475778234962,-1.4630924834840562,180.06166398755715,1.9214668454587576,True,52.55499609429568,-1.463041136757681
2020-01-08 10:16:14.200,52.55475793608684,-1.4630927922077492,180.4622538186843,1.9228957580749595,True,52.55500139700158,-1.4630402403483969
2020-01-08 10:16:14.300,52.55475815515957,-1.463093112344138,180.75385251252177,1.9242091766666485,True,52.555006600225454,-1.4630393351018967
2020-01-08 10:16:14.400,52.55475850098307,-1.4630935146891635,181.08359517276966,1.9253445140400651,True,52.55501162345205,-1.463038414174782
2020-01-08 10:16:14.500,52.5547590396794,-1.4630939263301248,181.5052884827365,1.9262278687526397,True,52.55501637207051,-1.4630375073627153
2020-01-08 10:16:14.600,52.554759768159116,-1.463094297095845,181.52917230265422,1.9268506546261157,True,52.55502081723556,-1.4630365827765883
2020-01-08 10:16:14.700,52.554760645442386,-1.4630947073907845,181.91709259815931,1.9272302504868506,True,52.55502498000088,-1.4630356639793864
2020-01-08 10:16:14.800,52.554761622968584,-1.4630951754098442,181.96881843523704,1.9274083807224567,True,52.55502889274303,-1.4630347304865752
2020-01-08 10:16:14.900,52.55476269898981,-1.4630957170189283,182.27279465597454,1.92737801196412,True,52.55503254782449,-1.4630338440854858
2020-01-08 10:16:15.000,52.55476386445823,-1.463096264357507,182.9556873806981,1.927133799792232,True,52.555035938514905,-1.4630329856655877
2020-01-08 10:16:15.100,52.55476504392671,-1.463096689956187,184.5827901101485,1.9266819294526105,True,52.55503913200989,-1.46303210143406
2020-01-08 10:16:15.200,52.554766345136635,-1.4630973004685197,185.18855262436784,1.9260278363742378,True,52.555042002455195,-1.463031144514106
2020-01-08 10:16:15.300,52.55476770091946,-1.4630979618065658,184.89631885007535,1.9252880407686994,True,52.55504461470121,-1.4630301954493676
2020-01-08 10:16:15.400,52.55476903951693,-1.4630985686069002,185.8672180490402,1.9244237550898753,True,52.55504704658151,-1.4630292978062582
2020-01-08 10:16:15.500,52.55477037529467,-1.4630992350095022,186.07715418347374,1.9234988156510275,True,52.55504928206258,-1.4630283914547486
2020-01-08 10:16:15.600,52.554771702685116,-1.4630999218183844,185.84123085184282,1.922533144991625,True,52.55505133168493,-1.4630275153159213
2020-01-08 10:16:15.700,52.55477298787775,-1.4631006343816813,185.4833170070113,1.9215324617180318,True,52.55505324059159,-1.4630266918962684
2020-01-08 10:16:15.800,52.554774184060555,-1.4631013484664703,186.15809551131272,1.9204998729830256,True,52.55505506982102,-1.4630259105826262
2020-01-08 10:16:15.900,52.55477521922241,-1.4631022284151531,185.12226330124184,1.9195323154454191,True,52.55505691272473,-1.463025077489676
2020-01-08 10:16:16.000,52.554776151750076,-1.4631031322288772,185.2250587698253,1.9185636694013917,True,52.555058733608924,-1.4630242854443574
2020-01-08 10:16:16.100,52.55477698606111,-1.4631040878712198,184.99978030231298,1.917596358826333,True,52.55506053865595,-1.4630234870285999
2020-01-08 10:16:16.200,52.55477770548037,-1.4631050842724287,184.71309544917258,1.9166457751679558,True,52.55506236171751,-1.4630226767749062
2020-01-08 10:16:16.300,52.5547783821136,-1.4631060930566613,184.7601950480957,1.9156783578849723,True,52.55506413744433,-1.463021876171893
2020-01-08 10:16:16.400,52.554778938533495,-1.46310706644513,185.04495491064307,1.9147629239306492,True,52.55506595698566,-1.4630210531161603
2020-01-08 10:16:16.500,52.55477947841728,-1.463108060886759,186.1919853651376,1.9138405260872855,True,52.55506772239004,-1.463020218046134
2020-01-08 10:16:16.600,52.55477987856202,-1.4631090586463391,187.2008550444934,1.9129861708195044,True,52.55506957017445,-1.4630192903509038
2020-01-08 10:16:16.700,52.554779580199785,-1.4630186295805505,187.12640307537407,1.9122330992378413,True,52.555071493400554,-1.4630182610425246
2020-01-08 10:16:16.800,52.55477915224623,-1.4630211090953167,187.20729358676715,1.9116234607977525,True,52.55507360420581,-1.4630171449424476
2020-01-08 10:16:16.900,52.55477858972355,-1.4630235912379346,187.4756707568906,1.911163875029565,True,52.55507592687939,-1.4630159152286661
2020-01-08 10:16:17.000,52.554777863128244,-1.4630260882250712,187.36458592894206,1.9108876729865034,True,52.55507851595568,-1.4630145342015612
2020-01-08 10:16:17.100,52.55477700332636,-1.4630285850418532,187.99581117938482,1.9107696105385872,True,52.55508136471722,-1.463013041983259
2020-01-08 10:16:17.200,52.55477608371397,-1.4630312116070257,187.84452988346274,1.9107902906606564,True,52.555084419440085,-1.4630114243374759
2020-01-08 10:16:17.300,52.55477505970046,-1.4630337746062398,188.3674555078409,1.9109598497981886,True,52.55508773156618,-1.4630097093342307
2020-01-08 10:16:17.400,52.55477412440109,-1.4630363378987863,188.88432132948267,1.9111589913360423,True,52.55509109755815,-1.4630079314291782
2020-01-08 10:16:17.500,52.5547731754796,-1.4630388643633538,189.5729662212089,1.9114422608484702,True,52.55509461135128,-1.4630060397698614
2020-01-08 10:16:17.600,52.554772210614594,-1.4630414532897722,189.89047596286312,1.911836568361129,True,52.55509828748448,-1.4630040266081819
2020-01-08 10:16:17.700,52.554771288629766,-1.4630440171525678,190.4456537206933,1.9122880695178375,True,52.5551020622011,-1.463001955016825
2020-01-08 10:16:17.800,52.55477032000594,-1.4630465373338173,190.9100377304731,1.9128591378149837,True,52.55510602188864,-1.462999757533364
2020-01-08 10:16:17.900,52.55476936450617,-1.4630491273778639,191.76568766544497,1.913502838658023,True,52.55511012010841,-1.4629974697297818
2020-01-08 10:16:18.000,52.55476841818168,-1.4630517451930356,192.91273121563952,1.9142040788281223,True,52.55511434449132,-1.462995037346276
2020-01-08 10:16:18.100,52.55476749311987,-1.4630543994337342,193.52276063574539,1.9150117690362234,True,52.555118673996084,-1.4629924144426372
2020-01-08 10:16:18.200,52.55476668604901,-1.4630569931485964,194.13454377461858,1.9158523968843664,True,52.55512300319818,-1.4629897225180535
2020-01-08 10:16:18.300,52.55476597240017,-1.463059557072897,195.27665939685988,1.9166919065783294,True,52.555127341357114,-1.4629869435818827
2020-01-08 10:16:18.400,52.55476541749218,-1.4630620823584617,196.71705975646938,1.917460900899715,True,52.55513159315944,-1.462984075328192
2020-01-08 10:16:18.500,52.554764937450805,-1.4630645704598295,198.458213817639,1.918187962141398,True,52.55513581702211,-1.4629810466580406
2020-01-08 10:16:18.600,52.55476455685044,-1.4630671764286003,198.39437746338544,1.919139182834708,True,52.555140004075575,-1.4629778552862969
2020-01-08 10:16:18.700,52.554764267228585,-1.4630696791861895,198.56314955110778,1.9201813995013775,True,52.555144166800595,-1.4629747191930784
2020-01-08 10:16:18.800,52.55476405135926,-1.4630721236329693,197.32662730839334,1.9213356786474565,True,52.55514830775469,-1.4629715520887299
2020-01-08 10:16:18.900,52.554769985702066,-1.4630726855727678,197.12737077554942,1.9224515346712177,True,52.55515249137136,-1.4629684781951438
2020-01-08 10:16:19.000,52.55480974328569,-1.4630637684880503,197.06308726340657,1.9234983637053717,True,52.55515670912521,-1.4629653760651466
2020-01-08 10:16:19.100,52.55484419159527,-1.46305664452749,197.24141886145813,1.9244662762265303,True,52.55516098409021,-1.4629623422550968
2020-01-08 10:16:19.200,52.554874097322454,-1.4630511508484663,197.09470674115505,1.9253240034890104,True,52.55516526678899,-1.462959352946965
2020-01-08 10:16:19.300,52.55490000316879,-1.4630470080064508,197.18048778872787,1.9261213000880022,True,52.555169628183585,-1.4629564315786585
2020-01-08 10:16:19.400,52.554922503276,-1.4630440188517635,197.6562053421742,1.926829980733348,True,52.55517398815289,-1.4629536136384533
2020-01-08 10:16:19.500,52.554942044407795,-1.4630422299792603,198.04131247241008,1.9274848472535828,True,52.55517837807304,-1.4629508359141308
2020-01-08 10:16:19.600,52.55495900450989,-1.4630413722962206,199.02064689434698,1.9280834584980138,True,52.5551827743452,-1.4629481271072808
2020-01-08 10:16:19.700,52.554973722550805,-1.4630413144318632,199.83514786779637,1.9286249696751467,True,52.55518715577227,-1.4629454492312428
2020-01-08 10:16:19.800,52.5549864455084,-1.4630419450820944,201.08212246037814,1.9291202290160583,True,52.55519155140905,-1.4629428070972235
2020-01-08 10:16:19.900,52.554997526554594,-1.4630432296395117,202.0734829465644,1.929532466493542,True,52.55519585785159,-1.4629402069368227
2020-01-08 10:16:20.000,52.55500710948302,-1.4630450672651456,203.14837703411536,1.9299094142427398,True,52.555200147118356,-1.462937675928697
2020-01-08 10:16:20.100,52.55501535350227,-1.4630474211925808,204.2402039592859,1.9302896712216713,True,52.55520444271526,-1.4629351348916482
2020-01-08 10:16:20.200,52.55502253935743,-1.4630501605499708,205.20651539581027,1.9306167424595673,True,52.555208618613875,-1.4629326558695692
2020-01-08 10:16:20.300,52.555028675240884,-1.4630532789981248,206.18250364483927,1.9309935626158987,True,52.55521280950729,-1.4629301352954542
2020-01-08 10:16:20.400,52.55503388187458,-1.4630567635508505,207.2154550332224,1.9314377183633828,True,52.55521704216812,-1.4629275794185579
2020-01-08 10:16:20.500,52.555038362671674,-1.4630605876904677,208.17731471923383,1.931915297661097,True,52.55522123944808,-1.4629250279990438
2020-01-08 10:16:20.600,52.55504223402247,-1.4630646791175146,209.07538612759112,1.932418499519526,True,52.55522537704652,-1.462922494898278
2020-01-08 10:16:20.700,52.55504550932561,-1.4630690209397563,209.79790602177678,1.9330134319914951,True,52.55522953729316,-1.4629199376238724
2020-01-08 10:16:20.800,52.55504834611967,-1.4630734284228633,210.57960822621553,1.9336025786094218,True,52.55523360419995,-1.4629174097182165
2020-01-08 10:16:20.900,52.555050800020126,-1.4630779651917274,211.28345055659494,1.9342048485408025,True,52.555237615469785,-1.462914917050011
2020-01-08 10:16:21.000,52.55505289446736,-1.463082576898898,211.9330853990649,1.9348253957589587,True,52.55524159838008,-1.4629124430229243
2020-01-08 10:16:21.100,52.55505470702543,-1.4630871985788862,212.64719130151843,1.935417833196024,True,52.55524551665725,-1.462910010555769
2020-01-08 10:16:21.200,52.55505629591797,-1.4630919416107877,213.47553944783263,1.9359789845026085,True,52.55524938826975,-1.4629075939145637
2020-01-08 10:16:21.300,52.55505765301757,-1.4630967857519153,214.74511319577218,1.9364913776615047,True,52.55525324253048,-1.4629051533533772
2020-01-08 10:16:21.400,52.55505886400209,-1.4631015895613204,215.8018812153031,1.9369333468021819,True,52.555256978431196,-1.4629026828207876
2020-01-08 10:16:21.500,52.55505995694077,-1.463106375113795,216.527550768604,1.9373481363521154,True,52.55526060755228,-1.462900199412919
2020-01-08 10:16:21.600,52.55506085565745,-1.4631112468394512,216.91036921445337,1.937834433797221,True,52.55526427333739,-1.4628976423949325
2020-01-08 10:16:21.700,52.55505886013092,-1.46302755930375,218.14311406196057,1.9382065173118337,True,52.55526782893712,-1.4628951623386657
2020-01-08 10:16:21.800,52.555057184175105,-1.4630364749541658,218.6907303815214,1.9385508276518313,True,52.55527130337179,-1.4628926389064072
2020-01-08 10:16:21.900,52.55505575056045,-1.463045115120805,219.34336916774237,1.9388757987783565,True,52.55527475801329,-1.4628900742048583
2020-01-08 10:16:22.000,52.55505453587789,-1.4630533903180223,220.42056490487624,1.9391161952212876,True,52.55527815281824,-1.4628875254000957
2020-01-08 10:16:22.100,52.55505364330424,-1.463061251280436,220.80697455769024,1.9392505402136218,True,52.55528135148173,-1.4628850402365194
2020-01-08 10:16:22.200,52.55505295512757,-1.4630687005261738,221.6701653734414,1.9392676448675583,True,52.55528442596499,-1.4628826508634722
2020-01-08 10:16:22.300,52.555052526736496,-1.4630757533438135,221.68850440929495,1.9391804785445579,True,52.555287310703974,-1.4628803444128922
2020-01-08 10:16:22.400,52.55505228041197,-1.4630822926769007,222.76665816879347,1.9389020913962884,True,52.555289998950485,-1.4628782256095225
2020-01-08 10:16:22.500,52.555052190675305,-1.4630885348291187,223.06002681244647,1.9385396471339456,True,52.555292548211696,-1.4628761393941845
2020-01-08 10:16:22.600,52.555052158942324,-1.463094466100458,224.34648166706813,1.9380689775634037,True,52.555295008093175,-1.4628741068179325
2020-01-08 10:16:22.700,52.555052192332965,-1.4631002119143204,225.21681026436397,1.9375574199633128,True,52.55529739052589,-1.4628720429282513
2020-01-08 10:16:22.800,52.55505226332552,-1.4631057852344957,225.84667805364086,1.9370395950820913,True,52.55529972478841,-1.4628699580816658
2020-01-08 10:16:22.900,52.55505239476983,-1.4631111839052535,226.47858366711208,1.9365006077106035,True,52.555301994198835,-1.462867881499103
2020-01-08 10:16:23.000,52.55504938161095,-1.463029732996795,227.24409395396177,1.935932842950744,True,52.55530419321315,-1.4628658196407263
2020-01-08 10:16:23.100,52.555046835256654,-1.4630404922139417,228.34979473081435,1.9353438301105383,True,52.55530636441678,-1.4628637424447244
2020-01-08 10:16:23.200,52.55504469642904,-1.4630506286763862,228.86757888958343,1.9347910869271814,True,52.55530851798004,-1.4628616027908146
2020-01-08 10:16:23.300,52.55504287196689,-1.463060137968439,229.3347849824228,1.934267202364054,True,52.55531067063664,-1.4628594230616954
2020-01-08 10:16:23.400,52.55504128835902,-1.4630691937644553,229.36573918107592,1.933821531983191,True,52.555312913616014,-1.4628571209800312
2020-01-08 10:16:23.500,52.555039940341025,-1.4630778412888388,229.64437224331604,1.9334137048968205,True,52.555315253907956,-1.4628547280615576
2020-01-08 10:16:23.600,52.55503874031911,-1.4630861350917148,229.6954573672089,1.9330647942160997,True,52.555317742716305,-1.4628521531606136
2020-01-08 10:16:23.700,52.555037675828466,-1.463094202151896,229.7032579359236,1.9327868854962371,True,52.555320445658644,-1.4628493639539373
2020-01-08 10:16:23.800,52.55503671727389,-1.4631018841956673,230.56294832253184,1.9325385817159029,True,52.55532328826228,-1.4628464450278489
2020-01-08 10:16:23.900,52.55503591517134,-1.463109269140107,230.75324350071608,1.9323244394523236,True,52.555326233140896,-1.462843324540082
2020-01-08 10:16:24.000,52.55503199036038,-1.4630308879749918,231.54481913558064,1.9321572116635175,True,52.55532931739656,-1.4628400461289641
2020-01-08 10:16:24.100,52.55502865523621,-1.4630444607547843,231.4675328566524,1.932067189507373,True,52.55533256780375,-1.4628365198380016
2020-01-08 10:16:24.200,52.55502581066905,-1.4630570294853351,231.71015230947057,1.9320266066825211,True,52.55533597442309,-1.462832862046541
2020-01-08 10:16:24.300,52.5550234196258,-1.4630687009644279,231.24867039392217,1.9320192458810894,True,52.55533951669352,-1.4628289994287733
2020-01-08 10:16:24.400,52.555021377803556,-1.4630794971549081,232.25772934259183,1.9320713447811169,True,52.55534320953272,-1.4628250616698253
2020-01-08 10:16:24.500,52.55501974664642,-1.4630897116261903,230.97277764891663,1.9321566848837552,True,52.55534705656842,-1.4628207982146904
2020-01-08 10:16:24.600,52.55501835466,-1.4630990521762115,230.38376790951426,1.9322345699990204,True,52.555351083183155,-1.4628165237714221
2020-01-08 10:16:24.700,52.555017251283985,-1.4631076735993096,229.97512347971787,1.932322452094146,True,52.55535526877418,-1.4628122033824893
2020-01-08 10:16:24.800,52.55501321978815,-1.4630306854357067,228.83943950744413,1.9323894425587893,True,52.55535968295584,-1.4628077708853227
2020-01-08 10:16:24.900,52.55500978446362,-1.463044946725231,229.7149543099875,1.9326457313886836,True,52.555364297979345,-1.4628034179130345
2020-01-08 10:16:25.000,52.55500706093249,-1.4630579410860338,229.52676189166112,1.932966734966749,True,52.55536900989102,-1.4627989079652184
2020-01-08 10:16:25.100,52.5550047766833,-1.4630697236814272,231.5334196471441,1.9334792400733911,True,52.555373862636124,-1.4627943612233383
2020-01-08 10:16:25.200,52.55500303825674,-1.4630806922584751,232.4721223437022,1.9340752334286244,True,52.555378748745916,-1.4627895177170298
2020-01-08 10:16:25.300,52.55500164825565,-1.4630910160059718,234.23947098408075,1.9347572087391025,True,52.55538376529167,-1.4627843962542593
2020-01-08 10:16:25.400,52.55500067585244,-1.4631007828248654,235.2859278733186,1.9354982301085006,True,52.55538879489855,-1.4627789960691167
2020-01-08 10:16:25.500,52.55499997451467,-1.4631100521791143,236.0863791749968,1.9363501960250327,True,52.555393905094434,-1.4627733569799612
2020-01-08 10:16:25.600,52.554996461763274,-1.4630342204622961,236.67749146459136,1.9373127517404936,True,52.555399055662015,-1.4627675378988925
2020-01-08 10:16:25.700,52.55499368503205,-1.4630498750078365,236.52530682057636,1.9383958709238744,True,52.55540423319405,-1.4627616240999135
2020-01-08 10:16:25.800,52.55499137318306,-1.4630642883537381,237.73297455511135,1.9395438256374085,True,52.5554095634593,-1.4627556296560285
2020-01-08 10:16:25.900,52.5549896608087,-1.4630777110607154,237.30670837808157,1.940852204812769,True,52.555414940337855,-1.4627494057181927
2020-01-08 10:16:26.000,52.55498830369617,-1.463090032022459,237.93732184069881,1.9421994208557085,True,52.55542042118336,-1.4627432012056207
2020-01-08 10:16:26.100,52.554987395724034,-1.4631015860310104,237.6074310149503,1.943656348101416,True,52.55542596992453,-1.462736768017653
2020-01-08 10:16:26.200,52.55498671788529,-1.4631122117968782,238.21874974906424,1.945129023776417,True,52.55543163753496,-1.4627303865149588
2020-01-08 10:16:26.300,52.55498345469646,-1.4630381075422323,237.33384065441234,1.9466620710657752,True,52.555437354598695,-1.4627237954008525
2020-01-08 10:16:26.400,52.5549808093124,-1.4630550062425876,237.32461456668347,1.9481701887951177,True,52.555443185783936,-1.4627173350950617
2020-01-08 10:16:26.500,52.554978759777164,-1.463070388258853,237.14987923009926,1.9497012508807336,True,52.55544915722071,-1.4627108220648437
2020-01-08 10:16:26.600,52.55497719095504,-1.4630842937338153,237.9495497874504,1.9512141451471767,True,52.555455204653114,-1.462704351729914
2020-01-08 10:16:26.700,52.55497624670043,-1.4630970411446815,237.38323165144004,1.952685836460483,True,52.555461267253236,-1.4626978219009374
2020-01-08 10:16:26.800,52.55497567452355,-1.4631086366104595,236.3794842552055,1.954123480790019,True,52.555467480731274,-1.4626913658833858
2020-01-08 10:16:26.900,52.55497250928644,-1.4630351863092146,235.66732438995177,1.9554847967953874,True,52.55547380990014,-1.4626850737473411
2020-01-08 10:16:27.000,52.55497002445972,-1.4630525719146446,235.69619142077235,1.9568813286298299,True,52.555480266513605,-1.4626787983216978
2020-01-08 10:16:27.100,52.55496816742239,-1.4630681545626305,236.21410249946155,1.9583254700932968,True,52.55548681789191,-1.4626725399593354
2020-01-08 10:16:27.200,52.55496684206485,-1.4630823854489203,238.20251756531331,1.9598566803808215,True,52.55549349795441,-1.4626661975721473
2020-01-08 10:16:27.300,52.55496606783031,-1.4630956741178847,240.02038475627495,1.9614005464002122,True,52.55550030726104,-1.4626597092495952
2020-01-08 10:16:27.400,52.55496588793053,-1.4631080104663439,239.9681034221079,1.962973637844382,True,52.555507071373626,-1.4626530006707559
2020-01-08 10:16:27.500,52.554963140284144,-1.4630358138557134,240.85822360761324,1.964592664812397,True,52.55551404465186,-1.4626464468434912
2020-01-08 10:16:27.600,52.55496114328367,-1.4630547894850463,242.2633049828415,1.9661985285567691,True,52.55552112042836,-1.462639817508163
2020-01-08 10:16:27.700,52.55495984839747,-1.4630722841165134,243.48003430353128,1.9678012341247637,True,52.55552821933188,-1.4626329640658844
2020-01-08 10:16:27.800,52.55495908873312,-1.4630884936389945,244.67096241992988,1.9694324439953814,True,52.555535417787446,-1.4626260338015835
2020-01-08 10:16:27.900,52.55495875229814,-1.4631035972080153,247.18664890983663,1.9708747528751707,True,52.555542681434204,-1.4626190651101347
2020-01-08 10:16:28.000,52.5549575112836,-1.4630268119121548,249.07134246890126,1.972317923011109,True,52.55555006862353,-1.4626119903201944
2020-01-08 10:16:28.100,52.5549636222039,-1.46299511369617,248.62320108161583,1.9740132698812929,True,52.555557523308636,-1.4626049851411673
2020-01-08 10:16:28.200,52.554970711539255,-1.4630496749723918,248.56210202752308,1.976050287335864,True,52.55556509729955,-1.4625980102082201
2020-01-08 10:16:28.300,52.55497618011555,-1.463015470906857,247.52900034654738,1.9783779421511674,True,52.55557261760425,-1.4625907621670424
2020-01-08 10:16:28.400,52.554980221749936,-1.4629850442948438,246.6675202369521,1.9807964761582495,True,52.55558021168758,-1.4625834656439864
2020-01-08 10:16:28.500,52.55498542965167,-1.4630406584440026,245.2699765064304,1.9831821742128748,True,52.55558792807372,-1.4625761858607722
2020-01-08 10:16:28.600,52.55498919440036,-1.463007580184583,244.00821428544975,1.9853739718649968,True,52.55559569733359,-1.4625688870885907
2020-01-08 10:16:28.700,52.5549917251211,-1.4629783361918858,242.3994331484265,1.9872977391590285,True,52.55560352050651,-1.4625614955865485
2020-01-08 10:16:28.800,52.554995558098845,-1.463034972451275,241.40977711796208,1.9889814743890533,True,52.55561131890992,-1.4625539296302763
2020-01-08 10:16:28.900,52.55499838968315,-1.4630034169059456,236.66369617078482,1.9897378787255409,True,52.55561922096033,-1.4625464288340566
2020-01-08 10:16:29.000,52.55500232768884,-1.4630584879505046,232.08737962293182,1.989450861449721,True,52.55562714672237,-1.4625387779539472
2020-01-08 10:16:29.100,52.55500461033432,-1.4630251769986384,231.84170620839527,1.989809523487773,True,52.55563512130462,-1.4625309438446437
2020-01-08 10:16:29.200,52.55500592187821,-1.462996330653946,230.90832346820065,1.990516437637144,True,52.55564309392855,-1.4625228529553485
2020-01-08 10:16:29.300,52.55500886029008,-1.4630541742805045,230.9934454838383,1.9917963895916952,True,52.555651051796104,-1.4625147002273466
2020-01-08 10:16:29.400,52.55501082924408,-1.4630237327794318,230.8019496009911,1.9934213455433745,True,52.555659027787094,-1.4625064740224878
2020-01-08 10:16:29.500,52.55501176404254,-1.4629971921122793,230.85347348371712,1.9953991026013544,True,52.55566708243296,-1.4624981065592844
2020-01-08 10:16:29.600,52.55501445127317,-1.4630571880747139,232.0658521229938,1.9976956812922013,True,52.555675064113544,-1.4624894991418143
2020-01-08 10:16:29.700,52.55501629880228,-1.4630285803447995,230.95331686660543,1.9998395640076052,True,52.5556828836334,-1.462480433032449
2020-01-08 10:16:29.800,52.555017002777156,-1.463003319913547,231.14746402565524,2.0020565702079725,True,52.555690739583724,-1.462471138439884
2020-01-08 10:16:29.900,52.55501958472333,-1.4630645718707682,232.4666783401517,2.0042767762188443,True,52.55569851739567,-1.4624615731651984
2020-01-08 10:16:30.000,52.555021327244425,-1.4630367738665795,231.59589690960644,2.006238636434319,True,52.555706045715375,-1.4624515987046185
2020-01-08 10:16:30.100,52.55502200064877,-1.4630121320861433,230.8919921503207,2.0080575541675185,True,52.55571364804632,-1.4624415857560762
2020-01-08 10:16:30.200,52.555021802781475,-1.4629903580410677,230.118549287566,2.009771331594876,True,52.55572130861567,-1.4624313994639198
2020-01-08 10:16:30.300,52.55502373581211,-1.4630548938546726,227.80854538644232,2.0110964785604644,True,52.555728912531535,-1.4624213654839864
2020-01-08 10:16:30.400,52.55502441422079,-1.4630298126853314,225.6886384599787,2.0122272871484985,True,52.555736770239186,-1.4624115527871095
2020-01-08 10:16:30.500,52.55502407205513,-1.463007424032335,224.66736809850516,2.013282365476989,True,52.55574474555864,-1.462402058678515
2020-01-08 10:16:30.600,52.555022961039185,-1.462987666680663,223.1323586307337,2.0142341040349683,True,52.55575276911827,-1.4623925725172293
2020-01-08 10:16:30.700,52.555023940290035,-1.463054522377934,221.2801029720409,2.015038851019433,True,52.55576084954954,-1.46238327238863
2020-01-08 10:16:30.800,52.555023800345026,-1.4630314746641857,220.1101553780433,2.0159176726254944,True,52.55576909513729,-1.462374151406947
2020-01-08 10:16:30.900,52.55502286782814,-1.463010898502006,219.15790590182718,2.016757059705975,True,52.555777256385475,-1.4623652186194573
2020-01-08 10:16:31.000,52.555021020948274,-1.4629926651113354,218.40673564145854,2.0178149313018925,True,52.55578558738746,-1.4623561710637272
2020-01-08 10:16:31.100,52.555021425805606,-1.463061480859219,217.4678485797867,2.0188868404566347,True,52.55579397118483,-1.462347312538482
2020-01-08 10:16:31.200,52.555020863553295,-1.4630398865967233,217.23326533312425,2.02001805821224,True,52.55580238201225,-1.4623386332769293
2020-01-08 10:16:31.300,52.55501959771549,-1.4630207937608404,216.4231315000792,2.021105432095012,True,52.555810739921554,-1.4623297342853414
2020-01-08 10:16:31.400,52.55501760959931,-1.4630035632291192,215.53091759466943,2.022113113026077,True,52.55581911900995,-1.4623208799468697
2020-01-08 10:16:31.500,52.55501781977391,-1.463073747757928,214.50071356121572,2.0230758616416082,True,52.555827603299456,-1.4623121199178013
2020-01-08 10:16:31.600,52.55501716939526,-1.4630531730947927,214.14110602352858,2.0239338813795564,True,52.55583599368956,-1.4623034442831795
2020-01-08 10:16:31.700,52.55501582069795,-1.463034611120383,213.26051474369507,2.024621020439446,True,52.555844309578035,-1.462294816238166
2020-01-08 10:16:31.800,52.55501373178921,-1.4630179521003908,212.67290143795037,2.025353213469977,True,52.55585278479077,-1.4622861045931654
2020-01-08 10:16:31.900,52.55501116316797,-1.4630026209292304,212.89605399299788,2.0260297641816454,True,52.55586117842658,-1.462277372437573
2020-01-08 10:16:32.000,52.55501099328557,-1.4630751863825688,211.4937282817097,2.026535305969235,True,52.555869482473625,-1.4622683650625672
2020-01-08 10:16:32.100,52.555009963577625,-1.4630565239863054,210.53559379547164,2.026899578895651,True,52.55587773228523,-1.4622593007507003
2020-01-08 10:16:32.200,52.55500831706851,-1.4630393706045606,210.15769560019,2.027152036171283,True,52.555885932029106,-1.4622503884269713
2020-01-08 10:16:32.300,52.55500618496902,-1.4630236930826401,209.88938248655862,2.027337453909674,True,52.555894031006396,-1.4622413246316996
2020-01-08 10:16:32.400,52.55500363793903,-1.463009479511405,208.3339608940376,2.027371465919269,True,52.55590206943598,-1.4622320612535376
2020-01-08 10:16:32.500,52.555003274577075,-1.463083091445691,207.18590389199457,2.027306309370246,True,52.55591004073686,-1.4622227772179486
2020-01-08 10:16:32.600,52.55500211599315,-1.4630654920744581,205.829080721635,2.0271636233382453,True,52.555918131472815,-1.4622137118762315
2020-01-08 10:16:32.700,52.55500026182476,-1.4630492181578496,204.7204890667802,2.0269808114146963,True,52.5559261770641,-1.4622045854490886
2020-01-08 10:16:32.800,52.5549979084107,-1.4630341468116568,203.60040896392582,2.026723211526567,True,52.55593423957245,-1.4621957521141817
2020-01-08 10:16:32.900,52.554995199231584,-1.463020239892023,201.40014051809004,2.026186455887889,True,52.55594226993799,-1.4621872996309295
2020-01-08 10:16:33.000,52.55499188851764,-1.4630072163658103,200.17476106351958,2.0258125360545884,True,52.555950582663044,-1.4621791616320636
2020-01-08 10:16:33.100,52.554990711186484,-1.463082742616601,198.97244907179507,2.025417329697387,True,52.55595883376733,-1.4621714350985995
2020-01-08 10:16:33.200,52.55498887150871,-1.4630666018206544,198.4263355805442,2.025153279243266,True,52.55596711625293,-1.4621640137208523
2020-01-08 10:16:33.300,52.55498650288782,-1.4630518216981792,197.35739340514803,2.0249198398399946,True,52.555975484244065,-1.4621569161588022
2020-01-08 10:16:33.400,52.55498376354358,-1.4630379850005184,196.437906188182,2.0246560706899475,True,52.555983787246745,-1.46215010065396
2020-01-08 10:16:33.500,52.554980626120354,-1.4630249492063885,196.4481240518505,2.0245813805407056,True,52.55599216244545,-1.4621434620131615
2020-01-08 10:16:33.600,52.554977316900256,-1.4630128846473827,195.5689498975101,2.0244353012429888,True,52.556000459909356,-1.4621368544568731
2020-01-08 10:16:33.700,52.554973796164575,-1.463001477137055,194.99012921417545,2.0243009528311022,True,52.55600873993228,-1.4621302042728028
2020-01-08 10:16:33.800,52.554972133060055,-1.4630793537418216,193.96601355774752,2.024054205245008,True,52.55601688166407,-1.462123517950963
2020-01-08 10:16:33.900,52.55497004322563,-1.4630652110989593,193.41377667287608,2.0237644998110516,True,52.55602492460715,-1.4621167386015508
2020-01-08 10:16:34.000,52.554967555217296,-1.4630519117722842,192.9244766289331,2.0234820006241763,True,52.55603292538547,-1.4621097564010401
2020-01-08 10:16:34.100,52.554964913467224,-1.4630393811882374,192.4483047257791,2.0230852999987587,True,52.55604073557047,-1.4621026836858086
2020-01-08 10:16:34.200,52.55496204644947,-1.463027510033031,192.69016068243434,2.022734316026384,True,52.55604854751846,-1.46209551074394
2020-01-08 10:16:34.300,52.554959038678966,-1.4630165632574976,190.62066077440352,2.022193327665464,True,52.556056287211504,-1.462088150151372
2020-01-08 10:16:34.400,52.55495592118995,-1.4630057612541767,190.21149165965815,2.0216248889108597,True,52.556063935323046,-1.4620807948985182
2020-01-08 10:16:34.500,52.554954277639574,-1.4630847853223734,189.9034505089962,2.0210464245345916,True,52.55607143230691,-1.4620732434553079
2020-01-08 10:16:34.600,52.55495241916845,-1.463071708029597,188.43250382023078,2.0202586884477336,True,52.55607881575476,-1.4620659458335732
2020-01-08 10:16:34.700,52.55495009539775,-1.4630592009771353,186.64687722280757,2.0194353290721536,True,52.556086309565,-1.4620586408453553
2020-01-08 10:16:34.800,52.55494758325408,-1.4630469726654869,187.15966114304643,2.0187637968088508,True,52.55609388290981,-1.4620518263877145
2020-01-08 10:16:34.900,52.55494499899457,-1.463035548132488,187.35462088524818,2.018127333004475,True,52.55610145290941,-1.4620452155258459
2020-01-08 10:16:35.000,52.5549423507086,-1.4630249083391234,185.875458281445,2.017371771176994,True,52.556109004877015,-1.4620387710250404
2020-01-08 10:16:35.100,52.554939579002586,-1.4630144849202409,185.60020802408124,2.016679742802706,True,52.55611664337033,-1.4620325609884428
2020-01-08 10:16:35.200,52.554936744816715,-1.4630044763858818,185.48819688006373,2.0160507212167778,True,52.55612431212887,-1.4620263552731667
2020-01-08 10:16:35.300,52.55493494343856,-1.4630846076358388,185.83976723052498,2.0154462158036854,True,52.55613198739354,-1.4620202957601751
2020-01-08 10:16:35.400,52.554933124826604,-1.4630725298915583,185.13410730218664,2.0147035730917278,True,52.556139509443014,-1.4620143360354378
2020-01-08 10:16:35.500,52.55493126539921,-1.463060781772208,184.65202849498004,2.0138701300264787,True,52.55614695596475,-1.4620086189135106
2020-01-08 10:16:35.600,52.554929374442516,-1.4630494402533731,184.83605731613287,2.013012072016971,True,52.55615437608079,-1.4620030962272585
2020-01-08 10:16:35.700,52.5549274684607,-1.463038580159835,185.51483075982347,2.012154459085552,True,52.556161747202125,-1.461997429888038
2020-01-08 10:16:35.800,52.554925607204154,-1.4630282347588248,185.97676068678794,2.0112677694271146,True,52.55616904509175,-1.461991559079691
2020-01-08 10:16:35.900,52.554923906456644,-1.4630183597832267,186.06894008820393,2.0102926884149146,True,52.55617618415999,-1.461985600057682
2020-01-08 10:16:36.000,52.55492232026752,-1.4630088601064748,186.64988682616539,2.0092676684648247,True,52.55618328602725,-1.4619796816394213
2020-01-08 10:16:36.100,52.554921529075706,-1.4630898126628427,186.59293821835848,2.008261386765202,True,52.556190340128154,-1.4619735471448638
2020-01-08 10:16:36.200,52.5549207752324,-1.4630782647201828,186.38856419324148,2.0072263739952763,True,52.556197301447995,-1.4619674653690513
2020-01-08 10:16:36.300,52.554920076618004,-1.4630671067732781,186.7777325948533,2.0061508009089146,True,52.556204144286646,-1.4619613285360684
2020-01-08 10:16:36.400,52.554919415758576,-1.4630563277310897,187.33186075421781,2.0050694286015465,True,52.5562109581653,-1.461955207440853
2020-01-08 10:16:36.500,52.55491882153531,-1.4630459546836345,188.49730771532157,2.003958414579692,True,52.556217720344684,-1.4619489412081124
2020-01-08 10:16:36.600,52.55491840176903,-1.4630359753323152,189.34582029469047,2.00279954352116,True,52.55622443960784,-1.4619428384024535
2020-01-08 10:16:36.700,52.554918012761206,-1.4630265015729635,189.7523261813936,2.0017598530414826,True,52.556231218553606,-1.4619366647636676
2020-01-08 10:16:36.800,52.5549178087862,-1.463017167587152,192.1305703420319,2.0005238042996174,True,52.55623795796778,-1.4619304913407714
2020-01-08 10:16:36.900,52.55490703627101,-1.4630069795161824,193.59510775376305,1.9991722542293826,True,52.556244574661584,-1.4619242979650682
2020-01-08 10:16:37.000,52.55483779297933,-1.4630810119165103,191.97329928840966,1.9980904796279928,True,52.556251120236425,-1.4619181641082268
2020-01-08 10:16:37.100,52.55477768978312,-1.4630610489441607,189.19726859363487,1.9974686263795334,True,52.55625757085069,-1.4619118363662262
2020-01-08 10:16:37.200,52.554725022310464,-1.4630397885214939,186.3149934140859,1.9969259183609118,True,52.556264081321864,-1.4619055145919202
2020-01-08 10:16:37.300,52.554678494130975,-1.4630174258046142,183.31957417200096,1.996160001792134,True,52.556270610767385,-1.4618992166882552
2020-01-08 10:16:37.400,52.55463708655811,-1.4629939500408713,180.7230337896158,1.9950869418635817,True,52.55627712016345,-1.46189302637931
2020-01-08 10:16:37.500,52.55460063128832,-1.463059808146879,177.91782074116554,1.993758147319206,True,52.556283673724536,-1.4618868721010114
2020-01-08 10:16:37.600,52.55456753301289,-1.4630320560045338,175.69934107883836,1.9922817396306984,True,52.55629017478686,-1.4618808377201222
2020-01-08 10:16:37.700,52.554537200545795,-1.4630038523259816,173.75769486240358,1.990864209869761,True,52.55629664763816,-1.4618747817077993
2020-01-08 10:16:37.800,52.55450939347807,-1.4630657627739994,168.5179525412878,1.9884988070350746,True,52.55630301563866,-1.461868635301095
2020-01-08 10:16:37.900,52.55448285397968,-1.4630338897585058,163.5089965168322,1.9853795948499082,True,52.55630935358845,-1.4618624461766647
2020-01-08 10:16:38.000,52.55445748495752,-1.4630009196534104,162.0302802545963,1.9834996812838952,True,52.55631567651908,-1.4618561340192644
2020-01-08 10:16:38.100,52.55443303393909,-1.4630579090912466,159.52164528960793,1.9823111602164678,True,52.55632189431902,-1.4618497048077066
2020-01-08 10:16:38.200,52.55440937031182,-1.46302145154866,157.7186216615329,1.9820538502297693,True,52.556328146395316,-1.461843328326385
2020-01-08 10:16:38.300,52.55438644037423,-1.462984533821843,154.89978997820228,1.982169927487253,True,52.556334320430466,-1.461836841815326
2020-01-08 10:16:38.400,52.55436350657404,-1.4630370628741818,151.71362839729514,1.9826117661815927,True,52.55634056883266,-1.4618304999620895
2020-01-08 10:16:38.500,52.55434124482055,-1.462995701668853,149.13770654209998,1.9836111031473105,True,52.5563468923082,-1.4618243097141301
2020-01-08 10:16:38.600,52.55431856644621,-1.4630434228624265,145.93868887524266,1.984865443886956,True,52.556353255419154,-1.4618183328679495
2020-01-08 10:16:38.700,52.55429669959968,-1.4629971549398966,143.38629165442893,1.9866216358687285,True,52.55635970306485,-1.4618125727278144
2020-01-08 10:16:38.800,52.5542741929363,-1.4630394142405918,140.97812920818856,1.988905523730083,True,52.55636621986918,-1.4618069376414893
2020-01-08 10:16:38.900,52.5542528112707,-1.462988011846682,139.01904704332617,1.9916765809181645,True,52.55637278453295,-1.4618014173294414
2020-01-08 10:16:39.000,52.554230748698416,-1.4630250846970043,136.94730455706133,1.9947250826263132,True,52.556379315073094,-1.4617958088061727
2020-01-08 10:16:39.100,52.55421029012032,-1.4629692915644141,136.42800989972358,1.9983373712326977,True,52.55638581800055,-1.4617903169737492
2020-01-08 10:16:39.200,52.55418910333707,-1.4630021147438554,134.86232049015416,2.0018955765049236,True,52.55639232881847,-1.4617845386446766
2020-01-08 10:16:39.300,52.55416755788017,-1.4630307733221248,134.60427565692333,2.005551305105071,True,52.55639882282638,-1.461778641208269
2020-01-08 10:16:39.400,52.55414816768625,-1.4629681549131954,133.99051374873216,2.008853923428624,True,52.55640523190829,-1.4617725048477666
2020-01-08 10:16:39.500,52.55412837105345,-1.4629947295464465,133.23694420311114,2.0116869474882755,True,52.55641163965321,-1.461766156256146
2020-01-08 10:16:39.600,52.554108409285014,-1.4630180109131752,132.36702233071733,2.013886171737659,True,52.55641793944016,-1.4617597143850196
2020-01-08 10:16:39.700,52.55408835495337,-1.4630379697569977,130.64556755095518,2.0153637340632002,True,52.55642419821432,-1.4617530586402092
2020-01-08 10:16:39.800,52.55407113755593,-1.4629683757118914,129.53438503309792,2.0162488282999513,True,52.55643037753944,-1.4617464022580713
2020-01-08 10:16:39.900,52.554053673377254,-1.4629883227500415,128.467553642421,2.0167028408793555,True,52.55643654174613,-1.4617394887394077
2020-01-08 10:16:40.000,52.55403619647827,-1.4630052339501949,127.7303190789299,2.0167820705374937,True,52.55644262636693,-1.4617324095924675
2020-01-08 10:16:40.100,52.55401869600075,-1.4630193605050283,125.62144383366179,2.0163095014726773,True,52.556448571962434,-1.46172513117572
2020-01-08 10:16:40.200,52.554001457980625,-1.4630305005670254,124.4163753002384,2.0156059097351777,True,52.55645452060619,-1.461717770631501
2020-01-08 10:16:40.300,52.553987138183565,-1.4629533727012294,121.30652706612385,2.014388455763798,True,52.55646044429512,-1.4617102080608688
2020-01-08 10:16:40.400,52.55397297449627,-1.4629657981917872,121.96895076346276,2.0135268876185655,True,52.55646642443967,-1.4617027376225404
2020-01-08 10:16:40.500,52.5539586652348,-1.4629756258882993,121.03042288281584,2.0125848133567574,True,52.55647220565662,-1.4616948835946832
2020-01-08 10:16:40.600,52.55394454110394,-1.462983179268349,121.2173174867473,2.0116797142728085,True,52.55647787575382,-1.461686939121311
2020-01-08 10:16:40.700,52.55393055285161,-1.4629888819988175,121.4907145214864,2.010777594830377,True,52.556483456844006,-1.4616786955142305
2020-01-08 10:16:40.800,52.553916805954366,-1.4629930739540205,120.4747685252218,2.0096914443016765,True,52.556488798693294,-1.4616702257829022
2020-01-08 10:16:40.900,52.553903417649344,-1.462995740948256,119.74994866586526,2.008521176137488,True,52.556494050870974,-1.4616616429258737
2020-01-08 10:16:41.000,52.55389042391338,-1.4629968178177366,117.53275612480364,2.007153675154486,True,52.55649914178895,-1.4616529729059327
2020-01-08 10:16:41.100,52.55387793792213,-1.4629960488198857,115.64219883363288,2.0057122477636127,True,52.55650425742422,-1.4616443855262524
2020-01-08 10:16:41.200,52.55386599731413,-1.4629931734097317,112.86277572336176,2.004122315052012,True,52.556509364270184,-1.4616357918759768
2020-01-08 10:16:41.300,52.553854693627024,-1.462988187062107,110.71984488777628,2.002535739405624,True,52.556514495878474,-1.4616273892209155
2020-01-08 10:16:41.400,52.55384410666719,-1.4629808779083067,108.80253151981104,2.0011229054739266,True,52.55651966263969,-1.4616189351876259
2020-01-08 10:16:41.500,52.553834227930004,-1.4629715467120534,108.18606935822888,2.0001716583072846,True,52.556524876368194,-1.4616104247376573
2020-01-08 10:16:41.600,52.55382501418677,-1.4629608215209995,108.0405540954625,1.9995675759108147,True,52.55652995671304,-1.4616019160492708
2020-01-08 10:16:41.700,52.55381642696709,-1.4629487748543528,106.49836916997208,1.9989716323850615,True,52.55653485340972,-1.4615933395323557
2020-01-08 10:16:41.800,52.55380867353931,-1.4629355072402659,106.77154607444383,1.9987052974474835,True,52.55653976681757,-1.4615847413129053
2020-01-08 10:16:41.900,52.553801493646354,-1.4629213572244761,106.33119508247263,1.9985459417945712,True,52.55654457438731,-1.4615758695661905
2020-01-08 10:16:42.000,52.55379287606083,-1.4629891505794068,106.69850251122179,1.9984516450228607,True,52.556549255470095,-1.4615668850020649
2020-01-08 10:16:42.100,52.55378521629297,-1.4629648003822804,105.72468083947224,1.9982889213553934,True,52.55655380514505,-1.461557618904002
2020-01-08 10:16:42.200,52.55377855713408,-1.4629411900369116,105.16546528393194,1.9980922875609364,True,52.55655831450088,-1.461548200849489
2020-01-08 10:16:42.300,52.55377282254052,-1.4629184990573127,104.92624012176562,1.9978300941425828,True,52.55656269658915,-1.4615386825404304
2020-01-08 10:16:42.400,52.55376590851935,-1.4629784009409832,104.00931161425288,1.997546765033483,True,52.55656702319643,-1.4615288360939256
2020-01-08 10:16:42.500,52.5537602201859,-1.4629472329212168,102.76055090981298,1.997198776101533,True,52.55657123400764,-1.461518748529046
2020-01-08 10:16:42.600,52.553755727994385,-1.4629171319110799,99.38523954175027,1.9966157771544402,True,52.55657543809093,-1.4615084207268456
2020-01-08 10:16:42.700,52.553751064158575,-1.4629694229282098,97.79974820919794,1.9960981308731285,True,52.55657976283562,-1.461498059020033
2020-01-08 10:16:42.800,52.553748048865586,-1.4629306959139938,96.00733245534447,1.9956440788048215,True,52.55658412103565,-1.4614875363377746
2020-01-08 10:16:42.900,52.5537450920814,-1.4629751455929858,95.22168100601789,1.9954658577389168,True,52.55658862215545,-1.4614769599029531
2020-01-08 10:16:43.000,52.55374376430648,-1.4629298069081127,94.59114453772852,1.9954936067302473,True,52.55659319814683,-1.4614663923554543
2020-01-08 10:16:43.100,52.553742607565304,-1.4629683633719988,93.55433440326324,1.9956949891515028,True,52.55659780793549,-1.461455529714849
2020-01-08 10:16:43.200,52.55374313647092,-1.4629179792171874,92.65507964051882,1.9959953048155927,True,52.55660239531106,-1.4614445597990606
2020-01-08 10:16:43.300,52.55374411134684,-1.4629521343321787,92.08786844320744,1.996502445560793,True,52.55660704427369,-1.4614332804882275
2020-01-08 10:16:43.400,52.55374668672037,-1.4628980059777794,90.71332859726218,1.9970118232455703,True,52.55661173598139,-1.46142187092524
2020-01-08 10:16:43.500,52.553749802285154,-1.462929484939337,92.51835497797822,1.9978177148346319,True,52.55661656294821,-1.4614104623156698
2020-01-08 10:16:43.600,52.55375309816091,-1.4629543977158224,90.3482787790543,1.9984760836444617,True,52.55662111711118,-1.461398527898387
2020-01-08 10:16:43.700,52.55375807335564,-1.4628926529011768,88.56819513528217,1.9990196730375178,True,52.5566258203496,-1.461386620626479
2020-01-08 10:16:43.800,52.55376413957544,-1.4629168616277568,85.4948705607742,1.9993695505431257,True,52.5566307077237,-1.4613744973851701
2020-01-08 10:16:43.900,52.55377180388012,-1.4629351958379773,83.55660580938508,1.9997176889414225,True,52.55663589169962,-1.4613625846696683
2020-01-08 10:16:44.000,52.55378112810977,-1.4629482885067022,80.61371416727688,1.99989673687413,True,52.55664126518687,-1.4613506784499257
2020-01-08 10:16:44.100,52.55379266938848,-1.4628761420005518,78.49562045697249,2.000201883696646,True,52.556646961916336,-1.4613389703293045
2020-01-08 10:16:44.200,52.55380625160296,-1.4628916979995867,76.5345911068068,2.0006964459313252,True,52.55665288845562,-1.4613274365248994
2020-01-08 10:16:44.300,52.55382198175711,-1.4629027921661895,74.16775740621965,2.0013183087104425,True,52.556659075722536,-1.4613159506698457
2020-01-08 10:16:44.400,52.553839892059074,-1.4629104325013054,73.71331429148978,2.00260109421983,True,52.55666555706326,-1.461304672188656
2020-01-08 10:16:44.500,52.553859647246675,-1.462915421166547,73.0838174229402,2.004247550255288,True,52.556672086090565,-1.461293404435506
2020-01-08 10:16:44.600,52.55388112095684,-1.462918279717801,72.5824275195017,2.0062112634333698,True,52.55667879713317,-1.461282039147947
2020-01-08 10:16:44.700,52.55390406479759,-1.4629196959512754,72.4274177744568,2.0083822546002206,True,52.55668571621221,-1.4612707123823303
2020-01-08 10:16:44.800,52.55392825639818,-1.4629201990219218,72.1864160024953,2.010602503853595,True,52.55669279426873,-1.4612593434995431
2020-01-08 10:16:44.900,52.55395354155089,-1.4629203402220052,71.63793050938992,2.012708412424653,True,52.55670007528199,-1.4612481298395792
2020-01-08 10:16:45.000,52.55397971798605,-1.462920551211266,71.83109362632617,2.0147146400715035,True,52.556707611086665,-1.461237248793676
2020-01-08 10:16:45.100,52.55400645580415,-1.4629209595732844,71.67510773111204,2.0165551386375715,True,52.55671547836576,-1.4612267120978815
2020-01-08 10:16:45.200,52.55403363873558,-1.4629218956890326,71.41224532827955,2.0181781414145123,True,52.55672362267657,-1.461216552765712
2020-01-08 10:16:45.300,52.554061088695626,-1.4629235015739797,71.81409575647717,2.0196226388187313,True,52.55673204566937,-1.4612067702872573
2020-01-08 10:16:45.400,52.55408846511469,-1.4629257069903865,72.52193756028414,2.020896891295006,True,52.55674070774797,-1.4611971400912334
2020-01-08 10:16:45.500,52.55411552496732,-1.4629285596332593,72.7693302401701,2.0219732528109673,True,52.556749535051736,-1.4611875710397308
2020-01-08 10:16:45.600,52.55414214172832,-1.462932035910261,73.94740139479566,2.0228518056288425,True,52.55675865682672,-1.4611783441255712
2020-01-08 10:16:45.700,52.55416797253178,-1.4629361220895385,74.79573908234259,2.0234905125159024,True,52.55676788410041,-1.4611692603498372
2020-01-08 10:16:45.800,52.55419287052482,-1.4629407006580513,76.51097804448493,2.02383122389174,True,52.55677726853274,-1.4611604557943392
2020-01-08 10:16:45.900,52.55421654128033,-1.4629454617186746,76.72551867169197,2.0241486551730468,True,52.55678669290095,-1.4611514014619127
2020-01-08 10:16:46.000,52.554233040792376,-1.462888383387087,77.32597564232971,2.0244713433924386,True,52.55679622578737,-1.4611421621505338
2020-01-08 10:16:46.100,52.55422256497514,-1.4630301298636257,78.57952982585735,2.0248206118975647,True,52.55680577305553,-1.4611325277184397
2020-01-08 10:16:46.200,52.554213061755995,-1.46307196352568,80.53646487477243,2.0249782887796846,True,52.5568153258751,-1.4611227050438422
2020-01-08 10:16:46.300,52.55420283684182,-1.4630261114333425,83.4770541950774,2.0247512870783053,True,52.556824914479705,-1.4611127337360055
2020-01-08 10:16:46.400,52.55419310802748,-1.4630659262909032,84.53564070342385,2.024763179351205,True,52.556834574487176,-1.4611024157417019
2020-01-08 10:16:46.500,52.55418275500369,-1.4630183112257493,86.4648472776558,2.0247172724648586,True,52.55684443508873,-1.4610924783582597
2020-01-08 10:16:46.600,52.554172933669186,-1.4630565813124619,88.42307658243276,2.0247416908351683,True,52.556854360416786,-1.4610823799550499
2020-01-08 10:16:46.700,52.55416232359176,-1.4630073904477892,91.09336888042742,2.024689854895393,True,52.55686451049606,-1.4610723960059053
2020-01-08 10:16:46.800,52.55415187069094,-1.4630442084897188,92.70031893973326,2.0249949225297406,True,52.55687466403225,-1.4610621117115932
2020-01-08 10:16:46.900,52.554140807535894,-1.462993924967809,97.40084619737571,2.0244783068966408,True,52.5568849518903,-1.4610519967068254
2020-01-08 10:16:47.000,52.554129212731596,-1.4630297098267488,101.17218668853731,2.023802337820558,True,52.556895216521724,-1.4610413910378484
2020-01-08 10:16:47.100,52.554117003050884,-1.4630596613151294,103.16383376896462,2.0239422824311704,True,52.55690569486867,-1.4610309835954987
2020-01-08 10:16:47.200,52.55410394457042,-1.463003775723459,104.68520711034436,2.0249187994138573,True,52.55691610477253,-1.4610204421301753
2020-01-08 10:16:47.300,52.55409052662546,-1.4630349901330741,106.64714457085698,2.0265115566149454,True,52.556926689047366,-1.461009899822428
2020-01-08 10:16:47.400,52.55407651936523,-1.4630615517307843,107.17767022665038,2.029064900278297,True,52.556937210542046,-1.4609991727183005
2020-01-08 10:16:47.500,52.55406239658107,-1.4630031246703452,108.3610707924997,2.0320223717329613,True,52.556947726015245,-1.4609882689750042
2020-01-08 10:16:47.600,52.5540479701042,-1.4630329546844596,110.21151448259984,2.03493957083799,True,52.55695826733449,-1.4609774863837968
2020-01-08 10:16:47.700,52.55403286135417,-1.4630589379096592,110.91832988768218,2.038160234229868,True,52.556968746865884,-1.4609664727149576
2020-01-08 10:16:47.800,52.554017979124815,-1.4630004973695028,111.66559808679762,2.0415177148905017,True,52.55697945721726,-1.460955699533491
2020-01-08 10:16:47.900,52.55400273128937,-1.4630309330901763,114.27536683849989,2.0442386572011975,True,52.55699026480589,-1.4609452495292568
2020-01-08 10:16:48.000,52.55398669745861,-1.463058359416778,115.97906746885141,2.0466673387712824,True,52.557000859173655,-1.4609343294436241
2020-01-08 10:16:48.100,52.55397110453984,-1.4630018964755382,114.80285858964949,2.0496042414965836,True,52.55701138561288,-1.460923090650918
2020-01-08 10:16:48.200,52.55395550267197,-1.4630344272509557,115.56693405137453,2.052168667760151,True,52.55702210978296,-1.4609124670890805
2020-01-08 10:16:48.300,52.55393959482732,-1.4630638813854935,117.91287337902457,2.05406390700319,True,52.55703288155999,-1.4609017669862534
2020-01-08 10:16:48.400,52.553924651615446,-1.463009645088397,120.01504192546571,2.0554152728145,True,52.5570434562544,-1.4608905540536263
2020-01-08 10:16:48.500,52.55390912778876,-1.4630451549943595,120.5714623990548,2.0566700126238784,True,52.55705383311245,-1.4608789094851844
2020-01-08 10:16:48.600,52.55389501694136,-1.4629959428504842,122.45502127873873,2.0575516818009936,True,52.55706425699625,-1.4608671713595676
2020-01-08 10:16:48.700,52.553880269290396,-1.4630361374362082,122.43594981172913,2.0584804070188287,True,52.55707446852108,-1.4608550209508735
2020-01-08 10:16:48.800,52.553867042205965,-1.4629908849168678,121.2210001413247,2.0595828379219046,True,52.55708479115579,-1.4608429459423704
2020-01-08 10:16:48.900,52.553853664795234,-1.4630340650062055,122.40917793955217,2.0603025100050973,True,52.55709532446761,-1.4608313199599374
2020-01-08 10:16:49.000,52.55384176195084,-1.4629916585366713,122.2130926514953,2.0608356260914618,True,52.55710567579699,-1.460819434553427
2020-01-08 10:16:49.100,52.55382936280532,-1.4630375271631761,121.56610674340682,2.0612411030867697,True,52.55711609989509,-1.460807574576233
2020-01-08 10:16:49.200,52.55381881967974,-1.4629968245764093,122.35855072102387,2.0613989540689897,True,52.557126636437985,-1.4607958555608518
2020-01-08 10:16:49.300,52.55380745500517,-1.463044445205528,121.55386848835282,2.0614364538915653,True,52.55713708378465,-1.4607838426915538
2020-01-08 10:16:49.400,52.55379782511206,-1.4630051555591905,120.5498061352448,2.0613222510941536,True,52.55714767462839,-1.4607720829395006
2020-01-08 10:16:49.500,52.55378771259917,-1.4630535180345785,119.80541012677442,2.0610298795624438,True,52.55715838714543,-1.4607606091103786
2020-01-08 10:16:49.600,52.55377935291975,-1.4630145641488106,119.58677734975035,2.0606442928936053,True,52.55716912215001,-1.4607490170289332
2020-01-08 10:16:49.700,52.55377024638645,-1.4630633137452975,119.91981919399294,2.0601968171123834,True,52.55717981998345,-1.4607373166593323
2020-01-08 10:16:49.800,52.55376267951559,-1.463024668039879,120.16880796983513,2.059789171721981,True,52.557190666695845,-1.4607256725946762
2020-01-08 10:16:49.900,52.55375413812541,-1.4630737292335367,119.73529508757655,2.0593832214045924,True,52.557201480937536,-1.4607138403686752
2020-01-08 10:16:50.000,52.55374722532748,-1.4630352677493863,119.10254813689295,2.0589537634073545,True,52.55721233034957,-1.4607021120287869
2020-01-08 10:16:50.100,52.553741791659114,-1.463001297435219,119.2600264055083,2.0586105153038052,True,52.557223277484795,-1.460690432281119
2020-01-08 10:16:50.200,52.55373517025212,-1.4630542497219543,118.94262717010696,2.058322194126772,True,52.55723435565112,-1.4606789921312453
2020-01-08 10:16:50.300,52.553730007370596,-1.4630188937904596,120.407387043829,2.058203672613801,True,52.55724550136122,-1.4606673676035924
2020-01-08 10:16:50.400,52.55372346456627,-1.4630709334262322,120.96786691336423,2.058145212345496,True,52.55725648632658,-1.460655268792789
2020-01-08 10:16:50.500,52.553718186851384,-1.4630350923240265,120.58157090487352,2.0581632234106575,True,52.55726735798987,-1.4606427980768302
2020-01-08 10:16:50.600,52.55371415574435,-1.4630034150690432,120.17586647547303,2.0582551350299,True,52.557278291779916,-1.4606303293971712
2020-01-08 10:16:50.700,52.55370888135664,-1.463058134621844,119.79200274518782,2.0584533559847746,True,52.557289275430215,-1.4606176751373317
2020-01-08 10:16:50.800,52.55370497502735,-1.4630242433412934,119.89176059503023,2.0587124126583687,True,52.55730036496623,-1.4606051518035141
2020-01-08 10:16:50.900,52.55369978394346,-1.4630771790332797,119.4057442427295,2.0589936484607647,True,52.557311448413785,-1.460592573717097
2020-01-08 10:16:51.000,52.553695804037034,-1.4630416575385243,116.34087505186096,2.059081945537266,True,52.55732249764855,-1.460579864023138
2020-01-08 10:16:51.100,52.55369328245222,-1.463009327421328,113.90953370744742,2.0590143160323033,True,52.557333992065494,-1.4605678839120084
2020-01-08 10:16:51.200,52.553689823780154,-1.463062567403462,113.07833310064274,2.059069825686211,True,52.557345789527886,-1.460556544995643
2020-01-08 10:16:51.300,52.55368757671197,-1.4630269061748171,113.59088786861533,2.059423145285724,True,52.55735768491426,-1.46054534198204
2020-01-08 10:16:51.400,52.553683951901974,-1.463077700783306,114.16799482294775,2.059953927287941,True,52.55736945559643,-1.4605338151383271
2020-01-08 10:16:51.500,52.5536814146046,-1.4630402331948342,115.00569035981954,2.060583163683481,True,52.5573810943056,-1.4605219376229412
2020-01-08 10:16:51.600,52.553679731265746,-1.463006992989173,115.09046200357125,2.0611830772463344,True,52.557392549828286,-1.4605096765938201
2020-01-08 10:16:51.700,52.55367676006039,-1.4630599529266881,116.93831514543695,2.0617967733403595,True,52.557403952983265,-1.460497216712822
2020-01-08 10:16:51.800,52.55367454314327,-1.4630248230955147,117.31342459358021,2.06236190467307,True,52.55741507086231,-1.4604840318371433
2020-01-08 10:16:51.900,52.5536711009823,-1.463076309094996,117.76149724554503,2.0628473247853467,True,52.557426080415716,-1.460470645883413
2020-01-08 10:16:52.000,52.553668488602995,-1.4630397005287603,114.54804703051416,2.063269372220354,True,52.55743697568006,-1.4604569190627623
2020-01-08 10:16:52.100,52.553667461529656,-1.4630065658462024,114.6489571476414,2.063716708825805,True,52.55744828709085,-1.4604439690580053
2020-01-08 10:16:52.200,52.55366494854668,-1.4630595433871005,111.93597549129203,2.063844348075805,True,52.557459437258736,-1.4604309366676076
2020-01-08 10:16:52.300,52.5536638223699,-1.4630234765396213,109.85373913140653,2.063744129256792,True,52.55747086677828,-1.4604186105795354
2020-01-08 10:16:52.400,52.553661783851645,-1.4630730107976777,107.28508450631105,2.0633431882437843,True,52.55748248610404,-1.4604068572580802
2020-01-08 10:16:52.500,52.553661155580855,-1.4630337563509561,105.67086487980669,2.062872424493994,True,52.55749430650518,-1.4603957959051723
2020-01-08 10:16:52.600,52.55365965531159,-1.463080289015891,105.47780247196893,2.0627394513491772,True,52.55750627958676,-1.4603851647585777
2020-01-08 10:16:52.700,52.55365909530059,-1.4630387185922742,104.30076363395034,2.0625827061770967,True,52.557518146960106,-1.4603745083618245
2020-01-08 10:16:52.800,52.55365963491492,-1.4630013400900626,104.73815882119327,2.0627034444526315,True,52.55753002882704,-1.4603642403124595
2020-01-08 10:16:52.900,52.553658812357185,-1.4630495115752036,102.28631461220367,2.062551730827663,True,52.55754181901633,-1.4603537387734205
2020-01-08 10:16:53.000,52.553659214086196,-1.4630091441368986,100.52530161603278,2.062273583204724,True,52.55755378382394,-1.4603439835911094
2020-01-08 10:16:53.100,52.55365895399763,-1.4630544538067183,98.2266159461449,2.0616839459455756,True,52.55756571965876,-1.4603348988420457
2020-01-08 10:16:53.200,52.553659973915124,-1.4630116823251402,97.87836413027715,2.0613589832238928,True,52.55757769519987,-1.4603265442460562
2020-01-08 10:16:53.300,52.55366029360061,-1.4630548247632253,98.72547356391671,2.0614355238049122,True,52.55758967858745,-1.4603187645235671
2020-01-08 10:16:53.400,52.55366106758168,-1.4630106057422285,97.77057906808903,2.0613735937313855,True,52.55760142124298,-1.4603106978966658
2020-01-08 10:16:53.500,52.55366139173664,-1.4630527253858412,99.10584419143191,2.061415343807951,True,52.557613008115915,-1.460303097897592
2020-01-08 10:16:53.600,52.55366216283772,-1.4630081128977066,100.54155359426997,2.0613209141498543,True,52.557624239866506,-1.4602951700863578
2020-01-08 10:16:53.700,52.553661959031544,-1.4630500252714091,100.61975545366676,2.0610415936811117,True,52.55763525383205,-1.4602868248826426
2020-01-08 10:16:53.800,52.55366240441284,-1.4630055135708588,100.80173001576509,2.060413264293929,True,52.55764596712681,-1.4602787182365369
2020-01-08 10:16:53.900,52.55366215757383,-1.4630476253062354,100.13634471343249,2.0595482673501717,True,52.557656499989875,-1.4602706956269185
2020-01-08 10:16:54.000,52.55366263048631,-1.4630030819036126,100.17420534226093,2.0585145713311404,True,52.55766695141344,-1.4602629743797453
2020-01-08 10:16:54.100,52.55366248120269,-1.463045207133822,99.13640487707762,2.0572519259352813,True,52.55767717437396,-1.4602553376587433
2020-01-08 10:16:54.200,52.55366316708371,-1.4630011727384604,100.00876669620888,2.055689913871018,True,52.5576870491107,-1.4602482404622847
2020-01-08 10:16:54.300,52.55366309214538,-1.4630437573910262,100.09916434361025,2.054044826189698,True,52.55769672169053,-1.460240907316036
2020-01-08 10:16:54.400,52.553663534576806,-1.462999968765106,100.76236289988795,2.0522817681891756,True,52.55770622554478,-1.4602337075019658
2020-01-08 10:16:54.500,52.55366331448261,-1.463043208104592,100.65502925335421,2.050304193128616,True,52.557715351181955,-1.460226623948413
2020-01-08 10:16:54.600,52.553663675616406,-1.4630002401268511,100.6505499187793,2.048163581370596,True,52.55772418834124,-1.4602198157611164
2020-01-08 10:16:54.700,52.553663508312084,-1.4630442892808855,100.97418916749346,2.045817100596482,True,52.55773268045671,-1.4602134103957496
2020-01-08 10:16:54.800,52.55366361353546,-1.4630019236250553,97.54465866025771,2.0432759129150986,True,52.557740824238664,-1.4602070778592537
2020-01-08 10:16:54.900,52.55366055267896,-1.4630622663974724,96.09001027415367,2.0405120716427296,True,52.55774861127921,-1.4602008560747168
2020-01-08 10:16:55.000,52.553640715880526,-1.4631275340852323,98.52261275947501,2.0378491252796644,True,52.557756196692736,-1.4601947875458297
2020-01-08 10:16:55.100,52.55362189572003,-1.4631044802128121,101.7478265472199,2.0353580911459526,True,52.55776367127613,-1.460189185116751
2020-01-08 10:16:55.200,52.55360317914448,-1.4631656980474568,104.91650734505853,2.0327010919100816,True,52.55777105573938,-1.4601837777995694
2020-01-08 10:16:55.300,52.55358560966722,-1.4631379744585313,107.51711492861358,2.029818780233054,True,52.55777833838619,-1.460178321057449
2020-01-08 10:16:55.400,52.55356930349527,-1.463113350820108,109.99293458644145,2.0267056416413474,True,52.557785541597646,-1.460173004691387
2020-01-08 10:16:55.500,52.55355305613013,-1.4631721296515503,111.67700034282582,2.023678127707535,True,52.557792771565566,-1.460167746560965
2020-01-08 10:16:55.600,52.553538290069206,-1.4631412793112115,114.16995404482584,2.0205403802640975,True,52.55780002288721,-1.4601628070103714
2020-01-08 10:16:55.700,52.5535248254471,-1.4631129008311563,117.2184472105571,2.0172402887988494,True,52.557807281010284,-1.4601579446171085
2020-01-08 10:16:55.800,52.55351135898776,-1.463167447049245,121.94685661592892,2.0132223418544943,True,52.55781453094681,-1.4601532464880815
2020-01-08 10:16:55.900,52.55349917730497,-1.4631315368800035,126.6476206960824,2.0086950168931392,True,52.557821816484555,-1.4601488888930227
2020-01-08 10:16:56.000,52.55348806041017,-1.463097953038795,127.74264178678331,2.0056191797832468,True,52.557829045653875,-1.4601447321077032
2020-01-08 10:16:56.100,52.55347657616252,-1.4631475958538966,130.10906806181538,2.0032759201364914,True,52.55783639007577,-1.4601408877171267
2020-01-08 10:16:56.200,52.55346647993219,-1.4631069389333196,132.70617904474884,2.0015122590476335,True,52.557843697527616,-1.4601372135302224
2020-01-08 10:16:56.300,52.55345561591048,-1.4631507225497913,136.0191814324714,1.9999884673508368,True,52.557850974347616,-1.4601336146123738
2020-01-08 10:16:56.400,52.553446069614715,-1.4631045511433678,138.66273969146474,1.999114738432518,True,52.557858183839954,-1.4601298309227069
2020-01-08 10:16:56.500,52.553435422940275,-1.4631437388740378,141.35694655341885,1.99881026139349,True,52.557865403692915,-1.4601260015005886
2020-01-08 10:16:56.600,52.553426193144475,-1.4630930213251654,144.23012129775367,1.9989395025658478,True,52.557872580230764,-1.4601220550770906
2020-01-08 10:16:56.700,52.55341564396825,-1.463128674833707,146.89874917912684,1.9995008688526945,True,52.55787966178731,-1.4601180269216234
2020-01-08 10:16:56.800,52.55340644926563,-1.4630745061662467,149.4431221850203,2.0005262257376963,True,52.55788670419597,-1.4601138108285634
2020-01-08 10:16:56.900,52.55339578327534,-1.4631075898765533,151.37183056344327,2.0021077760321475,True,52.55789366263324,-1.4601094824276648
2020-01-08 10:16:57.000,52.553383925193934,-1.4631359968510587,152.72725638805642,2.0042501784993196,True,52.55790055424942,-1.4601050669250275
2020-01-08 10:16:57.100,52.55337378389264,-1.4630753127253648,153.62579266292764,2.0068432549567965,True,52.557907377462875,-1.460100615611509
2020-01-08 10:16:57.200,52.553362457128635,-1.4631033213661204,155.17596821937173,2.009345655412411,True,52.5579142304514,-1.4600962659787164
2020-01-08 10:16:57.300,52.55335015831947,-1.463128009676939,156.35385232887094,2.0117418468951356,True,52.55792108473073,-1.4600918255806414
2020-01-08 10:16:57.400,52.55333978461291,-1.4630638569046066,156.87811920569618,2.0140646244351927,True,52.55792794477523,-1.4600874886168644
2020-01-08 10:16:57.500,52.553328566391876,-1.4630895772991281,157.34218963292102,2.0160777667418763,True,52.55793482352938,-1.4600833219421538
2020-01-08 10:16:57.600,52.553316812331,-1.463112750154117,158.70105465035127,2.0174469417695207,True,52.557941640309075,-1.460079355484915
2020-01-08 10:16:57.700,52.55330459816202,-1.4631339920666466,160.59271118370913,2.018116132067709,True,52.55794835311839,-1.4600753651133904
2020-01-08 10:16:57.800,52.55329442745677,-1.463066334110064,161.67228048692434,2.0184437743226664,True,52.55795509138469,-1.4600711975667893
2020-01-08 10:16:57.900,52.553283647286975,-1.4630894649222244,163.41453098752686,2.0182463611321695,True,52.55796179691465,-1.4600670989573077
2020-01-08 10:16:58.000,52.553272312363944,-1.4631109942711549,164.6268105243321,2.0177766135704203,True,52.55796851879785,-1.4600628241969267
2020-01-08 10:16:58.100,52.55326076180249,-1.4631311095523554,165.94791209220574,2.016986553686614,True,52.55797514911682,-1.4600586147600072
2020-01-08 10:16:58.200,52.55325122551165,-1.4630617806220874,167.6954030842255,2.015888707435431,True,52.557981694856295,-1.4600544281955274
2020-01-08 10:16:58.300,52.55324110608862,-1.4630839033641203,169.04571563186872,2.014673999823066,True,52.557988251262955,-1.4600500816116977
2020-01-08 10:16:58.400,52.55323067819022,-1.4631048390517538,169.85970432709905,2.0134442830004917,True,52.55799473912993,-1.460045643811813
2020-01-08 10:16:58.500,52.553220046048864,-1.4631246462756333,171.4594140443226,2.0120726858745477,True,52.55800119884629,-1.4600411543751022
2020-01-08 10:16:58.600,52.553211056555305,-1.463054526840224,173.05561984700844,2.010636813852288,True,52.55800760141303,-1.460036536635187
2020-01-08 10:16:58.700,52.553201644228096,-1.4630762593658122,174.32112920267022,2.009231425233133,True,52.55801397696222,-1.4600318001129895
2020-01-08 10:16:58.800,52.553192031766926,-1.4630970033810293,175.71909797180393,2.00780857082391,True,52.55802026549041,-1.4600270966539957
2020-01-08 10:16:58.900,52.55318225895059,-1.46311684959458,177.33098720675125,2.006382499744996,True,52.558026500039,-1.460022305224006
2020-01-08 10:16:59.000,52.553173669688256,-1.4630464523565323,178.34052149370672,2.0051424368462207,True,52.55803271417563,-1.4600173548946374
2020-01-08 10:16:59.100,52.553164900880844,-1.463068010354607,178.74424998706604,2.0040751352570907,True,52.5580388483406,-1.4600123760094783
2020-01-08 10:16:59.200,52.55315598569277,-1.4630886966862582,180.12858636070186,2.0030081406743943,True,52.55804500006621,-1.4600074574130453
2020-01-08 10:16:59.300,52.55314706526406,-1.463108721995297,180.75399457296422,2.002055204515039,True,52.5580511075248,-1.4600024342560378
2020-01-08 10:16:59.400,52.55313830294128,-1.4631280447184603,180.81982058675877,2.00121775289843,True,52.55805719664121,-1.4599974920384278
2020-01-08 10:16:59.500,52.55313051839461,-1.4630565833969327,180.6587593937044,2.000441686768033,True,52.55806331351704,-1.4599927058015265
2020-01-08 10:16:59.600,52.55312282478455,-1.4630770786404903,181.5012589622543,1.9995795179978897,True,52.55806946375069,-1.4599881082528268
2020-01-08 10:16:59.700,52.55311526358888,-1.4630969430776983,182.5838605803386,1.9986348905875178,True,52.55807560538658,-1.459983550800369
2020-01-08 10:16:59.800,52.553107869511365,-1.463116162055349,183.10686117454816,1.9976860586419984,True,52.55808175472867,-1.4599789664566643
2020-01-08 10:16:59.900,52.55310095945349,-1.4630445219309323,184.81061875891,1.9966608891963997,True,52.55808793144761,-1.459974428159395
2020-01-08 10:17:00.000,52.55309412308278,-1.4630652691359995,185.55300320784377,1.9956586297116876,True,52.558094055836776,-1.45996974070344
2020-01-08 10:17:00.100,52.553087352725775,-1.4630854406750176,186.2391068221496,1.9947246614967458,True,52.55810024939754,-1.4599650484133773
2020-01-08 10:17:00.200,52.55308082190043,-1.4631050839800497,186.25334142561138,1.9938561727430575,True,52.55810640901428,-1.459960320542008
2020-01-08 10:17:00.300,52.5530745488854,-1.4631239954813033,186.82358779668988,1.9929813003896644,True,52.55811259046593,-1.4599557786165531
2020-01-08 10:17:00.400,52.553068504138956,-1.463051991186272,187.26220775220943,1.9920910733682606,True,52.55811872197525,-1.459951346302969
2020-01-08 10:17:00.500,52.55306273343494,-1.46307221080436,187.70929507685162,1.9911788668291552,True,52.55812483030316,-1.4599470570007926
2020-01-08 10:17:00.600,52.55305718013201,-1.4630918538286342,187.71176763767625,1.99032432678194,True,52.558131038426595,-1.45994283794584
2020-01-08 10:17:00.700,52.55305193856952,-1.4631108311576637,187.9937656897292,1.9894636345091612,True,52.558137284845266,-1.459938808263191
2020-01-08 10:17:00.800,52.55304655987746,-1.463038769361482,188.87756363849832,1.9886135513654333,True,52.558143596440125,-1.4599348948798272
2020-01-08 10:17:00.900,52.553041477266,-1.4630590951054006,189.37171771677197,1.9877780237490579,True,52.55814992041213,-1.4599310187752386
2020-01-08 10:17:01.000,52.553036635933395,-1.4630787703965236,191.07281198002534,1.9868906817156935,True,52.55815623056669,-1.459927290453977
2020-01-08 10:17:01.100,52.55303198485299,-1.4630980135858838,192.18316409202248,1.9860290024327039,True,52.55816250292491,-1.4599234081484231
2020-01-08 10:17:01.200,52.55302740420671,-1.4631167528483888,194.91000347756162,1.9850283769091452,True,52.558168750672365,-1.4599195272765488
2020-01-08 10:17:01.300,52.55302197169702,-1.463045028265872,197.81161395879593,1.9839321422961973,True,52.55817498500584,-1.4599153474433428
2020-01-08 10:17:01.400,52.55301652229046,-1.4630662262937717,200.5918190415257,1.982749754271349,True,52.558181145013236,-1.4599109541054174
2020-01-08 10:17:01.500,52.553010982272035,-1.463087363905877,202.81505070624522,1.9817119645113521,True,52.558187247234244,-1.4599062084125258
2020-01-08 10:17:01.600,52.553005478467085,-1.463108464426089,203.59008639463514,1.9811969214897287,True,52.55819327978138,-1.4599012379856438
2020-01-08 10:17:01.700,52.55299863954569,-1.4630392652978381,205.49447802064856,1.9808975427712525,True,52.55819932647118,-1.4598962328501073
2020-01-08 10:17:01.800,52.55299202561606,-1.463062938325866,205.7263863323603,1.9811364489598384,True,52.55820534797007,-1.4598910456102565
2020-01-08 10:17:01.900,52.55298564905269,-1.4630861557568393,205.55632454654508,1.9817890222309107,True,52.55821144026539,-1.4598859216120512
2020-01-08 10:17:02.000,52.55297965837399,-1.463108839085675,204.7509237744144,1.9826944523493866,True,52.558217596967964,-1.4598809279079286
2020-01-08 10:17:02.100,52.55297233667439,-1.4630411555746696,204.8991088545539,1.9835853396500924,True,52.55822386932192,-1.459876156052755
2020-01-08 10:17:02.200,52.55296567517081,-1.463065609988337,205.1000145868195,1.9843541984577218,True,52.55823016736163,-1.4598714740639798
2020-01-08 10:17:02.300,52.55295965851695,-1.4630893695495306,205.05454072920355,1.9850069338048073,True,52.55823654845167,-1.459866859933739
2020-01-08 10:17:02.400,52.55295417595076,-1.4631122709082123,205.8695624702505,1.9855079974382122,True,52.55824304820678,-1.4598623922462641
2020-01-08 10:17:02.500,52.55294737513438,-1.463045302805065,206.19564370391555,1.9858658541779197,True,52.55824956471448,-1.4598579028048695
2020-01-08 10:17:02.600,52.55294122716418,-1.463070267082361,208.45803751355808,1.9860129052289417,True,52.558256142332795,-1.459853533501517
2020-01-08 10:17:02.700,52.55293581264316,-1.463094849626951,209.8252907713423,1.986046635726527,True,52.55826269583995,-1.4598489974786684
2020-01-08 10:17:02.800,52.5529309377385,-1.4631188144749574,211.83959991420068,1.9859186244521967,True,52.55826923132397,-1.4598444144395468
2020-01-08 10:17:02.900,52.552924289987786,-1.4630536134383303,213.06973908644386,1.9858631054632452,True,52.55827581995968,-1.4598395737284982
2020-01-08 10:17:03.000,52.55291827706655,-1.4630806736337014,215.84584149175492,1.9855909351247332,True,52.558282415311425,-1.4598347236971587
2020-01-08 10:17:03.100,52.55291293179223,-1.4631075091701429,217.05702992212395,1.9854988036411698,True,52.558289020850815,-1.459829586243811
2020-01-08 10:17:03.200,52.552905703206555,-1.463045410677854,218.09388103268435,1.9856003908926931,True,52.5582956555734,-1.4598244246892094
2020-01-08 10:17:03.300,52.55289928160497,-1.463075402450746,219.4033003614735,1.9857996602140684,True,52.55830233032625,-1.459819265542747
2020-01-08 10:17:03.400,52.552893684371156,-1.463104538519779,220.23979743698573,1.9861261630627516,True,52.558308926801914,-1.459813979799467
2020-01-08 10:17:03.500,52.55288613996564,-1.463045083116783,221.4821710715512,1.986559073110858,True,52.55831559138617,-1.459808690831327
2020-01-08 10:17:03.600,52.55287966296685,-1.463077486222769,221.60154760507396,1.9872019735496353,True,52.55832229719509,-1.4598033408239026
2020-01-08 10:17:03.700,52.5528741342405,-1.463108648008469,220.7668357673898,1.9880569920206443,True,52.55832914137042,-1.4597980104305621
2020-01-08 10:17:03.800,52.552866833107224,-1.463050796138201,219.52820960957743,1.9888666840945388,True,52.55833602630221,-1.4597928113672227
2020-01-08 10:17:03.900,52.55285733811379,-1.4630888536966475,218.41256685218727,1.9894837987382854,True,52.55834298215133,-1.4597876960038498
2020-01-08 10:17:04.000,52.55282245767708,-1.4631648363243945,220.44546713196544,1.989966025500921,True,52.55835003838296,-1.4597827645351067
2020-01-08 10:17:04.100,52.55279002360542,-1.4631479709129795,223.25205168676686,1.9902568499003623,True,52.55835714262614,-1.4597779090754002
2020-01-08 10:17:04.200,52.55275971923645,-1.4631319385420485,226.13926501773264,1.9903382865228392,True,52.55836432590943,-1.4597730834111768
2020-01-08 10:17:04.300,52.552731255086265,-1.4631172426189811,228.99434663555414,1.9902255957184234,True,52.5583715537251,-1.4597681827106692
2020-01-08 10:17:04.400,52.55270447347739,-1.463104269824278,231.70745888644942,1.9899478498180083,True,52.55837880555573,-1.4597635328967609
2020-01-08 10:17:04.500,52.55267905878482,-1.4630934569513823,234.67276113903966,1.9895624943472476,True,52.558386084711906,-1.4597587567679464
2020-01-08 10:17:04.600,52.552657881430356,-1.4631710803139057,236.70756418497092,1.989325666662803,True,52.55839336850497,-1.459754144321075
2020-01-08 10:17:04.700,52.55263735891776,-1.4631590405296515,240.05888958606738,1.9889593392519345,True,52.558400657941085,-1.4597494619404758
2020-01-08 10:17:04.800,52.552617536715346,-1.4631510902846057,246.08330968714125,1.9875561572020912,True,52.55840797701485,-1.4597447362673015
2020-01-08 10:17:04.900,52.55259891482651,-1.4631479415233002,250.71494551713886,1.9859357097656511,True,52.55841520172227,-1.4597397260194378
2020-01-08 10:17:05.000,52.55258155609229,-1.4631495670591785,253.4688060014691,1.9852374900922745,True,52.55842239496556,-1.4597347218662442
2020-01-08 10:17:05.100,52.55256546815963,-1.4631559256643805,255.90504357266337,1.9855755595721172,True,52.55842957739514,-1.4597295825699972
2020-01-08 10:17:05.200,52.552550750610955,-1.4631667256372067,258.6318210419379,1.9866081232723525,True,52.55843674217705,-1.459724542544539
2020-01-08 10:17:05.300,52.55253770170735,-1.4631820228503358,261.83203265943433,1.9880479632736432,True,52.558443923803885,-1.45971951070063
2020-01-08 10:17:05.400,52.55252655538406,-1.4632012969300758,263.2550194223687,1.9905867476864798,True,52.55845099339197,-1.4597143383953968
2020-01-08 10:17:05.500,52.55251500835299,-1.4631410065089505,262.9001181423238,1.9945198058693423,True,52.5584581184783,-1.4597093996271795
2020-01-08 10:17:05.600,52.552505417397704,-1.4631754079905295,263.9853943164436,1.9986464750900597,True,52.55846539834153,-1.4597049399596065
2020-01-08 10:17:05.700,52.552497995242845,-1.4632111397203547,265.6882855070745,2.0025083941792894,True,52.55847273459187,-1.4597008064362909
2020-01-08 10:17:05.800,52.55249106401847,-1.463165802075298,267.8840356065466,2.005876057165157,True,52.55848008120421,-1.4596968193107058
2020-01-08 10:17:05.900,52.55248681448295,-1.463212901504262,269.02914868181114,2.009058287124178,True,52.55848746436781,-1.4596927542156517
2020-01-08 10:17:06.000,52.55248358517529,-1.4631776616375953,271.4438192907876,2.011611929734614,True,52.5584949358608,-1.4596888338648133
2020-01-08 10:17:06.100,52.552483204820795,-1.4632331176186537,273.24141022522014,2.0137745736683392,True,52.55850247699442,-1.4596848799915867
2020-01-08 10:17:06.200,52.552484354953485,-1.4632045819955783,274.5786688071322,2.0155680314611533,True,52.55850986490447,-1.4596810079455953
2020-01-08 10:17:06.300,52.55248722197888,-1.4631839187883173,276.3347501898311,2.01693884509288,True,52.55851728430693,-1.4596772004223175
2020-01-08 10:17:06.400,52.55249281257157,-1.4632509676932983,277.8331270492731,2.0180146159953183,True,52.55852478515127,-1.459673457380599
2020-01-08 10:17:06.500,52.55250020699106,-1.4632318637071762,279.33347556780024,2.0187441776021875,True,52.55853225327915,-1.4596698482477777
2020-01-08 10:17:06.600,52.55250959178338,-1.4632184223704412,280.3326908734613,2.019314840328655,True,52.55853975539212,-1.459666288304283
2020-01-08 10:17:06.700,52.55252095652971,-1.4632095946257082,282.22391590324224,2.0195115015984166,True,52.55854727808349,-1.4596625746804472
2020-01-08 10:17:06.800,52.5525345767839,-1.4632043333392541,284.8510349736812,2.01922625651132,True,52.55855481684757,-1.459658798546671
2020-01-08 10:17:06.900,52.55255045807469,-1.463201678171054,284.94732521354683,2.0192112651717062,True,52.558562322656236,-1.4596547105087516
2020-01-08 10:17:07.000,52.55256835986751,-1.4632009186229908,288.2672104690205,2.0185790743405976,True,52.55856987975568,-1.4596508284103815
2020-01-08 10:17:07.100,52.552588624888884,-1.463201159007785,289.2972937387934,2.018105383279361,True,52.5585773546773,-1.4596464478011517
2020-01-08 10:17:07.200,52.552610793804156,-1.4632019646216308,289.9322181302228,2.0178345420764225,True,52.55858482752338,-1.4596418440123582
2020-01-08 10:17:07.300,52.55263465564533,-1.4632026013812134,291.86673984649406,2.0173275897820533,True,52.55859217671186,-1.4596371263394714
2020-01-08 10:17:07.400,52.552660161084056,-1.463202588051089,291.67637683387784,2.0170897862580417,True,52.55859937018557,-1.4596321523440343
2020-01-08 10:17:07.500,52.55268690804121,-1.4632018605112234,293.1527327717225,2.016717012250818,True,52.5586065870556,-1.459627122069942
2020-01-08 10:17:07.600,52.552714884087834,-1.4632000561804244,292.9677465982979,2.0165259367188635,True,52.5586137900615,-1.4596218021384992
2020-01-08 10:17:07.700,52.55274344661271,-1.4631972061303857,291.6360388656803,2.0164351586935707,True,52.55862099969334,-1.45961647909446
2020-01-08 10:17:07.800,52.5527720630675,-1.4631933250793991,289.23119913613465,2.016138065070208,True,52.558628178350524,-1.4596113450705646
2020-01-08 10:17:07.900,52.552800142065976,-1.4631887470984966,287.22560082485046,2.015399950216176,True,52.55863540063506,-1.4596064520573673
2020-01-08 10:17:08.000,52.552825919585736,-1.463265196223874,284.9530771677046,2.014131787059035,True,52.55864274662451,-1.459601761189762
2020-01-08 10:17:08.100,52.552850906956444,-1.4632497269588831,284.1057400952898,2.0125553792048785,True,52.558650160476866,-1.459597358568761
2020-01-08 10:17:08.200,52.552875155750286,-1.463235112476895,283.07459022218484,2.010733433874519,True,52.55865757557229,-1.4595929544720356
2020-01-08 10:17:08.300,52.55289857257206,-1.4632213491159216,282.859343039269,2.0089186254163782,True,52.5586650222244,-1.4595885647764657
2020-01-08 10:17:08.400,52.55292122703979,-1.4632084034723167,282.2772788777544,2.0071275618937596,True,52.55867255913873,-1.4595842912852608
2020-01-08 10:17:08.500,52.55294289299675,-1.4631963702192066,280.5323045433382,2.005211012982792,True,52.55868012587398,-1.4595798730116805
2020-01-08 10:17:08.600,52.55296336093234,-1.463185467790973,279.77115275366754,2.0034921666324355,True,52.55868786854856,-1.4595755354905553
2020-01-08 10:17:08.700,52.55298115320385,-1.4632569917354195,279.06492062633396,2.001948000274814,True,52.55869567149646,-1.459571285735597
2020-01-08 10:17:08.800,52.55299800914622,-1.4632380136144303,277.91703802961916,2.0005225201940418,True,52.55870346272426,-1.459566875791699
2020-01-08 10:17:08.900,52.5530138172217,-1.4632214281660725,277.08108926674004,1.9993537303426487,True,52.55871134839684,-1.459562438450278
2020-01-08 10:17:09.000,52.55302857368018,-1.4632070475292782,276.27695152941243,1.9984487852342179,True,52.55871932126084,-1.4595579845337623
2020-01-08 10:17:09.100,52.55304227979443,-1.4631946698696086,276.41637171342586,1.9979529423532498,True,52.558727355201235,-1.4595534855553784
2020-01-08 10:17:09.200,52.553055033373454,-1.46318405466118,275.4627159978673,1.9975888293794961,True,52.558735338257904,-1.45954868610999
2020-01-08 10:17:09.300,52.55306521973237,-1.4632565253856835,271.50698427751655,1.9967713212446159,True,52.55874340879437,-1.4595439210737917
2020-01-08 10:17:09.400,52.55307368666283,-1.463239408725751,270.63850206974575,1.99634221160518,True,52.558751646856926,-1.4595397187808912
2020-01-08 10:17:09.500,52.55308074402745,-1.463225336083804,268.7440505399401,1.9960328678898616,True,52.55875993089282,-1.4595353436698675
2020-01-08 10:17:09.600,52.55308614326016,-1.4632140503631417,268.12586586107824,1.996198630784153,True,52.558768312618085,-1.4595309956381948
2020-01-08 10:17:09.700,52.55309014644844,-1.4632051378754878,268.453772078578,1.9968908019161558,True,52.558776674459295,-1.4595263934428808
2020-01-08 10:17:09.800,52.553092962812954,-1.4631983266675654,268.6311995472429,1.9978990030113892,True,52.55878498742002,-1.4595212988984543
2020-01-08 10:17:09.900,52.553094797045276,-1.4631931715934612,269.9392802549872,1.9991466907826982,True,52.55879319179632,-1.4595157648917503
2020-01-08 10:17:10.000,52.55309580321844,-1.4631894984483829,267.6954958214899,2.0001630115479276,True,52.55880125860379,-1.4595095411112156
2020-01-08 10:17:10.100,52.55309541304041,-1.4631871909508498,267.90710013887565,2.0013153154653938,True,52.558809477966236,-1.459503410236636
2020-01-08 10:17:10.200,52.55309353882875,-1.463266794698805,265.65356901869563,2.0022461432613503,True,52.558817694225546,-1.4594969211129853
2020-01-08 10:17:10.300,52.553090151898104,-1.4632558653326255,262.61790571754324,2.00280192258962,True,52.55882602428645,-1.4594906800737215
2020-01-08 10:17:10.400,52.55308484058141,-1.4632469093668279,259.39743269805484,2.0029848343674312,True,52.55883452152674,-1.459484857264018
2020-01-08 10:17:10.500,52.55307736945637,-1.4632396117670203,256.41890688412724,2.0030182398322767,True,52.558843303036475,-1.4594794730689404
2020-01-08 10:17:10.600,52.553067529938836,-1.463233548072181,253.6160420411701,2.003089928539595,True,52.558852395438805,-1.459474508279979
2020-01-08 10:17:10.700,52.55305533758448,-1.4632281566801684,251.83225521085788,2.0035731431458585,True,52.55886169782439,-1.4594700245514334
2020-01-08 10:17:10.800,52.553041000184734,-1.4632232767926305,251.32525146473444,2.004864558059818,True,52.55887120890259,-1.4594657991941822
2020-01-08 10:17:10.900,52.553024884385096,-1.4632184918251783,250.00998837747346,2.0064437786055427,True,52.55888077816441,-1.4594616287571827
2020-01-08 10:17:11.000,52.55300692247041,-1.4632137143448298,249.3485343740295,2.008521693268766,True,52.55889062046982,-1.4594576719661416
2020-01-08 10:17:11.100,52.55298746429268,-1.463208627270562,249.36835754859896,2.0110003866333286,True,52.558900593594366,-1.4594538670018768
2020-01-08 10:17:11.200,52.55296684269944,-1.4632032257513046,249.50648500472872,2.0137044461662525,True,52.55891070637477,-1.4594498816234294
2020-01-08 10:17:11.300,52.55294527996764,-1.463197429029843,249.61791033756066,2.0164657258744696,True,52.55892101294755,-1.4594458528272911
2020-01-08 10:17:11.400,52.55292305456585,-1.4631910311881435,250.1339535733839,2.0191201581526137,True,52.55893139081965,-1.4594417088886245
2020-01-08 10:17:11.500,52.55290049800757,-1.4631841324736545,250.64875803635562,2.0215682629143283,True,52.558941883557175,-1.4594374866622004
2020-01-08 10:17:11.600,52.552879148105816,-1.4632581915469458,251.86387551310798,2.0237823380605717,True,52.55895255167375,-1.4594332628992717
2020-01-08 10:17:11.700,52.55285783889361,-1.4632405651982838,252.42026539511875,2.0256699297260954,True,52.55896337229902,-1.4594291401126063
2020-01-08 10:17:11.800,52.55283667407284,-1.4632240722414738,253.81401826015474,2.02720004130929,True,52.5589743364892,-1.4594250952693613
2020-01-08 10:17:11.900,52.55281606175769,-1.4632087898433672,255.14414699719845,2.028369106609225,True,52.558985406307094,-1.4594209345605194
2020-01-08 10:17:12.000,52.55279610616135,-1.4631949022414814,257.069083762714,2.0292077410137033,True,52.55899666666007,-1.4594164741533229
2020-01-08 10:17:12.100,52.55277715867057,-1.4631824895355594,258.8060954527476,2.029773511765689,True,52.55900811265819,-1.459411903720265
2020-01-08 10:17:12.200,52.552760820650384,-1.4632528355881917,260.79404937717493,2.0300118131794416,True,52.55901961978983,-1.4594070511869792
2020-01-08 10:17:12.300,52.55274565748473,-1.463233259152945,262.03814737428314,2.030218157891645,True,52.55903117992626,-1.45940187551842
2020-01-08 10:17:12.400,52.552731591256766,-1.4632165566805113,263.602110799719,2.030428704641959,True,52.55904287493256,-1.4593965315890844
2020-01-08 10:17:12.500,52.55271887756922,-1.4632026407110308,265.1947690500397,2.0307147080539685,True,52.5590547454661,-1.4593912685404253
2020-01-08 10:17:12.600,52.55270765209902,-1.4631913004107375,266.7322724103183,2.0311118922331275,True,52.55906671341926,-1.4593859793747204
2020-01-08 10:17:12.700,52.55269803878773,-1.463182450484448,268.12703362377505,2.03172153831927,True,52.55907882051509,-1.459380799487477
2020-01-08 10:17:12.800,52.552691081202674,-1.4632571653225939,269.4200989136132,2.0326491800405013,True,52.559091182941906,-1.459375805178254
2020-01-08 10:17:12.900,52.55268561686692,-1.4632425913484952,271.8199496875293,2.0335028828367214,True,52.559103648355034,-1.4593708892218302
2020-01-08 10:17:13.000,52.552682118491134,-1.4632092862034771,274.0561116839915,2.0343159625470095,True,52.559116240264416,-1.4593662444978766
2020-01-08 10:17:13.100,52.55267889888574,-1.4630566962477791,273.0553231221424,2.035855572498655,True,52.55912894718316,-1.4593615149883254
2020-01-08 10:17:13.200,52.552675953223485,-1.463086032653421,272.8537710076192,2.038130611641849,True,52.55914193624751,-1.4593573836699636
2020-01-08 10:17:13.300,52.55267327923494,-1.4631117194422296,272.18785411349455,2.040872713387702,True,52.55915505731335,-1.459353725480338
2020-01-08 10:17:13.400,52.55267032144637,-1.4630534370463686,271.2400369355129,2.0438676801202083,True,52.55916834437831,-1.4593507396528755
2020-01-08 10:17:13.500,52.5526674313529,-1.4630838647634825,271.17151431052497,2.04683865677596,True,52.55918184827165,-1.459348712087224
2020-01-08 10:17:13.600,52.55266471900401,-1.4631104813701394,270.98533987188836,2.049663473961236,True,52.5591954391483,-1.4593470062511438
2020-01-08 10:17:13.700,52.55266198746558,-1.4630531936981597,270.6097674859351,2.052381979822351,True,52.55920921748404,-1.4593456197664951
2020-01-08 10:17:13.800,52.552659401121524,-1.463084341892049,270.2383580396249,2.0548631816656457,True,52.55922306088569,-1.4593443648364905
2020-01-08 10:17:13.900,52.55265695323327,-1.4631116053927395,268.6564295042871,2.057093698131166,True,52.559236999214264,-1.4593432344392894
2020-01-08 10:17:14.000,52.55265418579795,-1.4630548355739807,266.89818349006464,2.0590260091627646,True,52.55925107744321,-1.4593419784037385
2020-01-08 10:17:14.100,52.55265114026691,-1.463086460220292,267.1818646648031,2.0608442816804677,True,52.55926528829419,-1.4593405447224812
2020-01-08 10:17:14.200,52.55264835830561,-1.463114120394629,266.4096992371508,2.0624705860147663,True,52.55927960103211,-1.4593388293442637
2020-01-08 10:17:14.300,52.55264538342936,-1.4630576032644482,267.66779365286595,2.064076948801136,True,52.55929399278983,-1.459336784043608
2020-01-08 10:17:14.400,52.55264281404817,-1.4630894385772006,268.89663368876273,2.0656240148136034,True,52.55930846028765,-1.459334170265815
2020-01-08 10:17:14.500,52.55264053682449,-1.463036586571608,269.3033456699368,2.0670875167325637,True,52.55932298116196,-1.4593309861095594
2020-01-08 10:17:14.600,52.552638502372666,-1.4630715787846178,269.1008994372985,2.068496671554984,True,52.55933757702845,-1.4593273896388723
2020-01-08 10:17:14.700,52.55263651868768,-1.463102250527728,269.2798153547822,2.0699224354196604,True,52.55935236970286,-1.4593239041276906
2020-01-08 10:17:14.800,52.552634695078325,-1.4630483268219852,267.77315476299236,2.0712561736595365,True,52.55936730239545,-1.4593211827881862
2020-01-08 10:17:14.900,52.55263260332234,-1.4630823271339026,267.3577851044917,2.0725495827892395,True,52.55938237498079,-1.4593190477071738
2020-01-08 10:17:15.000,52.5526305877309,-1.463111974754245,265.89123190973237,2.0737427299715994,True,52.55939756607918,-1.4593169887500252
2020-01-08 10:17:15.100,52.552628140350315,-1.4630571440819558,266.3933310140185,2.0750159675928814,True,52.559412904293055,-1.4593155427203943
2020-01-08 10:17:15.200,52.552625992706396,-1.4630903962938098,266.44114389779674,2.076321599576816,True,52.5594283637712,-1.4593138499768812
2020-01-08 10:17:15.300,52.55262381435838,-1.4630386905411914,267.349497450092,2.0776510305911207,True,52.55944391550421,-1.4593121522075594
2020-01-08 10:17:15.400,52.552622092743526,-1.4630746000193606,266.45299112188,2.0789278647646325,True,52.55945953741663,-1.4593100137604287
2020-01-08 10:17:15.500,52.552620219574045,-1.4631058163929938,267.1218741362442,2.080184840952012,True,52.55947520378553,-1.4593076000359142
2020-01-08 10:17:15.600,52.552618490173636,-1.4630524645619274,266.9838941300185,2.081482986780168,True,52.55949102216815,-1.4593047644171229
2020-01-08 10:17:15.700,52.5526168667365,-1.4630869044938162,267.65052382694006,2.0827373925530224,True,52.55950690980631,-1.4593019810942183
2020-01-08 10:17:15.800,52.552615316720654,-1.46303618442991,268.61954841059367,2.08390618500781,True,52.559522817752885,-1.4592988563842886
2020-01-08 10:17:15.900,52.55261415221276,-1.4630730730602934,269.3422073994209,2.0850686432072862,True,52.55953884278365,-1.459295304650548
2020-01-08 10:17:16.000,52.552613253763006,-1.4631051046209482,270.3611709238659,2.086068369073737,True,52.559554806820415,-1.4592912825428406
2020-01-08 10:17:16.100,52.552612557453465,-1.4630523431418758,270.7245630099617,2.087024752061891,True,52.559570773636885,-1.459286700388824
2020-01-08 10:17:16.200,52.5526120762886,-1.4630873050385436,270.7979435425208,2.087942725691169,True,52.5595867312005,-1.4592817312925037
2020-01-08 10:17:16.300,52.55261164700712,-1.463036997367584,270.2995954757619,2.088820305622342,True,52.559602687858735,-1.4592767608472044
2020-01-08 10:17:16.400,52.55261118482762,-1.4630739906698602,269.74856712584517,2.0896140625372817,True,52.559618653321344,-1.4592720957925374
2020-01-08 10:17:16.500,52.55261079441939,-1.4631060018229107,267.35723787666245,2.090230326422287,True,52.55963461334499,-1.459267936321548
2020-01-08 10:17:16.600,52.552609786536166,-1.4630530457788085,264.9164838913058,2.0905912997368548,True,52.55965068509012,-1.4592648279716214
2020-01-08 10:17:16.700,52.552608206001,-1.4630875052015313,265.23878753478056,2.090931606092157,True,52.559666742696834,-1.459262937752935
2020-01-08 10:17:16.800,52.55260679271715,-1.4630365396436413,263.38001920325195,2.090999444302639,True,52.559682734304964,-1.4592611556700399
2020-01-08 10:17:16.900,52.552605018316896,-1.4630728160360127,263.9747057978378,2.0911949516443853,True,52.55969875243901,-1.4592602770770218
2020-01-08 10:17:17.000,52.55260360478651,-1.4631041625085304,262.9004912088312,2.0912499330158543,True,52.559714715126965,-1.4592592410418674
2020-01-08 10:17:17.100,52.55260178690424,-1.4630504567472131,262.9004920435221,2.0913174923426205,True,52.55973065019704,-1.4592588089591836
2020-01-08 10:17:17.200,52.55260015864519,-1.463084332246962,262.78874976523275,2.0913498356812643,True,52.559746526719806,-1.4592585867649512
2020-01-08 10:17:17.300,52.55259871277872,-1.4631136364171125,262.6750526371781,2.091376447186122,True,52.559762398646996,-1.4592585869514254
2020-01-08 10:17:17.400,52.55259701666,-1.4630582437265371,262.9549293780868,2.0914135215519267,True,52.5597782672214,-1.4592586699124273
2020-01-08 10:17:17.500,52.55259568481604,-1.4630906511117483,262.6968092233469,2.0913457879213144,True,52.55979404855186,-1.4592586755746426
2020-01-08 10:17:17.600,52.55259402805218,-1.4630380068687987,262.3384470068852,2.0912734128236914,True,52.559809878304414,-1.4592589284396356
2020-01-08 10:17:17.700,52.55259253994163,-1.463072898013243,261.74463548959864,2.091157559259385,True,52.55982572075423,-1.459259360681291
2020-01-08 10:17:17.800,52.552591199642194,-1.463103110544182,261.60641760553267,2.0910414062609046,True,52.55984157738288,-1.4592603482269961
2020-01-08 10:17:17.900,52.5525895493506,-1.4630484325211655,260.44720693798496,2.0908211091761135,True,52.55985741269833,-1.459261579320586
2020-01-08 10:17:18.000,52.55258793306282,-1.4630814561479377,259.61058447654614,2.09054516848867,True,52.55987320968588,-1.4592636535533008
2020-01-08 10:17:18.100,52.552586421823946,-1.4631100046575958,258.53370346977226,2.0902334563091043,True,52.559889006879466,-1.4592664626909584
2020-01-08 10:17:18.200,52.552584240375715,-1.463053840805644,258.16245153881727,2.0899968283818624,True,52.5599048095869,-1.4592701028819173
2020-01-08 10:17:18.300,52.552582274542424,-1.4630856274731383,258.37427431227366,2.0898442550926997,True,52.55992053710474,-1.45927466165158
2020-01-08 10:17:18.400,52.552579973413735,-1.4630322931029687,258.1794176025208,2.089710746882244,True,52.559936268445696,-1.4592793698694881
2020-01-08 10:17:18.500,52.55257795992042,-1.4630666481446957,259.6726830492,2.0896864832696207,True,52.5599519701064,-1.4592847171423926
2020-01-08 10:17:18.600,52.55257664664509,-1.4630966686059297,260.9826194705575,2.0896716413916727,True,52.55996780336403,-1.4592895721855645
2020-01-08 10:17:18.700,52.55257511915561,-1.4630420448695525,262.6498287833453,2.089578855704212,True,52.55998366764652,-1.4592946627321886
2020-01-08 10:17:18.800,52.55257441488143,-1.4630754947873081,263.51790852720063,2.08940515727581,True,52.55999959854409,-1.4592991861788382
2020-01-08 10:17:18.900,52.55257412862328,-1.463104684180011,265.40362016875014,2.0890411589050206,True,52.56001555065953,-1.4593034806631584
2020-01-08 10:17:19.000,52.55257386490363,-1.463049473272045,266.12268482702206,2.0887055629148286,True,52.56003160799199,-1.4593071371217885
2020-01-08 10:17:19.100,52.55257405496449,-1.4630825163220054,267.26547658990694,2.0883541065302818,True,52.56004773143408,-1.4593106790389445
2020-01-08 10:17:19.200,52.55257479708254,-1.463111416753173,267.0604536050336,2.088161452595989,True,52.560063881583396,-1.4593138473890646
2020-01-08 10:17:19.300,52.552575021552215,-1.4630559119349236,267.2952023536467,2.088057625873533,True,52.56008004535332,-1.4593172600775306
2020-01-08 10:17:19.400,52.55257552874199,-1.463088674139276,267.2504775537037,2.0880722898185593,True,52.56009624948776,-1.4593209390114872
2020-01-08 10:17:19.500,52.5525756633476,-1.4630365750484449,267.357046119094,2.088161655581991,True,52.560112501364706,-1.459324718631792
2020-01-08 10:17:19.600,52.55257611859864,-1.4630723436152304,266.92966052565936,2.088377286733415,True,52.56012885204703,-1.4593285874425928
2020-01-08 10:17:19.700,52.55257664151497,-1.4631035642111017,266.7569729660686,2.0886142033378112,True,52.56014519655955,-1.4593328811018678
2020-01-08 10:17:19.800,52.55257676703756,-1.4630501335677093,267.55991032216605,2.08883567640811,True,52.560161579505596,-1.4593374555355971
2020-01-08 10:17:19.900,52.55257725965919,-1.4630846798551231,268.5760605067486,2.089021087838947,True,52.56017805620316,-1.4593416950858205
2020-01-08 10:17:20.000,52.55257782429994,-1.4630341112598222,268.13699934452393,2.0892540033302005,True,52.56019459875334,-1.4593453357082902
2020-01-08 10:17:20.100,52.552578410553856,-1.463071080209362,268.4655293067673,2.089484115204847,True,52.56021113809204,-1.459349519532995
2020-01-08 10:17:20.200,52.5525791569854,-1.463103305931345,268.51587800884204,2.089702959882942,True,52.56022769383994,-1.4593536415692525
2020-01-08 10:17:20.300,52.55257972154886,-1.4630507573642852,269.1739428782795,2.0898989719249332,True,52.560244293272035,-1.4593577457349363
2020-01-08 10:17:20.400,52.55258059864369,-1.4630860256912468,268.8069866126554,2.0901459334249695,True,52.5602609989212,-1.459361358468494
2020-01-08 10:17:20.500,52.55258115547923,-1.4630360205031805,269.40894297659486,2.090330243077268,True,52.56027767314085,-1.459365146869772
2020-01-08 10:17:20.600,52.55258202308676,-1.4630734034269455,269.50272853669765,2.090496418948394,True,52.56029438227645,-1.459368501520505
2020-01-08 10:17:20.700,52.55258292359663,-1.463106032981,270.1511502480033,2.0906521339818576,True,52.560311156915965,-1.4593716683262044
2020-01-08 10:17:20.800,52.55258386117222,-1.4630537661171077,270.81548581972834,2.0907567830866034,True,52.56032794554554,-1.4593744420985892
2020-01-08 10:17:20.900,52.55258499038736,-1.4630892089301235,271.27175078258387,2.0908528252946836,True,52.56034477849293,-1.459376762339695
2020-01-08 10:17:21.000,52.552586165796065,-1.463039423332164,271.8103220067301,2.0909343935485025,True,52.56036164056668,-1.4593787349261764
2020-01-08 10:17:21.100,52.55258748832476,-1.4630769730364093,271.55716515632975,2.091046760205502,True,52.560378515142254,-1.459380298701321
2020-01-08 10:17:21.200,52.55258869605441,-1.4631097559193145,271.9368628086379,2.0911810948426757,True,52.56039544587128,-1.4593819540777082
2020-01-08 10:17:21.300,52.55258997419406,-1.4630576119524354,271.94181728263493,2.0913141652581997,True,52.56041238549117,-1.4593832026493745
2020-01-08 10:17:21.400,52.55259128653452,-1.4630930722043993,271.655076614499,2.0914399205151635,True,52.56042930758887,-1.4593844099404314
2020-01-08 10:17:21.500,52.552592476870345,-1.4630433684321615,271.27743284944603,2.091623753576444,True,52.560446322036626,-1.4593856301851669
2020-01-08 10:17:21.600,52.552593521527506,-1.4630808983034183,270.7079522659036,2.091764511733684,True,52.56046328007187,-1.4593875934474538
2020-01-08 10:17:21.700,52.55259434609523,-1.4631135141610718,269.98212155767976,2.0918766667565962,True,52.5604802408316,-1.459389717862887
2020-01-08 10:17:21.800,52.55259495910219,-1.4630612895200032,271.1819466482264,2.0920261618293448,True,52.560497253577225,-1.4593922116580877
2020-01-08 10:17:21.900,52.55259055793192,-1.4630546767305752,272.41254299560353,2.092097849031239,True,52.560514240005205,-1.4593950027547005
2020-01-08 10:17:22.000,52.55255690905778,-1.4628106870139663,269.5430361336904,2.0922248857632546,True,52.56053122791374,-1.4593982105635017
2020-01-08 10:17:22.100,52.552524298611964,-1.462760526546519,266.8904605769054,2.0923008985151164,True,52.560548216781534,-1.4594015493326151
2020-01-08 10:17:22.200,52.55249317564284,-1.4627983337588997,264.0635211358692,2.0920971797174355,True,52.560565176770425,-1.4594051744247674
2020-01-08 10:17:22.300,52.552463929891154,-1.4628323270604677,261.14153062027617,2.091548158146531,True,52.560582124930505,-1.459409572827236
2020-01-08 10:17:22.400,52.552436787476644,-1.462782397914827,258.8382947634358,2.0907247033437337,True,52.56059894641472,-1.4594145861659356
2020-01-08 10:17:22.500,52.552411856010124,-1.4628210419015333,258.05068743253923,2.090128669402656,True,52.5606157145282,-1.4594200633892795
2020-01-08 10:17:22.600,52.552389452608345,-1.4627753468506703,256.62897658447963,2.0895838940666014,True,52.56063255108631,-1.4594247904371345
2020-01-08 10:17:22.700,52.552369530228525,-1.4628177138832898,255.9527958131558,2.089286245815921,True,52.560649328360334,-1.4594298018605063
2020-01-08 10:17:22.800,52.55235276366802,-1.4627764629394593,250.28769451631987,2.087811894457517,True,52.560666255715496,-1.4594340616710284
2020-01-08 10:17:22.900,52.552338121018735,-1.4628239186427419,247.44467777645448,2.086312622069294,True,52.56068323847485,-1.4594383691586676
2020-01-08 10:17:23.000,52.55232558697813,-1.4627869427870785,246.44665352138128,2.085585618392148,True,52.56070035217474,-1.459441741591721
2020-01-08 10:17:23.100,52.55231621900609,-1.4628384664006115,245.55723008578389,2.0854833821839667,True,52.56071750373009,-1.459444387417932
2020-01-08 10:17:23.200,52.55230899643293,-1.46280535955172,243.92530356806782,2.085657362197018,True,52.56073476663599,-1.459446130407259
2020-01-08 10:17:23.300,52.55230469404479,-1.4628607383348757,241.7757014615039,2.0858337188257003,True,52.560752003475066,-1.4594477988232282
2020-01-08 10:17:23.400,52.552301981513345,-1.4628312240823176,239.80973999662083,2.086069941974567,True,52.56076920547251,-1.4594497740320433
2020-01-08 10:17:23.500,52.55230080202174,-1.4628094363942499,236.73931056748444,2.086007843899091,True,52.560786470905846,-1.4594516161640578
2020-01-08 10:17:23.600,52.55230093463742,-1.4627950191482957,232.61388363505483,2.085243667262949,True,52.560803733960206,-1.459453686651371
2020-01-08 10:17:23.700,52.55230366109898,-1.4628696508816548,228.24861496566342,2.0838337792288915,True,52.560820964529235,-1.4594567576066344
2020-01-08 10:17:23.800,52.55230696939136,-1.4628593119317388,225.51753141839998,2.0827463172320964,True,52.56083811522541,-1.4594608080631641
2020-01-08 10:17:23.900,52.55231101160092,-1.4628569294784346,222.22706195856045,2.0816945603553005,True,52.56085526119085,-1.4594651128134781
2020-01-08 10:17:24.000,52.55231550713731,-1.4628627105424157,216.85549969906535,2.079563748958232,True,52.560872391980965,-1.4594698326452071
2020-01-08 10:17:24.100,52.5523197318365,-1.4628752460070704,213.28372617808859,2.0776723203879097,True,52.560889305197584,-1.4594760010610386
2020-01-08 10:17:24.200,52.552323735209356,-1.46289530013763,208.5103341004425,2.0753050167580525,True,52.560906150456915,-1.4594826517167017
2020-01-08 10:17:24.300,52.5523268311817,-1.4629216732298183,205.2749690163441,2.0737216879600893,True,52.56092297695107,-1.459490286782954
2020-01-08 10:17:24.400,52.55232671178023,-1.462870990196162,199.07004383529537,2.0706054893792754,True,52.560939733697424,-1.459497808874327
2020-01-08 10:17:24.500,52.55232504532537,-1.4629169904160864,195.87565054964122,2.068687573016943,True,52.56095629087772,-1.4595070129322802
2020-01-08 10:17:24.600,52.55231956722215,-1.4628827527428916,190.73372336996462,2.066194655095581,True,52.56097283948972,-1.4595162060343705
2020-01-08 10:17:24.700,52.552312295199,-1.4629438318822034,186.54510320900278,2.0640980599931225,True,52.56098908490792,-1.45952651984587
2020-01-08 10:17:24.800,52.552300818298015,-1.462920773462548,183.29979613897294,2.0630074987502307,True,52.561005169420795,-1.4595375752192374
2020-01-08 10:17:24.900,52.55228717360176,-1.4629918791498921,178.72609567169775,2.0618032724827295,True,52.56102125450352,-1.459548923224148
2020-01-08 10:17:25.000,52.55226931695931,-1.4629758611290093,175.3455427730522,2.0612910949091474,True,52.56103710994216,-1.4595611315759256
2020-01-08 10:17:25.100,52.55224758574228,-1.4629644754921667,171.9554962089746,2.0612930638356706,True,52.56105304206743,-1.4595733595278642
2020-01-08 10:17:25.200,52.55222260334714,-1.462956345072529,169.0125723847576,2.061882466203597,True,52.561068714228874,-1.4595862473180365
2020-01-08 10:17:25.300,52.55219460841313,-1.462950583855222,165.16979964434552,2.0621953008445852,True,52.56108431837977,-1.4595993811485402
2020-01-08 10:17:25.400,52.55216394986001,-1.4629455268390683,161.14935971056101,2.0620959466868434,True,52.56109964730602,-1.459613184969808
2020-01-08 10:17:25.500,52.55213102353188,-1.4629399547204989,158.1041715606927,2.0624005088229085,True,52.56111483630088,-1.45962750134519
2020-01-08 10:17:25.600,52.55209649485075,-1.462933682112703,156.50232628318022,2.0638917017196734,True,52.561129942983406,-1.4596418311395696
2020-01-08 10:17:25.700,52.55206059381849,-1.4629267997300444,153.58690533069452,2.0652503246255196,True,52.561145028738366,-1.459656048880372
2020-01-08 10:17:25.800,52.55202370205438,-1.4630068076254847,151.0774884545799,2.0667973614922523,True,52.561160173516306,-1.4596701953530995
2020-01-08 10:17:25.900,52.55198620353589,-1.4629922916502485,148.82798043230923,2.068397309368945,True,52.5611753725244,-1.459683913734475
2020-01-08 10:17:26.000,52.551948495818216,-1.462976063752373,146.94808742666584,2.0701518921917628,True,52.561190611952746,-1.459697361547501
2020-01-08 10:17:26.100,52.5519109374482,-1.4629582562491432,145.18113617939943,2.071943577229174,True,52.56120589163987,-1.4597104744732328
2020-01-08 10:17:26.200,52.55187359856766,-1.4629386607523576,141.47597789416668,2.072599958609933,True,52.56122128284226,-1.4597231000396076
2020-01-08 10:17:26.300,52.551837139574644,-1.4629164563050463,139.48621919193647,2.0733148724520016,True,52.561236399510086,-1.4597363739065072
2020-01-08 10:17:26.400,52.551799956239456,-1.4629801287404047,136.5121856420896,2.0735742978062652,True,52.56125161992251,-1.459749208334527
2020-01-08 10:17:26.500,52.5517642003371,-1.4629488750351625,136.386631658637,2.0748702124805205,True,52.561266783807405,-1.4597621383949388
2020-01-08 10:17:26.600,52.55172951094886,-1.4629169026585371,135.00534297309153,2.076188724647673,True,52.56128227827551,-1.4597739084870434
2020-01-08 10:17:26.700,52.55169433493792,-1.4629710630639796,132.28155185392995,2.0768812080751844,True,52.56129786701915,-1.4597849941797119
2020-01-08 10:17:26.800,52.551661080772405,-1.4629309910388542,129.76985338160762,2.0771021965509613,True,52.56131341046908,-1.4597958276587308
2020-01-08 10:17:26.900,52.551627460212096,-1.4629760633295994,125.7067206480073,2.076308357692813,True,52.561328986982396,-1.4598063417382718
2020-01-08 10:17:27.000,52.5515962227787,-1.4629261670713836,122.1940479704983,2.0750130415239685,True,52.56134452810298,-1.4598170403398116
2020-01-08 10:17:27.100,52.55156523035196,-1.462960885459312,121.06302553473732,2.0746218860438215,True,52.56135999242002,-1.4598275656627526
2020-01-08 10:17:27.200,52.5515364747073,-1.4629023946834663,119.23423443084933,2.0745336730879536,True,52.56137564278963,-1.4598371979076503
2020-01-08 10:17:27.300,52.55150786810746,-1.4629291292626259,118.1069106430221,2.075028989054697,True,52.56139135896205,-1.4598463607618837
2020-01-08 10:17:27.400,52.551479604232114,-1.4629490044845606,117.49256076657407,2.0760745931284315,True,52.561407179717705,-1.4598547073103298
2020-01-08 10:17:27.500,52.55145409440669,-1.4628772648723996,113.57007254271849,2.0761350929624136,True,52.56142305568851,-1.4598625564948708
2020-01-08 10:17:27.600,52.551429751927685,-1.4628907204135706,112.41141546000294,2.0766714825458696,True,52.56143884787329,-1.4598709386612578
2020-01-08 10:17:27.700,52.55140618524702,-1.4628972466696706,108.56889722592373,2.0763599751781796,True,52.561454635070255,-1.4598786800003611
2020-01-08 10:17:27.800,52.55138443746865,-1.4628964099215145,105.77626461725264,2.0759436412948866,True,52.5614703379154,-1.4598869387290834
2020-01-08 10:17:27.900,52.551364556649666,-1.4628885110630112,101.50272248756539,2.074756308888837,True,52.561486058040266,-1.4598951370486737
2020-01-08 10:17:28.000,52.5513474183959,-1.46287373547799,98.34230349694234,2.0735640697086026,True,52.561501563272266,-1.4599041231983085
2020-01-08 10:17:28.100,52.55133306887144,-1.4628524973759727,94.43755491510348,2.0720451630759715,True,52.561516993105684,-1.4599134490551604
2020-01-08 10:17:28.200,52.55132000599853,-1.4629086329125702,95.58533278707849,2.0729371659781655,True,52.56153220959445,-1.4599234689190133
2020-01-08 10:17:28.300,52.55130897149536,-1.4628692254698858,97.07230589018812,2.0752905483341326,True,52.561547726128985,-1.4599319657858292
2020-01-08 10:17:28.400,52.55129971391188,-1.462828207281453,97.35009512753982,2.077987457572279,True,52.561563565200125,-1.4599387924843037
2020-01-08 10:17:28.500,52.551290862937535,-1.4628684127705172,97.0587216061765,2.0805366392270592,True,52.561579504513986,-1.4599445170814305
2020-01-08 10:17:28.600,52.55128465694465,-1.4628159774210003,92.7989893466416,2.081793194690938,True,52.56159553443731,-1.459949445703183
2020-01-08 10:17:28.700,52.55128080222892,-1.4628455630032031,91.67062421433197,2.08297865383921,True,52.56161146003983,-1.45995533642513
2020-01-08 10:17:28.800,52.551279015768415,-1.4628655732899987,87.39439159776155,2.082944092926209,True,52.56162734813009,-1.4599608467830925
2020-01-08 10:17:28.900,52.55128178631083,-1.4627956455469935,83.97335492685099,2.0822760235417825,True,52.56164311866407,-1.4599674004014453
2020-01-08 10:17:29.000,52.551288082242635,-1.4628099646343142,80.05264032072375,2.0808686896972883,True,52.561658724628984,-1.45997467277823
2020-01-08 10:17:29.100,52.55129853790811,-1.4628169653868726,76.57735259349147,2.079158348728893,True,52.56167414832228,-1.4599829537964648
2020-01-08 10:17:29.200,52.551313455196876,-1.4628180429293216,73.33610670845631,2.077415480009492,True,52.561689409564714,-1.4599921189827023
2020-01-08 10:17:29.300,52.551332495333114,-1.4628145504116183,74.3799030104433,2.077785695997942,True,52.56170446161606,-1.4600021011991533
2020-01-08 10:17:29.400,52.55135394642347,-1.4628072184372007,75.92484609538624,2.0795674929481685,True,52.56171966214428,-1.4600113921621494
2020-01-08 10:17:29.500,52.55137746865262,-1.4627972317751838,74.31585307293943,2.081081993584205,True,52.561734996634414,-1.4600197530126655
2020-01-08 10:17:29.600,52.55140350320924,-1.4627858149210073,75.63938629843375,2.08318051612112,True,52.5617502256362,-1.46002861928653
2020-01-08 10:17:29.700,52.5514309991053,-1.4627735271419091,73.97905536729485,2.084757474153184,True,52.56176554632846,-1.4600369422331019
2020-01-08 10:17:29.800,52.55146043540173,-1.46276137316063,74.08598419897159,2.0862997022113032,True,52.56178071628676,-1.460045972699164
2020-01-08 10:17:29.900,52.551491770548445,-1.4628306557744633,73.33130240558894,2.0875606682310357,True,52.56179588547819,-1.4600552716793802
2020-01-08 10:17:30.000,52.55152434127948,-1.462809833733256,72.42558764024322,2.088437446336738,True,52.56181084318296,-1.4600650354270848
2020-01-08 10:17:30.100,52.551557747547974,-1.4627917881663675,73.7934941435549,2.0893911154833846,True,52.561825606348435,-1.4600754683592556
2020-01-08 10:17:30.200,52.551590992107776,-1.4627761620527944,74.0306728672227,2.0901272465413383,True,52.56184038349853,-1.4600859233087038
2020-01-08 10:17:30.300,52.55162379257316,-1.4627629467212806,76.41097338029833,2.0907389964005922,True,52.561855074119194,-1.46009674835462
2020-01-08 10:17:30.400,52.551656180064214,-1.4628329015418362,78.06418114336465,2.0909956089275457,True,52.561869847034686,-1.4601070938112566
2020-01-08 10:17:30.500,52.55168681502068,-1.462813428440766,79.61303485813798,2.0908787904041217,True,52.56188460709985,-1.4601172987144848
2020-01-08 10:17:30.600,52.551715484168994,-1.4627969809318497,81.56697926883704,2.090411129087518,True,52.561899438777786,-1.460127301837824
2020-01-08 10:17:30.700,52.55174193866698,-1.4627831131073192,82.05428710170106,2.0898388469328935,True,52.56191434633934,-1.4601370299519403
2020-01-08 10:17:30.800,52.5517661442316,-1.4627715557093435,85.79098827944816,2.0886640881345575,True,52.561929134383846,-1.4601472597525007
2020-01-08 10:17:30.900,52.55178516809972,-1.462723464203377,89.3097685927972,2.087009520085412,True,52.56194386139659,-1.460157450732081
2020-01-08 10:17:31.000,52.55179042651458,-1.4625430609838042,93.90398809479836,2.0854951468855583,True,52.56195849926212,-1.460167938690382
2020-01-08 10:17:31.100,52.55179011507158,-1.4625452858349053,99.05272982370877,2.0828678910105856,True,52.56197299150835,-1.4601789990736975
2020-01-08 10:17:31.200,52.551782704938525,-1.4625448033249568,103.97952272044199,2.079207328320991,True,52.56198726456612,-1.4601906176898627
2020-01-08 10:17:31.300,52.551766821242204,-1.4625426091238054,109.6427027856296,2.074278944788957,True,52.56200143401668,-1.460202601680417
2020-01-08 10:17:31.400,52.55174131285316,-1.4625401799437623,114.21037724982583,2.0690107349697096,True,52.56201552870419,-1.460214749530977
2020-01-08 10:17:31.500,52.55170532191225,-1.4625396177626866,119.96341344764178,2.0627983660818927,True,52.5620295625642,-1.460227082246662
2020-01-08 10:17:31.600,52.551658175066834,-1.4625430611695642,124.01062809038626,2.057273270079737,True,52.56204380058884,-1.4602387745119787
2020-01-08 10:17:31.700,52.551600500853255,-1.4625517818140334,127.02955691204627,2.053324477483197,True,52.56205819394837,-1.4602502056390767
2020-01-08 10:17:31.800,52.55153344421409,-1.4625661799907852,127.85717424753072,2.052294876374959,True,52.56207272600923,-1.4602609862864426
2020-01-08 10:17:31.900,52.551458845164966,-1.4625854502461482,127.04946590965979,2.0544024056948706,True,52.56208725751766,-1.4602714406761492
2020-01-08 10:17:32.000,52.55137935453881,-1.4625283418173551,127.8088081852634,2.0576601589897052,True,52.562101747576804,-1.4602816312932845
2020-01-08 10:17:32.100,52.5512947386048,-1.4625683667722376,126.90373888455613,2.062435294601225,True,52.56211631763936,-1.4602916407262934
2020-01-08 10:17:32.200,52.55120670544081,-1.4626123156043953,126.13158833939477,2.0679014253098824,True,52.562131051048716,-1.4603015393646774
2020-01-08 10:17:32.300,52.5511182095042,-1.462578146787796,125.01390316173948,2.0735018193788344,True,52.56214575960415,-1.460311328108134
2020-01-08 10:17:32.400,52.551030511111115,-1.4625564389270447,123.09085583682548,2.0789952676896606,True,52.56216050628952,-1.4603211547901482
2020-01-08 10:17:32.500,52.55094298734049,-1.4626273527117952,120.74830037520802,2.083900935219898,True,52.56217521941583,-1.4603309851564732
2020-01-08 10:17:32.600,52.55085867515847,-1.4626146135848495,118.10137848428884,2.087887771008343,True,52.56218990860085,-1.4603407616080932
2020-01-08 10:17:32.700,52.55077836697733,-1.462608271023874,114.31032879512343,2.0907070862988952,True,52.56220469851562,-1.4603501471709384
2020-01-08 10:17:32.800,52.55070306270877,-1.462605303213851,109.82195295850207,2.0920136570159253,True,52.562219484253994,-1.4603595907950615
2020-01-08 10:17:32.900,52.5506336276199,-1.4626028060628515,104.36407889806237,2.091439712495043,True,52.562234365789315,-1.4603688702211572
2020-01-08 10:17:33.000,52.550571150208874,-1.4625985779248962,99.13127170551941,2.089002922915665,True,52.56224902553478,-1.4603787763907885
2020-01-08 10:17:33.100,52.550516657179415,-1.462590287719488,91.56584248194746,2.0837391278273536,True,52.562263638891515,-1.4603890635787866
2020-01-08 10:17:33.200,52.55047197603711,-1.462576654656578,85.30185269984405,2.076698590778729,True,52.562277890435595,-1.4604004156356245
2020-01-08 10:17:33.300,52.550438029316595,-1.4625570726933095,78.53477609827836,2.0680359306392857,True,52.56229204953562,-1.4604123070518256
2020-01-08 10:17:33.400,52.55041527062046,-1.4626137774804706,71.07415883750751,2.0576953069103383,True,52.56230599541867,-1.4604249114777124
2020-01-08 10:17:33.500,52.55040628633339,-1.4625741469093054,66.93038688282677,2.0491458813478953,True,52.56231952962979,-1.4604384990108943
2020-01-08 10:17:33.600,52.5504110778704,-1.4625321134364795,61.42460190554942,2.041195707916619,True,52.56233317024058,-1.460451906242593
2020-01-08 10:17:33.700,52.550429459207656,-1.4625703674237205,59.18526714276254,2.0370102954135683,True,52.56234667822804,-1.4604658475660295
2020-01-08 10:17:33.800,52.55046114908443,-1.4625986570373948,56.11878014650503,2.0351038672019452,True,52.56236034988285,-1.4604792798882147
2020-01-08 10:17:33.900,52.5505058977348,-1.4625380439785534,54.596629988013795,2.0362547485746347,True,52.56237410013727,-1.4604928107270712
2020-01-08 10:17:34.000,52.550562485512394,-1.4625640520707286,54.053996503678995,2.040241462045332,True,52.562387956032204,-1.460505884205843
2020-01-08 10:17:34.100,52.55062943907348,-1.4625857860258489,54.30845811507137,2.0464875737342494,True,52.56240193390989,-1.4605184700207168
2020-01-08 10:17:34.200,52.550704136966786,-1.4625235066632454,54.31783825469458,2.0537715220904036,True,52.56241612131238,-1.4605305146502585
2020-01-08 10:17:34.300,52.55078593899277,-1.4625522851836843,55.436087115782115,2.0619059792957035,True,52.56243051156637,-1.460542435491853
2020-01-08 10:17:34.400,52.550872201565994,-1.4625791522609024,59.32071626619428,2.0708521002755385,True,52.562445009160776,-1.4605539795100302
2020-01-08 10:17:34.500,52.55095907171353,-1.4625228920292268,60.42739764290911,2.07868837541368,True,52.56245991801441,-1.460564315255948
2020-01-08 10:17:34.600,52.551047253648946,-1.4625588608056372,62.1856374481513,2.0852392289044728,True,52.56247483585256,-1.4605744910959617
2020-01-08 10:17:34.700,52.55113541058353,-1.462594916737478,63.22608575435531,2.0903200294666267,True,52.562489834599965,-1.4605846048835085
2020-01-08 10:17:34.800,52.55122031729744,-1.4625481756080292,67.42669449237093,2.0940935418792304,True,52.5625046635774,-1.4605954966021866
2020-01-08 10:17:34.900,52.55130192805308,-1.4625911364218995,70.9370639737422,2.096278981853088,True,52.5625196178033,-1.460606032682146
2020-01-08 10:17:35.000,52.55137745660683,-1.462548456192795,74.35185711160429,2.0969269031733138,True,52.56253455857707,-1.4606167567360113
2020-01-08 10:17:35.100,52.55144835441737,-1.4625935028353625,77.06892551357349,2.0964122663772504,True,52.56254943630711,-1.4606279109923659
2020-01-08 10:17:35.200,52.55151192643188,-1.462550739620485,81.70887466872036,2.0943753283959374,True,52.56256406455762,-1.4606399893045023
2020-01-08 10:17:35.300,52.55156873575186,-1.4625927370692777,86.5041168457814,2.0910120893236948,True,52.56257867235465,-1.4606523893942231
2020-01-08 10:17:35.400,52.55161556471067,-1.4625445540012627,93.21329367437421,2.0854816293205913,True,52.56259316382349,-1.460665052543089
2020-01-08 10:17:35.500,52.55165256137139,-1.4625795296419029,98.64432402180277,2.078942789005813,True,52.562607760692735,-1.46067732404396
2020-01-08 10:17:35.600,52.55167855503367,-1.4626054027958162,104.7887532877772,2.0713439539729133,True,52.56262244336466,-1.460689716451595
2020-01-08 10:17:35.700,52.551691250226575,-1.4625421064736799,109.69325502603866,2.0639226501324734,True,52.56263721334016,-1.4607018637795959
2020-01-08 10:17:35.800,52.55169127822146,-1.4625643507179589,115.15341500858231,2.0565636662327496,True,52.562652001960195,-1.4607141855113688
2020-01-08 10:17:35.900,52.55167778674639,-1.4625813122286684,119.32075676463845,2.0506188598537256,True,52.562666942986446,-1.4607264470803327
2020-01-08 10:17:36.000,52.55165066587671,-1.4625139393325353,123.24443697182335,2.046121784165397,True,52.56268173537099,-1.460739138053434
2020-01-08 10:17:36.100,52.551610450656305,-1.4625379310343716,126.99542892152974,2.0431035163903535,True,52.5626964559096,-1.460751983548794
2020-01-08 10:17:36.200,52.55155782441273,-1.4625620699217132,128.53979945756092,2.0431472271036113,True,52.56271113095104,-1.460765131342846
2020-01-08 10:17:36.300,52.55149416477741,-1.4625881303287143,130.5799556874773,2.0451071200629762,True,52.562725679741156,-1.4607792329936589
2020-01-08 10:17:36.400,52.55142170049859,-1.4625363956345254,131.6738249787901,2.04893945556207,True,52.56274011755906,-1.4607933925604069
2020-01-08 10:17:36.500,52.55134121474279,-1.4625810992536972,131.91526172122371,2.054532261552294,True,52.562754542432295,-1.4608079644688141
2020-01-08 10:17:36.600,52.551255852208286,-1.462548821458353,132.98991087118839,2.060515036781347,True,52.562768861880365,-1.460822873301623
2020-01-08 10:17:36.700,52.5511655480574,-1.462615277194511,133.86256361922503,2.066540874674932,True,52.56278338730695,-1.4608372977360062
2020-01-08 10:17:36.800,52.551073689831014,-1.4626036665671338,131.47850738309674,2.073817411435576,True,52.56279825527649,-1.4608510424192225
2020-01-08 10:17:36.900,52.5509825904582,-1.4626028763166634,127.98796637714312,2.0814496255291766,True,52.5628129961311,-1.4608651088653086
2020-01-08 10:17:37.000,52.5508936768744,-1.4626105647440246,125.66519167363845,2.088208134739657,True,52.56282771205944,-1.4608795654553375
2020-01-08 10:17:37.100,52.55080770992043,-1.4626245899168095,121.93070538568801,2.0937608625480513,True,52.56284252486392,-1.4608937112913465
2020-01-08 10:17:37.200,52.55072580490051,-1.46264150867502,117.09279246259676,2.097629387491235,True,52.5628572754415,-1.4609081860190924
2020-01-08 10:17:37.300,52.55064891752946,-1.4626587496053876,112.80186216092488,2.0995878848282,True,52.56287212584762,-1.4609225386711073
2020-01-08 10:17:37.400,52.550577360242,-1.462674816370572,109.46239464138725,2.0999907341682205,True,52.562887147028235,-1.4609366411709488
2020-01-08 10:17:37.500,52.550513387146914,-1.462605459576274,105.22264670612753,2.0987459136605393,True,52.56290242254348,-1.4609499983867908
2020-01-08 10:17:37.600,52.550455217645805,-1.4626232633042413,100.89056436660245,2.0961508972625564,True,52.562917913251376,-1.4609627259759836
2020-01-08 10:17:37.700,52.550403355080604,-1.462634138758301,96.76414710198448,2.0926441627451084,True,52.562933610964755,-1.4609748951589046
2020-01-08 10:17:37.800,52.55035836982942,-1.462637191237145,92.44913227706365,2.088441048796399,True,52.562949549732394,-1.4609862563842397
2020-01-08 10:17:37.900,52.550321227324595,-1.4626315329973876,87.2187630057621,2.0833320408617673,True,52.56296576213748,-1.4609967652007998
2020-01-08 10:17:38.000,52.55029327136115,-1.4626168470251886,81.66203552925052,2.0774118352549094,True,52.56298214574906,-1.4610067636323623
2020-01-08 10:17:38.100,52.55027592570906,-1.4625935991068515,75.19529579380902,2.0702741155259825,True,52.56299861794627,-1.4610163629035877
2020-01-08 10:17:38.200,52.550270653826914,-1.462562753249659,69.86252055438905,2.063263813918119,True,52.56301504967925,-1.4610264052634816
2020-01-08 10:17:38.300,52.550277615025806,-1.4626078982633883,63.49774350487497,2.05572280912827,True,52.563031521620225,-1.4610363690824746
2020-01-08 10:17:38.400,52.55029935017481,-1.462558762099672,57.3459460673537,2.0480457489769717,True,52.5630478827835,-1.461046974217251
2020-01-08 10:17:38.500,52.55033637273747,-1.4625938828945342,50.562491568230456,2.0398219178270907,True,52.56306413634251,-1.4610580730052352
2020-01-08 10:17:38.600,52.550388886897515,-1.4625426883206607,46.92075050695969,2.0344767999752698,True,52.56308010591013,-1.4610702876628243
2020-01-08 10:17:38.700,52.550455778735966,-1.4625819053707523,43.504921917292485,2.0317617102987007,True,52.5630961110003,-1.4610826720216106
2020-01-08 10:17:38.800,52.5505352373411,-1.462540587803314,40.42214534053679,2.0313483136813266,True,52.56311202413145,-1.4610954005753973
2020-01-08 10:17:38.900,52.55064216892568,-1.4625968012379176,34.959848264254546,2.033605169409373,True,52.56312774921019,-1.4611088124320306
2020-01-08 10:17:39.000,52.55075654483029,-1.462581919912695,31.434363045563092,2.0362671406111095,True,52.563143364980064,-1.4611227232162636
2020-01-08 10:17:39.100,52.55087541374125,-1.4625894971809426,28.904859509338,2.039929566596721,True,52.56315900525745,-1.4611367030794145
2020-01-08 10:17:39.200,52.55099603997921,-1.4626186967938073,27.976939655530884,2.0454185746825053,True,52.56317449477462,-1.4611509928431616
2020-01-08 10:17:39.300,52.55111594223432,-1.4626676365619657,27.67986156655648,2.052349896866621,True,52.56318997708437,-1.4611652678028306
2020-01-08 10:17:39.400,52.551231392699,-1.4626486381571198,29.3816866557792,2.0612121580626845,True,52.56320557526665,-1.4611794831467475
2020-01-08 10:17:39.500,52.551342852633894,-1.4627341004265024,31.73565870221289,2.0708211029622445,True,52.56322115870888,-1.4611934662197335
2020-01-08 10:17:39.600,52.55144709090373,-1.4627432747317173,33.90588961447792,2.0800138642237016,True,52.56323701246545,-1.4612067452318007
2020-01-08 10:17:39.700,52.551544171813255,-1.4627653623359478,36.8305554118693,2.088322485578575,True,52.56325293193292,-1.4612201343293352
2020-01-08 10:17:39.800,52.55163229689266,-1.462710085758544,42.22765711330607,2.095396015630039,True,52.56326901307595,-1.4612332137801116
2020-01-08 10:17:39.900,52.551701748914475,-1.4627153793984196,51.909857409887216,2.100174257424321,True,52.56328495349789,-1.4612464636313092
2020-01-08 10:17:40.000,52.551750699446686,-1.4626090223375554,63.48971327141248,2.1016484129263677,True,52.56330094381675,-1.4612595455171165
2020-01-08 10:17:40.100,52.551797364605314,-1.4625843237464904,74.99866425662479,2.0973537780413682,True,52.563316855273236,-1.4612727618729273
2020-01-08 10:17:40.200,52.551843369033534,-1.4626270682254172,88.16781505647185,2.085338040132493,True,52.56333261751657,-1.4612865149885443
2020-01-08 10:17:40.300,52.551882377887125,-1.4625573634308182,101.04027183237527,2.065831312290528,True,52.563348408133784,-1.4613000566155276
2020-01-08 10:17:40.400,52.55191210299089,-1.4625523120248964,113.6753771148697,2.040198941753955,True,52.56336413513665,-1.461313794589072
2020-01-08 10:17:40.500,52.55192658356461,-1.4625231613075282,125.88519237054734,2.0101956289756937,True,52.56337974046396,-1.461327741195437
2020-01-08 10:17:40.600,52.55192039485697,-1.4624765087956215,136.48450311574493,1.9793640261133305,True,52.563395280083654,-1.461341983727261
2020-01-08 10:17:40.700,52.55189056766103,-1.4625047482454572,146.39825995080292,1.9495490681111567,True,52.56341056878652,-1.4613569311411512
2020-01-08 10:17:40.800,52.55183342881129,-1.4624421440197688,154.64677394280736,1.9234441724732192,True,52.563425599239245,-1.4613724115505258
2020-01-08 10:17:40.900,52.55174917923929,-1.4624747260478552,161.6119864938613,1.902814936892836,True,52.56344078878016,-1.461387461511056
2020-01-08 10:17:41.000,52.55163952807591,-1.462436790475567,168.43810915869787,1.8869442238119885,True,52.56345613723826,-1.461402078738005
2020-01-08 10:17:41.100,52.55150789488934,-1.462514263300031,173.86163723908186,1.8771877008496187,True,52.563471434085194,-1.4614168068953173
2020-01-08 10:17:41.200,52.5513608132784,-1.4625369367784387,179.167482701473,1.8723761944679105,True,52.56348683043264,-1.4614312801637193
2020-01-08 10:17:41.300,52.55120466388251,-1.4625990384491134,181.8216876340649,1.875205957331965,True,52.56350213982956,-1.4614459616876387
2020-01-08 10:17:41.400,52.551046489685355,-1.4626101132083955,182.3409717520251,1.8865702024911728,True,52.563517632994866,-1.461460269897709
2020-01-08 10:17:41.500,52.55089216546172,-1.462657665706083,182.6868528906204,1.903918165820975,True,52.56353309399234,-1.4614742295822953
2020-01-08 10:17:41.600,52.55074683455461,-1.4626477755366563,181.2730522829287,1.9267658757191648,True,52.5635487929348,-1.4614876346389287
2020-01-08 10:17:41.700,52.550612729022035,-1.4626644682162158,178.25124179315142,1.9536324656419617,True,52.5635645838683,-1.4615007033447276
2020-01-08 10:17:41.800,52.550490959196146,-1.462700250440413,174.89109101745987,1.9815839858203577,True,52.563580406743455,-1.46151348022016
2020-01-08 10:17:41.900,52.55038103164496,-1.4627490255240592,170.58920612983175,2.008666052032497,True,52.5635964178513,-1.4615257920454412
2020-01-08 10:17:42.000,52.55028305272694,-1.4627171603029576,166.09124145199266,2.0328975650763725,True,52.563612514635544,-1.4615376459417637
2020-01-08 10:17:42.100,52.55019401949627,-1.4627819677849108,161.67405473975617,2.05299710760138,True,52.56362875470069,-1.4615487345366829
2020-01-08 10:17:42.200,52.550112730113355,-1.462758672928466,156.28538664046025,2.068563959751343,True,52.56364529215981,-1.4615585608143213
2020-01-08 10:17:42.300,52.550036659616936,-1.462736428173823,150.50988075565806,2.0793769177406163,True,52.563662079718505,-1.461567386866827
2020-01-08 10:17:42.400,52.549961353861235,-1.4627999162281482,142.90726866698571,2.085094087413221,True,52.56367909085708,-1.4615749685873567
2020-01-08 10:17:42.500,52.54988606362401,-1.462763347460779,134.07245007423916,2.085283575227842,True,52.56369622766544,-1.4615818793249555
2020-01-08 10:17:42.600,52.549809881389976,-1.4627157071738597,125.82024163396322,2.0808376149330883,True,52.56371338648947,-1.4615886020348208
2020-01-08 10:17:42.700,52.54973036943247,-1.462741251665978,116.33250138537265,2.071663628138309,True,52.563730603068926,-1.46159438243526
2020-01-08 10:17:42.800,52.54964876016601,-1.462742526981355,106.21044687281173,2.058122001814934,True,52.563747899611194,-1.4615998919460693
2020-01-08 10:17:42.900,52.54956772100895,-1.4627159654899045,94.86335494409133,2.0397560257647314,True,52.56376523836918,-1.4616048990874522
2020-01-08 10:17:43.000,52.54949154977591,-1.4626593503121892,84.54033845344776,2.0189477607744593,True,52.563782591464815,-1.4616101258787741
2020-01-08 10:17:43.100,52.54942315991389,-1.462658956484206,72.48488180103669,1.9942678187190888,True,52.563799896521914,-1.461615266617315
2020-01-08 10:17:43.200,52.549368998313426,-1.4626242168123698,62.651592109244056,1.9698493181606795,True,52.56381709903791,-1.4616214975952841
2020-01-08 10:17:43.300,52.54933424517142,-1.4625608703535313,52.6079270583948,1.9455550684264953,True,52.5638341334662,-1.4616279840497681
2020-01-08 10:17:43.400,52.54932259478818,-1.462561018965858,43.82847820839992,1.9236307912113653,True,52.5638511098729,-1.4616354893983856
2020-01-08 10:17:43.500,52.54933749278749,-1.4625414562719332,36.27702959639178,1.905534413411136,True,52.56386780736672,-1.4616439744148602
2020-01-08 10:17:43.600,52.549391232468246,-1.4624988693039576,28.798648245152727,1.8970384237021638,True,52.56388435733089,-1.461653240069455
2020-01-08 10:17:43.700,52.54947201803066,-1.462458965754672,22.181873180070045,1.8909618254727931,True,52.56390112623154,-1.4616617425971596
2020-01-08 10:17:43.800,52.549577723348335,-1.4625179789480496,16.554895903912122,1.8879642876254739,True,52.563917816165656,-1.4616696643905485
2020-01-08 10:17:43.900,52.5497040151634,-1.462507199684123,12.750968407995908,1.8896592901940583,True,52.563934640183206,-1.4616774049601986
2020-01-08 10:17:44.000,52.5498445688291,-1.4625284660514235,7.464420990935731,1.8925170964590512,True,52.56395139589597,-1.4616847450949002
2020-01-08 10:17:44.100,52.54999427548826,-1.4625822607394647,7.133043992342994,1.9028332141964912,True,52.56396803185595,-1.461693386393329
2020-01-08 10:17:44.200,52.55014588382843,-1.4625787570203315,7.304684263637182,1.9187710015841104,True,52.56398482714194,-1.461701492024583
2020-01-08 10:17:44.300,52.55029383520352,-1.4626088920581872,6.573748139886343,1.9369934501705672,True,52.56400162610836,-1.4617095416688246
2020-01-08 10:17:44.400,52.55043395051502,-1.4626693476379882,6.855970664158231,1.957047978834829,True,52.56401831177227,-1.461718668179731
2020-01-08 10:17:44.500,52.55056234654961,-1.4626659231333403,9.554152111184322,1.979516950659343,True,52.56403481496189,-1.4617287891309152
2020-01-08 10:17:44.600,52.55067799473496,-1.4626839634121827,12.370499107108403,2.0021623777224806,True,52.564051298445264,-1.4617391503650987
2020-01-08 10:17:44.700,52.550781527941986,-1.4627170688523847,16.522179216095516,2.0239605271653325,True,52.56406772608971,-1.4617498881378501
2020-01-08 10:17:44.800,52.55087472533108,-1.4627588637522384,21.685730477945896,2.0436372482149037,True,52.56408418952306,-1.4617609284758424
2020-01-08 10:17:44.900,52.55095721388412,-1.462717078886773,25.87083183821331,2.0598036632294705,True,52.56410073137791,-1.4617717565697932
2020-01-08 10:17:45.000,52.55103426290666,-1.4627678971786298,32.886893719428585,2.0720022590979057,True,52.56411706601358,-1.4617829197512358
2020-01-08 10:17:45.100,52.551106559456876,-1.4627249741176165,39.99324252479402,2.0797414218501,True,52.564133628139764,-1.4617940566458443
2020-01-08 10:17:45.200,52.551174186760115,-1.4627421899358775,54.80764237741347,2.081494672308203,True,52.564150352590154,-1.461804797727197
2020-01-08 10:17:45.300,52.55124227009893,-1.462740068360181,67.16331679403066,2.075399240080047,True,52.564167309125416,-1.4618142403055998
2020-01-08 10:17:45.400,52.5513112015655,-1.4627140773579,82.59057042871142,2.058455583556211,True,52.56418435811387,-1.4618239707034404
2020-01-08 10:17:45.500,52.55137664262223,-1.4626611711163282,97.71246230873211,2.0315262138787853,True,52.564201589818474,-1.4618324166868601
2020-01-08 10:17:45.600,52.55143499798269,-1.4626679242946983,112.97702806539839,1.9960402704486944,True,52.56421909809738,-1.4618396535206628
2020-01-08 10:17:45.700,52.55147884329862,-1.4626463566056216,127.09366483333389,1.9554172722004566,True,52.56423665170647,-1.4618455336104994
2020-01-08 10:17:45.800,52.5515020752802,-1.4626029877528948,138.24994202337734,1.915995772987535,True,52.56425447629606,-1.461850239727601
2020-01-08 10:17:45.900,52.55150033348263,-1.4625477861933824,149.40209120418885,1.8780940556012606,True,52.56427230640686,-1.4618547849010035
2020-01-08 10:17:46.000,52.55147234194683,-1.462570959984609,154.2021198788884,1.8527660149828447,True,52.56429027926346,-1.4618583846507542
2020-01-08 10:17:46.100,52.551417251918835,-1.4625007159390322,159.48439563331232,1.8370041107024853,True,52.56430814341818,-1.4618635406774658
2020-01-08 10:17:46.200,52.55133587123755,-1.4625188614222386,160.84851787293394,1.8352450407619016,True,52.56432599498888,-1.461869418862272
2020-01-08 10:17:46.300,52.55123056642892,-1.4625403464350601,164.6839954994898,1.84050058255477,True,52.56434350564535,-1.4618773335884525
2020-01-08 10:17:46.400,52.55110459723419,-1.4625745485415413,167.56755969825699,1.8520048094401058,True,52.56436105430751,-1.4618855776114523
2020-01-08 10:17:46.500,52.55096413810856,-1.4625403397673393,168.9250692473101,1.869646271542786,True,52.56437860308991,-1.4618938073168022
2020-01-08 10:17:46.600,52.55081263206403,-1.4626136176901308,166.17536279548753,1.8960180437920962,True,52.56439617149503,-1.4619019165735672
2020-01-08 10:17:46.700,52.55079354414191,-1.4630721767413173,167.15691131702857,2.0133407122293,False,52.56441354867285,-1.4619110071377948
2020-01-08 10:17:46.800,52.550774507964945,-1.4630669624566959,165.97831926453796,2.146452185458575,False,52.56443079769579,-1.461919964794021
2020-01-08 10:17:46.900,52.55075543654091,-1.4630614943407987,165.87340688611258,2.2926370166827303,False,52.564448000068424,-1.4619296479916475
2020-01-08 10:17:47.000,52.55073647845111,-1.4630563579129792,166.7204223568147,2.4495786936999484,False,52.5644649838865,-1.461939826833872
2020-01-08 10:17:47.100,52.55071753925475,-1.46305196967661,167.35063317213482,2.6164561669702904,False,52.56448196744518,-1.4619497296040378
2020-01-08 10:17:47.200,52.550698343364544,-1.463048260010544,166.0115219986354,2.794168144248228,False,52.56449909306822,-1.4619598016033284
2020-01-08 10:17:47.300,52.55067930918642,-1.463044273620988,165.38160543172148,2.980906318915772,False,52.564515992363596,-1.4619704690459692
2020-01-08 10:17:47.400,52.55066020313262,-1.4630402363082788,165.95674247351758,3.1750907272064604,False,52.56453277250013,-1.461982189477839
2020-01-08 10:17:47.500,52.55064102246892,-1.4630370215308681,163.4934903278511,3.3779740128713804,False,52.56454939845125,-1.4619942675568927
2020-01-08 10:17:47.600,52.550622017447296,-1.4630329040522156,163.6826337575475,3.587287797029422,False,52.56456571735119,-1.4620074874249556
2020-01-08 10:17:47.700,52.55060305538104,-1.463029378350289,163.0899302212288,3.8029268113105066,False,52.56458189121061,-1.462020752149338
2020-01-08 10:17:47.800,52.55058405509477,-1.4630259634997522,162.6672884511572,4.024463785554755,False,52.5645978962404,-1.4620347206416804
2020-01-08 10:17:47.900,52.5505651444276,-1.4630225526733718,164.29878890222548,4.250667159497776,False,52.5646135415888,-1.4620496761168422
2020-01-08 10:17:48.000,52.55054601931724,-1.4630205645588918,161.86887882588988,4.482937149766879,False,52.56462938371059,-1.4620639427253337
2020-01-08 10:17:48.100,52.55052703605236,-1.4630176688940557,162.05747710223883,4.720030499033375,False,52.56464494705056,-1.4620792161773684
2020-01-08 10:17:48.200,52.550508018880706,-1.463108380199295,160.55019798995653,4.962069968728311,False,52.564660362028015,-1.4620946543472007
2020-01-08 10:17:48.300,52.55048912410413,-1.4631054918349682,162.56325251730033,5.208127878802415,False,52.5646755636725,-1.4621108622332255
2020-01-08 10:17:48.400,52.55047007799187,-1.4631041361799046,163.46984638544856,5.458189615055205,False,52.56469092054113,-1.4621263144586667
2020-01-08 10:17:48.500,52.55045096492172,-1.463103791381557,164.59715895361484,5.712026594624295,False,52.564706285967056,-1.4621414858242947
2020-01-08 10:17:48.600,52.55043170704769,-1.4631044226845662,166.03647359741112,5.969367249314985,False,52.56472167299207,-1.462156657467796
2020-01-08 10:17:48.700,52.550412511406755,-1.4631053491227644,168.86084805840406,6.229066374160822,False,52.564737158813685,-1.4621715451030057
2020-01-08 10:17:48.800,52.550393382027885,-1.4631069578038123,173.1627732748192,6.489162545231839,False,52.56475293145469,-1.4621855452233383
2020-01-08 10:17:48.900,52.55037433240609,-1.463109978210358,178.7856703157208,6.746731422709595,False,52.56476917194468,-1.4621978524269081
2020-01-08 10:17:49.000,52.550355378312354,-1.4630225413678364,182.5233671707649,7.003271333522,False,52.56478594701332,-1.4622077648296103
2020-01-08 10:17:49.100,52.55033658071979,-1.4630297183904655,185.3752812274519,7.259842956333144,False,52.564803002278104,-1.4622161769035094
2020-01-08 10:17:49.200,52.55031787278486,-1.4630387424881208,183.7203781617837,7.52429133448671,False,52.56482024702554,-1.4622233266801707
2020-01-08 10:17:49.300,52.550299150619445,-1.4630470559960977,184.42265910065967,7.792330624626008,False,52.56483736242898,-1.4622314301263055
2020-01-08 10:17:49.400,52.55028053448748,-1.4630561912291422,182.82088070970832,8.067354300843363,False,52.56485442555242,-1.4622392763865706
2020-01-08 10:17:49.500,52.55026199117527,-1.4630647022879646,183.29142839935957,8.345984705351341,False,52.56487124597765,-1.4622480876159873
2020-01-08 10:17:49.600,52.55024351145418,-1.4630732491041634,185.2758396358579,8.625915841272162,False,52.564888063573044,-1.4622571088261898
2020-01-08 10:17:49.700,52.55022523527253,-1.4630823178272632,188.17849098678556,8.905362759933228,False,52.56490494322076,-1.4622656068396729
2020-01-08 10:17:49.800,52.55020725065643,-1.463092151648978,192.26968355715908,9.181563024515018,False,52.564921976873855,-1.4622729067323075
2020-01-08 10:17:49.900,52.550189570729344,-1.4631036466788578,194.89473896361682,9.457037653845502,False,52.56493927602029,-1.4622783957269652
2020-01-08 10:17:50.000,52.550172285871504,-1.4630226690334946,197.9576366669755,9.730402334819122,False,52.56495660569634,-1.4622827534957386
2020-01-08 10:17:50.100,52.550155414875675,-1.4630356911295073,201.00065296282853,10.00143455763072,False,52.56497396842007,-1.462285730171919
2020-01-08 10:17:50.200,52.55013892108558,-1.4630497115033447,203.23699532487808,10.272011916634096,False,52.56499140284455,-1.4622873447639713
2020-01-08 10:17:50.300,52.550122712345846,-1.463064327099249,205.7452662352574,10.54124910650252,False,52.56500889783062,-1.4622880865463035
2020-01-08 10:17:50.400,52.55010695995993,-1.463079541720722,206.7551840334406,10.813233743321186,False,52.56502630026644,-1.4622876472953554
2020-01-08 10:17:50.500,52.550091408830006,-1.4630950728060466,207.51974515197517,11.088684984211415,False,52.56504366734545,-1.462287194577691
2020-01-08 10:17:50.600,52.55007603556339,-1.4630181452490874,207.71780095979517,11.369143197104394,False,52.565060976959344,-1.462286172198862
2020-01-08 10:17:50.700,52.55006076541053,-1.4630340202720895,208.08013436836046,11.653945017139812,False,52.56507823660248,-1.462285232436679
2020-01-08 10:17:50.800,52.550045538241356,-1.463049728609743,209.18030976122793,11.940971462567303,False,52.56509553909585,-1.462284883302302
2020-01-08 10:17:50.900,52.550030579243874,-1.4630658770080749,209.2680968941845,12.232955947244042,False,52.56511274464484,-1.462284468642129
2020-01-08 10:17:51.000,52.5500155232532,-1.4630820144626457,210.40157625185262,12.526994204149023,False,52.565130097700965,-1.4622847345562904
2020-01-08 10:17:51.100,52.55000074706866,-1.4630987580805725,209.6826978111092,12.827972278630357,False,52.56514735955792,-1.4622849630002028
2020-01-08 10:17:51.200,52.54998592822346,-1.4630223066816392,209.58287290944583,13.134003117985126,False,52.56516456139594,-1.4622861758606065
2020-01-08 10:17:51.300,52.54997115629293,-1.4630387629410995,209.15972035878073,13.44570762169388,False,52.565181694664545,-1.4622881454879315
2020-01-08 10:17:51.400,52.549956494532594,-1.4630555476057092,208.02691384921698,13.764539372943485,False,52.56519867076872,-1.4622907903646631
2020-01-08 10:17:51.500,52.5499416269739,-1.4630715549272206,208.35087077219484,14.086835453410849,False,52.56521564970166,-1.4622941329292904
2020-01-08 10:17:51.600,52.54992692060465,-1.463088222088976,206.5636444293947,14.417072157276223,False,52.56523260354152,-1.4622970705985183
2020-01-08 10:17:51.700,52.54991199559178,-1.463103409008027,208.25510194596455,14.747590170384212,False,52.56524948347682,-1.4623000300773576
2020-01-08 10:17:51.800,52.54989739871885,-1.463026822665075,208.17511474109398,15.082240735397706,False,52.56526637042063,-1.4623022323640849
2020-01-08 10:17:51.900,52.54988281345462,-1.463043299175309,207.50883103004898,15.422062666417352,False,52.56528327392741,-1.4623044232011997
2020-01-08 10:17:52.000,52.54986829185777,-1.4630601548311648,205.43557138722534,15.76936266825564,False,52.56530009564573,-1.4623069921037242
2020-01-08 10:17:52.100,52.54985357308373,-1.4630764970757044,204.36338656509983,16.121839732607583,False,52.56531690693273,-1.4623096036105965
2020-01-08 10:17:52.200,52.54983880362248,-1.46309264159543,202.88049126349992,16.47973710691278,False,52.56533364103338,-1.4623129605005138
2020-01-08 10:17:52.300,52.54982395639692,-1.4631084770346663,201.21081734671765,16.84283509523815,False,52.565350277615906,-1.4623170866711852
2020-01-08 10:17:52.400,52.54980901774481,-1.4630311197622594,200.7944381486698,17.209396401620396,False,52.565366825595376,-1.4623220051830572
2020-01-08 10:17:52.500,52.54979416075489,-1.4630468910733556,199.84702009265217,17.579819440089615,False,52.56538328479241,-1.462327213626313
2020-01-08 10:17:52.600,52.549779289415675,-1.463062503860505,198.53964580712858,17.95418883651982,False,52.565399764591064,-1.4623319889829143
2020-01-08 10:17:52.700,52.54976432911014,-1.4630777591921578,198.50798362661197,18.33134396585293,False,52.56541625690949,-1.462336772181945
2020-01-08 10:17:52.800,52.54974941814294,-1.463093139021014,199.08936684228937,18.710764823076804,False,52.56543274606947,-1.4623414484842328
2020-01-08 10:17:52.900,52.54973459601839,-1.463108641701102,199.24409572107402,19.092744774331308,False,52.56544917382129,-1.4623463524617113
2020-01-08 10:17:53.000,52.549719797744146,-1.463031253022624,198.99357279435276,19.477592911015915,False,52.5654656035745,-1.4623512703804467
2020-01-08 10:17:53.100,52.549705014603354,-1.4630467235041762,198.8078575601296,19.865209615097612,False,52.565481948998915,-1.4623567516913472
2020-01-08 10:17:53.200,52.549690170228615,-1.4630617629440748,200.13240022495583,20.25436963343668,False,52.56549823216162,-1.4623627673111712
2020-01-08 10:17:53.300,52.54967540634826,-1.4630768448683573,201.62901004258833,20.644704002022632,False,52.56551456317102,-1.4623682549013968
2020-01-08 10:17:53.400,52.549660743296286,-1.463092284716857,202.3763323000704,21.036880434648143,False,52.56553091414632,-1.4623737544812463
2020-01-08 10:17:53.500,52.54964615889394,-1.463108158875783,202.83790243795008,21.431203332896597,False,52.56554735432765,-1.4623788018809643
2020-01-08 10:17:53.600,52.54963169346027,-1.4630311429126819,203.80346431028485,21.82699750804043,False,52.56556369323917,-1.462384070266825
2020-01-08 10:17:53.700,52.54961728289402,-1.4630471215955463,204.2774436408131,22.224830296827072,False,52.56558004420606,-1.4623893299161648
2020-01-08 10:17:53.800,52.549602870597475,-1.4630631914113377,205.15127341197095,22.62417257756969,False,52.565596417014355,-1.4623948515746519
2020-01-08 10:17:53.900,52.54958866008163,-1.4630796701055844,205.09935582954782,23.026213980139033,False,52.56561276047727,-1.462399999365546
2020-01-08 10:17:54.000,52.549574443267204,-1.4630961078306757,205.26104320857053,23.430660538996026,False,52.565629064093024,-1.4624055716514786
2020-01-08 10:17:54.100,52.54956018863343,-1.4630196173955803,205.5739519383958,23.837300284949308,False,52.56564541072551,-1.4624112859385503
2020-01-08 10:17:54.200,52.549545961445766,-1.4630361625603445,205.78463672140703,24.246242651378164,False,52.56566176153365,-1.4624171159146786
2020-01-08 10:17:54.300,52.54953182836483,-1.463053040890459,205.85307663766366,24.657669163785528,False,52.56567809759423,-1.4624229988303947
2020-01-08 10:17:54.400,52.54951772515108,-1.463069854046878,206.0697396210112,25.071336470736902,False,52.565694385250346,-1.4624290595404736
2020-01-08 10:17:54.500,52.54950345370028,-1.4630859940422976,207.71839415879012,25.485164132567554,False,52.565710723958574,-1.4624351993225417
2020-01-08 10:17:54.600,52.54948933580327,-1.4631027558391443,208.7051386586304,25.900039768482696,False,52.565727224599755,-1.4624405574658423
2020-01-08 10:17:54.700,52.549475132235294,-1.4630264278039464,209.301709049721,26.31651999875483,False,52.565743881213656,-1.4624455954737359
2020-01-08 10:17:54.800,52.54946118274236,-1.4630439761021266,208.8747321897009,26.736333301278346,False,52.565760533109085,-1.462450522670282
2020-01-08 10:17:54.900,52.549447070532175,-1.4630611938597666,209.39844871910978,27.157864437220816,False,52.56577718924552,-1.462456114328452
2020-01-08 10:17:55.000,52.54943306497247,-1.4630786282877541,208.9945859126749,27.58257158781849,False,52.565793795577065,-1.4624619401482102
2020-01-08 10:17:55.100,52.54941899993308,-1.4630958211357106,209.48697101465348,28.00900546754664,False,52.56581029782908,-1.4624685052878557
2020-01-08 10:17:55.200,52.549404976027716,-1.4630204322514517,208.61583246646344,28.439274191606412,False,52.56582690252739,-1.4624748547590058
2020-01-08 10:17:55.300,52.549390837702795,-1.463038028451264,208.49813865627945,28.872187164019763,False,52.56584358293299,-1.4624813036776838
2020-01-08 10:17:55.400,52.54937686174201,-1.4630560502336387,207.49717410254655,29.308843713006198,False,52.565860209710706,-1.4624877005030645
2020-01-08 10:17:55.500,52.5493626395282,-1.46307351586086,208.3524989382908,29.746744362064238,False,52.565876894335496,-1.4624943073644823
2020-01-08 10:17:55.600,52.54934849444344,-1.4630905942053616,209.27464001027457,30.185641872814017,False,52.56589352807,-1.4625004635994936
2020-01-08 10:17:55.700,52.54933421735832,-1.4631077582119656,209.85099111776083,30.62607930079061,False,52.56591030520153,-1.4625070038388417
2020-01-08 10:17:55.800,52.54932019816966,-1.4630321739045444,210.6254596581962,31.06765988770107,False,52.56592693468679,-1.4625133801487433
2020-01-08 10:17:55.900,52.54930624434893,-1.4630496656678864,210.79923287210758,31.511344596992625,False,52.56594359968656,-1.4625196137549292
2020-01-08 10:17:56.000,52.549292271275746,-1.4630671990437776,211.41443946893224,31.956416856372083,False,52.56596030581748,-1.462525883642819
2020-01-08 10:17:56.100,52.549278342258745,-1.463084419736448,212.40419034139893,32.402129728861915,False,52.56597700329452,-1.4625316517234672
2020-01-08 10:17:56.200,52.549264522365654,-1.463102063089131,212.650161008068,32.84982850504564,False,52.56599380883366,-1.4625369903846432
2020-01-08 10:17:56.300,52.54925099750948,-1.4630273037776622,212.42680266912515,33.300324968652994,False,52.56601050017331,-1.4625421606288935
2020-01-08 10:17:56.400,52.549237797093255,-1.4630468030104395,212.18383958534176,33.75369891616623,False,52.56602713439505,-1.4625478534897087
2020-01-08 10:17:56.500,52.54922482211395,-1.4630671718002528,212.101654895947,34.209604692784815,False,52.566043671595196,-1.4625542420652033
2020-01-08 10:17:56.600,52.549211682355086,-1.4630868228488447,211.92568545023224,34.66804610766723,False,52.56606017413831,-1.4625608042426927
2020-01-08 10:17:56.700,52.54919816574296,-1.4631048669077187,214.30350077574062,35.12454452470952,False,52.56607662078959,-1.462567507634507
2020-01-08 10:17:56.800,52.54918458777558,-1.4630289695131617,217.10339403379152,35.57744103967263,False,52.56609314661494,-1.4625731910789586
2020-01-08 10:17:56.900,52.54917107188426,-1.4630455922928935,220.52139411171655,36.02422542177237,False,52.56610983375367,-1.4625775707405235
2020-01-08 10:17:57.000,52.549157765873154,-1.4630616966039653,223.95519764574195,36.46347079911483,False,52.5661265682966,-1.4625804456304319
2020-01-08 10:17:57.100,52.54914558238814,-1.4630804836014613,220.11895029033658,36.9167248723272,False,52.566143331271476,-1.462581717282584
2020-01-08 10:17:57.200,52.54913259365576,-1.463097510427932,221.06476923688177,37.37006317202712,False,52.56615995065054,-1.4625848155687762
2020-01-08 10:17:57.300,52.54911962814218,-1.4630213642950876,221.95718717539583,37.82355298805108,False,52.566176570901916,-1.4625877015460176
2020-01-08 10:17:57.400,52.54910663761655,-1.4630377101538372,224.13614565095142,38.273313330057725,False,52.56619317228213,-1.4625903896851853
2020-01-08 10:17:57.500,52.54909381652083,-1.4630538681114316,226.2057658893016,38.71921526783901,False,52.56620978655319,-1.462592251790968
2020-01-08 10:17:57.600,52.54908154461047,-1.4630710541095409,224.04887028619837,39.17477680962654,False,52.56622639480027,-1.4625932044977132
2020-01-08 10:17:57.700,52.549068836904226,-1.4630875547172952,225.65053388237484,39.62820462183322,False,52.566242958035,-1.4625952752060092
2020-01-08 10:17:57.800,52.549056595763425,-1.4631049436369241,225.13858641124054,40.08605158494811,False,52.566259483646135,-1.4625972929302191
2020-01-08 10:17:57.900,52.549043782396005,-1.4630277606653483,228.3305875991046,40.53613247313087,False,52.56627598045245,-1.462599688079098
2020-01-08 10:17:58.000,52.54903172159009,-1.4630448932687332,227.21334580462698,40.992922306977135,False,52.56629252537213,-1.4626012088727425
2020-01-08 10:17:58.100,52.54901899018774,-1.4630603280504464,230.46586597261904,41.441121890889164,False,52.56630901733288,-1.4626033564578862
2020-01-08 10:17:58.200,52.54900659505433,-1.4630757955715366,233.08859597310504,41.88219393780225,False,52.566325562481765,-1.4626042573088813
2020-01-08 10:17:58.300,52.54899431605176,-1.4630905943819241,236.43124808833628,42.31226239676716,False,52.566342065139125,-1.4626044750905414
2020-01-08 10:17:58.400,52.5489823571389,-1.4631053742195943,239.7218079402969,42.730559798402794,False,52.56635863380023,-1.4626032316281712
2020-01-08 10:17:58.500,52.54897086920138,-1.4630268751529154,241.74763547568784,43.14248256639752,False,52.56637501158152,-1.46260086330333
2020-01-08 10:17:58.600,52.54895969144373,-1.463041275954036,242.85401882657789,43.55260998586729,False,52.566391275653885,-1.4625976762485364
2020-01-08 10:17:58.700,52.54894868036262,-1.4630561956272368,243.04740216756778,43.96571611903965,False,52.5664076483972,-1.4625940866014895
2020-01-08 10:17:58.800,52.548937306549,-1.4630701526275698,244.51550375636742,44.374973428560985,False,52.5664239707288,-1.46259053018465
2020-01-08 10:17:58.900,52.54892643532056,-1.4630851172306294,243.54036974472797,44.79332086510033,False,52.566440306803685,-1.4625863866308109
2020-01-08 10:17:59.000,52.5489153780644,-1.4631006162983196,242.72794108416986,45.219639582277054,False,52.56645682706679,-1.462582681213952
2020-01-08 10:17:59.100,52.54890470990735,-1.463024232675953,238.66505965706835,45.66845726848113,False,52.566473227166476,-1.4625794367018181
2020-01-08 10:17:59.200,52.54889351781941,-1.463041444650558,235.99173302926908,46.13168036422897,False,52.56648982838512,-1.4625779902410816
2020-01-08 10:17:59.300,52.548882256777354,-1.4630593889010048,231.49443884806107,46.61388711248828,False,52.56650643525801,-1.4625778674034842
2020-01-08 10:17:59.400,52.54887037234521,-1.4630771426640075,228.79992628050852,47.10680673666013,False,52.56652300600544,-1.4625798457422121
2020-01-08 10:17:59.500,52.54885824327856,-1.4630950755806553,226.5613513055286,47.6079764358028,False,52.56653954706084,-1.4625831833305543
2020-01-08 10:17:59.600,52.548845705506174,-1.4630194285006999,225.75082415206424,48.11331340558592,False,52.56655594855363,-1.462587649122218
2020-01-08 10:17:59.700,52.54883326342913,-1.4630371847909838,224.00850729284758,48.624555337938105,False,52.56657233168985,-1.4625926503080011
2020-01-08 10:17:59.800,52.54882036447331,-1.4630541046872987,224.04914787602962,49.13786198573074,False,52.56658859215764,-1.4625985516116178
2020-01-08 10:17:59.900,52.54880779395382,-1.4630717951190422,222.86768830544727,49.65549234752856,False,52.56660483480164,-1.462604629401696
2020-01-08 10:18:00.000,52.54879487620369,-1.4630891603812355,222.04305271141502,50.17655606931202,False,52.56662108105053,-1.4626115093149958
2020-01-08 10:18:00.100,52.54878211354576,-1.463106874329902,221.3303905328447,50.7007530753626,False,52.56663722583374,-1.4626188303197818
2020-01-08 10:18:00.200,52.54876906698965,-1.463031151582425,221.97500056560065,51.22601037856662,False,52.56665331258494,-1.4626266541590514
2020-01-08 10:18:00.300,52.54875573594844,-1.4630476249420465,223.384284749674,51.75095135745013,False,52.56666938684281,-1.462634408134285
2020-01-08 10:18:00.400,52.548742884023085,-1.4630652146995136,222.29454032573068,52.279747883305554,False,52.56668558045505,-1.4626418385913418
2020-01-08 10:18:00.500,52.54872990933593,-1.4630824620179363,222.16427923616345,52.81073462831323,False,52.56670170366896,-1.4626492992649134
2020-01-08 10:18:00.600,52.54871674522956,-1.4630995973166263,222.90938893561338,53.342567605023916,False,52.56671795020736,-1.462656676806696
2020-01-08 10:18:00.700,52.54870382668777,-1.463024329440934,221.8395787490227,53.87800466027547,False,52.56673423270078,-1.4626639511024204
2020-01-08 10:18:00.800,52.54869050662413,-1.463041276235356,221.63644691988426,54.41564913710391,False,52.566750427959,-1.4626718781225667
2020-01-08 10:18:00.900,52.54867727839923,-1.463058546517618,220.15549514446036,54.95705906863821,False,52.566766526796194,-1.4626805298766377
2020-01-08 10:18:01.000,52.548665596302044,-1.4630791487756971,216.8188475982692,55.50315533287765,False,52.566782434290246,-1.4626899182575217
2020-01-08 10:18:01.100,52.54865295043592,-1.4630976842682981,216.18300903715848,56.051340895485566,False,52.56679794092973,-1.4627009155781614
2020-01-08 10:18:01.200,52.54864034298621,-1.4630234316535566,213.60165245480022,56.601819120614806,False,52.566813366176525,-1.4627123203455656
2020-01-08 10:18:01.300,52.54862740242799,-1.4630413983076824,213.08340281613965,57.15404968390573,False,52.56682845634763,-1.4627249903886017
2020-01-08 10:18:01.400,52.54861456783121,-1.463059695234017,211.84912407045965,57.70778824139978,False,52.5668435148819,-1.4627379197923858
2020-01-08 10:18:01.500,52.54860159263332,-1.463077594462901,211.03655829835995,58.26298179328146,False,52.56685832186969,-1.4627515871257517
2020-01-08 10:18:01.600,52.548588645057386,-1.4630957071954367,209.92078230937213,58.81933500513226,False,52.56687314541456,-1.4627654566412258
2020-01-08 10:18:01.700,52.54857546977886,-1.4630202422603469,210.7243686713937,59.37792819310958,False,52.56688773264668,-1.4627799290957675
2020-01-08 10:18:01.800,52.54856247449979,-1.4630382007851832,210.85623195025212,59.9383451971362,False,52.56690240535948,-1.4627941731916263
2020-01-08 10:18:01.900,52.54854977404306,-1.4630569486043588,211.01100577754696,60.5005796165112,False,52.56691701430484,-1.4628087283286724
2020-01-08 10:18:02.000,52.548537281873344,-1.463076224562317,209.98613815614192,61.064000037175056,False,52.566931482045455,-1.462823703579346
2020-01-08 10:18:02.100,52.548523853876226,-1.4630934014759598,212.37429027550453,61.63018003678782,False,52.56694562878379,-1.4628395515404815
2020-01-08 10:18:02.200,52.548510636203375,-1.4630184599144183,212.99643649976372,62.19818096234658,False,52.56696016596476,-1.4628545974190086
2020-01-08 10:18:02.300,52.548496824557255,-1.4630350841939335,216.503532412623,62.76710448399945,False,52.566974702387974,-1.4628695538497012
2020-01-08 10:18:02.400,52.54848351414572,-1.4630529798748195,216.92441602003555,63.337512122119065,False,52.56698973600865,-1.462883201978608
2020-01-08 10:18:02.500,52.54847004997904,-1.4630703330873913,218.50692924080298,63.90845096776608,False,52.56700481596717,-1.4628964624239726
2020-01-08 10:18:02.600,52.548456591688904,-1.4630876657764358,219.42070897231386,64.4802339124315,False,52.567020013442125,-1.46290934501951
2020-01-08 10:18:02.700,52.54844328606846,-1.4631052859573657,219.55675057595877,65.05361356855646,False,52.56703522266296,-1.462922163640902
2020-01-08 10:18:02.800,52.54842975707104,-1.4630292641316123,221.7108482175718,65.6260555543686,False,52.56705024698426,-1.4629352936610722
2020-01-08 10:18:02.900,52.54841667552256,-1.4630470487148552,221.1695695330188,66.20100575118457,False,52.56706546359361,-1.46294781075159
2020-01-08 10:18:03.000,52.54840365687699,-1.4630649736361474,220.57767129352226,66.77845808069425,False,52.5670804794703,-1.462960923782699
2020-01-08 10:18:03.100,52.54839122616776,-1.463084068850373,217.0981290945253,67.36069240393535,False,52.56709524185994,-1.4629746143837987
2020-01-08 10:18:03.200,52.54837833782128,-1.4631022395448705,215.92760190172714,67.9451236366363,False,52.56710942504643,-1.4629898538928696
2020-01-08 10:18:03.300,52.54836555557505,-1.4630276316459374,213.96005204945706,68.53152379544844,False,52.56712339658093,-1.4630055409029596
2020-01-08 10:18:03.400,52.54835314893279,-1.4630467413900077,210.8240021185056,69.11860006908442,False,52.56713700165444,-1.463022080144513
2020-01-08 10:18:03.500,52.54834040298326,-1.4630650242051626,209.98112009043334,69.70677108558142,False,52.56715002175591,-1.4630399426752403
2020-01-08 10:18:03.600,52.548328102222214,-1.4630840490171453,206.694637026013,70.29317197685303,False,52.567162643408,-1.463058390559212
2020-01-08 10:18:03.700,52.54831483102459,-1.4631007253594688,208.7137157913913,70.88361669791215,False,52.56717452874123,-1.463078258824859
2020-01-08 10:18:03.800,52.54830235570929,-1.463026572649125,206.2359592984164,71.4727919479302,False,52.567186649061114,-1.4630977872453395
2020-01-08 10:18:03.900,52.5482887775188,-1.4630427187694077,210.01693798674944,72.06764976722766,False,52.56719815623551,-1.4631183998237989
2020-01-08 10:18:04.000,52.54827583585237,-1.463060557489276,209.9141352152095,72.66405884789718,False,52.56721032619901,-1.4631377939277423
2020-01-08 10:18:04.100,52.54826285125708,-1.4630783683770883,209.56670696908054,73.26184963316109,False,52.56722237016891,-1.4631574537758794
2020-01-08 10:18:04.200,52.548249982742625,-1.4630964188678757,208.90246967484782,73.86071650035207,False,52.56723422975348,-1.4631774082793318
2020-01-08 10:18:04.300,52.54823732169922,-1.4630219120321264,207.27350925717553,74.45952884227034,False,52.567245799089044,-1.4631977779545604
2020-01-08 10:18:04.400,52.548224127982046,-1.4630390136712625,208.2835510902084,75.06109908686886,False,52.56725691628324,-1.463218856515589
2020-01-08 10:18:04.500,52.54821145106219,-1.4630572813631038,206.5285129396385,75.66228353860697,False,52.56726801999462,-1.4632398305426784
2020-01-08 10:18:04.600,52.54819794311735,-1.463073733024507,210.02454301862025,76.2685111393909,False,52.56727871927815,-1.4632615867194572
2020-01-08 10:18:04.700,52.548184920228906,-1.4630915850502864,210.22850191197853,76.87645444694387,False,52.56729006959335,-1.4632823539433337
2020-01-08 10:18:04.800,52.548171308309485,-1.4631082390066954,213.5312731667018,77.486900870052,False,52.56730140193193,-1.4633032620876856
2020-01-08 10:18:04.900,52.54815765848572,-1.4630322212944529,215.5189257503077,78.09846112183338,False,52.56731340102397,-1.4633232875151283
2020-01-08 10:18:05.000,52.54814408661167,-1.4630492851886705,217.50084435125376,78.71038760306729,False,52.567325631368554,-1.4633428807942148
2020-01-08 10:18:05.100,52.54813057973041,-1.4630665616418497,219.2941242507403,79.32218144940252,False,52.56733817342494,-1.4633620138442485
2020-01-08 10:18:05.200,52.54811712253274,-1.4630841385196574,219.82614376593375,79.93495331317168,False,52.56735105667234,-1.463380753851433
2020-01-08 10:18:05.300,52.54810374496759,-1.463101846276418,220.15243632116574,80.54892904902236,False,52.56736402289752,-1.4633993187702805
2020-01-08 10:18:05.400,52.548090246075205,-1.4630264304318883,220.6783879659266,81.1638162886511,False,52.5673771267234,-1.4634177194333196
2020-01-08 10:18:05.500,52.54807669372965,-1.4630438231222693,221.40380924710573,81.77927689424166,False,52.56739027349009,-1.4634360604026488
2020-01-08 10:18:05.600,52.54806331414146,-1.463061641283683,221.48330875588877,82.39625561692506,False,52.56740344937378,-1.4634544215091012
2020-01-08 10:18:05.700,52.54804976674244,-1.4630791224969806,222.03151645221763,83.01399703644417,False,52.56741633745565,-1.4634733666484643
2020-01-08 10:18:05.800,52.5480365600172,-1.4630973068835156,221.30568718996886,83.63447985239623,False,52.56742934792538,-1.46349206326552
2020-01-08 10:18:05.900,52.54802296129728,-1.463021822463446,223.2197122433377,84.25348374766386,False,52.567442346297284,-1.4635108597438466
2020-01-08 10:18:06.000,52.548009737118846,-1.4630397144201792,223.15033846288324,84.87423083792976,False,52.56745565445031,-1.4635288368550528
2020-01-08 10:18:06.100,52.54799625562619,-1.4630570608687503,223.22532406617526,85.49644509294473,False,52.567469068865535,-1.4635466113808009
2020-01-08 10:18:06.200,52.54798269789609,-1.4630741991973526,223.55837554488792,86.11968120120494,False,52.56748256552698,-1.4635641766462164
2020-01-08 10:18:06.300,52.54796952885301,-1.463092064554627,222.61466978836012,86.74620055851823,False,52.56749588348793,-1.463582006159082
2020-01-08 10:18:06.400,52.54795639049379,-1.463110071730694,220.64062783486142,87.3771365133454,False,52.56750891704771,-1.4636003819733878
2020-01-08 10:18:06.500,52.5479431630321,-1.463034885587348,219.3660656711244,88.01103239165438,False,52.567521849324976,-1.4636187692304514
2020-01-08 10:18:06.600,52.547929887848056,-1.46305263100403,218.82509195982647,88.64696718057695,False,52.56753448100051,-1.4636377506791853
2020-01-08 10:18:06.700,52.547916396640524,-1.4630700216215633,219.3350186435568,89.28396387122342,False,52.56754685545107,-1.4636572728218455
2020-01-08 10:18:06.800,52.547902998637724,-1.4630875740912361,218.85273632060344,89.92290947790775,False,52.56755890932779,-1.4636773074783556
2020-01-08 10:18:06.900,52.547889378429986,-1.4631049575427444,219.31478141220737,90.56296743637357,False,52.567570674761015,-1.4636980492798826
2020-01-08 10:18:07.000,52.54787593188392,-1.4630293990558274,219.48359603608665,91.20436293214472,False,52.56758222286961,-1.4637188171007802
2020-01-08 10:18:07.100,52.54786254192591,-1.4630470928861037,219.80777965881296,91.84696678073021,False,52.56759364274188,-1.4637399353699727
2020-01-08 10:18:07.200,52.547849187163976,-1.4630649726671754,219.04171243457193,92.49179640525351,False,52.567605279687,-1.4637608296882128
2020-01-08 10:18:07.300,52.547835643360266,-1.4630825985567992,219.04920217291667,93.13812024707953,False,52.56761662450772,-1.4637822594117214
2020-01-08 10:18:07.400,52.54782232749343,-1.4631006962251645,217.93537459634635,93.78676292679489,False,52.56762793099057,-1.463803726298975
2020-01-08 10:18:07.500,52.54780935143933,-1.4630266729579315,215.266007226208,94.43782911548617,False,52.56763883069346,-1.4638258002460682
2020-01-08 10:18:07.600,52.54779645786293,-1.4630456606544204,212.82490119257017,95.08993647522364,False,52.5676488127077,-1.4638489528701806
2020-01-08 10:18:07.700,52.54778341872341,-1.4630645333612446,210.5532181918746,95.74204907962952,False,52.56765797890402,-1.463873212032288
2020-01-08 10:18:07.800,52.54776985053125,-1.4630821816452095,211.23572951392666,96.39619109219117,False,52.567666367487675,-1.4638982858486473
2020-01-08 10:18:07.900,52.547756838432036,-1.4631009884451083,209.27215115488156,97.04996440244415,False,52.567674616785126,-1.4639233912584086
2020-01-08 10:18:08.000,52.54774337020076,-1.4630259652201405,209.8969571791088,97.70589214962254,False,52.56768209904422,-1.4639493262644134
2020-01-08 10:18:08.100,52.54772962170572,-1.4630434794046276,210.90067970526792,98.36419766358235,False,52.567689574797285,-1.4639753619337734
2020-01-08 10:18:08.200,52.54771595995212,-1.4630611860440117,212.18569343449437,99.02477573503032,False,52.56769684504524,-1.4640014896286562
2020-01-08 10:18:08.300,52.5477024439617,-1.4630792966153192,212.39737415794156,99.68689928919176,False,52.56770418506075,-1.4640275509854201
2020-01-08 10:18:08.400,52.5476890293297,-1.4630975681363891,212.3463352010128,100.3504316612728,False,52.56771150549556,-1.4640535717120418
2020-01-08 10:18:08.500,52.54767535942258,-1.4630221662144898,214.0768457698691,101.01589256010661,False,52.56771847378255,-1.4640797442894393
2020-01-08 10:18:08.600,52.54766249532845,-1.4630416198754674,211.3487161121093,101.68170324138461,False,52.567725715769214,-1.4641057336400642
2020-01-08 10:18:08.700,52.54764961245163,-1.4630608452466378,210.12223292571645,102.34794761829633,False,52.56773191629294,-1.4641324042300075
2020-01-08 10:18:08.800,52.54763754927732,-1.4630818098723568,206.93552506152125,103.01156265563934,False,52.56773736686018,-1.4641594880952433
2020-01-08 10:18:08.900,52.54762584201523,-1.4631032552855827,204.76511501675034,103.67265667530572,False,52.56774159377155,-1.464187139466351
2020-01-08 10:18:09.000,52.54761407126889,-1.463031313186881,202.57864804371044,104.33038738057576,False,52.567744841669004,-1.4642151119517501
2020-01-08 10:18:09.100,52.54760172226837,-1.4630506188705632,202.44812680001453,104.98946390637246,False,52.56774701160008,-1.4642433404480872
2020-01-08 10:18:09.200,52.54758854583493,-1.4630679028976348,203.65043520228932,105.65307593753386,False,52.567748681018585,-1.4642715840354565
2020-01-08 10:18:09.300,52.54757481115741,-1.4630843929198123,206.4127607515082,106.32353464004399,False,52.56775053357947,-1.4642999513539638
2020-01-08 10:18:09.400,52.547561198142894,-1.4631016460921011,208.42971618768826,106.99826988997306,False,52.56775306129038,-1.4643282018696075
2020-01-08 10:18:09.500,52.54754790922617,-1.463026685352886,209.62201830166694,107.67567276712018,False,52.567756016163095,-1.4643561735339705
2020-01-08 10:18:09.600,52.54753477164983,-1.463045028385107,210.26014733188458,108.35503197554341,False,52.56775911714048,-1.4643840390947378
2020-01-08 10:18:09.700,52.5475213556392,-1.4630624978793811,212.26628964263793,109.03693572679057,False,52.56776222731912,-1.4644117461810577
2020-01-08 10:18:09.800,52.5475079335546,-1.4630801099122266,214.0745842104444,109.72051728317554,False,52.567765715647326,-1.4644393601466859
2020-01-08 10:18:09.900,52.54749453948993,-1.4630978918229898,214.87108030844752,110.40538702950798,False,52.56776899716951,-1.4644670775351138
2020-01-08 10:18:10.000,52.547481337933014,-1.463023038636851,215.01833006740404,111.09160213684164,False,52.56777252114427,-1.464494622292734
2020-01-08 10:18:10.100,52.547468343828456,-1.4630414729709216,214.67869154452274,111.77926143814885,False,52.56777569776081,-1.4645221989972517
2020-01-08 10:18:10.200,52.54745531982816,-1.4630597648502068,213.9450381058451,112.4683539050081,False,52.56777857258229,-1.4645498225203428
2020-01-08 10:18:10.300,52.54744221501392,-1.4630777581605425,213.2164304517842,113.15876286940632,False,52.56778104634572,-1.4645774904952742
2020-01-08 10:18:10.400,52.54742949411782,-1.4630963974470705,211.69721191400913,113.8500495789103,False,52.567783154677215,-1.4646050905140542
2020-01-08 10:18:10.500,52.54741663833384,-1.4630217005899822,210.94758058925999,114.54229049982526,False,52.567784917654244,-1.4646327346163068
2020-01-08 10:18:10.600,52.54740377218401,-1.4630398771886652,210.977277916596,115.23591845476685,False,52.56778637219957,-1.4646604206120462
2020-01-08 10:18:10.700,52.547390740960076,-1.463057524109057,211.74853054499866,115.93133661983228,False,52.5677875932485,-1.464688055895585
2020-01-08 10:18:10.800,52.54737782011048,-1.4630754006164632,211.59270350636524,116.62804472957004,False,52.5677885712469,-1.46471567363818
2020-01-08 10:18:10.900,52.547364885045944,-1.4630931971190997,211.73269374362195,117.3261778319009,False,52.56778944416101,-1.4647432750669915
2020-01-08 10:18:11.000,52.54735202831491,-1.463017914293332,212.3066241826836,118.02588071207744,False,52.56779027572273,-1.4647706869511836
2020-01-08 10:18:11.100,52.54733914957975,-1.4630356477000024,212.5240467697341,118.72700596539457,False,52.567791148509514,-1.4647981567316812
2020-01-08 10:18:11.200,52.54732617237397,-1.4630530637069028,212.89098286831842,119.42956553730151,False,52.567792110310975,-1.4648255683294193
2020-01-08 10:18:11.300,52.54731328644394,-1.4630702703457974,213.85096745036424,120.13354082619776,False,52.5677931484782,-1.464852724411943
2020-01-08 10:18:11.400,52.54730047693043,-1.4630877201502681,215.00622076237477,120.83869530128412,False,52.56779440332338,-1.4648798819640276
2020-01-08 10:18:11.500,52.54728775164804,-1.4631048868151397,215.73450127291375,121.54491816350101,False,52.56779589773581,-1.464906733983556
2020-01-08 10:18:11.600,52.547275107426195,-1.4630293247656898,216.00287221989308,122.25236008714519,False,52.56779761483556,-1.464933564353686
2020-01-08 10:18:11.700,52.547262192556076,-1.4630465196585103,216.83304571007196,122.96067395249067,False,52.5677993096744,-1.464960670841674
2020-01-08 10:18:11.800,52.54724942099046,-1.4630639247575312,216.859007055023,123.67030755184655,False,52.56780129007612,-1.464987663452323
2020-01-08 10:18:11.900,52.54723705217446,-1.4630821702804133,214.94212243162073,124.38214848014866,False,52.56780316419228,-1.465014603647899
2020-01-08 10:18:12.000,52.54722462980323,-1.463100408069195,213.57026017808087,125.09543547264563,False,52.56780433076824,-1.4650416941797262
2020-01-08 10:18:12.100,52.547212106604334,-1.4630254054175436,212.54019455339866,125.80985652021641,False,52.56780497331209,-1.4650687962946118
2020-01-08 10:18:12.200,52.5471992506308,-1.4630424692701458,213.92123466790298,126.52579168886719,False,52.56780516164846,-1.4650958888354617
2020-01-08 10:18:12.300,52.54718679007761,-1.463060374031798,213.18328681756526,127.24298850235141,False,52.567805566477446,-1.4651228975596118
2020-01-08 10:18:12.400,52.54717353225658,-1.4630765586405696,216.166397565386,127.96095349053908,False,52.56780561106148,-1.465150035371799
2020-01-08 10:18:12.500,52.54716072436553,-1.4630939153429556,216.71278658885095,128.67992816806364,False,52.56780626482356,-1.4651772112743155
2020-01-08 10:18:12.600,52.54714725136848,-1.463109745116019,220.80034178534228,129.39574227625587,False,52.567806894856105,-1.4652044412987582
2020-01-08 10:18:12.700,52.54713402676605,-1.4630330247826924,223.62617472581167,130.1076616475775,False,52.567808354532936,-1.4652316104809613
2020-01-08 10:18:12.800,52.54712054447501,-1.4630484432122448,226.86630717838497,130.812760933889,False,52.56781022059324,-1.4652587775646222
2020-01-08 10:18:12.900,52.54710703649589,-1.4630633466112493,230.6105523439302,131.50705028195443,False,52.56781262226946,-1.4652858300337677
2020-01-08 10:18:13.000,52.547094037375224,-1.4630789485041176,231.79615468146227,132.1984490870251,False,52.567815666135765,-1.4653128232704902
2020-01-08 10:18:13.100,52.54708102456534,-1.4630944020112362,233.40756059249668,132.88494842144695,False,52.56781892348405,-1.465339806078302
2020-01-08 10:18:13.200,52.5470686039849,-1.4630179714600577,232.96148975942833,133.57511180422642,False,52.56782255288964,-1.4653666749089658
2020-01-08 10:18:13.300,52.547055919959796,-1.4630341558305002,233.50420255696685,134.2647077929445,False,52.5678260523883,-1.4653936604937623
2020-01-08 10:18:13.400,52.54704381234725,-1.4630515836408253,232.5776763403627,134.9599467065616,False,52.567829664261566,-1.4654206221028827
2020-01-08 10:18:13.500,52.547031860279574,-1.463069540271625,232.05126968249655,135.65901906123977,False,52.56783301127445,-1.4654476299504773
2020-01-08 10:18:13.600,52.547020003344564,-1.463088118034245,230.8255277696463,136.36431331657096,False,52.56783621681575,-1.4654748519178558
2020-01-08 10:18:13.700,52.547007549091035,-1.4631054751143653,231.3153610335491,137.06933736242772,False,52.567839013744674,-1.4655020778529522
2020-01-08 10:18:13.800,52.54699508853782,-1.4630300320010718,231.0708495738431,137.7768228728853,False,52.56784192715209,-1.4655294051370775
2020-01-08 10:18:13.900,52.54698237711276,-1.4630468586591703,230.49905742981042,138.48779849306874,False,52.56784484615032,-1.4655566012968446
2020-01-08 10:18:14.000,52.54696973954136,-1.4630640232496852,229.57342151019034,139.20344245362256,False,52.56784777796146,-1.465583821856332
2020-01-08 10:18:14.100,52.546956765177185,-1.4630805556158488,229.61403145404876,139.9204370671233,False,52.56785060598591,-1.4656110087138343
2020-01-08 10:18:14.200,52.546943764681394,-1.4630970308860176,229.79283947946675,140.6383717931904,False,52.567853224887386,-1.4656382358960187
2020-01-08 10:18:14.300,52.546930914079155,-1.4630209324094487,229.54268572551092,141.35865290310653,False,52.567855911601,-1.4656654753981486
2020-01-08 10:18:14.400,52.54691789922735,-1.4630374607012318,229.13557343784134,142.0816589588395,False,52.56785854004789,-1.465692709473229
2020-01-08 10:18:14.500,52.546904757938435,-1.4630538628145953,228.69669974581595,142.8074499831376,False,52.56786134587181,-1.4657199277230066
2020-01-08 10:18:14.600,52.54689169921745,-1.4630704071732958,228.81583586769125,143.53440038237332,False,52.56786425541699,-1.4657470426325507
2020-01-08 10:18:14.700,52.5468787392551,-1.4630873247971603,228.97079992721177,144.26240028112318,False,52.56786735317067,-1.465774206240523
2020-01-08 10:18:14.800,52.54686560051884,-1.4631038330252497,229.29947125848184,144.9908362946096,False,52.56787057897813,-1.465801298317599
2020-01-08 10:18:14.900,52.546852292776,-1.4630270355214088,229.46177997406312,145.7201955131985,False,52.56787398775321,-1.4658283240138854
2020-01-08 10:18:15.000,52.54683910874454,-1.4630435008395304,230.0932386319263,146.44911432688215,False,52.56787746727794,-1.4658553705225674
2020-01-08 10:18:15.100,52.54682607871697,-1.4630600757190948,230.21523685463038,147.17912861617373,False,52.567881115588854,-1.4658822637376294
2020-01-08 10:18:15.200,52.54681303304279,-1.463076620020628,230.33769689818976,147.91023147600012,False,52.56788489358831,-1.465909101207564
2020-01-08 10:18:15.300,52.54680008516729,-1.4630933143540779,230.19882563867247,148.6432709526058,False,52.567888799070786,-1.4659358530030389
2020-01-08 10:18:15.400,52.54678706236474,-1.463109901195586,230.294698571043,149.37747622093903,False,52.56789268909982,-1.4659626069632192
2020-01-08 10:18:15.500,52.546774012739455,-1.4630335136642,230.5082081397537,150.1124732931665,False,52.567896637744106,-1.465989337758874
2020-01-08 10:18:15.600,52.54676097461155,-1.4630499053271764,231.16197598849905,150.8468131505728,False,52.56790064707295,-1.466015921382148
2020-01-08 10:18:15.700,52.54674816101607,-1.4630666226408986,231.6923016937124,151.58089186363554,False,52.56790488364278,-1.4660423745857925
2020-01-08 10:18:15.800,52.546735305215606,-1.4630832241989842,232.27875513498486,152.3144073911958,False,52.567909301245436,-1.4660687521649338
2020-01-08 10:18:15.900,52.54672247658972,-1.4630996473419051,232.65019940451253,153.04807812314863,False,52.567913861646026,-1.4660949385267585
2020-01-08 10:18:16.000,52.546709657142564,-1.4630231549670478,233.15838403829304,153.78141456464914,False,52.567918528412314,-1.4661210891976377
2020-01-08 10:18:16.100,52.54669699323886,-1.4630397946343554,233.1209269188476,154.5164332577369,False,52.56792333646296,-1.4661471294790585
2020-01-08 10:18:16.200,52.54668424160005,-1.4630560372169426,233.14317670773156,155.25285208959858,False,52.56792805202334,-1.466173022309476
2020-01-08 10:18:16.300,52.54667148210346,-1.4630723264998287,233.1896808806423,155.9906288664316,False,52.56793285080628,-1.4661988939466593
2020-01-08 10:18:16.400,52.54665872188068,-1.4630885305252013,233.61253007227955,156.72836411833993,False,52.56793760314302,-1.4662247078541226
2020-01-08 10:18:16.500,52.54664612757945,-1.4631048586820272,233.63687634421677,157.4675473865013,False,52.56794238114198,-1.4662503974212897
2020-01-08 10:18:16.600,52.54663345959436,-1.4630280905456663,233.71534292759912,158.20793913140827,False,52.56794724160637,-1.4662760037249487
2020-01-08 10:18:16.700,52.546620792598674,-1.4630440764590917,233.7023003734008,158.9498781772243,False,52.56795208445729,-1.4663014681012128
2020-01-08 10:18:16.800,52.54660818056976,-1.4630601612089142,233.76961760597825,159.69310288787563,False,52.5679570128915,-1.4663268612822717
2020-01-08 10:18:16.900,52.54659550590002,-1.4630760590162957,233.90117874590072,160.43732609225694,False,52.56796201145199,-1.4663521434078002
2020-01-08 10:18:17.000,52.54658275003633,-1.4630917951768683,233.7244415894983,161.1836748422404,False,52.56796689281826,-1.4663774610736662
2020-01-08 10:18:17.100,52.546570154475546,-1.4631078615211761,233.5654829147636,161.93215778699138,False,52.56797156936119,-1.4664028770595228
2020-01-08 10:18:17.200,52.54655767028381,-1.4630311027192395,232.94093212103905,162.6843446143048,False,52.56797601537582,-1.4664283088951304
2020-01-08 10:18:17.300,52.54654521145023,-1.4630475012804722,232.6756725545693,163.43894533078824,False,52.56798012751905,-1.4664539478108127
2020-01-08 10:18:17.400,52.54653248287086,-1.4630634520710462,232.41012470915928,164.19581575304136,False,52.56798402422516,-1.466479651991045
2020-01-08 10:18:17.500,52.54651984706849,-1.4630795508860848,231.89429609322954,164.95580716429956,False,52.56798770300605,-1.4665053971454827
2020-01-08 10:18:17.600,52.54650719997094,-1.4630956144066984,231.35908988632212,165.7188716695663,False,52.56799105838418,-1.466531198873297
2020-01-08 10:18:17.700,52.54649443743437,-1.4630186335851347,231.14801441432445,166.48396238092243,False,52.56799408821362,-1.4665571246953955
2020-01-08 10:18:17.800,52.54648181880224,-1.463035018855006,231.09338598624757,167.25065877276433,False,52.567996527516996,-1.4665833232804482
2020-01-08 10:18:17.900,52.54646916962467,-1.4630513226955133,230.8587262437563,168.01940135471185,False,52.5679987375862,-1.466609540101852
2020-01-08 10:18:18.000,52.546455998625305,-1.4630669356875534,232.49557500381465,168.78448305368198,False,52.56800107168235,-1.4666358321877042
2020-01-08 10:18:18.100,52.5464429319727,-1.4630826516761755,233.92077308092456,169.54612364264065,False,52.56800380632456,-1.46666204434073
2020-01-08 10:18:18.200,52.5464301940658,-1.4630988988783742,234.17350010058058,170.30833553153698,False,52.568006392699566,-1.4666883642816781
2020-01-08 10:18:18.300,52.54641813886576,-1.4630234755751763,233.3989199528711,171.0748691292168,False,52.568009162871796,-1.466714733155653
2020-01-08 10:18:18.400,52.54640562936653,-1.4630403961791947,233.0201550682154,171.84401573377858,False,52.568011713745605,-1.466741201420646
2020-01-08 10:18:18.500,52.54639278134536,-1.4630569389286117,232.12342263605294,172.61734533725473,False,52.56801453123753,-1.4667676839192476
2020-01-08 10:18:18.600,52.54637997844638,-1.4630738173583164,231.78544343534202,173.39314072708513,False,52.568017138995415,-1.4667943446764862
2020-01-08 10:18:18.700,52.546367099575704,-1.4630906524422858,230.90032717349803,174.17281154374254,False,52.56801973630341,-1.4668210356377782
2020-01-08 10:18:18.800,52.54635394173106,-1.4631072689896467,230.85056755171536,174.95395549411586,False,52.56802208636065,-1.4668479019463498
2020-01-08 10:18:18.900,52.54634057516617,-1.4630307578339392,230.7430741244283,175.73669402952356,False,52.5680242713518,-1.466874897654814
2020-01-08 10:18:19.000,52.546327264313035,-1.4630473498158292,231.2892879530413,176.51930154376154,False,52.568026261364714,-1.4669019720616845
2020-01-08 10:18:19.100,52.546313962242756,-1.463064088916551,231.18231068283495,177.30353329947727,False,52.56802842527623,-1.4669291187488573
2020-01-08 10:18:19.200,52.54630044318313,-1.4630804634258723,232.27960459798328,178.08590970491167,False,52.568030551061206,-1.4669562405705134
2020-01-08 10:18:19.300,52.54628723698178,-1.4630972895460275,232.37148750080786,178.86938620935538,False,52.56803278200253,-1.466983344273075
2020-01-08 10:18:19.400,52.54627381336385,-1.4630209176959288,233.40190609348866,179.6509587041968,False,52.56803497112459,-1.4670105052148588
2020-01-08 10:18:19.500,52.54626066484498,-1.4630377002369608,233.2039434916309,180.43454312179873,False,52.56803752191501,-1.4670374623396394
2020-01-08 10:18:19.600,52.5462472631864,-1.4630540969170625,233.4518126478781,181.218654998141,False,52.568040029842614,-1.4670644084983755
2020-01-08 10:18:19.700,52.54623395004041,-1.4630705846867667,233.6069446994545,182.00364539551614,False,52.56804255281052,-1.4670913115021533
2020-01-08 10:18:19.800,52.5462206527009,-1.4630870607778137,234.03846357601932,182.78858438959412,False,52.5680449327001,-1.4671182123924114
2020-01-08 10:18:19.900,52.54620763532964,-1.4631038500926592,233.37875694578844,183.57708491166176,False,52.56804749429703,-1.4671449874545648
2020-01-08 10:18:20.000,52.54619434398664,-1.463027448734542,233.869165569483,184.36535154540223,False,52.56804985620843,-1.467171881104902
2020-01-08 10:18:20.100,52.54618106376148,-1.4630440700802068,234.0777335877815,185.1542872352799,False,52.56805249928087,-1.4671987635173684
2020-01-08 10:18:20.200,52.54616797751348,-1.4630605641302092,234.78330099877184,185.94221160048392,False,52.56805525385209,-1.4672252906199093
2020-01-08 10:18:20.300,52.54615424383178,-1.4630760106338399,238.21048259153665,186.71804401616996,False,52.56805833427269,-1.4672516813228718
2020-01-08 10:18:20.400,52.54614116967109,-1.4630922368983872,238.99360762624806,187.49192654161692,False,52.5680623781485,-1.467277778806266
2020-01-08 10:18:20.500,52.54612793569732,-1.463108173048135,240.0746031777723,188.26228621487488,False,52.56806666895317,-1.4673037603636112
2020-01-08 10:18:20.600,52.54611517828013,-1.4630315494032402,239.6405658906774,189.0362579250988,False,52.56807125439006,-1.4673294126265528
2020-01-08 10:18:20.700,52.54610239795972,-1.4630478457689169,239.46098659006003,189.8125991001262,False,52.568075686499725,-1.467355069068063
2020-01-08 10:18:20.800,52.54608994105503,-1.4630648287679326,237.44602750892093,190.59913887686577,False,52.56808026099586,-1.4673807801638183
2020-01-08 10:18:20.900,52.54607718088951,-1.4630812414757275,237.03069049834744,191.38877549392632,False,52.56808423920546,-1.467406460957662
2020-01-08 10:18:21.000,52.54606477971371,-1.4630983292744184,235.56324854880464,192.18537730863753,False,52.56808805538484,-1.4674322799852189
2020-01-08 10:18:21.100,52.54605231657987,-1.4630224023937355,234.12947116687582,192.9881601693288,False,52.56809141091281,-1.4674581741315889
2020-01-08 10:18:21.200,52.546039676337685,-1.4630392863528223,233.03785958904146,193.7955702217209,False,52.56809430830307,-1.467484234317631
2020-01-08 10:18:21.300,52.54602743204582,-1.4630566445241393,230.51731037976208,194.61075005281742,False,52.56809682641655,-1.467510283713862
2020-01-08 10:18:21.400,52.54601419349903,-1.46307256514701,232.15818230779388,195.42314211381097,False,52.568098596113416,-1.4675364213884576
2020-01-08 10:18:21.500,52.546001577056224,-1.4630892573447927,231.21514135419832,196.23919201638324,False,52.56810070710931,-1.467562426019755
2020-01-08 10:18:21.600,52.54598820154075,-1.4631048129083204,233.7841630049818,197.0495012579453,False,52.56810250710963,-1.467588418325775
2020-01-08 10:18:21.700,52.545974672696694,-1.46302714128099,236.58395953395544,197.8515988076931,False,52.56810496655701,-1.4676142531378222
2020-01-08 10:18:21.800,52.545961220628705,-1.4630422382375572,239.0615989648698,198.64504854590277,False,52.56810813935455,-1.4676397607496419
2020-01-08 10:18:21.900,52.54594782539763,-1.4630572112241877,241.21411792811602,199.43003457068872,False,52.568111882400615,-1.467665022177885
2020-01-08 10:18:22.000,52.54593496032795,-1.4630725931354243,241.4964072878126,200.215188687308,False,52.568116132448004,-1.4676899419245082
2020-01-08 10:18:22.100,52.545921744058695,-1.4630874946130918,243.08244696918308,200.9937772982117,False,52.56812036967744,-1.4677148454414803
2020-01-08 10:18:22.200,52.54590945104345,-1.4631035213517483,240.6061225882105,201.78624882666085,False,52.56812493474354,-1.467739598087277
2020-01-08 10:18:22.300,52.545896330177946,-1.4630256167498452,241.3232729480124,202.5767787006688,False,52.568128857019474,-1.467764478701465
2020-01-08 10:18:22.400,52.54588402955852,-1.4630417138343215,238.9105990542725,203.37971169598376,False,52.5681329866604,-1.4677892642707495
2020-01-08 10:18:22.500,52.545871900790395,-1.463058217970802,236.0943015810509,204.19485199924605,False,52.56813650580935,-1.4678142448889748
2020-01-08 10:18:22.600,52.54586008814213,-1.4630751722088875,231.98968437374376,205.0233033305527,False,52.56813928502928,-1.467839344137391
2020-01-08 10:18:22.700,52.54584774886989,-1.4630914556731656,230.06420644847802,205.85707104919337,False,52.56814102819398,-1.467864618267601
2020-01-08 10:18:22.800,52.545834966627545,-1.4631071620467768,230.16880832618602,206.69183705444578,False,52.56814227093194,-1.467889980047547
2020-01-08 10:18:22.900,52.54582293284298,-1.4630309199092066,227.31813066004702,207.5321303918189,False,52.568143470036425,-1.467915341343319
2020-01-08 10:18:23.000,52.54581001172966,-1.4630459531196096,230.05988158395823,208.36949265945455,False,52.56814386851485,-1.4679404464642052
2020-01-08 10:18:23.100,52.5457972707159,-1.463061509674798,230.89256488046584,209.2064028039795,False,52.5681449683377,-1.4679656647223052
2020-01-08 10:18:23.200,52.545784062683175,-1.4630763579422665,233.95180129573737,210.03698748135926,False,52.568146263716706,-1.4679907777688848
2020-01-08 10:18:23.300,52.54577102493497,-1.4630914299041395,235.61467437380205,210.86370992724187,False,52.56814836505605,-1.4680157582394984
2020-01-08 10:18:23.400,52.54575828420251,-1.463106556530333,236.2168159143675,211.68970225979407,False,52.568150777909274,-1.4680404246876226
2020-01-08 10:18:23.500,52.54574559068114,-1.463028934669759,237.2636659237214,212.513339963232,False,52.56815335236931,-1.4680651494550048
2020-01-08 10:18:23.600,52.54573291273007,-1.4630442460654252,237.62921946915364,213.3369163239821,False,52.56815618441506,-1.4680898011630856
2020-01-08 10:18:23.700,52.5457200980868,-1.4630592519940984,238.91197683063024,214.15681907252136,False,52.56815903486224,-1.4681143370313587
2020-01-08 10:18:23.800,52.5457078976032,-1.463074738869447,237.78792187933948,214.98249755805585,False,52.56816217059306,-1.4681385670562794
2020-01-08 10:18:23.900,52.54569491275613,-1.4630892138006752,240.11558698889093,215.8000511176035,False,52.56816499375391,-1.4681628174043253
2020-01-08 10:18:24.000,52.545682066406954,-1.4631038053453986,241.4101303516624,216.6131473429552,False,52.568168414102836,-1.4681868995934622
2020-01-08 10:18:24.100,52.54566934217494,-1.4630256786695996,241.38462427058812,217.42775964946065,False,52.56817219129794,-1.4682109399069767
2020-01-08 10:18:24.200,52.54565690422702,-1.4630406183836284,241.07762100442864,218.24527081854146,False,52.568175979949,-1.4682347457941962
2020-01-08 10:18:24.300,52.545644824231715,-1.4630560376907071,239.339500382877,219.07171329090522,False,52.56817972500379,-1.4682585464371107
2020-01-08 10:18:24.400,52.545632772795905,-1.4630716197291342,237.07407415449825,219.90805453731505,False,52.568183031646534,-1.4682825072586068
2020-01-08 10:18:24.500,52.5456204264626,-1.4630867234817553,236.51509127024548,220.74758792059689,False,52.56818575518448,-1.4683064678010815
2020-01-08 10:18:24.600,52.54560819932482,-1.4631019499723645,235.53639041411424,221.59151081166843,False,52.56818831702816,-1.468330427177318
2020-01-08 10:18:24.700,52.54559604715679,-1.46302447972923,234.4393331339842,222.4398746438043,False,52.5681906326927,-1.4683545418084731
2020-01-08 10:18:24.800,52.545583955435575,-1.4630397909472934,233.3727915995271,223.29221967456996,False,52.56819264541664,-1.4683785218432142
2020-01-08 10:18:24.900,52.54557151548274,-1.4630546800444946,233.68519878108376,224.14497498326816,False,52.568194377272384,-1.4684025556442073
2020-01-08 10:18:25.000,52.5455592668027,-1.4630697044924499,233.28636884112225,224.99991421149016,False,52.56819617121672,-1.4684264915727205
2020-01-08 10:18:25.100,52.545546918318,-1.4630845317392227,233.55418682885937,225.8553931795832,False,52.568198127958574,-1.4684503266925208
2020-01-08 10:18:25.200,52.5455344577595,-1.4630991708296008,233.917019945934,226.71113327086766,False,52.56820027230819,-1.468474072001465
2020-01-08 10:18:25.300,52.54552185775012,-1.4630206157835626,235.5635752414516,227.5635262991996,False,52.56820258716508,-1.4684976959590712
2020-01-08 10:18:25.400,52.545509695494744,-1.4630353672034915,235.41954801244998,228.41757740168842,False,52.568205312310056,-1.4685210721843773
2020-01-08 10:18:25.500,52.54549755220572,-1.4630500942311924,235.32239612081352,229.27313691337068,False,52.56820810772369,-1.468544375155939
2020-01-08 10:18:25.600,52.54548553680169,-1.4630648099636812,235.02239253985954,230.13077499944532,False,52.568211014714635,-1.4685674937307154
2020-01-08 10:18:25.700,52.545473366450885,-1.4630792313836374,235.10592728490923,230.98936253307065,False,52.56821390926204,-1.4685905175833462
2020-01-08 10:18:25.800,52.545461371393685,-1.4630936580159415,235.12457949946,231.84912325303736,False,52.568216630199,-1.4686134205241217
2020-01-08 10:18:25.900,52.54544937376624,-1.4631078903636978,235.80696175175763,232.70812473528767,False,52.568219297444536,-1.4686361742377483
2020-01-08 10:18:26.000,52.545437601061316,-1.4630291853989368,235.75429853737646,233.5684958258237,False,52.568222237059686,-1.46865861159704
2020-01-08 10:18:26.100,52.545426036926976,-1.4630432736964034,235.093466838111,234.43196087430607,False,52.56822510428513,-1.4686807393546268
2020-01-08 10:18:26.200,52.54541421193688,-1.4630567507730359,236.5378263080858,235.29235786425596,False,52.56822798764803,-1.468702597778165
2020-01-08 10:18:26.300,52.54540265838792,-1.46307023883706,236.89638122873544,236.15282556769884,False,52.56823115251609,-1.468724096459355
2020-01-08 10:18:26.400,52.54539117621008,-1.4630835181631614,237.19343816604714,237.01354336486196,False,52.568234092137104,-1.4687454315966857
2020-01-08 10:18:26.500,52.54538001336162,-1.4630968099068657,236.41725438628447,237.87796850994403,False,52.568237111624065,-1.468766424815867
2020-01-08 10:18:26.600,52.54536913216286,-1.4631101141200478,234.8070980844996,238.74820550498606,False,52.56823978299884,-1.4687872566730473
2020-01-08 10:18:26.700,52.545358086786344,-1.4630299710909052,235.2852870104617,239.61835440752796,False,52.56824205101782,-1.4688079353495116
2020-01-08 10:18:26.800,52.54534724614303,-1.4630427164076107,235.13242259997503,240.49010074490891,False,52.56824433148626,-1.4688283659336239
2020-01-08 10:18:26.900,52.54533664786933,-1.4630553155873862,234.7698161502172,241.36399283930467,False,52.56824654730472,-1.4688484517344456
2020-01-08 10:18:27.000,52.545325842289216,-1.4630674055440325,235.51512374140765,242.2370317176092,False,52.56824878708261,-1.468868303969679
2020-01-08 10:18:27.100,52.54531548116218,-1.4630796186171198,235.7862414794596,243.1105366562622,False,52.56825102420178,-1.4688878213991987
2020-01-08 10:18:27.200,52.54530523635825,-1.4630915137346878,235.77845221278156,243.98522742354274,False,52.568253213890685,-1.4689069720721717
2020-01-08 10:18:27.300,52.54529509606054,-1.4631031214594872,236.33714361572424,244.8594921922622,False,52.568255134747226,-1.4689258542462482
2020-01-08 10:18:27.400,52.545285061185055,-1.4630214762888658,236.95148819764353,245.73306640712818,False,52.56825716681936,-1.468944337362978
2020-01-08 10:18:27.500,52.545275025390275,-1.4630324792543872,237.59086022522487,246.60576740279606,False,52.568259369575806,-1.4689625253853522
2020-01-08 10:18:27.600,52.54526539912649,-1.463043700503272,238.0271998316881,247.47829925731276,False,52.56826153997147,-1.4689805066929065
2020-01-08 10:18:27.700,52.545255610667205,-1.4630544725619008,237.85565233931254,248.35253706883955,False,52.56826369883294,-1.4689982717238754
2020-01-08 10:18:27.800,52.5452460942847,-1.4630652374259632,237.373304727732,249.2295920576217,False,52.56826577942738,-1.4690157801638648
2020-01-08 10:18:27.900,52.54523661108896,-1.4630757145663478,237.65427386151765,250.10695070837394,False,52.56826786722187,-1.4690329971030933
2020-01-08 10:18:28.000,52.54522688688669,-1.4630858524674581,238.11421002251944,250.9839255270778,False,52.56826994097264,-1.4690501607229793
2020-01-08 10:18:28.100,52.545217090985375,-1.4630957068111274,238.69888313615422,251.86006087474206,False,52.568272151094135,-1.4690671042482282
2020-01-08 10:18:28.200,52.545207735577684,-1.4631054488559045,238.34934964798674,252.73865857848924,False,52.56827446291156,-1.4690834892390856
2020-01-08 10:18:28.300,52.545198711340305,-1.4630220757643768,237.09521932227904,253.62252909084225,False,52.56827664745276,-1.4690994373818624
2020-01-08 10:18:28.400,52.545189557629584,-1.4630313114474727,237.02864440904654,254.50777633967286,False,52.568278893469994,-1.4691151858842106
2020-01-08 10:18:28.500,52.545180855807345,-1.4630409042305679,236.7536407676312,255.39510876214027,False,52.568281180134534,-1.4691307772940703
2020-01-08 10:18:28.600,52.545172005359326,-1.4630502386543862,236.5261248445529,256.28422795828595,False,52.56828334060238,-1.469146333029397
2020-01-08 10:18:28.700,52.5451633844906,-1.4630594857091532,236.32249823865033,257.1751109272997,False,52.568285363455956,-1.4691616381379
2020-01-08 10:18:28.800,52.545154859785605,-1.4630689412067288,236.21227117926247,258.0674873117211,False,52.56828735963065,-1.4691770298185918
2020-01-08 10:18:28.900,52.54514635718193,-1.463078328550172,235.93882909163685,258.9617483424082,False,52.56828925841444,-1.4691923708001622
2020-01-08 10:18:29.000,52.545137790285324,-1.4630874230027653,235.9302026867676,259.85715194545674,False,52.56829107086397,-1.4692075489030125
2020-01-08 10:18:29.100,52.545129355722125,-1.4630965763576556,235.7362644461571,260.7542227728541,False,52.56829286585694,-1.4692226518464044
2020-01-08 10:18:29.200,52.54512071238374,-1.4631054841484719,235.59780174922759,261.65274073852487,False,52.56829456567556,-1.469237770515834
2020-01-08 10:18:29.300,52.54511199501769,-1.4630212542420804,235.8738148997476,262.5516612120258,False,52.56829619131832,-1.4692528072458755
2020-01-08 10:18:29.400,52.545103548307466,-1.463030083403257,235.05546400503107,263.4537780474467,False,52.56829779326772,-1.4692676945526755
2020-01-08 10:18:29.500,52.54509498384573,-1.4630389005828839,235.4254218994747,264.35612949887394,False,52.56829954270198,-1.4692826344305077
2020-01-08 10:18:29.600,52.54508611396462,-1.4630475740725895,236.30936436402462,265.2572640961128,False,52.5683013062106,-1.4692977294898282
2020-01-08 10:18:29.700,52.545077714567654,-1.4630565196936065,234.7417298150116,266.16346271210557,False,52.56830322256582,-1.4693125565382381
2020-01-08 10:18:29.800,52.545068913657815,-1.4630649259405621,235.57283963770118,267.06875833512413,False,52.56830522480818,-1.4693272727261344
2020-01-08 10:18:29.900,52.54506039562139,-1.463073582914809,235.58640421591494,267.9751709850305,False,52.56830745434307,-1.4693418376453855
2020-01-08 10:18:30.000,52.545051835733624,-1.4630820921860286,234.77243662834152,268.8845967213898,False,52.56830984653117,-1.4693562420076736
2020-01-08 10:18:30.100,52.54504361421565,-1.4630908302485996,233.59268490115903,269.79763237149945,False,52.56831232085904,-1.4693704832814385
2020-01-08 10:18:30.200,52.54503522402255,-1.4630993552042042,233.53162731178645,270.7118624324252,False,52.568314870773236,-1.4693846744106744
2020-01-08 10:18:30.300,52.545026690272785,-1.4631078078327637,233.21242383634052,271.6277392219958,False,52.56831728079607,-1.4693990058351902
2020-01-08 10:18:30.400,52.545018301826055,-1.4630233539548363,232.83069566665267,272.54537037622305,False,52.568319675842275,-1.469413234769495
2020-01-08 10:18:30.500,52.5450102186567,-1.4630320737547817,230.8978767514503,273.4667937210502,False,52.56832192861159,-1.469427445942656
2020-01-08 10:18:30.600,52.54500218482328,-1.4630407315153022,229.63071425188502,274.39046740856804,False,52.5683239002602,-1.469441709495301
2020-01-08 10:18:30.700,52.54499407026025,-1.463049132029864,228.8575598754678,275.31567602484614,False,52.56832563457593,-1.469455950135119
2020-01-08 10:18:30.800,52.54498605390415,-1.4630575292962908,228.13604174448713,276.24223324974975,False,52.568327278418025,-1.4694701514320119
2020-01-08 10:18:30.900,52.54497761090029,-1.4630653667094686,229.42860292041323,277.16915242522714,False,52.568328871893165,-1.4694843236789077
2020-01-08 10:18:31.000,52.544969115239915,-1.4630731481706556,230.95282152485078,278.0957044316534,False,52.56833032636558,-1.4694984993761977
2020-01-08 10:18:31.100,52.54496071057667,-1.46308102385312,231.1973447474216,279.0230049050935,False,52.56833203466114,-1.4695125547951007
2020-01-08 10:18:31.200,52.54495248466631,-1.463088952011951,231.51748825170856,279.950964557849,False,52.56833381529182,-1.469526456676368
2020-01-08 10:18:31.300,52.544943855420684,-1.463096412054227,233.67450211877656,280.87648288778973,False,52.56833568612059,-1.4695403032472654
2020-01-08 10:18:31.400,52.54493494413585,-1.463103645494899,235.53166383442493,281.79895260511853,False,52.568337875123284,-1.4695540620077236
2020-01-08 10:18:31.500,52.544926270403266,-1.463018165739153,235.4159892537316,282.722786455151,False,52.56834037001503,-1.469567627667371
2020-01-08 10:18:31.600,52.544917558741986,-1.4630256244606021,235.93292833510336,283.64643691343895,False,52.56834292831721,-1.469581193214453
2020-01-08 10:18:31.700,52.54490838989033,-1.4630324786596933,238.14941072044155,284.5647445005585,False,52.56834557554628,-1.4695946164385554
2020-01-08 10:18:31.800,52.544899122062816,-1.4630393292832016,239.61444814158125,285.47915937355106,False,52.5683485632745,-1.469607933373054
2020-01-08 10:18:31.900,52.54488991328211,-1.4630463265786646,240.24236910759555,286.3924114534163,False,52.56835176373976,-1.469621190004069
2020-01-08 10:18:32.000,52.544880878020415,-1.4630535509899978,240.05404558980015,287.3075651297741,False,52.56835513820901,-1.4696343560866212
2020-01-08 10:18:32.100,52.544871580033266,-1.4630605532108774,240.92935942946286,288.22049502999596,False,52.56835863445292,-1.4696474725158608
2020-01-08 10:18:32.200,52.5448624452474,-1.4630677568263841,240.95448871363368,289.1345303537893,False,52.568362328155594,-1.4696604603412182
2020-01-08 10:18:32.300,52.54485335869128,-1.4630750424636605,240.16168719932494,290.05275114273957,False,52.56836595682185,-1.4696735076640994
2020-01-08 10:18:32.400,52.54484461100362,-1.4630828383595031,237.6498262569222,290.980548330746,False,52.568369642263164,-1.469686618213835
2020-01-08 10:18:32.500,52.54483563070266,-1.4630904328281475,237.85929055493017,291.90886374450395,False,52.56837302377847,-1.4696999567857605
2020-01-08 10:18:32.600,52.54482656878469,-1.4630982404875945,237.4256588049414,292.8395406560965,False,52.56837656810543,-1.469713446789656
2020-01-08 10:18:32.700,52.54481801583214,-1.4631067855558417,234.98874117274573,293.7775236009909,False,52.56838013027339,-1.4697270917725282
2020-01-08 10:18:32.800,52.5448091804286,-1.4630222417835768,233.5522481624397,294.71933235224134,False,52.56838339896109,-1.4697410769823351
2020-01-08 10:18:32.900,52.54480046921407,-1.4630306989017299,232.96735900004614,295.66317412961075,False,52.56838643641476,-1.4697551588932591
2020-01-08 10:18:33.000,52.544791689910554,-1.4630392140543378,232.94956481700714,296.60808455102097,False,52.56838943627089,-1.46976938974043
2020-01-08 10:18:33.100,52.54478310905031,-1.4630481113664564,231.83315765668786,297.5555670606597,False,52.56839252127392,-1.4697837242259075
2020-01-08 10:18:33.200,52.5447742989612,-1.4630569144957335,231.74805989329278,298.5041671642884,False,52.56839552501759,-1.469798267358159
2020-01-08 10:18:33.300,52.54476540682819,-1.4630659121775744,231.40024071780485,299.4541739538901,False,52.568398596547205,-1.4698130287974815
2020-01-08 10:18:33.400,52.544756737621555,-1.4630751944249352,230.88707014494187,300.40572331406133,False,52.56840165665324,-1.4698278487080774
2020-01-08 10:18:33.500,52.544747968759914,-1.463084365180961,230.40285346908547,301.3586772634646,False,52.56840478116539,-1.4698426477074806
2020-01-08 10:18:33.600,52.544739025167054,-1.46309344434315,230.39932970265394,302.3126355313256,False,52.568407963023446,-1.4698575198968706
2020-01-08 10:18:33.700,52.544730328121815,-1.4631027758674227,229.74932226307152,303.2680380445098,False,52.56841115132779,-1.4698723805816938
2020-01-08 10:18:33.800,52.54472165923199,-1.4630192548474783,229.33166284028619,304.2246536215737,False,52.568414387162086,-1.4698872887711183
2020-01-08 10:18:33.900,52.54471293739116,-1.463028710866155,229.39929348968334,305.1822421589524,False,52.568417587455414,-1.4699023251013297
2020-01-08 10:18:34.000,52.54470427392072,-1.463038318199565,229.34043665412307,306.14085873401586,False,52.5684207797059,-1.4699174468836895
2020-01-08 10:18:34.100,52.54469556323293,-1.463047790840257,229.52901196096383,307.1003835049543,False,52.56842399579192,-1.4699324884419922
2020-01-08 10:18:34.200,52.54468674129253,-1.4630572613196424,229.92263561716624,308.06068926110277,False,52.568427311223715,-1.4699475764085108
2020-01-08 10:18:34.300,52.54467815194943,-1.4630668798914699,230.02643134123863,309.02193665713605,False,52.56843072383321,-1.469962500737655
2020-01-08 10:18:34.400,52.54466956711309,-1.4630764197004467,230.05720739019756,309.9841567223016,False,52.56843421414797,-1.469977302353816
2020-01-08 10:18:34.500,52.54466094965919,-1.4630860485310622,229.98948199372728,310.9474140146934,False,52.56843770057792,-1.4699922219394026
2020-01-08 10:18:34.600,52.544652446355855,-1.4630957686915724,229.89833313510385,311.9117247125649,False,52.568441219483184,-1.4700070964318346
2020-01-08 10:18:34.700,52.54464399445163,-1.4631054142302684,229.87961149122546,312.8770373882733,False,52.56844466105958,-1.4700219096577705
2020-01-08 10:18:34.800,52.5446355667834,-1.463022065848274,230.3369670176761,313.8430508934447,False,52.56844800504792,-1.4700367130044962
2020-01-08 10:18:34.900,52.54462720256191,-1.4630318326502296,230.2923273799772,314.8100891282459,False,52.5684513593458,-1.4700515957148272
2020-01-08 10:18:35.000,52.544619069552425,-1.463041677848666,230.4723066730485,315.7780026933821,False,52.56845471993413,-1.4700663202481725
2020-01-08 10:18:35.100,52.544611109029105,-1.4630516994425016,230.4989174788694,316.7468971720657,False,52.568458010777135,-1.4700810712504837
2020-01-08 10:18:35.200,52.544603146259156,-1.4630615909984659,230.34390758827004,317.7168831643781,False,52.568461146957816,-1.470095803241309
2020-01-08 10:18:35.300,52.544595076811426,-1.4630712018733387,230.47138277053762,318.68775299260676,False,52.568464175187145,-1.4701104618786747
2020-01-08 10:18:35.400,52.5445870666012,-1.4630807410012128,230.90516703168345,319.6592663966589,False,52.568467165446066,-1.4701250197943443
2020-01-08 10:18:35.500,52.54457902464869,-1.4630903780866207,230.8968861272154,320.6317690322013,False,52.568470304587436,-1.4701396019692654
2020-01-08 10:18:35.600,52.54457120944758,-1.4631002030424447,230.20699818266107,321.6057818105972,False,52.56847342362025,-1.4701541406596905
2020-01-08 10:18:35.700,52.54456326969481,-1.4631096458467387,230.0961839091964,322.58083344017484,False,52.56847628304696,-1.4701686327689163
2020-01-08 10:18:35.800,52.54455538253745,-1.4630261023267503,229.81382897086544,323.5570224503442,False,52.56847905824007,-1.470183081267252
2020-01-08 10:18:35.900,52.544547575899635,-1.4630355218304862,228.9782222104394,324.5345159970682,False,52.56848170410632,-1.4701975510679537
2020-01-08 10:18:36.000,52.5445397000822,-1.4630449371508072,228.48999767878607,325.513077509996,False,52.56848447862431,-1.4702120492916828
2020-01-08 10:18:36.100,52.544532069392694,-1.4630545626310327,227.33528793805758,326.4925359180686,False,52.568487084694404,-1.4702265940239698
2020-01-08 10:18:36.200,52.5445242141427,-1.4630638651830064,227.87169016592318,327.47305274327607,False,52.568489756667525,-1.4702410940952217
2020-01-08 10:18:36.300,52.54451651229449,-1.463073432891424,227.25758002368468,328.4544343657052,False,52.568492366011874,-1.4702556879107365
2020-01-08 10:18:36.400,52.54450867386198,-1.4630828683547572,226.96341329081076,329.43669857217344,False,52.568494806202544,-1.4702704091874121
2020-01-08 10:18:36.500,52.54450077623146,-1.4630923017296968,226.96822322444905,330.4199346060485,False,52.56849720064931,-1.4702852238418662
2020-01-08 10:18:36.600,52.54449289786704,-1.4631018253329584,226.579973725597,331.40398120291184,False,52.568499470154975,-1.4703001548418675
2020-01-08 10:18:36.700,52.54448495042458,-1.4630185201716284,227.00612229903402,332.3891648764014,False,52.56850164052215,-1.4703153056883858
2020-01-08 10:18:36.800,52.54447706114812,-1.4630282597341344,227.26148471140334,333.3753898895309,False,52.568503921470416,-1.4703304346038428
2020-01-08 10:18:36.900,52.54446902238419,-1.463038055995326,227.98798481499875,334.3626891231299,False,52.56850622603932,-1.4703457444218528
2020-01-08 10:18:37.000,52.54446114385919,-1.4630481156350463,228.57476817571106,335.35092174697047,False,52.568508677220336,-1.47036103547868
2020-01-08 10:18:37.100,52.544453148340054,-1.4630582026975703,228.52479246677416,336.3401216733883,False,52.56851131377202,-1.4703763683827467
2020-01-08 10:18:37.200,52.54444497213189,-1.4630682815608653,228.54189291336118,337.33028000836725,False,52.56851387940946,-1.4703919125369693
2020-01-08 10:18:37.300,52.54443689609263,-1.4630786013132127,228.58582040966007,338.32139531427504,False,52.568516566759726,-1.4704075089389708
2020-01-08 10:18:37.400,52.544428834820636,-1.4630891034188789,228.86536024799955,339.3134202546571,False,52.5685189646616,-1.470423373507307
2020-01-08 10:18:37.500,52.54442081608939,-1.4630999984661865,227.48746708222163,340.30642787589636,False,52.56852125818991,-1.470439563355183
2020-01-08 10:18:37.600,52.544412667691006,-1.4630178584376652,227.02603057603127,341.3002681917579,False,52.568523328202296,-1.4704559286825747
2020-01-08 10:18:37.700,52.54440458201008,-1.4630288320955067,226.9371813625943,342.29502755396004,False,52.56852531328951,-1.4704724278821548
2020-01-08 10:18:37.800,52.544396676508974,-1.4630402059280996,225.08785563410916,343.2895187813945,False,52.568527301709295,-1.4704890870621783
2020-01-08 10:18:37.900,52.54438842178442,-1.4630513676479209,224.46418342913054,344.2843342912603,False,52.56852898552545,-1.4705060898093618
2020-01-08 10:18:38.000,52.544380134105786,-1.4630626017193038,223.1698210570536,345.2783963239715,False,52.56853082701304,-1.470523176035579
2020-01-08 10:18:38.100,52.54437163406369,-1.4630736442977283,223.44436116282876,346.2738341895085,False,52.568532447884756,-1.4705404503474686
2020-01-08 10:18:38.200,52.54436324449602,-1.463084972622189,222.66420797313341,347.26901569957994,False,52.56853417336232,-1.4705578107292947
2020-01-08 10:18:38.300,52.544354520721875,-1.463096133446238,223.5244052303525,348.26651132278,False,52.568535774482626,-1.4705754518976895
2020-01-08 10:18:38.400,52.54434603951686,-1.4631078537121271,222.68286977371474,349.2636567636645,False,52.56853759015288,-1.4705932058622495
2020-01-08 10:18:38.500,52.544337417686485,-1.4630264263504429,223.3926965744799,350.2628719041679,False,52.56853934417777,-1.4706109970300003
2020-01-08 10:18:38.600,52.544328485676175,-1.4630379121228725,223.8483075583157,351.2637210803288,False,52.568541295601875,-1.4706289975311102
2020-01-08 10:18:38.700,52.54431962646146,-1.4630495445911116,225.047392886032,352.26683593493567,False,52.56854312582872,-1.470647058041333
2020-01-08 10:18:38.800,52.5443104465169,-1.4630612167208252,227.74044273743,353.2722428724751,False,52.56854522899181,-1.4706653492304596
2020-01-08 10:18:38.900,52.544301266580945,-1.4630731051666384,230.04757782873074,354.2779136222208,False,52.56854788144055,-1.4706835309031616
2020-01-08 10:18:39.000,52.54429244817834,-1.4630857927686127,229.6917509559378,355.28475099141554,False,52.56855103666234,-1.4707017291835243
2020-01-08 10:18:39.100,52.5442835994782,-1.4630985973767008,229.07171440381128,356.29280832238993,False,52.56855412404109,-1.4707200943135719
2020-01-08 10:18:39.200,52.54427460937255,-1.463018364874557,229.31225489883653,357.30171690926244,False,52.568557101607524,-1.470738586821971
2020-01-08 10:18:39.300,52.54426563471444,-1.4630314037842378,228.44766925691505,358.31181167390747,False,52.5685601462431,-1.47075730618766
2020-01-08 10:18:39.400,52.5442562758981,-1.4630440528318736,230.06677439528212,359.3221949745032,False,52.56856302971523,-1.4707761958074308
2020-01-08 10:18:39.500,52.544247170057126,-1.4630571111377253,230.07261864231722,360.3335178773455,False,52.56856625121703,-1.4707949801676086
2020-01-08 10:18:39.600,52.544237827881354,-1.4630701209174595,231.80080611625417,361.3441849564687,False,52.568569513603336,-1.470813953351001
2020-01-08 10:18:39.700,52.54422872313679,-1.4630835308644243,231.66419101238748,362.3559570269894,False,52.56857307403008,-1.4708328473322678
2020-01-08 10:18:39.800,52.54421954530735,-1.4630970781080779,231.28641285470178,363.36908694028347,False,52.56857663898535,-1.470851930016918
2020-01-08 10:18:39.900,52.54421036535415,-1.4630178388966613,230.02298162479926,364.3842064462616,False,52.56858013528737,-1.4708711763988995
2020-01-08 10:18:40.000,52.54420122934055,-1.463031606094078,228.69398046426045,365.40082034813753,False,52.56858333146139,-1.470890588198935
2020-01-08 10:18:40.100,52.544192119847246,-1.4630454900100398,226.83543273966853,366.4181891754934,False,52.56858627596168,-1.4709102005253307
2020-01-08 10:18:40.200,52.54418265917631,-1.4630590192133959,226.50393301153773,367.4363468803327,False,52.56858884321952,-1.4709300873425069
2020-01-08 10:18:40.300,52.54417324433593,-1.4630727165394493,225.6607443765074,368.4549040097497,False,52.56859133356345,-1.4709501029819816
2020-01-08 10:18:40.400,52.54416385571303,-1.463086557834398,224.80745653827998,369.4736159629913,False,52.568593756664875,-1.4709702628896402
2020-01-08 10:18:40.500,52.544154039724354,-1.4630998678398766,226.84882538576366,370.494716816379,False,52.56859619492809,-1.4709904769454445
2020-01-08 10:18:40.600,52.54414434541108,-1.4630206500878413,226.28126478324785,371.5164939482909,False,52.5685990122383,-1.471010688219117
2020-01-08 10:18:40.700,52.54413445738422,-1.46303416678291,226.87476694552518,372.5394730911079,False,52.5686019306434,-1.4710309241089656
2020-01-08 10:18:40.800,52.54412470680455,-1.463048028060575,226.56502058667397,373.5632492206771,False,52.56860501482697,-1.4710512106277505
2020-01-08 10:18:40.900,52.54411497170854,-1.4630620284550513,225.98044061233492,374.5876243411377,False,52.568608083173935,-1.4710716120824148
2020-01-08 10:18:41.000,52.54410503564449,-1.4630758231809742,226.15197934832204,375.61303823353546,False,52.56861125126521,-1.471092044047081
2020-01-08 10:18:41.100,52.54409491901575,-1.4630894598871569,227.20556657257353,376.63982440353476,False,52.568614563860564,-1.4711124782838574
2020-01-08 10:18:41.200,52.544085008278884,-1.4631035500201053,227.44629753755083,377.66758239637375,False,52.568618127701825,-1.4711329152207449
2020-01-08 10:18:41.300,52.54407517212836,-1.4630248887134887,226.6287175256471,378.69601254387294,False,52.568621701136564,-1.4711534146354348
2020-01-08 10:18:41.400,52.544065091665736,-1.46303898873797,226.4857359488052,379.7253038005232,False,52.56862542055441,-1.471173991668549
2020-01-08 10:18:41.500,52.54405504227935,-1.4630532160548706,226.49551545015368,380.75551633184176,False,52.56862919666263,-1.4711946174244441
2020-01-08 10:18:41.600,52.54404484009094,-1.4630672588360867,226.72800930997744,381.7867573508373,False,52.56863295083285,-1.4712152750030185
2020-01-08 10:18:41.700,52.544034571439546,-1.4630813829007427,227.5039691446094,382.81912848810185,False,52.56863670091038,-1.471236069488742
2020-01-08 10:18:41.800,52.54402424037212,-1.463095509478995,228.1821484842888,383.85244209323076,False,52.56864048732906,-1.4712569009388488
2020-01-08 10:18:41.900,52.54401406174646,-1.4631099446196871,228.1193161549203,384.88667642156946,False,52.56864431470082,-1.4712777839720719
2020-01-08 10:18:42.000,52.54400377935387,-1.4630314240482774,227.88102676432456,385.9218297274927,False,52.56864807696313,-1.4712988011294688
2020-01-08 10:18:42.100,52.54399336258867,-1.4630459187895348,227.80123802468762,386.9578960509648,False,52.56865165707906,-1.4713201199281807
2020-01-08 10:18:42.200,52.54398298263983,-1.4630604186890308,228.42452333262915,387.9948439273236,False,52.56865499967797,-1.4713415101286864
2020-01-08 10:18:42.300,52.54397296017514,-1.4630754513007427,227.46698994363769,389.0326958227085,False,52.568658546999615,-1.4713628388320699
2020-01-08 10:18:42.400,52.54396269082551,-1.4630904192289789,227.6275272234293,390.0714833092718,False,52.568662242532625,-1.4713843355039309
2020-01-08 10:18:42.500,52.54395246284423,-1.4631053997486636,226.51010690956974,391.110856571482,False,52.56866592169713,-1.4714058047351017
2020-01-08 10:18:42.600,52.54394180837257,-1.463027018888907,227.22737177267499,392.1513998551417,False,52.56866917430125,-1.4714276146632892
2020-01-08 10:18:42.700,52.543931369248426,-1.4630420251178846,226.81103752979055,393.19272321642893,False,52.56867246829068,-1.4714495156668663
2020-01-08 10:18:42.800,52.54392085038677,-1.4630567692076997,227.0803735088698,394.2350437073773,False,52.56867580196822,-1.4714712917601311
2020-01-08 10:18:42.900,52.54391040758681,-1.4630717549101973,226.46007989643698,395.27803388226766,False,52.568679271812556,-1.4714931155114785
2020-01-08 10:18:43.000,52.54389992401833,-1.4630866329958734,226.81908923998682,396.3220803356533,False,52.568682828386464,-1.4715148770575472
2020-01-08 10:18:43.100,52.54388940142165,-1.4631014286329416,227.33299811523466,397.36718139222046,False,52.56868657094652,-1.4715365261201174
2020-01-08 10:18:43.200,52.54387895362092,-1.46302335071066,227.70456651092036,398.4132385443365,False,52.568690530836804,-1.4715580300267745
2020-01-08 10:18:43.300,52.54386865996918,-1.4630384208096543,227.32457336374728,399.4601443364875,False,52.568694652254564,-1.4715794446115351
2020-01-08 10:18:43.400,52.54385828630422,-1.4630532993296719,227.79727645508223,400.5080127534324,False,52.568698834018306,-1.4716007712242558
2020-01-08 10:18:43.500,52.54384789516013,-1.4630681558953302,227.98573494851976,401.55678663938835,False,52.5687030487723,-1.4716220771522481
2020-01-08 10:18:43.600,52.54383739484339,-1.4630829078428855,228.00464677742562,402.60646119530116,False,52.568707272045124,-1.4716434169324613
2020-01-08 10:18:43.700,52.543826886776394,-1.463097512628575,228.4776801719217,403.6569867857564,False,52.56871134439834,-1.4716647282713002
2020-01-08 10:18:43.800,52.54381656974725,-1.463019410647992,228.52487771713015,404.7084051233317,False,52.56871540819525,-1.4716860103085094
2020-01-08 10:18:43.900,52.543806140094944,-1.4630340190641762,228.67274502727835,405.76068668504223,False,52.56871943422456,-1.471707258147645
2020-01-08 10:18:44.000,52.54379561361058,-1.4630483251745414,229.37169833493581,406.8136105661629,False,52.568723339933555,-1.4717284340890155
2020-01-08 10:18:44.100,52.54378533209787,-1.4630630738501151,229.12001345999317,407.86754822355687,False,52.5687271523727,-1.4717497316418322
2020-01-08 10:18:44.200,52.543775380512244,-1.463078120544998,227.30091733162726,408.92253620814813,False,52.568730688063056,-1.4717710291195871
2020-01-08 10:18:44.300,52.54376513081918,-1.4630926301220415,226.69582183924706,409.9782313041293,False,52.56873431866386,-1.4717922088046973
2020-01-08 10:18:44.400,52.54375490604729,-1.4631071410940533,226.50913354257239,411.0347337032389,False,52.56873805007275,-1.47181332658022
2020-01-08 10:18:44.500,52.54374471971394,-1.463028574864171,226.9273424522955,412.0922980792263,False,52.56874154614839,-1.471834405438221
2020-01-08 10:18:44.600,52.54373428642343,-1.463042508736902,228.32007995126915,413.15090565066583,False,52.56874506139069,-1.4718554014642282
2020-01-08 10:18:44.700,52.54372379402757,-1.4630564206813645,230.2525575710219,414.20953850579554,False,52.56874886602173,-1.4718762929896982
2020-01-08 10:18:44.800,52.54371351846752,-1.4630704731285293,230.82734699855285,415.26856027849345,False,52.56875300655114,-1.4718968762827491
2020-01-08 10:18:44.900,52.543703275841565,-1.4630844743685953,231.03563852375217,416.32826439191797,False,52.56875715802642,-1.471917377840635
2020-01-08 10:18:45.000,52.54369339738254,-1.4630989061870876,229.81408777427035,417.38988285825224,False,52.568761152806914,-1.4719378976424407
2020-01-08 10:18:45.100,52.54368362665029,-1.4630205094128277,228.2789604033214,418.4529452232778,False,52.56876481507022,-1.4719585415410923
2020-01-08 10:18:45.200,52.54367385320219,-1.4630349832041425,226.4278347077105,419.5165089942549,False,52.56876813518752,-1.4719792971827697
2020-01-08 10:18:45.300,52.54366398874828,-1.4630491160626542,225.49996120014714,420.58033526022314,False,52.568771041500185,-1.4720000811852925
2020-01-08 10:18:45.400,52.543654029603935,-1.4630629862762556,225.18920244970454,421.6447819714541,False,52.56877375560045,-1.4720208586001151
2020-01-08 10:18:45.500,52.54364432458839,-1.463077297566884,223.06710134542578,422.70739936768445,False,52.56877637057518,-1.4720417414689058
2020-01-08 10:18:45.600,52.54363461885246,-1.4630913878642593,221.99770992613568,423.76895506777953,False,52.56877850157989,-1.4720626726580768
2020-01-08 10:18:45.700,52.54362492905261,-1.463105141512646,220.60775899185512,424.8283716924379,False,52.56878036676363,-1.472083442294916
2020-01-08 10:18:45.800,52.543615218538605,-1.46302591414667,220.3175986452487,425.88794690177207,False,52.56878192734682,-1.4721043353019747
2020-01-08 10:18:45.900,52.543605387313725,-1.4630394470014705,219.9003098886385,426.94740548303275,False,52.56878313099869,-1.4721253068311668
2020-01-08 10:18:46.000,52.54359548182236,-1.4630527043937855,219.95646628282927,428.00796353801206,False,52.568783963159916,-1.472146223973109
2020-01-08 10:18:46.100,52.543585822529124,-1.4630661278534598,219.55160190197867,429.0683239742763,False,52.568784523164055,-1.472167014273277
2020-01-08 10:18:46.200,52.543576202893306,-1.4630795036002593,218.890369971144,430.1277264271046,False,52.568784517671276,-1.4721877655107847
2020-01-08 10:18:46.300,52.543566516829024,-1.4630928292292684,218.33000637862463,431.18636006416784,False,52.56878412118924,-1.4722085781752317
2020-01-08 10:18:46.400,52.54355691646052,-1.4631059012357543,218.2929100144586,432.2458139048496,False,52.56878336421443,-1.4722291080283152
2020-01-08 10:18:46.500,52.54354744080451,-1.4630259435398647,218.44996437732598,433.3066924366461,False,52.56878252608679,-1.4722494196482787
2020-01-08 10:18:46.600,52.54353785720102,-1.46303875214551,219.4077886967772,434.3713422609884,False,52.568781548442736,-1.4722697000693517
2020-01-08 10:18:46.700,52.543527952220295,-1.4630512603139931,221.34534172169865,435.4417172900975,False,52.568780770932456,-1.472290097705662
2020-01-08 10:18:46.800,52.543517989696916,-1.4630638784943517,222.99583463084198,436.51605484573497,False,52.56877983564207,-1.4723105454592966
2020-01-08 10:18:46.900,52.54350844178966,-1.463076983734218,222.61183972790562,437.59065181920323,False,52.568779227206214,-1.472330868781803
2020-01-08 10:18:47.000,52.543498555012015,-1.4630897919527763,224.27822127009057,438.66848087739817,False,52.56877870742129,-1.472351375510304
2020-01-08 10:18:47.100,52.5434886905834,-1.4631024144929972,226.2760279113542,439.74875511758114,False,52.568778512783226,-1.4723717034143242
2020-01-08 10:18:47.200,52.54347900851592,-1.463022330259,227.21759449109248,440.8301686488327,False,52.56877868668393,-1.4723919760866018
2020-01-08 10:18:47.300,52.54346959368431,-1.4630355748116184,226.20846333767034,441.9121616476437,False,52.568779066000545,-1.4724122261511234
2020-01-08 10:18:47.400,52.54346008723188,-1.4630486381572612,225.70747908335062,442.99475530424667,False,52.56877948500812,-1.4724324466809136
2020-01-08 10:18:47.500,52.5434505020601,-1.4630613702442616,226.34069615738892,444.07855070204744,False,52.568779862544154,-1.472452520200152
2020-01-08 10:18:47.600,52.54344125102314,-1.463074591662183,225.09877705586223,445.1624360634826,False,52.5687802100255,-1.4724725726813568
2020-01-08 10:18:47.700,52.54343183012006,-1.4630875473261664,224.55672882694316,446.2466991135116,False,52.56878028882026,-1.4724926400583171
2020-01-08 10:18:47.800,52.543422399629215,-1.4631006174313101,223.55087456917653,447.3306488386551,False,52.56878024109548,-1.472512809298341
2020-01-08 10:18:47.900,52.54341309353044,-1.4630208601769439,222.69093038013511,448.4141633374253,False,52.56877997501182,-1.4725329290105658
2020-01-08 10:18:48.000,52.54340387020347,-1.463033970577938,220.96939783418784,449.49524498656115,False,52.568779535353094,-1.4725529146403538
2020-01-08 10:18:48.100,52.54339439956823,-1.463046739786694,220.82641031088423,450.5769040598529,False,52.568778717521575,-1.4725729509146628
2020-01-08 10:18:48.200,52.54338485908779,-1.4630592574285424,220.79338571031494,451.6594161250879,False,52.56877791098025,-1.4725928919893525
2020-01-08 10:18:48.300,52.54337523883372,-1.4630718426730631,221.43037355283008,452.74418943795297,False,52.568777011811,-1.472612965530182
2020-01-08 10:18:48.400,52.54336561777512,-1.4630844093580655,222.1426303099657,453.83123281176813,False,52.568776149802105,-1.4726330135188277
2020-01-08 10:18:48.500,52.54335602218555,-1.4630972177578516,222.55630959302727,454.9198736958129,False,52.56877529662397,-1.472653191113713
2020-01-08 10:18:48.600,52.54334645610586,-1.4631098976906889,222.67269401021076,456.009601121753,False,52.56877452802793,-1.4726732443521824
2020-01-08 10:18:48.700,52.5433369351301,-1.4630298436424012,222.5908489417294,457.1000657527193,False,52.56877375962936,-1.472693390775009
2020-01-08 10:18:48.800,52.54332725798361,-1.4630425793528563,223.0641677839019,458.1921573830623,False,52.56877279854916,-1.4727135924957697
2020-01-08 10:18:48.900,52.54331772204862,-1.4630554970613003,222.1741241038261,459.2836927620255,False,52.56877185508154,-1.4727337574986223
2020-01-08 10:18:49.000,52.543308055714085,-1.4630683153646875,222.57666461900936,460.37677749444765,False,52.56877053121134,-1.472753961997983
2020-01-08 10:18:49.100,52.54329812855287,-1.463080910482745,223.65120825284365,461.47231421020655,False,52.568769327982814,-1.4727743236168738
2020-01-08 10:18:49.200,52.543288292836415,-1.4630936522447027,225.3933563572822,462.57037360333595,False,52.56876837487281,-1.4727947051219168
2020-01-08 10:18:49.300,52.54327861869796,-1.4631067765897534,225.31100612160327,463.669246003852,False,52.56876778141395,-1.4728152006610515
2020-01-08 10:18:49.400,52.54326896417717,-1.463027181191396,224.96050840530302,464.76871534222374,False,52.56876718810467,-1.4728358290877095
2020-01-08 10:18:49.500,52.54325895648838,-1.4630400004617647,226.41989930126525,465.86985655351896,False,52.568766671809804,-1.472856500381817
2020-01-08 10:18:49.600,52.54324923298698,-1.4630533399500805,226.36620377021583,466.97183601002905,False,52.56876648696625,-1.4728772314987524
2020-01-08 10:18:49.700,52.54323937484771,-1.4630665786344503,227.06904320050066,468.0748099980938,False,52.56876640826029,-1.4728980473971975
2020-01-08 10:18:49.800,52.54322991268598,-1.4630805485195708,225.56793559844814,469.17813009585115,False,52.568766477926424,-1.4729189324103913
2020-01-08 10:18:49.900,52.543220308032474,-1.4630945721747728,224.27427085564463,470.2812454568604,False,52.568766237029365,-1.4729400085710516
2020-01-08 10:18:50.000,52.54321058715945,-1.4631084942886516,222.76704673735813,471.3832732987098,False,52.56876566734625,-1.4729611344742812
2020-01-08 10:18:50.100,52.54320080207464,-1.4630293767595433,222.00556498509235,472.4848686393918,False,52.56876474214758,-1.4729822455716022
2020-01-08 10:18:50.200,52.54319093494944,-1.4630430802496877,222.0048169829847,473.58732755806017,False,52.56876373912613,-1.473003374615594
2020-01-08 10:18:50.300,52.543181001908984,-1.4630569410624437,221.5997495393305,474.6899053738705,False,52.56876272287824,-1.4730246917108427
2020-01-08 10:18:50.400,52.54317108678338,-1.4630706872601098,220.83927692030656,475.7917920062584,False,52.568761586606314,-1.4730458993572808
2020-01-08 10:18:50.500,52.54316099463015,-1.4630844260397267,220.24558274404933,476.89320439751316,False,52.568760541993846,-1.4730673410188566
2020-01-08 10:18:50.600,52.543150882882166,-1.4630980702089948,220.39069437161208,477.9958290413178,False,52.56875934056512,-1.473088733560019
2020-01-08 10:18:50.700,52.543140614692675,-1.4630187194611732,220.9068256318204,479.10051951570745,False,52.5687581192427,-1.4731102631164874
2020-01-08 10:18:50.800,52.54313045675521,-1.4630326837514416,220.7702981613766,480.2057727578126,False,52.56875669644808,-1.4731318836563
2020-01-08 10:18:50.900,52.543120120261435,-1.4630461009067979,222.68716590475358,481.3155014385014,False,52.568755190649654,-1.4731533177889549
2020-01-08 10:18:51.000,52.54310970377775,-1.463059539803633,223.64567819988548,482.42744130569747,False,52.56875399645659,-1.4731748814614323
2020-01-08 10:18:51.100,52.54309944226586,-1.4630732659857855,223.32528239220528,483.5398405213895,False,52.568753022923126,-1.473196487475896
2020-01-08 10:18:51.200,52.543089098413496,-1.463086942101386,223.0445813085371,484.6527236798819,False,52.56875179930376,-1.4732181244026643
2020-01-08 10:18:51.300,52.54307883344071,-1.4631007263422073,222.9224276675275,485.7662739569958,False,52.568750370954376,-1.4732397132749557
2020-01-08 10:18:51.400,52.5430685953458,-1.463021687806147,222.9607848502141,486.8807250371318,False,52.5687488756071,-1.473261340342474
2020-01-08 10:18:51.500,52.54305806947064,-1.4630351713280512,224.4247164998272,487.9977558318264,False,52.56874735167419,-1.4732830124489564
2020-01-08 10:18:51.600,52.54304762222224,-1.4630487691824987,225.04431664975,489.1161374152933,False,52.56874622045839,-1.4733047316984873
2020-01-08 10:18:51.700,52.543037220260295,-1.4630625884463904,225.63075303208126,490.23570400453514,False,52.56874528897897,-1.4733265797300077
2020-01-08 10:18:51.800,52.54302682464796,-1.4630764570971664,225.8454654449336,491.35621174915553,False,52.56874451117867,-1.473348474962918
2020-01-08 10:18:51.900,52.54301675387764,-1.463090897214345,224.81434141681032,492.4769425178025,False,52.5687437195554,-1.4733703869614412
2020-01-08 10:18:52.000,52.543006402413425,-1.4631048282299686,225.11418835951318,493.5987391772489,False,52.56874269675207,-1.473392241284096
2020-01-08 10:18:52.100,52.54299596813485,-1.4630258082816856,225.58660488240375,494.72165398505484,False,52.56874154039091,-1.4734141670880905
2020-01-08 10:18:52.200,52.54298566407071,-1.4630400481704082,224.91858777633766,495.845001972667,False,52.568740567458654,-1.4734361926493922
2020-01-08 10:18:52.300,52.542975643563864,-1.4630548605409055,222.33404239417467,496.9661227954782,False,52.56873964358267,-1.4734582853095735
2020-01-08 10:18:52.400,52.54296542609923,-1.4630693972375588,220.93734337781132,498.0854565144785,False,52.56873811174673,-1.4734803370778786
2020-01-08 10:18:52.500,52.54295481381325,-1.4630831813423288,221.76895354895046,499.2073179586572,False,52.56873624966543,-1.4735022869167855
2020-01-08 10:18:52.600,52.542944255119544,-1.4630970479095022,222.91308051967462,500.3318826239857,False,52.56873454593678,-1.4735242512595108
2020-01-08 10:18:52.700,52.54293382951592,-1.4630185388139614,222.87893057493656,501.45724116835873,False,52.56873308982073,-1.4735464854524583
2020-01-08 10:18:52.800,52.54292325020523,-1.4630326312809905,223.65860498826117,502.5844651866645,False,52.56873164790812,-1.4735686722326582
2020-01-08 10:18:52.900,52.5429129091589,-1.463047208737205,222.78192893315,503.71138427229715,False,52.56873032921389,-1.4735909313965865
2020-01-08 10:18:53.000,52.54290231248844,-1.4630614098057584,223.53780589298302,504.84015105381434,False,52.56872879559381,-1.4736132004669569
2020-01-08 10:18:53.100,52.542891757050384,-1.4630757646465926,223.41632501271172,505.9696236223568,False,52.5687274545152,-1.4736355583059353
2020-01-08 10:18:53.200,52.54288120254389,-1.46309032504821,222.52067670330126,507.0987052876989,False,52.56872617583073,-1.4736580691509693
2020-01-08 10:18:53.300,52.54287063548789,-1.4631048050464364,222.55438581027786,508.2286632777213,False,52.56872471372487,-1.4736805145087095
2020-01-08 10:18:53.400,52.54285996642267,-1.463026109985624,222.53533276323114,509.35946030536263,False,52.56872324783457,-1.4737029165246271
2020-01-08 10:18:53.500,52.542849251067985,-1.4630404867202578,222.67469721846842,510.4913056211149,False,52.568721903623526,-1.473725489142729
2020-01-08 10:18:53.600,52.542838503320525,-1.4630548891952968,223.43656464189056,511.62500566329936,False,52.56872031534373,-1.4737480751688539
2020-01-08 10:18:53.700,52.54282784243595,-1.4630694226746253,223.68825338052852,512.7598373002592,False,52.5687186125515,-1.4737706230268621
2020-01-08 10:18:53.800,52.54281705549715,-1.4630838087657212,224.9690061876787,513.8966363991092,False,52.568717094956845,-1.4737932553210995
2020-01-08 10:18:53.900,52.5428063896615,-1.4630985819879918,225.16629923225796,515.0343904514885,False,52.568715904700454,-1.4738160699379996
2020-01-08 10:18:54.000,52.5427957453264,-1.463020432424387,224.3280074640927,516.1723721455338,False,52.56871443988566,-1.47383882764422
2020-01-08 10:18:54.100,52.54278504510715,-1.4630352582357933,224.24535658101493,517.3111004751829,False,52.5687130395334,-1.473861683253056
2020-01-08 10:18:54.200,52.54277427929911,-1.4630500871544345,224.34249736485438,518.450747376377,False,52.56871178044607,-1.4738846414681037
2020-01-08 10:18:54.300,52.54276354418906,-1.4630650130540392,224.1527948977727,519.5910526519873,False,52.56871052075429,-1.473907630745184
2020-01-08 10:18:54.400,52.54275266387422,-1.463079770586481,223.94142634176885,520.731995854415,False,52.56870918384721,-1.473930665016535
2020-01-08 10:18:54.500,52.54274185936067,-1.4630946541475653,223.51481720269496,521.8733008160691,False,52.568707749169,-1.473953679668448
2020-01-08 10:18:54.600,52.54273097904637,-1.4631095638247886,223.5816308740434,523.0155080440121,False,52.56870639998706,-1.4739768170872407
2020-01-08 10:18:54.700,52.54272019480339,-1.4630318348792588,223.38570810192638,524.1583043088987,False,52.56870487674296,-1.474000017110651
2020-01-08 10:18:54.800,52.54270930769365,-1.4630468986438727,223.16167971105827,525.3016658288578,False,52.56870328166849,-1.4740232283205439
2020-01-08 10:18:54.900,52.54269836241456,-1.463061929742679,223.01333218965777,526.4456684857832,False,52.568701498478504,-1.4740464508058262
2020-01-08 10:18:55.000,52.542687444538714,-1.4630771534363964,222.3314639725798,527.5895134495291,False,52.56869964923646,-1.474069761025804
2020-01-08 10:18:55.100,52.54267632276348,-1.463092235898952,222.08508970983453,528.7338074038946,False,52.56869729433535,-1.474093100795629
2020-01-08 10:18:55.200,52.542665220260695,-1.4631074402679183,221.9130979244958,529.8786359350092,False,52.56869468564574,-1.4741164319761104
2020-01-08 10:18:55.300,52.54265419399822,-1.463029903994937,221.92071176031334,531.0242904537155,False,52.56869223123305,-1.4741398546140576
2020-01-08 10:18:55.400,52.54264304919813,-1.463045265296105,222.05136378620614,532.1710121467784,False,52.56868954790198,-1.4741633268712575
2020-01-08 10:18:55.500,52.54263178086594,-1.4630604467634358,222.18520606617543,533.3188085261435,False,52.568686555006245,-1.474186722847496
2020-01-08 10:18:55.600,52.542620451859385,-1.463075739673144,222.42204985853405,534.4678058902439,False,52.56868351134175,-1.474210253206147
2020-01-08 10:18:55.700,52.54260920652671,-1.4630912548985044,221.91724060774305,535.6168239579622,False,52.56868064573974,-1.474233895881284
2020-01-08 10:18:55.800,52.54259786778786,-1.4631066182235803,221.81635336090142,536.7665056962365,False,52.56867739286019,-1.4742574155854258
2020-01-08 10:18:55.900,52.542586438234586,-1.4630290045655028,222.58178119688026,537.9182255215184,False,52.5686740821581,-1.4742809989998393
2020-01-08 10:18:56.000,52.5425752589047,-1.463044766096572,221.3630972900939,539.0687495937403,False,52.56867074016772,-1.4743045644670214
2020-01-08 10:18:56.100,52.542563889608346,-1.4630602615262567,221.3735684358189,540.2201196377036,False,52.56866749443787,-1.4743282245875793
2020-01-08 10:18:56.200,52.54255222615157,-1.4630753400446823,221.58378175850493,541.3727583548736,False,52.56866408349363,-1.4743518953661494
2020-01-08 10:18:56.300,52.54254079955583,-1.463090614524386,221.33342588390647,542.5257490003181,False,52.56866055470932,-1.474375361210308
2020-01-08 10:18:56.400,52.542529286297615,-1.463105874889795,221.6072306703264,543.6800671418059,False,52.56865693190796,-1.4743988896955267
2020-01-08 10:18:56.500,52.542517687602185,-1.4630279690671077,221.96814088412486,544.8358528129262,False,52.56865310523812,-1.4744222746405489
2020-01-08 10:18:56.600,52.542506252325836,-1.463043194560808,222.03162671175193,545.9925543208429,False,52.5686494937139,-1.4744456824789955
2020-01-08 10:18:56.700,52.54249488734701,-1.4630586113749822,221.77424954349155,547.1496463987557,False,52.56864588912974,-1.4744691397672431
2020-01-08 10:18:56.800,52.542483423842484,-1.4630738658118947,221.99730763389658,548.3079410568116,False,52.56864204403759,-1.4744925052139273
2020-01-08 10:18:56.900,52.54247176900986,-1.4630886855534964,223.36232421010953,549.4689441233508,False,52.56863820683427,-1.4745158081351972
2020-01-08 10:18:57.000,52.54246016615421,-1.4631034773073899,224.28335722250844,550.6316486210343,False,52.5686347891358,-1.4745392030857416
2020-01-08 10:18:57.100,52.5424488267587,-1.463025711430677,223.78906520773265,551.7947340733039,False,52.568631660394715,-1.4745626519021726
2020-01-08 10:18:57.200,52.54243754517382,-1.4630410055492198,222.56067126987318,552.9571841932895,False,52.568628596124164,-1.4745861328412595
2020-01-08 10:18:57.300,52.54242587507125,-1.4630555593358978,224.7017291257487,554.1226116734339,False,52.5686256407549,-1.4746096140379923
2020-01-08 10:18:57.400,52.54241463708282,-1.4630706935525586,224.26766608635165,555.2885467691693,False,52.568623297111785,-1.4746331650457543
2020-01-08 10:18:57.500,52.54240339374293,-1.4630859066042752,223.93045833076945,556.4550040138394,False,52.56862088496738,-1.4746567519805844
2020-01-08 10:18:57.600,52.542392516844295,-1.4631015142458188,222.0841768029385,557.619966260028,False,52.568618432250744,-1.4746801458515055
2020-01-08 10:18:57.700,52.54238143784135,-1.4630237892058797,222.17131665466857,558.7858646107925,False,52.568615528829994,-1.474703371040726
2020-01-08 10:18:57.800,52.54237040456854,-1.4630391299769592,220.60087978424104,559.9497423195573,False,52.568612645375445,-1.4747266359288447
2020-01-08 10:18:57.900,52.5423593840858,-1.4630545455680495,219.46593892278688,561.1117839595653,False,52.568609354127695,-1.474749803355753
2020-01-08 10:18:58.000,52.54234824692268,-1.4630694866403893,219.04127484199356,562.2735794047136,False,52.56860579378053,-1.4747726989556562
2020-01-08 10:18:58.100,52.54233743389437,-1.4630849029346422,217.32112866202922,563.4310450080386,False,52.56860229465521,-1.4747955520931526
2020-01-08 10:18:58.200,52.542326268363624,-1.46309969207018,217.4294093546818,564.5897451577966,False,52.568598353027866,-1.474818268474576
2020-01-08 10:18:58.300,52.54231513582957,-1.4630214645201869,217.62409564250217,565.7499324787628,False,52.568594429028096,-1.4748408904226598
2020-01-08 10:18:58.400,52.542303772214446,-1.4630358389709,219.8092854513484,566.9170121482002,False,52.56859058086704,-1.4748636015328587
2020-01-08 10:18:58.500,52.542292479454474,-1.46305043895949,220.63080430882744,568.0867803912186,False,52.56858715368262,-1.4748865085182439
2020-01-08 10:18:58.600,52.542280850188654,-1.4630645164734728,223.48674168427485,569.2617551317649,False,52.568583931896384,-1.4749095499467757
2020-01-08 10:18:58.700,52.54226949459738,-1.463079025357992,225.2555635454882,570.438732384241,False,52.56858144624156,-1.4749327904530345
2020-01-08 10:18:58.800,52.54225804736264,-1.4630932057564794,227.8436601602447,571.6161777064041,False,52.56857934579636,-1.4749560503972141
2020-01-08 10:18:58.900,52.54224663804179,-1.4631076899369742,230.2170107123144,572.7919499444447,False,52.56857790818377,-1.4749796795616532
2020-01-08 10:18:59.000,52.54223547110395,-1.4630294365556538,230.9784761547914,573.967277832514,False,52.56857711025768,-1.4750033337579334
2020-01-08 10:18:59.100,52.542224191727776,-1.4630439152680408,232.15283649227143,575.1410830792033,False,52.56857653064302,-1.4750270344156045
2020-01-08 10:18:59.200,52.54221328614784,-1.4630590246005315,231.1129865661997,576.3177942118127,False,52.568576265324175,-1.4750507878145442
2020-01-08 10:18:59.300,52.542201901300956,-1.463073395912157,232.84874741897715,577.4916302628749,False,52.56857580006353,-1.4750745287998652
2020-01-08 10:18:59.400,52.54219095499922,-1.4630885952644401,232.27032739101313,578.6676616828465,False,52.56857577112072,-1.4750984177779307
2020-01-08 10:18:59.500,52.542179985254215,-1.4631039276555962,231.74892173098874,579.8456336669778,False,52.568575613991484,-1.4751223722171318
2020-01-08 10:18:59.600,52.5421691207148,-1.463026678540019,230.4980376261451,581.0266712500957,False,52.56857532691213,-1.4751463977577584
2020-01-08 10:18:59.700,52.54215787392911,-1.4630419649888238,230.5932867634152,582.2083555684493,False,52.56857475500039,-1.4751705116717433
2020-01-08 10:18:59.800,52.54214654181805,-1.4630571875359366,230.69047054081304,583.3906815412231,False,52.568574199409994,-1.4751946800154114
2020-01-08 10:18:59.900,52.54213512786077,-1.4630722933018434,231.26655452362144,584.5728188080367,False,52.5685737341602,-1.4752188645453805
2020-01-08 10:19:00.000,52.54212379361191,-1.463087683044156,230.99259700162085,585.7562522635575,False,52.568573437520556,-1.47524317862585
2020-01-08 10:19:00.100,52.54211220269657,-1.4631028872961747,231.2542491478826,586.9400124753905,False,52.568573274408685,-1.4752676471918869
2020-01-08 10:19:00.200,52.54210063866434,-1.463025315776375,231.48342961649385,588.1241648114786,False,52.56857298542094,-1.475292195083317
2020-01-08 10:19:00.300,52.54208918931867,-1.4630409550814354,231.40303144368173,589.3092969307638,False,52.56857256664742,-1.4753167941510192
2020-01-08 10:19:00.400,52.54207772184662,-1.463056908498868,230.74205017550153,590.4963922603056,False,52.568572157923406,-1.4753416215062618
2020-01-08 10:19:00.500,52.54206609304219,-1.463072768864315,230.58991850057004,591.684532974068,False,52.56857181853974,-1.4753665339646942
2020-01-08 10:19:00.600,52.542054454841946,-1.4630888707195904,230.26298372793903,592.8739738309973,False,52.56857146119399,-1.475391610982
2020-01-08 10:19:00.700,52.542042829530956,-1.4631050280166091,229.4740624926474,594.0652251080627,False,52.568571036129704,-1.47541668722954
2020-01-08 10:19:00.800,52.54203096899887,-1.4630282589313541,229.20695471214827,595.2575629409382,False,52.56857072199593,-1.4754420137614812
2020-01-08 10:19:00.900,52.54201919433002,-1.4630446153125711,228.37825229516207,596.4514262693234,False,52.56857015535167,-1.4754673461543775
2020-01-08 10:19:01.000,52.542007196117545,-1.4630609897090305,228.23112199779862,597.6461858324004,False,52.568569759718926,-1.4754929315721435
2020-01-08 10:19:01.100,52.54199490545725,-1.4630769970812296,228.97351573992663,598.8411272736955,False,52.5685693722649,-1.4755185907945676
2020-01-08 10:19:01.200,52.54198282135858,-1.4630935133371992,229.03138400576847,600.0368175388664,False,52.56856939200338,-1.4755443924690224
2020-01-08 10:19:01.300,52.54197077750816,-1.4631102168851569,229.56039473762084,601.2327554385411,False,52.56856945013984,-1.4755702754631659
2020-01-08 10:19:01.400,52.54195851958051,-1.4630337940819929,229.20904090301627,602.4298355431786,False,52.56856984595344,-1.4755962777533274
2020-01-08 10:19:01.500,52.541946464160915,-1.4630508947257421,228.22042737559096,603.6285544391541,False,52.56857006872017,-1.4756224501314157
2020-01-08 10:19:01.600,52.541934277475264,-1.4630678847387297,228.27284228948477,604.828032567008,False,52.56856986186316,-1.475648664979565
2020-01-08 10:19:01.700,52.54452161210687,-1.4404055450386595,220.0356873947479,6.990324580988355,True,52.56856949802521,-1.4756748914895452
2020-01-08 10:19:01.800,52.544505520412926,-1.451607375728076,212.3559232343452,4.984514146373173,True,52.56856866487453,-1.4757011564046447
2020-01-08 10:19:01.900,52.54457575114976,-1.4552607795467147,206.35994500670165,4.1241994606566665,True,52.56856724763467,-1.4757273834752356
2020-01-08 10:19:02.000,52.54473747631143,-1.457104340549986,196.8118328363471,3.660918966739043,True,52.56856584129672,-1.4757536360287358
2020-01-08 10:19:02.100,52.54496266074911,-1.4582019658949663,188.77002497642468,3.3959289635743772,True,52.56856384664238,-1.4757797667214343
2020-01-08 10:19:02.200,52.545167687151064,-1.4590070188532358,175.61903975911386,3.2364219660150564,True,52.568562159900644,-1.4758059230719696
2020-01-08 10:19:02.300,52.54526242655108,-1.4596981272625338,162.6348038472506,3.1310331251885635,True,52.56856002070079,-1.475831986270892
2020-01-08 10:19:02.400,52.54515703874546,-1.4601343139961862,146.5152769331269,3.0447534245784675,True,52.56855807821282,-1.4758580462537205
2020-01-08 10:19:02.500,52.54483268097058,-1.4604808401391252,131.23711919767157,2.963764613133867,True,52.56855605730652,-1.4758841487712324
2020-01-08 10:19:02.600,52.54431871296357,-1.4605582358807616,114.58956235983368,2.8777339059191798,True,52.56855452361014,-1.4759103217421092
2020-01-08 10:19:02.700,52.543689661471205,-1.4604886511671926,99.02543893179737,2.787768297072083,True,52.56855317704193,-1.4759364812969014
2020-01-08 10:19:02.800,52.543030497267814,-1.4603523608441324,84.20417055090543,2.695834963345163,True,52.56855229289026,-1.4759626700586306
2020-01-08 10:19:02.900,52.542425190700015,-1.4601100098582356,70.41313788214894,2.6045543473967485,True,52.56855190741282,-1.475988895794579
2020-01-08 10:19:03.000,52.541936624326986,-1.4599341772434553,58.809147529673425,2.519645370704897,True,52.56855192573364,-1.4760151165878708
2020-01-08 10:19:03.100,52.54162122134426,-1.4597766185607317,47.52314835804681,2.439269160987098,True,52.568552426229374,-1.4760413089085118
2020-01-08 10:19:03.200,52.54150877460097,-1.4596970360512802,39.60779353353634,2.37088941455145,True,52.56855294600463,-1.4760674382413534
2020-01-08 10:19:03.300,52.54161684689663,-1.4596034349778448,27.69390200162004,2.315976203365133,True,52.568553348546494,-1.4760934800988958
2020-01-08 10:19:03.400,52.54192994324946,-1.4597005240923642,20.972040154831333,2.267045391828782,True,52.56855319252683,-1.4761195585065447
2020-01-08 10:19:03.500,52.542412304288696,-1.4598880327815802,18.04759867176941,2.231220827316456,True,52.56855268713445,-1.4761456893837537
2020-01-08 10:19:03.600,52.54301533221584,-1.4600967102879383,20.664658170461358,2.216836944256368,True,52.56855157288241,-1.4761716723948963
2020-01-08 10:19:03.700,52.54369351137447,-1.4602804102158768,29.97907027760565,2.2277688139130185,True,52.56855008423346,-1.4761975449910443
2020-01-08 10:19:03.800,52.5444043953411,-1.4604140688388905,38.91176291877138,2.24936829138393,True,52.56854878032864,-1.4762234468935598
2020-01-08 10:19:03.900,52.54511010871944,-1.4604879039901237,62.56059601681458,2.27743040368676,True,52.56854660432569,-1.4762490639777233
2020-01-08 10:19:04.000,52.54578075677942,-1.460423767101,85.70516362306859,2.2931273861552675,True,52.568544848049896,-1.4762747653682529
2020-01-08 10:19:04.100,52.54636792983692,-1.4603584998077723,111.7545667136135,2.2765330692092096,True,52.56854285909733,-1.476300444450558
2020-01-08 10:19:04.200,52.546811710316454,-1.4602444330906956,136.7931729042437,2.22125051568892,True,52.568541335824634,-1.476326188479391
2020-01-08 10:19:04.300,52.5470796715691,-1.4603406895273723,157.95655799959442,2.1375045776862156,True,52.56854048561239,-1.4763519741845548
2020-01-08 10:19:04.400,52.547166068211155,-1.4603947667730146,173.87396619066175,2.042148082185274,True,52.568540146324764,-1.4763777154362365
2020-01-08 10:19:04.500,52.54709575145259,-1.4606468847174439,184.47343776023425,1.9508046501151204,True,52.56854009731109,-1.4764033581579092
2020-01-08 10:19:04.600,52.546901916468606,-1.4608500964180253,188.64770442839048,1.8779887962693895,True,52.568540260319295,-1.4764291113713641
2020-01-08 10:19:04.700,52.54661586659461,-1.4610757983733924,186.95315072810118,1.8336564009274827,True,52.56854023284545,-1.4764548826630552
2020-01-08 10:19:04.800,52.54626216625946,-1.4611979598681666,180.7130383127777,1.8220174816354995,True,52.56853984512153,-1.4764805090394342
2020-01-08 10:19:04.900,52.54585344272414,-1.4613375820423937,168.93194376373378,1.8445425241493265,True,52.568539157296264,-1.4765061298066218
2020-01-08 10:19:05.000,52.545399684871384,-1.4614443443411247,156.19650255306362,1.8897636367427995,True,52.568537885490784,-1.4765316371631372
2020-01-08 10:19:05.100,52.544906835448806,-1.4614692611673994,140.43101769809334,1.9465773027188926,True,52.56853691774871,-1.476557199529465
2020-01-08 10:19:05.200,52.54438013932958,-1.461350702904771,118.55376822460947,2.000250926917115,True,52.568536443914525,-1.4765826965296225
2020-01-08 10:19:05.300,52.54383598065188,-1.4613066238554535,96.18742512361963,2.0337803807008163,True,52.568535537944044,-1.4766081301265948
2020-01-08 10:19:05.400,52.54331107814867,-1.461137796957313,75.00019509008929,2.0394123991218795,True,52.56853468847168,-1.4766335816918228
2020-01-08 10:19:05.500,52.54285051202726,-1.4610384669036898,52.95079136488379,2.0127862263445007,True,52.56853418584264,-1.47665900501327
2020-01-08 10:19:05.600,52.54249713747521,-1.4609681810696125,33.802271500688605,1.9610382821455046,True,52.568533566404795,-1.4766844018700003
2020-01-08 10:19:05.700,52.542284281217086,-1.4609780723006742,13.706633235271354,1.8980279155067983,True,52.568532987279745,-1.4767099798862109
2020-01-08 10:19:05.800,52.54220978113151,-1.4611065256019369,354.16449937970606,1.8149252342263,True,52.568532886620005,-1.4767353544533834
2020-01-08 10:19:05.900,52.542250952995325,-1.4612416458360595,342.707913590353,1.7340187757484116,True,52.568532182433515,-1.4767606553219756
2020-01-08 10:19:06.000,52.54237377534132,-1.4614890021682334,336.6737163274707,1.66792522877317,True,52.568531751416,-1.476785915403286
2020-01-08 10:19:06.100,52.542544406282154,-1.4616606881499319,334.1283615608325,1.6231965104001371,True,52.56853167555891,-1.4768111612503094
2020-01-08 10:19:06.200,52.5427352138885,-1.461817142007916,336.02420568355393,1.6064693523982123,True,52.568531669240585,-1.4768365119495586
2020-01-08 10:19:06.300,52.54292918089885,-1.4619138329004984,342.8472536457364,1.622388889402339,True,52.5685318092723,-1.4768616970644852
2020-01-08 10:19:06.400,52.54312029873048,-1.4619982744895523,353.15549472258226,1.6683433540583215,True,52.56853233967554,-1.476886946273351
2020-01-08 10:19:06.500,52.54331300278016,-1.462034981019294,6.071006667359919,1.7355748361440844,True,52.56853315238058,-1.476912186847919
2020-01-08 10:19:06.600,52.543524228056924,-1.462084483457475,21.9085706135437,1.811875015298704,True,52.568533978861,-1.476937327500986
2020-01-08 10:19:06.700,52.54377454546844,-1.4621183758991734,38.5224069092985,1.8834938275158668,True,52.568534735140474,-1.4769624649518291
2020-01-08 10:19:06.800,52.54408796612299,-1.4620077789017476,60.66290665304485,1.9360672067192903,True,52.568534715352726,-1.4769876022564354
2020-01-08 10:19:06.900,52.5444612999302,-1.461963602721334,88.68797194861511,1.959982449300125,True,52.5685347291662,-1.4770127672535767
2020-01-08 10:19:07.000,52.54486513861293,-1.4617864339268858,116.37046046742958,1.940075471877291,True,52.5685344800583,-1.477037888867509
2020-01-08 10:19:07.100,52.54523734479263,-1.4616778009903184,142.92354994666078,1.878218422321507,True,52.568533953006764,-1.4770630154193993
2020-01-08 10:19:07.200,52.545523219986805,-1.4616117825430461,164.53741925186608,1.7912197857827594,True,52.56853344630453,-1.4770880497669636
2020-01-08 10:19:07.300,52.545697922941784,-1.4616691104610395,182.1544209515325,1.6941346722352948,True,52.56853259950782,-1.4771130554485068
2020-01-08 10:19:07.400,52.54576427659872,-1.4617493765814462,197.51765316535867,1.5966835919393416,True,52.56853148391723,-1.4771379699612939
2020-01-08 10:19:07.500,52.54574789285453,-1.4618871959582387,206.17006265098266,1.5148381797571218,True,52.56853078359481,-1.4771629902006616
2020-01-08 10:19:07.600,52.5456791146579,-1.462078749170996,209.92013475316546,1.458194096356661,True,52.568529944803615,-1.4771878674629906
2020-01-08 10:19:07.700,52.54558413713852,-1.4621174959608805,208.17761927609732,1.4352026856894833,True,52.568528928894374,-1.4772127761711449
2020-01-08 10:19:07.800,52.54548502366401,-1.4622449119215757,204.37315253862872,1.4468115772407615,True,52.56852735098468,-1.4772376092946742
2020-01-08 10:19:07.900,52.545394410165166,-1.4623337994401788,195.92615190462436,1.4936672277212346,True,52.568525725942564,-1.4772623994032388
2020-01-08 10:19:08.000,52.54531197975429,-1.462357076400926,184.0119378027653,1.5688176611838645,True,52.56852377524826,-1.4772870504812274
2020-01-08 10:19:08.100,52.545222332940625,-1.4623882142128435,169.29152339236123,1.6594182039687906,True,52.568521575513934,-1.4773115841712747
2020-01-08 10:19:08.200,52.5450941436335,-1.4623201897885059,151.36804047854932,1.7499263790302138,True,52.568519369329955,-1.477336050855852
2020-01-08 10:19:08.300,52.54489256494351,-1.462308358170733,131.4117361634139,1.8250419754915648,True,52.56851704312502,-1.4773606698787172
2020-01-08 10:19:08.400,52.544596792033325,-1.462214333073283,108.96022635299592,1.8715809520227624,True,52.56851489822346,-1.4773854385669296
2020-01-08 10:19:08.500,52.544220451917646,-1.4620786518740676,86.71597161467523,1.8844756350650183,True,52.56851282533113,-1.4774101566247373
2020-01-08 10:19:08.600,52.54380856412836,-1.461960220814859,65.0401125462937,1.8645084703513308,True,52.56851073822368,-1.4774349058530964
2020-01-08 10:19:08.700,52.54342320814565,-1.4617778652324331,45.283905153770945,1.8183414278267311,True,52.5685087904938,-1.477459710747331
2020-01-08 10:19:08.800,52.5431158506431,-1.461667596700381,28.673363908965392,1.756962279722497,True,52.568506540238545,-1.4774846181767776
2020-01-08 10:19:08.900,52.5429255702777,-1.4615910008446522,10.160769420493473,1.6920884387192914,True,52.56850427610344,-1.4775093798325105
2020-01-08 10:19:09.000,52.54285641399859,-1.4616482673830227,356.1278757719281,1.62216777377685,True,52.56850178637622,-1.4775342057681047
2020-01-08 10:19:09.100,52.542894609275734,-1.461721420704285,346.899302974982,1.5600854080066224,True,52.56849925833853,-1.4775590277732684
2020-01-08 10:19:09.200,52.54301343292534,-1.4618395445188581,342.13464409611646,1.5160512684019483,True,52.56849692716674,-1.4775839728948625
2020-01-08 10:19:09.300,52.543184497632396,-1.461999169220056,341.83411492706233,1.4985060734379725,True,52.56849456160648,-1.4776088331555426
2020-01-08 10:19:09.400,52.54338354327828,-1.462087513744652,345.6051004238411,1.5125014204764913,True,52.56849217176951,-1.4776337762539078
2020-01-08 10:19:09.500,52.54359544577637,-1.4621622934035483,353.5581225050822,1.5591170889712291,True,52.56848959912473,-1.4776587863597692
2020-01-08 10:19:09.600,52.54381703778316,-1.462276635327263,5.263163370052917,1.632542595398452,True,52.56848706770011,-1.4776838065084046
2020-01-08 10:19:09.700,52.54405742215215,-1.462213356925763,20.419908072665027,1.7209670372951058,True,52.568484493086,-1.4777089900713305
2020-01-08 10:19:09.800,52.54433972774742,-1.46220749332908,39.506609204837105,1.8083698136056514,True,52.5684817782836,-1.4777340323464394
2020-01-08 10:19:09.900,52.544673738435115,-1.462096283011524,67.67661225939726,1.8771988055963276,True,52.56847849110538,-1.4777589737933632
2020-01-08 10:19:10.000,52.54504499756463,-1.461974410565603,97.74734435034273,1.9073821313937547,True,52.568474898649285,-1.4777839289763348
2020-01-08 10:19:10.100,52.5454453680744,-1.4617624111807759,126.85575269707033,1.886435808003382,True,52.5684709672605,-1.477808720297107
2020-01-08 10:19:10.200,52.54579680521852,-1.46159570527549,153.64213766429685,1.8196844900750624,True,52.56846668917405,-1.4778332640269893
2020-01-08 10:19:10.300,52.54603968627853,-1.4615741693960913,175.9742674676323,1.724714380296526,True,52.56846214264347,-1.4778579143469568
2020-01-08 10:19:10.400,52.546155412985954,-1.4616250738698322,193.19755609928131,1.6206956938287465,True,52.56845743338526,-1.4778824163852908
2020-01-08 10:19:10.500,52.54616059862279,-1.4617314403579924,205.09032904285465,1.5238940769668254,True,52.56845248521101,-1.4779068442710752
2020-01-08 10:19:10.600,52.54608831672102,-1.4619190551677992,212.14522452454904,1.4461536643622517,True,52.56844726646207,-1.4779311575329552
2020-01-08 10:19:10.700,52.54597186151134,-1.462082085066691,213.5965826128492,1.3983911043542336,True,52.56844200745889,-1.477955539893671
2020-01-08 10:19:10.800,52.54583954133927,-1.4621862635612846,211.11266573453145,1.3868469501734206,True,52.568436470770756,-1.477979689591478
2020-01-08 10:19:10.900,52.54570992292846,-1.4622785484034515,203.64322907719256,1.4158325968856253,True,52.56843112981637,-1.4780039712102109
2020-01-08 10:19:11.000,52.5455916948488,-1.4623204457317962,193.39316582003323,1.4804647408872325,True,52.56842558867191,-1.4780281993920739
2020-01-08 10:19:11.100,52.54547682534229,-1.4623759885081613,178.93769130070802,1.5710239246792785,True,52.568420295280205,-1.4780525475251884
2020-01-08 10:19:11.200,52.54533754688403,-1.4623361319205908,161.1829065683227,1.6712170405265414,True,52.568415166609256,-1.4780770417633902
2020-01-08 10:19:11.300,52.545134780972745,-1.4623634690166758,141.30871294346275,1.7630802094236453,True,52.56841040863197,-1.478101713787717
2020-01-08 10:19:11.400,52.54482939046922,-1.462323320019048,117.25900394820954,1.828372725458934,True,52.568406247138114,-1.4781266723415791
2020-01-08 10:19:11.500,52.544419285677336,-1.4621542069229256,91.62888042274062,1.8535573609961027,True,52.56840231459639,-1.4781517630744896
2020-01-08 10:19:11.600,52.54395261201974,-1.461993185233486,66.77074706450921,1.836143784311392,True,52.56839871113444,-1.4781769877288422
2020-01-08 10:19:11.700,52.543504558435195,-1.4618441085885772,44.69815378935721,1.7847101650538977,True,52.568395059448875,-1.4782021422870393
2020-01-08 10:19:11.800,52.54314380813117,-1.461675959045341,25.77840886415905,1.7112512222198242,True,52.56839144441969,-1.478227396651351
2020-01-08 10:19:11.900,52.5429099652711,-1.4616395265716402,7.209267447699122,1.6351701513451613,True,52.568387569140086,-1.4782525635656787
2020-01-08 10:19:12.000,52.54280707540532,-1.4616586878991298,353.85268779330784,1.557102326403788,True,52.56838395492427,-1.4782777352788223
2020-01-08 10:19:12.100,52.54281742202767,-1.4617867968232343,346.47937712076316,1.492796798286245,True,52.56838059418165,-1.4783030419349008
2020-01-08 10:19:12.200,52.54291310986192,-1.4619520270151007,343.6345602296258,1.4522439852950453,True,52.568377711374104,-1.4783285874215588
2020-01-08 10:19:12.300,52.543063135588426,-1.4620629221415977,343.7734043484796,1.4407004852687462,True,52.56837523541871,-1.478354219896964
2020-01-08 10:19:12.400,52.54324478528821,-1.462179735889539,350.29577647895087,1.4670511186375648,True,52.56837284178062,-1.4783798361036256
2020-01-08 10:19:12.500,52.54344424830218,-1.4621747707319381,0.05792911205341653,1.5282047299680543,True,52.56837081988675,-1.4784055383913723
2020-01-08 10:19:12.600,52.54366315431823,-1.4622827941009993,13.618873786149074,1.6152911868105952,True,52.5683686617734,-1.4784312641903414
2020-01-08 10:19:12.700,52.54391582809323,-1.4621900998186916,30.452990725612935,1.713289960196811,True,52.56836655829019,-1.4784569731446122
2020-01-08 10:19:12.800,52.54422914018891,-1.4621234050789946,51.179361611016475,1.803967123496296,True,52.56836416520498,-1.4784826306023162
2020-01-08 10:19:12.900,52.54461375475913,-1.4620089782164154,79.40708083410692,1.8701365444415483,True,52.568361835698255,-1.4785082796641598
2020-01-08 10:19:13.000,52.54505721675485,-1.461887301258653,108.52345883880326,1.889500997358802,True,52.56835917646549,-1.47853388573778
2020-01-08 10:19:13.100,52.54549246642521,-1.4616641875141227,135.4161547995737,1.859858441620575,True,52.56835627945056,-1.4785593852563825
2020-01-08 10:19:13.200,52.54584341196206,-1.4615026670753062,159.76447923407127,1.7898484246883783,True,52.56835294158107,-1.4785847838409318
2020-01-08 10:19:13.300,52.54606568107618,-1.4615084094474653,179.08938810527863,1.6987635216807786,True,52.56834940503395,-1.478610234904875
2020-01-08 10:19:13.400,52.54615246675153,-1.4616080864003698,194.738644121367,1.600996410860125,True,52.568345472785325,-1.4786356290653304
2020-01-08 10:19:13.500,52.546127442299834,-1.4617739898087496,204.34044721774418,1.5137159508103277,True,52.56834138291685,-1.4786610020807285
2020-01-08 10:19:13.600,52.546024204096646,-1.4619306013090818,208.51765010734692,1.449421056657431,True,52.56833725523276,-1.4786862514726464
2020-01-08 10:19:13.700,52.545875440488274,-1.4620627107905446,208.59346675089176,1.416149159820395,True,52.568332913875146,-1.478711389640457
2020-01-08 10:19:13.800,52.54570678078627,-1.46222445725405,204.13043511006836,1.4204726554864295,True,52.56832876096276,-1.47873676292874
2020-01-08 10:19:13.900,52.5455343465284,-1.4622818182449289,195.68576654492372,1.463594956382536,True,52.568324651037564,-1.4787621984985024
2020-01-08 10:19:14.000,52.545357779185466,-1.4622856046910442,182.1066504007868,1.541285717966182,True,52.56832080486987,-1.4787876998236134
2020-01-08 10:19:14.100,52.54515973035074,-1.4622934967638042,165.23240136264903,1.6388383611763429,True,52.56831706262163,-1.478813156926778
2020-01-08 10:19:14.200,52.54490480003455,-1.462270112793473,143.99521974119529,1.7370869118927708,True,52.5683135791138,-1.4788388936900683
2020-01-08 10:19:14.300,52.54456029064634,-1.4622584079246541,120.92432879126356,1.8158766757735307,True,52.56831020467,-1.4788648822602977
2020-01-08 10:19:14.400,52.54412159950893,-1.4621074585690494,96.48917308865248,1.860009621199215,True,52.56830716919094,-1.478890997668154
2020-01-08 10:19:14.500,52.54362534922661,-1.461953594220701,73.07825673412536,1.8651630849264738,True,52.56830457236778,-1.478917230427027
2020-01-08 10:19:14.600,52.54313850491658,-1.46170221368975,51.70228805173114,1.8354733571695523,True,52.568302665517294,-1.4789437361833426
2020-01-08 10:19:14.700,52.542726505378766,-1.4615795267934226,32.481804063811566,1.7792046797233394,True,52.56830145731846,-1.4789704503329042
2020-01-08 10:19:14.800,52.542443913291336,-1.461472103862928,11.04146496636591,1.7087959896708826,True,52.5683006536739,-1.4789971676793527
2020-01-08 10:19:14.900,52.5423021122107,-1.4615020616584795,355.5817074932637,1.6276523697851728,True,52.568300093953184,-1.4790242352717506
2020-01-08 10:19:15.000,52.54228619622092,-1.4616556579884907,344.739269407005,1.5503246356885056,True,52.56830003667799,-1.4790511942216782
2020-01-08 10:19:15.100,52.54236527751097,-1.461788620682553,338.9741369603001,1.489639376667121,True,52.56830024594559,-1.4790782555789599
2020-01-08 10:19:15.200,52.54250532947202,-1.4619890407215232,337.994929908822,1.4558003258922474,True,52.5683006902172,-1.4791054557887793
2020-01-08 10:19:15.300,52.54267694859604,-1.4620481542358779,341.61682044400084,1.4563512882811984,True,52.56830113653592,-1.4791326905259412
2020-01-08 10:19:15.400,52.542860515261744,-1.4621994851763895,349.25249232864013,1.4935924554087556,True,52.56830155142857,-1.4791599316487958
2020-01-08 10:19:15.500,52.543050384111716,-1.4622157854391478,1.8622529885078911,1.5649342624961944,True,52.56830180494824,-1.479187303144893
2020-01-08 10:19:15.600,52.5432586095171,-1.4622394703715489,18.394129723363157,1.6579546762883415,True,52.568302197364424,-1.4792147652599412
2020-01-08 10:19:15.700,52.54351441964843,-1.4622264132587381,39.23821170895227,1.754261846927417,True,52.56830270501877,-1.479242240637102
2020-01-08 10:19:15.800,52.54384309291112,-1.462108323900722,68.73827092878086,1.8326008469593047,True,52.56830337638959,-1.4792697719812937
2020-01-08 10:19:15.900,52.54425239671357,-1.4620094114572144,99.74091639413786,1.865420374942507,True,52.568304053999356,-1.4792972158576203
2020-01-08 10:19:16.000,52.54468335966745,-1.461813667345493,129.0657057632586,1.8435999680028032,True,52.56830492985072,-1.4793247623499703
2020-01-08 10:19:16.100,52.545053744920764,-1.4616666664292606,154.70058162680584,1.7768052304276118,True,52.568305848423876,-1.4793523200737224
2020-01-08 10:19:16.200,52.54530666936915,-1.461582156409266,175.25813488821248,1.6846787171021977,True,52.56830688376726,-1.4793797632995844
2020-01-08 10:19:16.300,52.54542915079495,-1.4616608826585025,190.78677371311264,1.58612003311244,True,52.56830787011087,-1.4794071259717878
2020-01-08 10:19:16.400,52.545438790622256,-1.4617873384795452,201.10385103588345,1.4968818948226976,True,52.56830894694249,-1.4794345154541355
2020-01-08 10:19:16.500,52.54536712895619,-1.4619805739919012,205.7708212199174,1.4304497664855447,True,52.56831007456096,-1.4794619252240886
2020-01-08 10:19:16.600,52.54524600008088,-1.4621360957134057,205.75044389646007,1.3962519520144605,True,52.568311279585494,-1.4794892618762954
2020-01-08 10:19:16.700,52.54510126683081,-1.4622210315817885,201.01647037481172,1.4013170392705343,True,52.56831271633288,-1.4795165683707883
2020-01-08 10:19:16.800,52.54494868033172,-1.4622855585659924,191.93707383664716,1.4471671713420058,True,52.56831444607188,-1.4795437887275285
2020-01-08 10:19:16.900,52.54478900603007,-1.4622904351766628,178.42662249570162,1.5278618471659462,True,52.56831643986987,-1.4795709833942816
2020-01-08 10:19:17.000,52.54460326650637,-1.462292568600807,160.62009495954632,1.628901636891355,True,52.56831874391587,-1.4795979889998179
2020-01-08 10:19:17.100,52.54435642006175,-1.46225388914726,139.22880551976576,1.7295361029784362,True,52.56832135087891,-1.4796249074844712
2020-01-08 10:19:17.200,52.54401458439902,-1.4622093793194957,114.07512502977912,1.8071032480040115,True,52.56832431119955,-1.479651719475171
2020-01-08 10:19:17.300,52.54358234266681,-1.4620067756613948,90.04104159061893,1.848698276924864,True,52.56832727172501,-1.4796784905214773
2020-01-08 10:19:17.400,52.54310659697367,-1.4618790997692377,64.21618283381471,1.8443362653328732,True,52.56833088527009,-1.4797050908133322
2020-01-08 10:19:17.500,52.54266527267656,-1.4616622798067687,41.78439642934913,1.8020318939751574,True,52.56833429826676,-1.47973175394893
2020-01-08 10:19:17.600,52.54232678435721,-1.4615295578861545,21.086684348118023,1.7299428880359646,True,52.568337972324905,-1.4797581357742922
2020-01-08 10:19:17.700,52.54212825711837,-1.4615543568101328,1.7622785587693865,1.651510727473813,True,52.56834110855835,-1.479784814857296
2020-01-08 10:19:17.800,52.54206548051677,-1.4615971539533916,345.79178233223183,1.563766405012807,True,52.56834432421674,-1.4798115414398416
2020-01-08 10:19:17.900,52.54210841342107,-1.46180849768428,336.3035036537007,1.486005078923009,True,52.56834699443843,-1.4798382884014563
2020-01-08 10:19:18.000,52.54221868261456,-1.4619282861245337,331.75538281002616,1.4305423445331527,True,52.568349443833576,-1.479865039070078
2020-01-08 10:19:18.100,52.54235955068265,-1.462117146949382,331.34201979033753,1.4060490533950152,True,52.56835168035013,-1.4798918266987042
2020-01-08 10:19:18.200,52.54250486175839,-1.462236898437998,337.09807638289533,1.4219110068997212,True,52.5683534717956,-1.4799186896932641
2020-01-08 10:19:18.300,52.54263931234961,-1.4623319630591491,346.45700792133795,1.476830631008621,True,52.56835533519051,-1.4799456548598287
2020-01-08 10:19:18.400,52.54276644721199,-1.462361427528302,1.3475603495625748,1.5644081392258518,True,52.56835704203298,-1.479972578482651
2020-01-08 10:19:18.500,52.54290750341089,-1.462387978972542,18.612688221595548,1.6667326917247296,True,52.5683590516443,-1.479999466858017
2020-01-08 10:19:18.600,52.5431041379933,-1.4622909076126012,40.58861020004477,1.7637792796239118,True,52.568360867029455,-1.4800264604143774
2020-01-08 10:19:18.700,52.54339167804057,-1.4622817474312149,70.53659956985902,1.8352969230354157,True,52.568363003540995,-1.480053359976193
2020-01-08 10:19:18.800,52.54377572353238,-1.462120992896728,103.32595838684203,1.8512390766531657,True,52.56836509107798,-1.4800803838188816
2020-01-08 10:19:18.900,52.5441838453429,-1.46188329339994,134.22664877891884,1.8063063410960118,True,52.56836752975236,-1.480107305108854
2020-01-08 10:19:19.000,52.54452017834508,-1.4618119188510168,162.833680177804,1.7122893415364777,True,52.568370173777986,-1.4801342955282946
2020-01-08 10:19:19.100,52.544724716637056,-1.461771655477319,184.93713911450172,1.6005000831040004,True,52.568373432570944,-1.4801611339135385
2020-01-08 10:19:19.200,52.544805377127204,-1.4618496644677708,201.92882760103436,1.4854258929172075,True,52.56837692378182,-1.480187857249263
2020-01-08 10:19:19.300,52.54479197980442,-1.4620122977002896,213.42241769238973,1.384953967287929,True,52.568380917030126,-1.4802144668167534
2020-01-08 10:19:19.400,52.54472660772908,-1.4621667211068734,219.6530822256755,1.3123989019110867,True,52.56838557375947,-1.4802408251327261
2020-01-08 10:19:19.500,52.54464740307361,-1.4622692748702226,219.72398662996676,1.2792710912684893,True,52.568390947124634,-1.4802668304921789
2020-01-08 10:19:19.600,52.54458451224391,-1.4623522768418122,214.98840433416544,1.2916648624454234,True,52.568396705149794,-1.480292716899442
2020-01-08 10:19:19.700,52.54455941067038,-1.462361665435149,206.32926598323922,1.3484256324368018,True,52.56840277310559,-1.480318473841891
2020-01-08 10:19:19.800,52.54457696938468,-1.462357336684214,192.2606738452068,1.4412684193109686,True,52.568409338519224,-1.4803439956530793
2020-01-08 10:19:19.900,52.54460432278009,-1.46243505463707,169.2880896724389,1.5522941037297742,True,52.568416003719115,-1.4803694798363676
2020-01-08 10:19:20.000,52.54456882828812,-1.4624258490674942,141.9839402600886,1.6521841474798646,True,52.56842260147068,-1.4803951226446865
2020-01-08 10:19:20.100,52.54440454430649,-1.462394392964698,116.00568245526908,1.7211207797579542,True,52.568429107927116,-1.4804208386484285
2020-01-08 10:19:20.200,52.544090325740214,-1.462265397216334,89.01522251591912,1.745085141472009,True,52.56843578044253,-1.4804465631219925
2020-01-08 10:19:20.300,52.54368180405332,-1.4621484131962679,61.84733251526666,1.7183185470319866,True,52.56844253783854,-1.4804722670478996
2020-01-08 10:19:20.400,52.54327481877907,-1.461943932401734,40.578193042724784,1.65935229401969,True,52.56844923491752,-1.4804981280481952
2020-01-08 10:19:20.500,52.54294712874843,-1.4617958995189753,24.365273444143586,1.5864015556118123,True,52.56845597477592,-1.4805239639075174
2020-01-08 10:19:20.600,52.5427452302147,-1.461763170037256,8.004103019841892,1.517509076232545,True,52.56846269082307,-1.4805499278196836
2020-01-08 10:19:20.700,52.54267744957491,-1.4617714508937274,356.9904043755477,1.452698947032274,True,52.5684695638711,-1.4805758570815686
2020-01-08 10:19:20.800,52.542726218620246,-1.4618736995652377,352.2452123110073,1.408684170923686,True,52.568476371435146,-1.4806018304602038
2020-01-08 10:19:20.900,52.5428648807023,-1.461985245391347,353.8743870724816,1.399307182052888,True,52.56848337159821,-1.4806278288579444
2020-01-08 10:19:21.000,52.54307102001026,-1.4620799129530033,1.4260935085989652,1.432941894069837,True,52.56849048144055,-1.4806537735938132
2020-01-08 10:19:21.100,52.543335622806296,-1.4621077184068818,15.06225026707131,1.5097127770564556,True,52.56849795641756,-1.4806796109608276
2020-01-08 10:19:21.200,52.543669074156696,-1.461993986487464,35.68838490653881,1.6177311693001317,True,52.56850594498887,-1.4807049431101917
2020-01-08 10:19:21.300,52.544086590271924,-1.461931941249637,57.77831598856042,1.7293818290740923,True,52.56851507123605,-1.4807294348173599
2020-01-08 10:19:21.400,52.54457843084146,-1.4617271435289545,89.55633958972481,1.8177980875849509,True,52.56852439201336,-1.480753650224833
2020-01-08 10:19:21.500,52.54509003544255,-1.4614250011895547,121.94059046717861,1.849646249486305,True,52.56853436659524,-1.4807773301097367
2020-01-08 10:19:21.600,52.54552243337639,-1.4611789164478386,150.09937707272672,1.821822514143672,True,52.56854512895051,-1.4808000892849458
2020-01-08 10:19:21.700,52.545802022720515,-1.4610446711901321,172.4411775493611,1.7524362494103445,True,52.56855637254282,-1.4808222527131005
2020-01-08 10:19:21.800,52.54591137031968,-1.461160756241625,188.11904179855517,1.6662887283720644,True,52.56856799856384,-1.4808440233006672
2020-01-08 10:19:21.900,52.545869101437674,-1.4612527429026254,196.40896412780654,1.5865552632093467,True,52.56857968308174,-1.4808657280444841
2020-01-08 10:19:22.000,52.54570869527592,-1.4614399775019369,198.84352569325003,1.5285246670000256,True,52.56859113071978,-1.4808877398273586
2020-01-08 10:19:22.100,52.545463868220715,-1.4616252447170859,197.1037180001505,1.5009135408022118,True,52.56860237739554,-1.480910115497836
2020-01-08 10:19:22.200,52.545154631885644,-1.4617574351185887,187.4032736633911,1.51786965705047,True,52.5686137982286,-1.4809321330408034
2020-01-08 10:19:22.300,52.544786787914525,-1.46186228119992,172.8857658498974,1.578227102389935,True,52.56862504050338,-1.4809544260069627
2020-01-08 10:19:22.400,52.544351450246126,-1.461865185933975,153.16361996208138,1.6706525670118377,True,52.56863620541767,-1.4809767927426274
2020-01-08 10:19:22.500,52.54383373821119,-1.4617744245820905,129.30235005179793,1.7715450325524043,True,52.568647232767745,-1.480999388983053
2020-01-08 10:19:22.600,52.543236694034384,-1.461593584911029,101.71503530233257,1.8515533019237786,True,52.568658209716084,-1.4810220170291724
2020-01-08 10:19:22.700,52.54260592935444,-1.4613635202192505,75.65905080485149,1.8912825303970946,True,52.568668980698696,-1.481044841645382
2020-01-08 10:19:22.800,52.542018793571096,-1.4611882508370417,50.28736734737386,1.882966325287448,True,52.568679977651335,-1.4810673631329938
2020-01-08 10:19:22.900,52.54155375726728,-1.4609764510295262,28.663271461985662,1.835066456184287,True,52.568691020486554,-1.4810899112626785
2020-01-08 10:19:23.000,52.54125966262997,-1.4610096540779927,6.049252305502839,1.7644043636291324,True,52.568702247247,-1.4811121902213882
2020-01-08 10:19:23.100,52.54113438282298,-1.4610835172834402,349.22248861483877,1.675483206898447,True,52.56871353764517,-1.4811343709626124
2020-01-08 10:19:23.200,52.541144960811344,-1.461286502397174,337.6673569624828,1.5866613517368597,True,52.56872485251533,-1.4811565821180228
2020-01-08 10:19:23.300,52.54124732403142,-1.461541864696914,333.08530096640686,1.5162534411588393,True,52.568735920918066,-1.481179181876248
2020-01-08 10:19:23.400,52.54140126359525,-1.4617345043393053,333.34110579987595,1.4748123947527214,True,52.568747163052294,-1.4812015579976547
2020-01-08 10:19:23.500,52.54157883298652,-1.4619021994684795,339.89169623197864,1.4730873597744414,True,52.5687583853574,-1.481224114480234
2020-01-08 10:19:23.600,52.54176708288139,-1.4619832835608464,352.02183104278805,1.5148666372927557,True,52.568769869518256,-1.4812462802946744
2020-01-08 10:19:23.700,52.5419689240666,-1.4621052380577568,7.841595272730117,1.5919190804804557,True,52.568781708847276,-1.4812678658385223
2020-01-08 10:19:23.800,52.542209426077996,-1.4620346089222165,29.055754539179866,1.6889492407886564,True,52.568793403511066,-1.4812897356472017
2020-01-08 10:19:23.900,52.54252888233293,-1.4619841355112309,55.07682378654414,1.7807761772998272,True,52.568805331822965,-1.481311306991699
2020-01-08 10:19:24.000,52.54293877119099,-1.4618654514767215,87.91938617850762,1.842637252717239,True,52.568817670789024,-1.481332259846234
2020-01-08 10:19:24.100,52.543401153773516,-1.4616404330479726,121.23879731591843,1.844796736379856,True,52.5688302825991,-1.4813526576867908
2020-01-08 10:19:24.200,52.54382421652151,-1.4615284904232373,149.93634750815286,1.790949882435641,True,52.56884325945912,-1.481372457639815
2020-01-08 10:19:24.300,52.544130158816216,-1.4614651753450827,173.53016335735705,1.6996046347979024,True,52.568856342197925,-1.4813920991780054
2020-01-08 10:19:24.400,52.54429586420694,-1.461477860379953,189.7657915983335,1.5973914205588304,True,52.56886961728117,-1.4814113623039515
2020-01-08 10:19:24.500,52.54433818109797,-1.4616456724267406,201.46096430595276,1.5004646769178431,True,52.56888268284695,-1.481430926022957
2020-01-08 10:19:24.600,52.544291729255185,-1.4618115087157366,206.91976423173986,1.4247109012836237,True,52.568895995335296,-1.481450240427772
2020-01-08 10:19:24.700,52.54419078049062,-1.4619522905097677,205.3298890767477,1.3844369355781723,True,52.56890926681629,-1.4814694329176907
2020-01-08 10:19:24.800,52.544061741652044,-1.4621162938650052,199.00649804274377,1.3868041853576896,True,52.56892238467051,-1.4814889023044715
2020-01-08 10:19:24.900,52.54391838738585,-1.4621641853291512,187.29064394001685,1.4346338502354377,True,52.568935424547306,-1.4815083789578918
2020-01-08 10:19:25.000,52.54375728980027,-1.4622357798593697,171.64052200415986,1.5194441646220556,True,52.568948382922784,-1.4815280253951082
2020-01-08 10:19:25.100,52.54355052240999,-1.4621966344979775,150.63435495469253,1.624598389094308,True,52.568961324680004,-1.4815475422045286
2020-01-08 10:19:25.200,52.54325741102593,-1.462084757848257,126.33274053681008,1.724981541723724,True,52.56897419796005,-1.4815672122125305
2020-01-08 10:19:25.300,52.54285447201902,-1.4620063536720604,99.2274546554905,1.7953359038400825,True,52.568987187354864,-1.4815866726145352
2020-01-08 10:19:25.400,52.54237465946141,-1.46180426730018,72.14049314671438,1.819823975943172,True,52.56899999282457,-1.48160630011545
2020-01-08 10:19:25.500,52.541899462647464,-1.461568237024282,47.131945656580264,1.7973376009767343,True,52.569012801616104,-1.4816259423934226
2020-01-08 10:19:25.600,52.54151142935437,-1.461367067181286,26.76508420666487,1.7418519817373317,True,52.569025566569316,-1.481645535800508
2020-01-08 10:19:25.700,52.54126933670867,-1.4612954559070714,5.0321431514312644,1.6690753701786898,True,52.56903845124274,-1.481664941932711
2020-01-08 10:19:25.800,52.54117716548693,-1.461397348154401,350.3964209793492,1.586580809332202,True,52.56905123821061,-1.481684448698456
2020-01-08 10:19:25.900,52.541211342008395,-1.4615753652892134,340.22072085092924,1.5092789610252577,True,52.56906416260023,-1.481703675057095
2020-01-08 10:19:26.000,52.541333383237124,-1.4617616905796103,336.56303903285243,1.4540720198544737,True,52.5690768492631,-1.4817232780062453
2020-01-08 10:19:26.100,52.54150607393885,-1.4619376093584384,337.84377344746787,1.4316131549032522,True,52.56908957965052,-1.4817427938812133
2020-01-08 10:19:26.200,52.541701564322864,-1.4620592649590505,344.4823066551225,1.4498857558174099,True,52.56910215528227,-1.4817625501173775
2020-01-08 10:19:26.300,52.54190631819072,-1.462165409339712,355.9557731199378,1.5092547046870786,True,52.569114581897004,-1.4817825954155992
2020-01-08 10:19:26.400,52.542126844948,-1.4622046704882223,12.480335306610218,1.6009946633568657,True,52.56912680691915,-1.481803011639068
2020-01-08 10:19:26.500,52.54239206645055,-1.462127665878378,33.6876812088072,1.706084319771339,True,52.569138831235506,-1.4818237536657959
2020-01-08 10:19:26.600,52.54274039896165,-1.4620570453908448,58.43083723816032,1.7993864906471262,True,52.56915066322699,-1.4818447345932595
2020-01-08 10:19:26.700,52.543180472732445,-1.4619038974575989,90.9968768431829,1.857882204339981,True,52.569162217928344,-1.481865937564706
2020-01-08 10:19:26.800,52.54366914260333,-1.4617212929785877,123.74245394141619,1.8544148961303513,True,52.56917377657212,-1.4818873949756686
2020-01-08 10:19:26.900,52.54410568918935,-1.4615599687464855,153.51201496283386,1.7908007278806075,True,52.56918534877618,-1.4819087789714096
2020-01-08 10:19:27.000,52.54441244970326,-1.4614630005372418,177.63712793119225,1.6892512343704562,True,52.569197112689764,-1.4819298373463807
2020-01-08 10:19:27.100,52.54457191267476,-1.4615647192062367,196.37591392512797,1.5735478385657158,True,52.56920907336088,-1.4819507700008248
2020-01-08 10:19:27.200,52.544610393869796,-1.4617610717002527,208.94841393134038,1.4650388949858066,True,52.56922137214142,-1.4819711747530881
2020-01-08 10:19:27.300,52.5445709842791,-1.461978296138894,216.19147675650706,1.3784284464713394,True,52.56923390080005,-1.481991140558241
2020-01-08 10:19:27.400,52.54449618271083,-1.4620977963433837,218.45647046496708,1.3249524198063447,True,52.56924673260024,-1.4820106047564743
2020-01-08 10:19:27.500,52.54441885606302,-1.4622447686932567,214.21917334537594,1.3154766018194952,True,52.569259976032896,-1.4820293449511721
2020-01-08 10:19:27.600,52.544363128119606,-1.462360000791308,206.47397153773042,1.3516029125830016,True,52.56927333709369,-1.48204792988777
2020-01-08 10:19:27.700,52.54433568721529,-1.4623085056128975,192.21256441743205,1.4306481032152918,True,52.569286937495974,-1.4820660565334578
2020-01-08 10:19:27.800,52.5443260301672,-1.4623446576926582,176.373273174195,1.535399795657985,True,52.56930032545597,-1.482084671617434
2020-01-08 10:19:27.900,52.54427765206298,-1.4623664859867647,153.22668009442327,1.6457836096434744,True,52.56931377645761,-1.482103258445567
2020-01-08 10:19:28.000,52.544057272424034,-1.4623107272598428,122.5098603892666,1.7324801145230444,True,52.569326926288376,-1.4821224613240997
2020-01-08 10:19:28.100,52.54368156426752,-1.462144106091217,91.46901096219815,1.7697143780882496,True,52.5693396808808,-1.482142367127407
2020-01-08 10:19:28.200,52.54320912488816,-1.4619758257037663,60.223975928651754,1.7441964954605285,True,52.56935206795016,-1.4821629929444569
2020-01-08 10:19:28.300,52.54274909786828,-1.4618099857676468,36.75946806124438,1.6783748162590595,True,52.56936372181286,-1.4821846545786337
2020-01-08 10:19:28.400,52.54239651616957,-1.461716294816707,12.252709455914335,1.590576555156751,True,52.569375309306366,-1.4822065896825733
2020-01-08 10:19:28.500,52.54218948068602,-1.4617411929017516,356.0173072443384,1.4933576758358813,True,52.56938652963788,-1.4822290020700348
2020-01-08 10:19:28.600,52.54211919132816,-1.4617976070816232,344.8031043923265,1.4043425761708033,True,52.569397872730335,-1.4822513612564396
2020-01-08 10:19:28.700,52.54214962166923,-1.4620047632583353,340.9160575751522,1.3425215748679364,True,52.5694091655079,-1.482273835107454
2020-01-08 10:19:28.800,52.542236257994375,-1.462091501706604,338.5487702981403,1.3129156215998043,True,52.5694207165338,-1.4822959884879712
2020-01-08 10:19:28.900,52.54234074877687,-1.462201838980789,343.7861259213479,1.3286939860087497,True,52.569431998030694,-1.4823186542287192
2020-01-08 10:19:29.000,52.54244411161908,-1.462277711915906,356.69750236276235,1.3946511577297076,True,52.56944342041781,-1.482341204881096
2020-01-08 10:19:29.100,52.54255659063697,-1.4622685695441904,16.0465966649239,1.4998095645213925,True,52.56945490934378,-1.482363652418043
2020-01-08 10:19:29.200,52.54272178476876,-1.4623097988991918,39.909586888870436,1.6184583496763987,True,52.56946669593932,-1.4823857355053294
2020-01-08 10:19:29.300,52.542993735796564,-1.462132992565558,74.11010544662318,1.7185347028146993,True,52.569478661857715,-1.4824075860485404
2020-01-08 10:19:29.400,52.54338857998726,-1.4619252063305799,107.46016004442043,1.7643568333450814,True,52.56949098444453,-1.4824287322405203
2020-01-08 10:19:29.500,52.54382304480794,-1.4617413478670735,139.31287108608475,1.7421051296156085,True,52.56950336639562,-1.4824497790495867
2020-01-08 10:19:29.600,52.544177649240716,-1.4614916224883452,165.2197511644948,1.6685694595375247,True,52.56951604887714,-1.4824703187324513
2020-01-08 10:19:29.700,52.544386534358814,-1.4615124228773975,185.45727269697733,1.5682729089732275,True,52.56952858851305,-1.482490937750257
2020-01-08 10:19:29.800,52.54444553667063,-1.4616550223685199,198.73499361456487,1.4671327564976566,True,52.56954127215299,-1.4825114168667828
2020-01-08 10:19:29.900,52.54438642826829,-1.4617951324055134,205.11826130677733,1.385879459170748,True,52.56955372198988,-1.4825316600117135
2020-01-08 10:19:30.000,52.54424921760681,-1.4620218902843367,205.7219196642499,1.3392083640648027,True,52.569565887620854,-1.482551468554914
2020-01-08 10:19:30.100,52.544068527091575,-1.4621182554568433,201.03032223419794,1.3373125142917293,True,52.56957827949138,-1.4825715693157229
2020-01-08 10:19:30.200,52.543865783569295,-1.4622138641986857,190.58237311445862,1.3855496755255257,True,52.569591045752375,-1.4825915176487727
2020-01-08 10:19:30.300,52.543638689915895,-1.4622495297550038,173.75176499590717,1.4791275237264,True,52.56960409834731,-1.482611098312858
2020-01-08 10:19:30.400,52.543357205854164,-1.4622606691096784,152.06371983239418,1.5975519870579398,True,52.569617219722545,-1.4826305167124871
2020-01-08 10:19:30.500,52.54296928242599,-1.4621729176850573,124.4173044686759,1.7102465353289766,True,52.56963052575567,-1.4826494555117777
2020-01-08 10:19:30.600,52.54245454491906,-1.4619852192332827,95.84928980489693,1.7867908664632028,True,52.569643519873495,-1.4826686485062133
2020-01-08 10:19:30.700,52.54186579953766,-1.4617175410808216,65.74168285291437,1.8050199923561974,True,52.56965666008897,-1.4826876508800433
2020-01-08 10:19:30.800,52.54130936086787,-1.4614799672589944,40.280906621309505,1.7709710016440672,True,52.56966942167956,-1.4827072001383668
2020-01-08 10:19:30.900,52.54089101702159,-1.4612857588259849,12.662588554961516,1.6979100982490252,True,52.569682031297106,-1.4827269289683251
2020-01-08 10:19:31.000,52.540653141039996,-1.4613333584429637,351.3720525885975,1.5944127071024201,True,52.56969432534333,-1.4827471251104989
2020-01-08 10:19:31.100,52.540577059482196,-1.4615668420946644,336.9825658163912,1.48758017007662,True,52.56970630409553,-1.4827677129197998
2020-01-08 10:19:31.200,52.54061468309026,-1.4617629548901003,328.8959877872364,1.3971704376956033,True,52.56971793459621,-1.482788595005966
2020-01-08 10:19:31.300,52.5407167352399,-1.4619909479810032,327.98006378650643,1.3405606210233794,True,52.56972939561557,-1.482809869549677
2020-01-08 10:19:31.400,52.54084171803364,-1.4621083135653885,331.4841761921698,1.3270398494588154,True,52.569740650105274,-1.4828312941471307
2020-01-08 10:19:31.500,52.54096089838861,-1.4622348204807714,340.1934071295376,1.3624622042632757,True,52.569751697909076,-1.4828529397982455
2020-01-08 10:19:31.600,52.541065710484986,-1.4623116875923612,354.7505290127117,1.444119900876911,True,52.56976278189629,-1.4828744749260945
2020-01-08 10:19:31.700,52.54117804649281,-1.4622985767819485,14.773899920995142,1.555943884179803,True,52.56977388013626,-1.4828956900896373
2020-01-08 10:19:31.800,52.54135309037052,-1.4622523446494184,39.422959905961534,1.6710624209515104,True,52.5697852910609,-1.4829165760404577
2020-01-08 10:19:31.900,52.54165197860322,-1.4621862989751189,74.4268809284652,1.758079946755517,True,52.5697965885939,-1.4829376436096073
2020-01-08 10:19:32.000,52.54208139360676,-1.462018716594169,108.92080122647207,1.7822930247589073,True,52.56980828127864,-1.4829580022669437
2020-01-08 10:19:32.100,52.54254237393504,-1.4618193231679344,140.96669006325027,1.7370041084263832,True,52.56982021492796,-1.482978017510958
2020-01-08 10:19:32.200,52.54291666734612,-1.4616843888153395,166.97994166364816,1.6440878362352682,True,52.56983238156386,-1.482997461351661
2020-01-08 10:19:32.300,52.5431459783954,-1.4616624593249965,186.0168382966386,1.5328516532970196,True,52.56984480471923,-1.4830165713768035
2020-01-08 10:19:32.400,52.543233186075305,-1.4617660276761058,198.52210347710178,1.4270006281096759,True,52.569857295294305,-1.4830353949320607
2020-01-08 10:19:32.500,52.543211516042426,-1.461943214402028,204.3548909225025,1.3451273399030494,True,52.569869899360334,-1.483054052879535
2020-01-08 10:19:32.600,52.54312180566239,-1.462098047113837,205.41971190622627,1.2989802911700956,True,52.56988239364378,-1.483072932020445
2020-01-08 10:19:32.700,52.54299953857367,-1.4621915425462308,200.26858407350264,1.3001534707406193,True,52.56989509896648,-1.4830912914974268
2020-01-08 10:19:32.800,52.542863394203316,-1.462260010754376,188.0590653635422,1.354534366551613,True,52.56990765235865,-1.483109961096982
2020-01-08 10:19:32.900,52.542705896522314,-1.4623421173978044,169.6696383477644,1.4535372377772084,True,52.56992019314499,-1.483128681558782
2020-01-08 10:19:33.000,52.54248706075037,-1.4622946742916683,145.8660283308651,1.573428152547405,True,52.569932431936984,-1.4831479141463688
2020-01-08 10:19:33.100,52.54215423135034,-1.4621379834977262,118.66776964968084,1.6818615337878964,True,52.569944216620634,-1.4831679850477646
2020-01-08 10:19:33.200,52.541692122312725,-1.4619589089266236,90.45473393118287,1.7515401760800553,True,52.569955520991826,-1.4831887638858328
2020-01-08 10:19:33.300,52.541158702357315,-1.4616895972140296,63.4718820031427,1.769889566142444,True,52.56996641055732,-1.4832099162469847
2020-01-08 10:19:33.400,52.54066600830713,-1.4614519929339167,36.97217060198916,1.7333184927444114,True,52.56997728455011,-1.4832312994823769
2020-01-08 10:19:33.500,52.54030952776778,-1.4613423860172337,12.20465781436061,1.6675209012225527,True,52.56998732764844,-1.4832537485507324
2020-01-08 10:19:33.600,52.540127011112205,-1.4613581467289245,354.1076164676465,1.579409077596579,True,52.569997134352306,-1.4832765250969207
2020-01-08 10:19:33.700,52.540105182980064,-1.4614258203859543,344.1783849112686,1.4961244845042,True,52.570006813321164,-1.4832994727381137
2020-01-08 10:19:33.800,52.54020487013392,-1.4616911948265894,337.9998660155265,1.4294719274256416,True,52.570016800733505,-1.48332218275214
2020-01-08 10:19:33.900,52.54038621433062,-1.4618659778842518,340.2540624057277,1.3997644658130046,True,52.57002635930998,-1.4833452435365457
2020-01-08 10:19:34.000,52.54061776076367,-1.4620003438465583,347.071939355937,1.4142645887225538,True,52.57003617213364,-1.4833682767478316
2020-01-08 10:19:34.100,52.54088565793698,-1.4620323293134385,0.41648204335816197,1.4771782299899536,True,52.57004586643609,-1.4833913969639763
2020-01-08 10:19:34.200,52.54119766130589,-1.462078956247953,18.34213499192939,1.5767730766338324,True,52.570055640911896,-1.483414320682442
2020-01-08 10:19:34.300,52.54158624530803,-1.4620614583820157,42.323678262660955,1.691015735466579,True,52.57006543485788,-1.483437307172599
2020-01-08 10:19:34.400,52.542075145158016,-1.4618741918012856,75.59386625514196,1.788235642500996,True,52.57007539602763,-1.4834600365262618
2020-01-08 10:19:34.500,52.54264668281848,-1.4616183960723894,108.61732361779264,1.832704598811907,True,52.57008552679971,-1.4834826749308487
2020-01-08 10:19:34.600,52.543202548619384,-1.4613865034618043,139.59975882011946,1.811191493022683,True,52.57009575478443,-1.4835051382819588
2020-01-08 10:19:34.700,52.543634041557944,-1.4612110742186935,165.74586935644163,1.7368730155928362,True,52.570106088036596,-1.4835273626237195
2020-01-08 10:19:34.800,52.54389197127053,-1.4612556457894517,185.8300243737663,1.6350923211117672,True,52.570116555485576,-1.4835495529336442
2020-01-08 10:19:34.900,52.54398541632841,-1.4613718294551914,199.34351729804524,1.5304147506360557,True,52.57012711661845,-1.4835715947787333
2020-01-08 10:19:35.000,52.54395395172927,-1.4616071785607891,205.9928664192322,1.4429034380054653,True,52.57013760943507,-1.4835936097844489
2020-01-08 10:19:35.100,52.54383956116397,-1.4618592849156709,206.26153752318334,1.3875924296879882,True,52.570147925480455,-1.4836157794160219
2020-01-08 10:19:35.200,52.54367739889487,-1.4619980971597442,201.49143256278302,1.3742748766493518,True,52.570158017423836,-1.483638394518238
2020-01-08 10:19:35.300,52.54349069795941,-1.4620615177182468,191.71857771162888,1.4082354511963981,True,52.57016803045057,-1.4836609110390324
2020-01-08 10:19:35.400,52.54327980944052,-1.4621704245495306,175.42046497107896,1.4877819962940853,True,52.57017827566393,-1.4836833417927973
2020-01-08 10:19:35.500,52.543024434916155,-1.4621790235183854,155.79966509957984,1.5948474934350347,True,52.570188378394164,-1.4837057665612319
2020-01-08 10:19:35.600,52.54268271281175,-1.4621172911341032,131.43350607960517,1.7047581147794473,True,52.570198946315585,-1.4837276413387055
2020-01-08 10:19:35.700,52.542225556229695,-1.461905334491675,104.83104209396802,1.7901089885508958,True,52.570209902528035,-1.4837493573311462
2020-01-08 10:19:35.800,52.541672791847404,-1.4617373886222769,77.24421875308084,1.8304340931508127,True,52.570221305913776,-1.48377028097017
2020-01-08 10:19:35.900,52.541108282256616,-1.4615006509597832,50.359958469821926,1.8176214277234763,True,52.5702332765535,-1.4837903545707571
2020-01-08 10:19:36.000,52.54062976443691,-1.461264225205273,28.338195215382687,1.7645520159695214,True,52.57024550912107,-1.4838098898717684
2020-01-08 10:19:36.100,52.540313046921575,-1.4612412601660625,2.95424914453606,1.6823630490222052,True,52.57025814913817,-1.4838286965198906
2020-01-08 10:19:36.200,52.540169130009104,-1.461339286255425,344.74582930871725,1.5813344882994829,True,52.57027052258337,-1.4838479389829686
2020-01-08 10:19:36.300,52.54016462004355,-1.4614771521857206,332.6796664612957,1.483461841399135,True,52.570282901736924,-1.483867050307237
2020-01-08 10:19:36.400,52.5402480151326,-1.4617666902846684,326.163515623163,1.4048904005556726,True,52.57029516565667,-1.4838864617587333
2020-01-08 10:19:36.500,52.54037278699516,-1.4619902515915522,326.01575938402624,1.3600729054616518,True,52.57030722041669,-1.483906428094634
2020-01-08 10:19:36.600,52.54050222878993,-1.4620899062818573,330.5749545148801,1.357573595638964,True,52.57031899178723,-1.4839267169643686
2020-01-08 10:19:36.700,52.5406175401306,-1.4621805244256065,342.2863547995495,1.40410185534843,True,52.5703306192016,-1.4839474548053593
2020-01-08 10:19:36.800,52.54071497117042,-1.46219955127893,359.5078973101381,1.492257534330444,True,52.57034200890403,-1.4839685384693841
2020-01-08 10:19:36.900,52.54077510161504,-1.4621647901350157,20.277227615726495,1.601427829896113,True,52.57035322789601,-1.483989843626821
2020-01-08 10:19:37.000,52.54091994682061,-1.462184471734531,49.77641788555932,1.7054761984489195,True,52.57036444250266,-1.4840111814557275
2020-01-08 10:19:37.100,52.541209951986175,-1.46207805471685,85.88138195151691,1.7735377529489824,True,52.57037594660795,-1.4840321236612912
2020-01-08 10:19:37.200,52.54162612554331,-1.4618621011244546,122.72667768043087,1.76870136373019,True,52.570387350371135,-1.4840531882831731
2020-01-08 10:19:37.300,52.54203919624358,-1.4616496236278795,154.88824400850913,1.6950190097922102,True,52.57039911930815,-1.4840736779095483
2020-01-08 10:19:37.400,52.542334759349835,-1.4615853393491307,180.9133386782816,1.579524292319013,True,52.57041124866394,-1.4840936376337475
2020-01-08 10:19:37.500,52.542484290110615,-1.4617124743194452,197.62263214899951,1.4586437730389221,True,52.57042380084448,-1.4841129209325576
2020-01-08 10:19:37.600,52.542512240105154,-1.4618318156512033,208.05219609529942,1.3536005229637387,True,52.570436601473475,-1.4841316762373395
2020-01-08 10:19:37.700,52.5424616711372,-1.4620294181569484,209.5712990011694,1.2841093936953796,True,52.570449524915716,-1.4841502830454705
2020-01-08 10:19:37.800,52.54236988390899,-1.4621672721840129,203.76037358265282,1.2635330956630186,True,52.57046278083511,-1.4841683838150697
2020-01-08 10:19:37.900,52.5422692653483,-1.4622919680913695,196.55253339378123,1.2920768548658086,True,52.570476043953754,-1.4841864984312256
2020-01-08 10:19:38.000,52.54217266927608,-1.4622663839032395,182.16237301314365,1.369528535600528,True,52.57048970690685,-1.4842040387120128
2020-01-08 10:19:38.100,52.542060466685896,-1.4623297678539917,162.22237536312468,1.480694610137277,True,52.57050348191689,-1.4842213294427646
2020-01-08 10:19:38.200,52.54187384972933,-1.462260619202739,136.70204437552067,1.5989893880899126,True,52.570517351830226,-1.484238624204277
2020-01-08 10:19:38.300,52.5415458819697,-1.4621673891269036,107.15021130446605,1.6915136900776166,True,52.57053112613929,-1.4842561411022994
2020-01-08 10:19:38.400,52.541075724171215,-1.4619434770011688,76.30967338743282,1.7313444469642105,True,52.570544882454605,-1.4842737818930032
2020-01-08 10:19:38.500,52.540559292327565,-1.4616356178394303,48.19065231269781,1.7130061999905148,True,52.570558451035545,-1.4842920925833027
2020-01-08 10:19:38.600,52.54011603562447,-1.4614903263867227,25.454361547475102,1.6525251231258744,True,52.57057194501382,-1.484310540145241
2020-01-08 10:19:38.700,52.539826154756945,-1.4613349330712324,5.629220419414069,1.579984370075714,True,52.570585264303766,-1.4843294368288966
2020-01-08 10:19:38.800,52.53970919016633,-1.4614220133431388,351.67090836675567,1.4987050219663307,True,52.570598936236884,-1.484347635176648
2020-01-08 10:19:38.900,52.53974427217446,-1.4615662267482121,344.942764283009,1.4309947673990346,True,52.57061293543155,-1.4843655024073006
2020-01-08 10:19:39.000,52.53989470384628,-1.4616912994861766,345.9300882624754,1.3965035020691563,True,52.570627195366164,-1.4843829839316391
2020-01-08 10:19:39.100,52.540125218823455,-1.4618676422498655,351.10685053190446,1.402959872741164,True,52.570641784099934,-1.4843997275587815
2020-01-08 10:19:39.200,52.54041920124012,-1.4619394068523999,4.818477638798244,1.4609086177157433,True,52.570656360006936,-1.4844167739261993
2020-01-08 10:19:39.300,52.54077951796722,-1.4619247106881001,22.892706359648386,1.559490392409673,True,52.5706712128491,-1.4844332537433371
2020-01-08 10:19:39.400,52.541234050849724,-1.4618159704037237,47.90868005891894,1.677605335011139,True,52.57068604822235,-1.4844500088326842
2020-01-08 10:19:39.500,52.54179600060422,-1.4616695470937437,81.27643289215474,1.7815684183441012,True,52.57070113986635,-1.4844664922875508
2020-01-08 10:19:39.600,52.54242393583069,-1.4613044000229856,116.56818926126904,1.828617104455277,True,52.57071611683716,-1.484483249756663
2020-01-08 10:19:39.700,52.54299530086555,-1.4610351291632295,148.00033375691865,1.8049179799021104,True,52.57073144255766,-1.4844994855202636
2020-01-08 10:19:39.800,52.54340656581608,-1.4609278817907518,171.5355400109294,1.7327280226808817,True,52.570746854711274,-1.484515630284942
2020-01-08 10:19:39.900,52.54362021127352,-1.4609841781428605,189.01134119429474,1.63634975123632,True,52.570762086737055,-1.4845324412638146
2020-01-08 10:19:40.000,52.543656791976545,-1.4611432613696322,199.26183422075948,1.5410213374026012,True,52.57077724034234,-1.4845497528709022
2020-01-08 10:19:40.100,52.54356315214611,-1.461458944545176,205.0735148862981,1.4609195863182856,True,52.570792223375534,-1.4845675293443577
2020-01-08 10:19:40.200,52.54337902018932,-1.4616192261766516,199.60118321659016,1.4222909674076887,True,52.570807630540486,-1.4845847050902328
2020-01-08 10:19:40.300,52.54314016138404,-1.4617663916350303,193.5613743463431,1.4241641339413562,True,52.570822751325835,-1.484602646807358
2020-01-08 10:19:40.400,52.5428621909661,-1.4619211096886602,179.6951734766558,1.4753691961338762,True,52.570838487920255,-1.4846191358431524
2020-01-08 10:19:40.500,52.54253950766788,-1.461919514242321,161.18510453480124,1.566897303513637,True,52.57085470187164,-1.4846346871165954
2020-01-08 10:19:40.600,52.5421365118845,-1.4618586450769198,135.56297158504336,1.678928696192013,True,52.57087155874888,-1.4846485067144624
2020-01-08 10:19:40.700,52.541617361229584,-1.4617232603459138,105.40728911660707,1.7766018909131212,True,52.570888801496224,-1.4846609341722843
2020-01-08 10:19:40.800,52.54100243912384,-1.4615116149247338,75.41796285913254,1.8298550761126646,True,52.5709063230587,-1.484672236524449
2020-01-08 10:19:40.900,52.54039339581603,-1.4612168725204482,44.29225182447562,1.817280043629308,True,52.570924425062714,-1.4846818871195224
2020-01-08 10:19:41.000,52.53990729346015,-1.4610512707500667,18.61607575876119,1.750125531337295,True,52.57094259789165,-1.4846913275989515
2020-01-08 10:19:41.100,52.53961486016427,-1.46109787279981,352.0911377692336,1.649236899986798,True,52.57096083142081,-1.4847004894575042
2020-01-08 10:19:41.200,52.539499004598895,-1.4612587075693548,336.17097977162507,1.5368363683819686,True,52.570979018475136,-1.4847101243987244
2020-01-08 10:19:41.300,52.53950706442651,-1.4615209818387558,324.3127258472861,1.430927117592569,True,52.57099735871895,-1.4847189801064
2020-01-08 10:19:41.400,52.53958318846365,-1.4617669275706762,322.2241443626982,1.3552157673489145,True,52.57101558827685,-1.4847283909958142
2020-01-08 10:19:41.500,52.53967819985099,-1.4620298180184672,322.4153363173343,1.316210016227464,True,52.57103399267359,-1.4847372932838103
2020-01-08 10:19:41.600,52.539754854501915,-1.4621401780408778,328.67811244709094,1.323958802524628,True,52.57105209962529,-1.4847472650103957
2020-01-08 10:19:41.700,52.53978767204305,-1.4622081802103115,338.54041704993165,1.3778338205989562,True,52.571070128570476,-1.4847577895639685
2020-01-08 10:19:41.800,52.53977677183367,-1.4621851130419727,356.24235172398045,1.4728132274032304,True,52.57108760414867,-1.4847706604040198
2020-01-08 10:19:41.900,52.53975804191573,-1.4621505422111463,18.718062473834948,1.587842913840965,True,52.57110472271988,-1.4847848642513954
2020-01-08 10:19:42.000,52.53981366437571,-1.462196441611584,47.486084186384815,1.693658453838468,True,52.57112124059848,-1.484800873121349
2020-01-08 10:19:42.100,52.54003598795069,-1.4621651290342474,89.71861815577978,1.7490562253895017,True,52.571137166932864,-1.4848180712735208
2020-01-08 10:19:42.200,52.540400605663834,-1.461983336591651,127.30712262160584,1.7237473906478296,True,52.5711535516221,-1.4848341940481815
2020-01-08 10:19:42.300,52.54075657081056,-1.4618684193542126,163.09243923005613,1.61854633035818,True,52.57116980126491,-1.484850634770378
2020-01-08 10:19:42.400,52.540997290631815,-1.461864284181694,187.31324343008737,1.4839602298731185,True,52.57118676544133,-1.4848651541634663
2020-01-08 10:19:42.500,52.54110923907403,-1.4619871540957066,203.19714623181113,1.3554129900889684,True,52.57120365411729,-1.484879519718757
2020-01-08 10:19:42.600,52.541127536631954,-1.4620864970507346,211.21576735345278,1.256123858020071,True,52.57122060678606,-1.4848939455924632
2020-01-08 10:19:42.700,52.541100757972394,-1.4622270939978932,213.50211358749914,1.200268589346697,True,52.57123734353597,-1.484908871234891
2020-01-08 10:19:42.800,52.541074503410734,-1.4623489662009421,209.06686653612414,1.1982008702924545,True,52.57125398441999,-1.4849240262133623
2020-01-08 10:19:42.900,52.54108770676963,-1.4623911603452022,201.3558731019422,1.2496123151292386,True,52.571270468577836,-1.4849396000923332
2020-01-08 10:19:43.000,52.54115935451142,-1.4623168768381007,186.20798070212714,1.3470274874629538,True,52.571287277288484,-1.4849541456394593
2020-01-08 10:19:43.100,52.54127011864612,-1.462312071457416,165.33809727164402,1.4696441104363946,True,52.571304255739825,-1.484967948932963
2020-01-08 10:19:43.200,52.54134250532269,-1.4623116775705773,138.1434494050449,1.5875941952873478,True,52.5713214869171,-1.4849808444506745
2020-01-08 10:19:43.300,52.54127052605258,-1.4622972748501994,107.25999116020961,1.6687977297905399,True,52.57133880904027,-1.484993330231465
2020-01-08 10:19:43.400,52.54100904211726,-1.462261665365948,74.05591480034127,1.686312345908799,True,52.57135624468492,-1.4850051368059083
2020-01-08 10:19:43.500,52.54064429571317,-1.4620334987664072,43.82987025283989,1.6382775100063487,True,52.57137376361438,-1.485016647002738
2020-01-08 10:19:43.600,52.540309153277,-1.4618328146282449,20.61332568679364,1.550252466161267,True,52.571391264957995,-1.4850278547399378
2020-01-08 10:19:43.700,52.5400942497362,-1.461754060489714,358.9864937633027,1.4515089449079428,True,52.571408870115995,-1.4850387693304976
2020-01-08 10:19:43.800,52.54001999811727,-1.4618498146796013,344.9845994881323,1.3539017237233886,True,52.57142651811393,-1.485049123458394
2020-01-08 10:19:43.900,52.540061161678494,-1.4619954641271258,339.5001064662488,1.2830795341774248,True,52.571444195281224,-1.4850589895247315
2020-01-08 10:19:44.000,52.54017706510419,-1.4621040546349144,339.5878019203578,1.2537164422411515,True,52.571462112301155,-1.4850678278669505
2020-01-08 10:19:44.100,52.54033180248993,-1.4622281632759697,346.6687767479869,1.2784943011622234,True,52.571479949260016,-1.4850770519499863
2020-01-08 10:19:44.200,52.540509335321836,-1.4623099679283154,0.7539032758419202,1.359368339866254,True,52.571497900045074,-1.4850858872188955
2020-01-08 10:19:44.300,52.54072557492941,-1.4622911226743365,21.023345013072284,1.4813861076085995,True,52.571515901127235,-1.4850939372994858
2020-01-08 10:19:44.400,52.5410342064841,-1.4621917339578505,47.55197522589997,1.6143292373659754,True,52.57153400052459,-1.4851014228233912
2020-01-08 10:19:44.500,52.54148262606365,-1.4620735993864182,83.61044134894186,1.7199552696178542,True,52.57155221648229,-1.4851078232208919
2020-01-08 10:19:44.600,52.54203860355332,-1.461746189681819,119.89035554883324,1.7536991851155928,True,52.571570536801026,-1.4851133294231316
2020-01-08 10:19:44.700,52.54256750616985,-1.4615111138786214,150.80866653639947,1.7135637732646387,True,52.57158897999884,-1.4851177347917528
2020-01-08 10:19:44.800,52.54294234458765,-1.4613663706687783,176.67132112126933,1.6187906712975417,True,52.57160738176917,-1.485121801213972
2020-01-08 10:19:44.900,52.54313092909944,-1.461382488275871,191.1972144635156,1.5132720921545166,True,52.5716259434917,-1.48512479369355
2020-01-08 10:19:45.000,52.54315518407126,-1.4615674007903283,199.7525305334156,1.418355969449592,True,52.571644393392816,-1.4851284693156843
2020-01-08 10:19:45.100,52.5430531032437,-1.4617446117710142,198.39749866150882,1.3605487818311597,True,52.57166282546928,-1.4851325274231872
2020-01-08 10:19:45.200,52.54285635409605,-1.461876628357031,190.89005878813234,1.3534875416779797,True,52.57168112310182,-1.4851382547349707
2020-01-08 10:19:45.300,52.54258119404205,-1.4619912998499742,177.3675158589957,1.4036665170958214,True,52.57169943039303,-1.48514505343421
2020-01-08 10:19:45.400,52.542218697477836,-1.4619991623566373,156.73413535825568,1.5055513666298619,True,52.57171744188946,-1.4851532228088289
2020-01-08 10:19:45.500,52.541743818348586,-1.4618895678982529,132.2627709931632,1.6316380651102689,True,52.571735279070005,-1.4851626300477783
2020-01-08 10:19:45.600,52.541144231405596,-1.461640179498441,105.28791657962023,1.7471641612595306,True,52.571752985743956,-1.4851725318952949
2020-01-08 10:19:45.700,52.5404588573623,-1.4613370751144432,77.35407714433529,1.8221539176114534,True,52.57177079093592,-1.4851822833255903
2020-01-08 10:19:45.800,52.53979304268841,-1.4609734701961445,49.78516936094433,1.8389617667549316,True,52.57178873568856,-1.4851913450079295
2020-01-08 10:19:45.900,52.53924066390571,-1.4607046916743889,28.159288496549323,1.8089687197880437,True,52.57180647333885,-1.4852011354477541
2020-01-08 10:19:46.000,52.538839535142195,-1.4604366271425242,5.8788176881053795,1.7480381153072755,True,52.57182432060249,-1.485210480350258
2020-01-08 10:19:46.100,52.53867747316851,-1.460521508304782,349.5141880759107,1.6607654574174884,True,52.57184228784295,-1.4852197037594985
2020-01-08 10:19:46.200,52.5387094395521,-1.4607791905816203,342.88433800614996,1.5793885219335195,True,52.57186019885133,-1.4852296348722898
2020-01-08 10:19:46.300,52.53888177153297,-1.4610388455228966,343.0226821931839,1.5225818447412904,True,52.57187813862935,-1.485239023917261
2020-01-08 10:19:46.400,52.53915166733598,-1.4613419263701046,349.97221351681577,1.505243998952527,True,52.57189619808337,-1.4852483449783527
2020-01-08 10:19:46.500,52.53949962521574,-1.4614099732439247,5.864302742712648,1.54126547542365,True,52.571914216302645,-1.4852572716569497
2020-01-08 10:19:46.600,52.53992778576715,-1.4615015365912944,26.407294406049136,1.6219456404626336,True,52.57193247450238,-1.4852651337355676
2020-01-08 10:19:46.700,52.54045694892222,-1.4613951268956973,53.91440510621559,1.7268786728598433,True,52.57195071105796,-1.4852733721626814
2020-01-08 10:19:46.800,52.54108036776903,-1.4611472360506068,86.98429633720248,1.8212445681933442,True,52.571968988223965,-1.485281281019063
2020-01-08 10:19:46.900,52.54174721005319,-1.4608598354699756,121.9553719308184,1.864789911706221,True,52.57198707638615,-1.4852901988369804
2020-01-08 10:19:47.000,52.54232340527878,-1.4606113810025108,154.99659932821618,1.83536024760058,True,52.572005160504524,-1.4852991279407939
2020-01-08 10:19:47.100,52.54270179351684,-1.4606402843814357,183.42870262752027,1.7434882818442146,True,52.572023243162825,-1.4853081380861417
2020-01-08 10:19:47.200,52.54287403110173,-1.4607824387020938,200.76020949513332,1.6303506911331604,True,52.57204145040649,-1.4853164948559128
2020-01-08 10:19:47.300,52.54288896378795,-1.461061638356501,213.51442928333412,1.516281905293852,True,52.57205956490383,-1.4853254054971525
2020-01-08 10:19:47.400,52.542809774211264,-1.4613898559409733,218.73533454617626,1.4226590856053747,True,52.57207775276169,-1.4853337561602828
2020-01-08 10:19:47.500,52.542688689443246,-1.4617060707450753,217.52759670638562,1.363748410853071,True,52.57209609536442,-1.485341661714141
2020-01-08 10:19:47.600,52.542560657510194,-1.4618318772043035,208.94831349181112,1.3525245811726743,True,52.57211456567911,-1.4853487730531434
2020-01-08 10:19:47.700,52.54243650595544,-1.4619515305277033,191.48150070136998,1.3975147430894508,True,52.57213306930038,-1.485355555085213
2020-01-08 10:19:47.800,52.54230227944057,-1.4620021112543902,169.93666959589197,1.4868103096109182,True,52.57215152393681,-1.4853623632231214
2020-01-08 10:19:47.900,52.54210185092762,-1.4619360349686703,141.9090279243482,1.5967538073783938,True,52.57217006419452,-1.4853688498376494
2020-01-08 10:19:48.000,52.5417651963027,-1.4618631934782462,111.05203879250071,1.6923422195120414,True,52.572188623919224,-1.4853750866858069
2020-01-08 10:19:48.100,52.54127802803487,-1.4616762182158962,77.60341872224129,1.7385937343451965,True,52.57220728378376,-1.4853802510103014
2020-01-08 10:19:48.200,52.54073556089695,-1.4614187347350127,47.377852805451454,1.723129607016993,True,52.572225920471055,-1.485385278012734
2020-01-08 10:19:48.300,52.54026568695649,-1.4612540545292236,23.78080595927138,1.6616074990344831,True,52.57224458327086,-1.48538952843845
2020-01-08 10:19:48.400,52.539960718699916,-1.461231759572536,359.7418207240122,1.5739451754371523,True,52.57226333132445,-1.4853926268328985
2020-01-08 10:19:48.500,52.53982977544702,-1.4613507314979524,344.2482566598819,1.4753689228638767,True,52.57228205515089,-1.485395873752449
2020-01-08 10:19:48.600,52.539835389308436,-1.4614957192770281,338.00137943868276,1.3936472007014746,True,52.57230084256001,-1.4853987341033996
2020-01-08 10:19:48.700,52.539929476686545,-1.46174893444728,338.58766288092187,1.3460000670771468,True,52.57231955854014,-1.4854004792845836
2020-01-08 10:19:48.800,52.540070622266704,-1.4618819001828205,345.17822975547676,1.3442275567247484,True,52.572338322215124,-1.4854015198376385
2020-01-08 10:19:48.900,52.5402336943552,-1.4620143029052033,357.8223128145228,1.3936881988857683,True,52.572357048540326,-1.485402501880052
2020-01-08 10:19:49.000,52.540423535891044,-1.4619870737926806,17.429931536800186,1.4889228501796652,True,52.57237572756712,-1.4854035321257262
2020-01-08 10:19:49.100,52.540688420961,-1.461995681949914,44.46462537499277,1.607164121837903,True,52.57239442894479,-1.4854043055152513
2020-01-08 10:19:49.200,52.541079846804514,-1.4618283412553332,81.10872366379813,1.7106801588019553,True,52.572413118291486,-1.4854044774706114
2020-01-08 10:19:49.300,52.54159007269017,-1.4615602412102597,118.06088008368782,1.7532521534799024,True,52.57243175887652,-1.485404271288555
2020-01-08 10:19:49.400,52.54208855445041,-1.461299134715545,151.44885164370257,1.7195682247308646,True,52.572450437006765,-1.4854039131610761
2020-01-08 10:19:49.500,52.54244456807989,-1.4611318346973978,177.4685037828814,1.6318327203346878,True,52.57246906509114,-1.4854031915030705
2020-01-08 10:19:49.600,52.54261698001658,-1.4612560502203475,196.09836438184487,1.5218825024937992,True,52.57248764848465,-1.4854026232988904
2020-01-08 10:19:49.700,52.54263333705691,-1.4614207984181167,206.5106098169977,1.4189984185037898,True,52.57250628780332,-1.4854018048766626
2020-01-08 10:19:49.800,52.54254532556016,-1.4617325464146516,209.39337408615745,1.3441901642005907,True,52.572524939292734,-1.4854011161598448
2020-01-08 10:19:49.900,52.54239884053563,-1.4618730781673817,204.8998260752885,1.3142288421913355,True,52.572543563970385,-1.4854008632181919
2020-01-08 10:19:50.000,52.54222587678757,-1.4620489239971382,194.6558693419172,1.3380162204383235,True,52.57256204069428,-1.4854011178205937
2020-01-08 10:19:50.100,52.54203023415218,-1.46209306888681,176.4776877589411,1.417468354237199,True,52.572580457948824,-1.4854012030131836
2020-01-08 10:19:50.200,52.54177843686898,-1.4620295667849408,152.4510923091114,1.5339662654695927,True,52.572598916114536,-1.485401771981206
2020-01-08 10:19:50.300,52.541404306471534,-1.4619545767203934,122.63394059924033,1.6532691439681424,True,52.572617288730505,-1.485402313360284
2020-01-08 10:19:50.400,52.54087284882051,-1.4617439530743925,89.44449311187643,1.7341119509110032,True,52.57263563761161,-1.485403018738004
2020-01-08 10:19:50.500,52.54025608915283,-1.4614063173097023,58.13996006037898,1.752715324180627,True,52.572654015556125,-1.4854046948587765
2020-01-08 10:19:50.600,52.539691720346845,-1.4611719322300538,31.361698600395716,1.712441615413828,True,52.57267225020343,-1.485406770706555
2020-01-08 10:19:50.700,52.53929699518471,-1.4610955402019277,5.008533785336873,1.6345351881693855,True,52.57269042627913,-1.4854096187908798
2020-01-08 10:19:50.800,52.53910496894056,-1.461132597246102,346.46081660038385,1.532361089310785,True,52.57270844976981,-1.485412838454865
2020-01-08 10:19:50.900,52.53908165553074,-1.4613981904893472,336.1600196347569,1.4355835552342606,True,52.572726459717586,-1.485416382646319
2020-01-08 10:19:51.000,52.539171225713694,-1.4616439542302688,332.5771970936889,1.3640288895728072,True,52.57274448778868,-1.485419379123119
2020-01-08 10:19:51.100,52.539321549934684,-1.4618309644139005,335.78684748514564,1.3341591499503436,True,52.57276246902023,-1.4854223442443109
2020-01-08 10:19:51.200,52.539497970463344,-1.4619761251372245,346.2929532450542,1.358395875940181,True,52.57278040908713,-1.4854253970832647
2020-01-08 10:19:51.300,52.539692759223335,-1.4620904172819693,3.800607620134079,1.4372531682153749,True,52.57279832806194,-1.4854280453350888
2020-01-08 10:19:51.400,52.539937069493654,-1.462007716257328,27.940056064224084,1.5533938140021912,True,52.57281625273068,-1.485430078481733
2020-01-08 10:19:51.500,52.540291985774196,-1.4619167763815428,56.41174739257067,1.6725149136267892,True,52.57283416484157,-1.4854311213340834
2020-01-08 10:19:51.600,52.54079142490478,-1.4617749070698272,93.95793252428304,1.7564869485221777,True,52.57285201229884,-1.4854314569266631
2020-01-08 10:19:51.700,52.54136873008491,-1.4614199710333977,130.0865165175547,1.7660074922749454,True,52.572869853601055,-1.485431346343586
2020-01-08 10:19:51.800,52.54187615072033,-1.4612084190460513,160.28150930237683,1.7061157122132686,True,52.57288756297316,-1.485430541242512
2020-01-08 10:19:51.900,52.542209648324985,-1.4611545077597758,183.51304697533757,1.6044272309539267,True,52.572905264589494,-1.4854301680067967
2020-01-08 10:19:52.000,52.5423550249478,-1.4613464704905148,199.9545616622961,1.4904858230718427,True,52.572922944949994,-1.4854298254661664
2020-01-08 10:19:52.100,52.54235283268574,-1.461505672033416,208.50729719794535,1.39043073620637,True,52.57294063317242,-1.4854292714394686
2020-01-08 10:19:52.200,52.54225571935077,-1.461802969675362,208.842072347612,1.325170835232375,True,52.57295823092257,-1.485428759912923
2020-01-08 10:19:52.300,52.54210897237994,-1.4619156715890285,203.94626935028467,1.3062634029756126,True,52.57297579043705,-1.4854288382386105
2020-01-08 10:19:52.400,52.54194086435805,-1.462048096297965,192.28534693235295,1.3428146166501695,True,52.572993279039125,-1.48542925983498
2020-01-08 10:19:52.500,52.54175859060891,-1.4621358305567655,176.42461722743607,1.4284399925149116,True,52.573010806583326,-1.485430001296607
2020-01-08 10:19:52.600,52.54152961192951,-1.46211999297945,153.53911195930957,1.5467617732856151,True,52.57302823331812,-1.485429732038443
2020-01-08 10:19:52.700,52.54118341221463,-1.4620143723835435,124.14766237142052,1.664865379863837,True,52.57304564202337,-1.4854287069014247
2020-01-08 10:19:52.800,52.54067697982821,-1.4618877195850875,92.78720685295824,1.7459076635835318,True,52.57306302787911,-1.4854271349733092
2020-01-08 10:19:52.900,52.54006843101217,-1.4615558353333715,60.90481965001281,1.763753340160416,True,52.5730803540563,-1.485425294891733
2020-01-08 10:19:53.000,52.53949644970687,-1.461236723421646,32.929888993191945,1.7199091526055386,True,52.5730976319718,-1.485423575761728
2020-01-08 10:19:53.100,52.53907990943409,-1.461150190394805,6.171842220810763,1.6392414763631802,True,52.57311479514743,-1.485421918269896
2020-01-08 10:19:53.200,52.53886114639812,-1.4612396598809094,347.04727019476894,1.5344378820953153,True,52.573131875808286,-1.4854196635264583
2020-01-08 10:19:53.300,52.53881454076773,-1.4614476261228209,335.88748598671486,1.4341513495726155,True,52.57314890409571,-1.4854169917379354
2020-01-08 10:19:53.400,52.538885996251544,-1.4616331533390867,330.58065042360863,1.3562973908098266,True,52.57316591191146,-1.485413572840878
2020-01-08 10:19:53.500,52.53902156582012,-1.4618554084328508,332.11479413384654,1.3175880226015284,True,52.57318286305116,-1.4854099515820058
2020-01-08 10:19:53.600,52.53917953668238,-1.4620492958778433,339.24512983144854,1.3282679565673667,True,52.57319984059283,-1.4854059218350786
2020-01-08 10:19:53.700,52.539336972983804,-1.4621438849041446,352.1955771611492,1.3910311144818666,True,52.573216750886395,-1.4854020523616083
2020-01-08 10:19:53.800,52.53950653374517,-1.462167486329084,12.308138972608388,1.4968798976694488,True,52.57323360243539,-1.4853983672877158
2020-01-08 10:19:53.900,52.53974106275683,-1.4621551976232208,37.42000725781066,1.6191216180323795,True,52.57325042648169,-1.4853943232186686
2020-01-08 10:19:54.000,52.540114010528825,-1.462023380411432,67.6268177885354,1.7223613766979908,True,52.5732673021813,-1.4853905723945962
2020-01-08 10:19:54.100,52.540636878178596,-1.4618280567530246,104.49671417428429,1.7762443774180878,True,52.57328405790362,-1.4853863825148492
2020-01-08 10:19:54.200,52.54120716113776,-1.4615363660130576,139.98132591600634,1.7498877519021732,True,52.57330083589402,-1.4853824965182016
2020-01-08 10:19:54.300,52.541671907178475,-1.4613668423359663,169.19716326022078,1.660411201476176,True,52.573317573379136,-1.4853778446989336
2020-01-08 10:19:54.400,52.541953801877824,-1.4613382650965538,190.98397788703173,1.5412223379375531,True,52.57333425252333,-1.4853731231884322
2020-01-08 10:19:54.500,52.54206400720328,-1.4615852637494524,204.7625010201393,1.423559184311985,True,52.5733509168211,-1.4853680838508265
2020-01-08 10:19:54.600,52.54205001721535,-1.4617872420776015,211.1052933642628,1.3291716809856373,True,52.57336767658605,-1.485363060380249
2020-01-08 10:19:54.700,52.54196524425455,-1.4620123898863127,211.2548989973253,1.2733537370022203,True,52.57338443417575,-1.4853586275130157
2020-01-08 10:19:54.800,52.54185703588346,-1.4621146281627606,207.0703879575011,1.265230214493708,True,52.57340115930604,-1.4853542179905714
2020-01-08 10:19:54.900,52.5417545686226,-1.4622019602410636,197.67786698050088,1.3093682950505516,True,52.5734179287273,-1.4853505250017645
2020-01-08 10:19:55.000,52.54162545164277,-1.4621766035369794,177.73359721326253,1.4045966813318271,True,52.57343475896583,-1.4853471381303718
2020-01-08 10:19:55.100,52.54145689395792,-1.4622294450812676,153.55316184647634,1.526730375495448,True,52.57345162262072,-1.4853442718698906
2020-01-08 10:19:55.200,52.54115758556549,-1.4621211387557735,122.99203498845587,1.640831097971077,True,52.57346849498439,-1.4853420152901822
2020-01-08 10:19:55.300,52.54066994508849,-1.4619227461401603,90.72492910377652,1.7111840860754703,True,52.57348542454781,-1.4853397295050499
2020-01-08 10:19:55.400,52.5400504263303,-1.4617069248248689,60.716585082197874,1.7217869580867151,True,52.5735022968475,-1.4853373528170046
2020-01-08 10:19:55.500,52.53945047416751,-1.4613965448302122,33.39733669117348,1.6729119858807435,True,52.57351924372408,-1.4853340693788188
2020-01-08 10:19:55.600,52.53900019383218,-1.4612022040044732,8.380105629593864,1.5933343765308328,True,52.57353604009002,-1.485330763701452
2020-01-08 10:19:55.700,52.538755953050256,-1.4612641538565707,348.60554419680943,1.4885087149008915,True,52.57355272617353,-1.4853266837936785
2020-01-08 10:19:55.800,52.53869191100497,-1.4614669874381103,334.5848890677052,1.383461924749266,True,52.573569459226526,-1.4853223061073828
2020-01-08 10:19:55.900,52.538743684285095,-1.4617525333451309,328.90428264899515,1.3033844542660271,True,52.573586170532124,-1.485318298084664
2020-01-08 10:19:56.000,52.53884805247609,-1.4619870396930954,329.5107128057613,1.2642975778685395,True,52.573602762657046,-1.4853136170864183
2020-01-08 10:19:56.100,52.53895712100328,-1.4620907092940985,337.46422801727175,1.2794947654185505,True,52.57361942383724,-1.4853090917414888
2020-01-08 10:19:56.200,52.5390455914728,-1.4621673102901467,351.7958941792701,1.3506684804447444,True,52.57363610502709,-1.485304467800491
2020-01-08 10:19:56.300,52.539131451296974,-1.462250150096199,14.072965256011086,1.465316848791978,True,52.573652807436204,-1.485299987080328
2020-01-08 10:19:56.400,52.53927565025601,-1.4622095390407452,39.02576190445393,1.592376339312219,True,52.57366927663011,-1.485294973993894
2020-01-08 10:19:56.500,52.53957293924746,-1.462067358884551,69.8540556280503,1.6961649172522633,True,52.57368595827411,-1.485291122783722
2020-01-08 10:19:56.600,52.54005192859153,-1.4618704640325602,107.18802622698793,1.7471590177731606,True,52.57370260085969,-1.4852877609128612
2020-01-08 10:19:56.700,52.54060762932897,-1.4615665997493807,142.41848683963659,1.7160344958403904,True,52.57371921819643,-1.485285326221186
2020-01-08 10:19:56.800,52.54106820249646,-1.4613707045159987,171.6228410903626,1.6206275969602795,True,52.573736053740966,-1.4852834834672421
2020-01-08 10:19:56.900,52.54134561868185,-1.4613974762949389,192.80514996328338,1.497752026169869,True,52.573752727432975,-1.4852816641177737
2020-01-08 10:19:57.000,52.54144638486851,-1.4616283139036876,208.53789312269393,1.3740048552068498,True,52.57376940436655,-1.4852805875594244
2020-01-08 10:19:57.100,52.541428046425125,-1.4618435001529315,217.4056923990857,1.2730030522857905,True,52.57378600884795,-1.4852789903932853
2020-01-08 10:19:57.200,52.54135567521801,-1.4620969875594487,219.84408260867656,1.2119366527670594,True,52.57380249644006,-1.485277128668012
2020-01-08 10:19:57.300,52.54128456316441,-1.4622143822434317,216.49086109400463,1.202847457227419,True,52.573819018015506,-1.4852748691432058
2020-01-08 10:19:57.400,52.54125516356179,-1.4622884336106408,206.54328204063586,1.2515853062268998,True,52.5738354393277,-1.4852724181861876
2020-01-08 10:19:57.500,52.541282136287855,-1.4622594512354274,189.59409312499275,1.3510808596154806,True,52.573851761896144,-1.4852696852824583
2020-01-08 10:19:57.600,52.54132840014673,-1.4623072323941089,165.05546015977083,1.4782572979180375,True,52.57386825183157,-1.4852668342992337
2020-01-08 10:19:57.700,52.5412827762648,-1.4622655691980735,133.38590769040457,1.595161650562972,True,52.57388468964685,-1.4852645202281545
2020-01-08 10:19:57.800,52.54103256036674,-1.4622562940528012,99.88463780415339,1.665338082708064,True,52.57390119975639,-1.4852636198659697
2020-01-08 10:19:57.900,52.54058371535032,-1.462053027631435,66.09808964194485,1.6649323319044882,True,52.57391758754223,-1.4852635489201957
2020-01-08 10:19:58.000,52.540082374358825,-1.4617896108012787,37.3263873754278,1.6025093568735553,True,52.57393402716016,-1.485264885470995
2020-01-08 10:19:58.100,52.539680825824625,-1.461637807788813,10.203219553067543,1.5079865647918977,True,52.573950226949094,-1.4852674289990804
2020-01-08 10:19:58.200,52.5394565787825,-1.4616180742274052,350.39362239414896,1.3948989711374555,True,52.57396637759144,-1.485270786706919
2020-01-08 10:19:58.300,52.53939464126725,-1.461831524918701,341.734069495529,1.299871219916458,True,52.573982390053764,-1.4852751085282083
2020-01-08 10:19:58.400,52.53944876044771,-1.4619470232048646,338.6287009243766,1.2394858351579932,True,52.573998506927545,-1.4852788885932107
2020-01-08 10:19:58.500,52.539571720300756,-1.4621099199673528,344.93679797977825,1.2342404559910876,True,52.57401455882346,-1.4852828834148664
2020-01-08 10:19:58.600,52.539728562797755,-1.4621754352953495,355.2882939847258,1.2867700990192776,True,52.57403057232158,-1.4852858215723737
2020-01-08 10:19:58.700,52.539919439003256,-1.4622608155245298,13.925943804867996,1.3927967083215964,True,52.57404660374839,-1.4852889559185802
2020-01-08 10:19:58.800,52.540180389067835,-1.4622086839052593,36.02658873143625,1.5258068330974102,True,52.57406267782421,-1.485291522240212
2020-01-08 10:19:58.900,52.54057863161889,-1.4620135691063967,63.75963875982054,1.6520062396389539,True,52.574078632523616,-1.4852946102415008
2020-01-08 10:19:59.000,52.54114036351757,-1.4617966634348012,100.40786316201986,1.735497928490643,True,52.574094498559205,-1.4852980055475935
2020-01-08 10:19:59.100,52.54177041354885,-1.4613927731203011,135.5699758252525,1.7397865920989986,True,52.574110345921135,-1.485301479918528
2020-01-08 10:19:59.200,52.54229995706052,-1.461099200526398,164.55622574267164,1.6755659959534914,True,52.57412614013154,-1.4853048832404598
2020-01-08 10:19:59.300,52.542616055963606,-1.4610964860126816,190.47809936219153,1.5612367130203406,True,52.57414189867288,-1.4853085494643972
2020-01-08 10:19:59.400,52.54272422327864,-1.461301551751821,205.44835373634413,1.441159257250036,True,52.574157620751855,-1.4853106270209058
2020-01-08 10:19:59.500,52.54267726408418,-1.461584792112889,210.47843184265528,1.3452084045462906,True,52.574173318411155,-1.485312515178195
2020-01-08 10:19:59.600,52.542529299474204,-1.461831365685843,208.61397021320872,1.290959398618035,True,52.57418892940478,-1.4853155688405173
2020-01-08 10:19:59.700,52.542321406096406,-1.4619777158563185,200.4188915571414,1.29179801462106,True,52.57420440271527,-1.4853197978502284
2020-01-08 10:19:59.800,52.54207675305033,-1.4621347887399179,187.6812155924047,1.349549401224686,True,52.574219768055535,-1.485325051398306
2020-01-08 10:19:59.900,52.54178073698058,-1.4621312211414519,167.15031968619536,1.4574826293608423,True,52.57423508113339,-1.4853305590216244
2020-01-08 10:20:00.000,52.54139481993736,-1.4620836410987064,145.44711547824312,1.5862712074412937,True,52.57425032939469,-1.4853367963608166
2020-01-08 10:20:00.100,52.54085274004857,-1.4619753114697591,115.95744520606607,1.7031722419737745,True,52.574265679708326,-1.4853416584700734
2020-01-08 10:20:00.200,52.54014850744147,-1.4616895394123135,89.72582125893643,1.7829347600464942,True,52.57428104457303,-1.485346738629983
2020-01-08 10:20:00.300,52.53935962618703,-1.4613256321458725,61.278754666262714,1.8050907917929613,True,52.57429666785582,-1.4853492806820296
2020-01-08 10:20:00.400,52.53862467974974,-1.4610060196789603,36.46015932187838,1.7734503487536488,True,52.574312388468144,-1.4853504902429082
2020-01-08 10:20:00.500,52.53806642273051,-1.460764404114311,11.33565211551413,1.7073099336196236,True,52.574327895275566,-1.4853502670204997
2020-01-08 10:20:00.600,52.537749210782884,-1.4608803233579226,348.02347473615845,1.6001454647944386,True,52.57434356482108,-1.4853484189489956
2020-01-08 10:20:00.700,52.537645595819114,-1.4610661782067764,334.7375588696967,1.4894774851202357,True,52.57435922242324,-1.4853472934465453
2020-01-08 10:20:00.800,52.537682784626924,-1.4614189637029948,322.07432423491065,1.3845560131308385,True,52.57437486177288,-1.4853458032918927
2020-01-08 10:20:00.900,52.537783884090956,-1.4618206241111535,316.8003579620112,1.30651662693532,True,52.57439053191227,-1.4853464822112168
2020-01-08 10:20:01.000,52.53788639760148,-1.46200436754397,316.11788015880967,1.2674644797180197,True,52.57440614102785,-1.485348682143406
2020-01-08 10:20:01.100,52.53794197167653,-1.4621371281720026,319.31337172688006,1.2747741051943686,True,52.57442161456068,-1.485352626533779
2020-01-08 10:20:01.200,52.5379226977269,-1.46220485437176,331.0017055633723,1.3353207710247341,True,52.574436848723515,-1.485358682305821
2020-01-08 10:20:01.300,52.53782002312516,-1.462146943967451,346.5556627314894,1.436736899931079,True,52.574452026358294,-1.4853654331196897
2020-01-08 10:20:01.400,52.537680592551034,-1.4621611314801515,12.237682254683696,1.5586773286817006,True,52.57446697661594,-1.4853734591442462
2020-01-08 10:20:01.500,52.537610818370325,-1.4621980464712565,41.35028625799068,1.6669654240318608,True,52.574481925370456,-1.4853811680714213
2020-01-08 10:20:01.600,52.537743000078976,-1.462226953820364,82.34147892946055,1.7243608486119055,True,52.57449684822463,-1.4853892194643288
2020-01-08 10:20:01.700,52.53809050164909,-1.462051215190422,120.07486744244034,1.7001229044629491,True,52.57451193466651,-1.485396600215725
2020-01-08 10:20:01.800,52.53850061016387,-1.4618995728623696,153.0339558784143,1.6047597707987944,True,52.574526973876665,-1.4854040317457307
2020-01-08 10:20:01.900,52.53881970320407,-1.4618721806723476,178.14001540972495,1.4752994518163505,True,52.57454199626828,-1.4854114028164243
2020-01-08 10:20:02.000,52.53899209397847,-1.4619237261537308,195.92346323510367,1.3455577115822304,True,52.574557026656116,-1.4854186865995007
2020-01-08 10:20:02.100,52.539041163332776,-1.4620264927462285,204.4116804566195,1.242998118078558,True,52.574572114841885,-1.4854257320204705
2020-01-08 10:20:02.200,52.53901794929668,-1.4621845654382322,209.16520425551255,1.1805259351468067,True,52.57458706172269,-1.4854333642972026
2020-01-08 10:20:02.300,52.5389779582431,-1.462257992406889,206.29524008957696,1.1713437192695135,True,52.57460215303354,-1.4854404781983552
2020-01-08 10:20:02.400,52.53896868692613,-1.4623683365377798,198.75989016035695,1.2181093710174218,True,52.574617243332945,-1.4854473995476534
2020-01-08 10:20:02.500,52.53901109523605,-1.462289176404388,182.81229303915222,1.3150148858880504,True,52.57463246257868,-1.485453644654296
2020-01-08 10:20:02.600,52.53907968551203,-1.4622917393527008,161.59613987692003,1.4398619830754047,True,52.574647550010496,-1.485460333039976
2020-01-08 10:20:02.700,52.53908526384998,-1.4622901469776757,134.7668490393709,1.5616235760329165,True,52.57466264187678,-1.485467016791001
2020-01-08 10:20:02.800,52.53891223838716,-1.4622287504893157,103.38876941411344,1.645553092294878,True,52.57467767465626,-1.485473952620915
2020-01-08 10:20:02.900,52.53853288848254,-1.4620665414065057,72.26533252652688,1.670573351614262,True,52.57469259518897,-1.4854814064158344
2020-01-08 10:20:03.000,52.53805155813107,-1.4618066566573564,44.46223511906101,1.6375657605251832,True,52.57470742658707,-1.4854890917780297
2020-01-08 10:20:03.100,52.53761605868062,-1.4615816950113718,22.888630664609156,1.5679506903326237,True,52.57472226736214,-1.4854968382202365
2020-01-08 10:20:03.200,52.537334780508104,-1.4614237885679133,1.1616914492797459,1.4844397115896677,True,52.57473713822704,-1.4855041121012278
2020-01-08 10:20:03.300,52.53723773283791,-1.4615060219593523,348.25373524768577,1.3996571586749822,True,52.57475196199066,-1.4855114772933515
2020-01-08 10:20:03.400,52.53730131171742,-1.4616621096873068,340.8438565414893,1.331920372874334,True,52.57476688750294,-1.485518162174654
2020-01-08 10:20:03.500,52.53748163624432,-1.4618132363209169,342.2412767408805,1.3041944954215319,True,52.57478176379941,-1.4855247347398985
2020-01-08 10:20:03.600,52.53774274444032,-1.4619179907865603,350.2890957986579,1.3289734757257314,True,52.57479671886802,-1.485530734494768
2020-01-08 10:20:03.700,52.538064621857245,-1.4620096847935684,2.755081097443119,1.4046581937800349,True,52.574811788344675,-1.4855361785944046
2020-01-08 10:20:03.800,52.53846612630647,-1.4619990507790226,23.778067148497176,1.522828977066662,True,52.574826894362076,-1.4855414231807593
2020-01-08 10:20:03.900,52.53898044992258,-1.4619840941507058,45.43642682011035,1.6522888353358212,True,52.57484199356908,-1.4855456248635277
2020-01-08 10:20:04.000,52.53963714384886,-1.4617241834966206,80.91626896893261,1.7609209400723256,True,52.57485689103735,-1.4855514029537678
2020-01-08 10:20:04.100,52.540392701864555,-1.461341173887345,114.34775520355235,1.8157586863851138,True,52.57487179255471,-1.4855574800543625
2020-01-08 10:20:04.200,52.54113342159159,-1.4609536445607845,146.36187421573376,1.7962693657572164,True,52.5748862320444,-1.485565746246794
2020-01-08 10:20:04.300,52.541702815863154,-1.4607381246211182,172.48313778692483,1.7185280437389865,True,52.57490030927285,-1.4855756610053044
2020-01-08 10:20:04.400,52.54202829484819,-1.460765926384571,192.95856667778915,1.6080367624833416,True,52.57491387853746,-1.4855872097260452
2020-01-08 10:20:04.500,52.542130533217815,-1.4610546236830062,208.0944911484528,1.4892397730489457,True,52.57492704948245,-1.4855997552305238
2020-01-08 10:20:04.600,52.54207538428098,-1.461311504261409,215.45383163284015,1.3868180884759105,True,52.57494014772491,-1.4856125670625253
2020-01-08 10:20:04.700,52.54193168664026,-1.4616933913815502,216.7815926381135,1.3167583121236484,True,52.574953099886265,-1.4856256068206726
2020-01-08 10:20:04.800,52.54175405218,-1.4619420101694918,212.23649768882223,1.2921664473796037,True,52.574965934808795,-1.485638762251191
2020-01-08 10:20:04.900,52.5415758766299,-1.4620556009944452,200.85681770883397,1.3228648544461983,True,52.57497881005887,-1.4856517913836171
2020-01-08 10:20:05.000,52.541404868880655,-1.4621377966882716,184.17490580159074,1.4048679590871562,True,52.574991760234724,-1.4856646805198988
2020-01-08 10:20:05.100,52.54120588180762,-1.4621331058471405,161.39126555901154,1.5206905214843836,True,52.575004820132975,-1.4856772934704212
2020-01-08 10:20:05.200,52.54089912700176,-1.4620804631607691,133.87704395786116,1.6394023732764453,True,52.57501796273996,-1.4856895568879227
2020-01-08 10:20:05.300,52.540404120184554,-1.4619692710675023,101.91678986248142,1.7245131919324856,True,52.57503130671456,-1.4857012530979945
2020-01-08 10:20:05.400,52.53974257066041,-1.461672816921912,70.2998741408108,1.7506776807115008,True,52.575044718761156,-1.48571272229907
2020-01-08 10:20:05.500,52.5390547194209,-1.4613451828876585,41.14940967608375,1.7131760141128924,True,52.57505823397672,-1.4857237768919713
2020-01-08 10:20:05.600,52.53848923443884,-1.461187302634184,18.53442989184267,1.6339000721131742,True,52.575071740689076,-1.4857350134254192
2020-01-08 10:20:05.700,52.53813074211734,-1.461087209755518,356.681808537774,1.5386367929571025,True,52.57508519540366,-1.485746433509849
2020-01-08 10:20:05.800,52.537979542109426,-1.46122957285299,343.08952898249674,1.439778276958446,True,52.575098551392486,-1.485758044319708
2020-01-08 10:20:05.900,52.5379896276126,-1.4615085553002196,336.5495151116556,1.3590293513680696,True,52.57511203138583,-1.4857691774289985
2020-01-08 10:20:06.000,52.53810187347402,-1.4617454036912196,335.7959176126587,1.3113748110770884,True,52.57512537608505,-1.4857809709813854
2020-01-08 10:20:06.100,52.538264848608144,-1.4618896678974471,341.7086243978996,1.3103885862970648,True,52.575138616267886,-1.4857929682785493
2020-01-08 10:20:06.200,52.538448701704276,-1.4620493380967252,354.3170303061575,1.3625151446482104,True,52.57515178193271,-1.4858051482315504
2020-01-08 10:20:06.300,52.538656806808774,-1.462059689240009,13.160341463763942,1.4605076724243637,True,52.57516493788936,-1.4858174060001645
2020-01-08 10:20:06.400,52.538937437632576,-1.4620315935773291,37.73649601586921,1.581289580143031,True,52.57517810451432,-1.4858298615191219
2020-01-08 10:20:06.500,52.53936512798121,-1.4618590799494997,67.70277838961121,1.689955970542951,True,52.57519128120335,-1.4858422215497196
2020-01-08 10:20:06.600,52.53995378042254,-1.4615771058005376,105.02618821037355,1.7529844555463099,True,52.57520450573676,-1.4858542707907203
2020-01-08 10:20:06.700,52.54059363563039,-1.4612273180828539,139.75418496253764,1.7396951011994919,True,52.57521758872676,-1.4858667361379223
2020-01-08 10:20:06.800,52.54112279229919,-1.4610215165611622,166.78418954874326,1.6684106178539926,True,52.57523056380812,-1.485879575383407
2020-01-08 10:20:06.900,52.54144647406484,-1.4609967626434877,187.5218707632193,1.5656671812582976,True,52.57524307964977,-1.4858932196592112
2020-01-08 10:20:07.000,52.54156392799076,-1.4611118097491498,197.38127384731465,1.4679769615304574,True,52.575255370617555,-1.4859076413495085
2020-01-08 10:20:07.100,52.54151153201803,-1.461329786441926,199.98509778404147,1.3951908539883653,True,52.57526689735281,-1.4859237724044474
2020-01-08 10:20:07.200,52.541339445829635,-1.4615873214749,201.13822297337472,1.351930314434345,True,52.57527756558935,-1.4859412566106955
2020-01-08 10:20:07.300,52.541085308614,-1.461739073468994,192.16343174479917,1.3588552022698728,True,52.57528840092794,-1.48595843458175
2020-01-08 10:20:07.400,52.54077583632798,-1.4618205888538056,181.22249867178405,1.4124590763979006,True,52.57529886116918,-1.485976268883662
2020-01-08 10:20:07.500,52.5403996897255,-1.4618368095200085,161.3575167438182,1.5110965925173205,True,52.57530976373488,-1.4859931906964765
2020-01-08 10:20:07.600,52.539917631170795,-1.4617854998262303,137.82750846424094,1.629922696652677,True,52.57532062916639,-1.486010068290059
2020-01-08 10:20:07.700,52.53928222289808,-1.4616303799636794,108.81829040548304,1.7364631216648312,True,52.57533194437932,-1.4860261851841075
2020-01-08 10:20:07.800,52.53851456345164,-1.4613239878654563,75.84044342142437,1.7931911392473947,True,52.575343428424134,-1.486041853260045
2020-01-08 10:20:07.900,52.537740970625684,-1.4609308389924753,46.66049132235019,1.7884028583352376,True,52.57535469172229,-1.4860579398926346
2020-01-08 10:20:08.000,52.53711462585272,-1.4606792187430817,20.639518977024007,1.7275722448107655,True,52.57536602077205,-1.4860739644773713
2020-01-08 10:20:08.100,52.53672662544398,-1.4606856713618224,354.9721726545618,1.6352978707161068,True,52.57537707369,-1.48609039817285
2020-01-08 10:20:08.200,52.53657091054785,-1.4609279019458052,336.25066320474485,1.5233173758894365,True,52.57538777967204,-1.4861073269354117
2020-01-08 10:20:08.300,52.5365838766567,-1.4612268819992804,326.6141384357184,1.4217032519259984,True,52.57539805918168,-1.4861249080640528
2020-01-08 10:20:08.400,52.536695943558286,-1.4615640130491674,324.67398189049624,1.3499702765612667,True,52.575408251674105,-1.486142706437263
2020-01-08 10:20:08.500,52.536843923108606,-1.4617911951112486,325.5762823468792,1.315616038930462,True,52.57541860387112,-1.4861603289836447
2020-01-08 10:20:08.600,52.53698584910211,-1.4619972304704807,334.44710212351765,1.3319592769843904,True,52.575428440262854,-1.4861785631448456
2020-01-08 10:20:08.700,52.537102277548335,-1.4620063140873512,348.6373955279373,1.3987324259500549,True,52.57543817688073,-1.4861970081100908
2020-01-08 10:20:08.800,52.53721932533261,-1.4620345532839683,11.219748622210526,1.5053300840258979,True,52.575447728371095,-1.4862156387647165
2020-01-08 10:20:08.900,52.537406472735576,-1.4620414539855,36.96310401767431,1.6222438753954405,True,52.575457587039786,-1.4862338662335393
2020-01-08 10:20:09.000,52.537762826423034,-1.4619505139027302,69.10622275172041,1.7135066834922819,True,52.57546731210029,-1.486252403021341
2020-01-08 10:20:09.100,52.538304477715464,-1.4617146745830574,107.45818322321726,1.7499254540532962,True,52.575477261581476,-1.486270416551406
2020-01-08 10:20:09.200,52.53890551850731,-1.461476324336449,142.74762416605776,1.7070436275047283,True,52.57548735748466,-1.486288111673294
2020-01-08 10:20:09.300,52.539391451336414,-1.4612806450897216,171.33895765733254,1.6070727612727875,True,52.57549766269808,-1.4863054312660529
2020-01-08 10:20:09.400,52.53968593049094,-1.4613217248314978,191.10237207606795,1.4875978374418173,True,52.57550814057868,-1.4863224461504414
2020-01-08 10:20:09.500,52.53980114878805,-1.4615570577662946,204.90381004301267,1.3734232334841254,True,52.575518530125,-1.486339666117762
2020-01-08 10:20:09.600,52.539791570667454,-1.4617459563497537,210.05564465256782,1.2876089878316737,True,52.575529012168566,-1.4863564821463366
2020-01-08 10:20:09.700,52.539714874857964,-1.4619433013393053,208.3833122279546,1.245048073443338,True,52.575539343194926,-1.486373593293644
2020-01-08 10:20:09.800,52.53961890162677,-1.462083813064158,201.155429883449,1.2549335839082472,True,52.57554940359577,-1.4863910722535492
2020-01-08 10:20:09.900,52.539531682423565,-1.4621025829086234,188.03371634211075,1.3186895473585893,True,52.575559386123366,-1.4864087508922
2020-01-08 10:20:10.000,52.53944761922639,-1.4621372856148351,169.77962790629894,1.4241121381117212,True,52.575569231607695,-1.4864265228215843
2020-01-08 10:20:10.100,52.53930962495593,-1.4621537524133936,145.86860763211823,1.5471325638988742,True,52.575579228568365,-1.486443939534957
2020-01-08 10:20:10.200,52.539017528466665,-1.4620819750843768,115.45758560040993,1.6529810943106205,True,52.5755894742113,-1.4864611404293644
2020-01-08 10:20:10.300,52.538526618372316,-1.4618827863816748,84.03531544871447,1.7104838450762208,True,52.575599718914205,-1.4864780823355874
2020-01-08 10:20:10.400,52.53791787064419,-1.4615445068804918,54.97001104993716,1.7089321304198855,True,52.575610016975034,-1.4864949495377762
2020-01-08 10:20:10.500,52.537343434906795,-1.4612772480612646,30.432439175814476,1.658528753550904,True,52.575620109780886,-1.4865121020726286
2020-01-08 10:20:10.600,52.53693296649432,-1.4610324786294275,6.04570207437226,1.5817025425896658,True,52.575630156730284,-1.486529157498448
2020-01-08 10:20:10.700,52.536733387004766,-1.4611106242552419,349.95218715031973,1.4904339329518355,True,52.57564037661467,-1.4865461520978418
2020-01-08 10:20:10.800,52.53672546299726,-1.4612764331983936,341.0823685276487,1.4088647872733029,True,52.57565076704711,-1.4865627920068882
2020-01-08 10:20:10.900,52.53685905459782,-1.4614866908689506,338.3715489096145,1.3543090439965952,True,52.575661399728595,-1.486578970222768
2020-01-08 10:20:11.000,52.537081639713925,-1.461722818091313,341.38511654908325,1.3401852327399513,True,52.5756720780712,-1.4865947178247239
2020-01-08 10:20:11.100,52.53736014695711,-1.4618252279264454,352.33047275035665,1.3789510547216244,True,52.575682848459635,-1.4866104129580588
2020-01-08 10:20:11.200,52.5376886764569,-1.4618978304940045,8.706189432893947,1.4663436548694029,True,52.575693787943806,-1.4866256113052663
2020-01-08 10:20:11.300,52.538103888695105,-1.4619355595600922,32.278989925805924,1.5851590809421818,True,52.57570484478286,-1.4866406935681646
2020-01-08 10:20:11.400,52.53865618221417,-1.4617379052777197,58.60726348945397,1.7023074797667914,True,52.57571612135476,-1.4866552170015024
2020-01-08 10:20:11.500,52.53936075177223,-1.4615222697185946,94.26855309904994,1.7845422039946415,True,52.57572740499488,-1.4866695964336478
2020-01-08 10:20:11.600,52.54012730222834,-1.461118306630308,128.63796875450257,1.796994769086212,True,52.575738569352794,-1.4866839589849126
2020-01-08 10:20:11.700,52.54078983850999,-1.460806113648305,158.15217568687615,1.7427388364093075,True,52.57574950036091,-1.4866987592459262
2020-01-08 10:20:11.800,52.541236434033536,-1.4607099941958688,180.6713984930006,1.6485806480308463,True,52.57576043372116,-1.4867133784108546
2020-01-08 10:20:11.900,52.54144782344538,-1.4608546802788487,196.9520392544081,1.540708279888606,True,52.57577109991408,-1.4867285585977768
2020-01-08 10:20:12.000,52.54146671133681,-1.4611639428838883,205.53007343636287,1.4439384522946093,True,52.575781616708824,-1.4867440235306502
2020-01-08 10:20:12.100,52.54135043083603,-1.461377205825164,206.72032952884214,1.3771938776986183,True,52.57579172513579,-1.486759856512956
2020-01-08 10:20:12.200,52.54115043671352,-1.461636656045044,202.68215407177328,1.3519197217518202,True,52.57580141018914,-1.4867763781350793
2020-01-08 10:20:12.300,52.540904547923695,-1.4617859513440734,193.8253492567458,1.3748984143761702,True,52.57581087195245,-1.4867931638827223
2020-01-08 10:20:12.400,52.54062372185965,-1.4619298266569938,178.64148393836388,1.4470379335137327,True,52.57582036313326,-1.4868099491380713
2020-01-08 10:20:12.500,52.54028299508139,-1.4618982013988355,157.6514227245384,1.5546924805560822,True,52.57582989189974,-1.486826773989253
2020-01-08 10:20:12.600,52.53982303658517,-1.4618726313785797,131.34922464278432,1.6702251878372971,True,52.5758391075501,-1.4868439087226057
2020-01-08 10:20:12.700,52.53919932736884,-1.461636378566945,101.70907881881512,1.759584067010661,True,52.575848277066605,-1.4868610986873687
2020-01-08 10:20:12.800,52.538449838237426,-1.4613492611550463,72.35702204770334,1.7989646746460717,True,52.57585719057362,-1.4868786454087102
2020-01-08 10:20:12.900,52.537701078516164,-1.460995091144501,45.22178030480805,1.7825874545136382,True,52.575866110512266,-1.4868962333755078
2020-01-08 10:20:13.000,52.537080459622814,-1.46066979504149,22.460954029394728,1.7228029501569675,True,52.57587498859674,-1.4869137362000318
2020-01-08 10:20:13.100,52.536641407081206,-1.4605372263246128,359.25178712418773,1.6399270856903332,True,52.575884006215134,-1.4869310215595413
2020-01-08 10:20:13.200,52.53644863198567,-1.460673291639078,344.3287875054973,1.545341762103988,True,52.57589306093316,-1.4869482917136265
2020-01-08 10:20:13.300,52.53644982807035,-1.4610088007891422,335.10259776632313,1.4584086379654266,True,52.57590230998579,-1.486965255598761
2020-01-08 10:20:13.400,52.53657819328105,-1.461282523296385,333.17212281928164,1.3979667941398695,True,52.57591156111902,-1.4869820826208375
2020-01-08 10:20:13.500,52.5367798086367,-1.461526214425535,338.8042265700831,1.37977449941162,True,52.57592077363673,-1.4869990960660926
2020-01-08 10:20:13.600,52.53701823797501,-1.4616616459051615,349.2714882698741,1.4093804111180492,True,52.57593013142098,-1.487015745358111
2020-01-08 10:20:13.700,52.53728687841106,-1.461786741995694,5.907861176760195,1.4853213296305745,True,52.575939478545706,-1.4870325846651828
2020-01-08 10:20:13.800,52.537619646786574,-1.4618152137912095,28.59682997831477,1.5920503074135886,True,52.575948595531344,-1.4870495685314429
2020-01-08 10:20:13.900,52.538081225216025,-1.4616445238172016,56.368962499677416,1.7000861311932585,True,52.575957669011174,-1.4870666233798264
2020-01-08 10:20:14.000,52.53870618513765,-1.4614869451156478,94.33390503610086,1.7734907481247053,True,52.57596658232006,-1.4870839943725058
2020-01-08 10:20:14.100,52.53941241529932,-1.4610751593846916,129.22921909409735,1.7789465338379016,True,52.57597571929197,-1.4871008488861999
2020-01-08 10:20:14.200,52.54003286341025,-1.4608624817718787,159.50365354919643,1.7189959821995868,True,52.575984952039676,-1.4871176651337346
2020-01-08 10:20:14.300,52.540447517427445,-1.4607971230899373,182.92426651247663,1.6195750356387384,True,52.57599423535322,-1.487134431337801
2020-01-08 10:20:14.400,52.54063849922314,-1.4609034015891353,199.2529513903427,1.5093027470583227,True,52.57600328615712,-1.4871515782083693
2020-01-08 10:20:14.500,52.54065429956867,-1.4612053122038904,210.26355748769234,1.4079096405688445,True,52.57601223881924,-1.4871687824994688
2020-01-08 10:20:14.600,52.540562041651505,-1.4615248108999008,213.81631552735635,1.3343911016525316,True,52.57602101116395,-1.4871862512313303
2020-01-08 10:20:14.700,52.54042050800922,-1.4617119911337382,210.82522528169488,1.3023741466702332,True,52.57602983005412,-1.4872037375885558
2020-01-08 10:20:14.800,52.54027072640798,-1.4618649257316318,201.44105912924235,1.3212290076404964,True,52.576038539119516,-1.4872212710335773
2020-01-08 10:20:14.900,52.54012783185201,-1.46199655111915,185.9682005296546,1.3907303729132743,True,52.576047099944674,-1.487239090599905
2020-01-08 10:20:15.000,52.53996627549655,-1.4619621576382567,164.86320521900743,1.496734737827453,True,52.57605554469044,-1.4872569079338964
2020-01-08 10:20:15.100,52.53970990921747,-1.4619874152025727,138.36310159579344,1.612016553899298,True,52.57606390311249,-1.4872749528217544
2020-01-08 10:20:15.200,52.53927252170223,-1.4618868638005764,108.56932862601009,1.7033781637937226,True,52.576072123301664,-1.4872930643000115
2020-01-08 10:20:15.300,52.53864741711217,-1.4616176699088337,77.63928386452955,1.743844196059721,True,52.57608037674693,-1.4873112744330441
2020-01-08 10:20:15.400,52.53795054454456,-1.4612931721067508,49.05002664934562,1.7260373812486864,True,52.57608856976022,-1.4873295543951908
2020-01-08 10:20:15.500,52.537342069717795,-1.46099102484962,25.188149163306136,1.66278952390679,True,52.57609664803472,-1.487347822644398
2020-01-08 10:20:15.600,52.53693024080363,-1.4608660525636994,1.9400472051042976,1.5784426471597013,True,52.576104802880955,-1.4873660485498708
2020-01-08 10:20:15.700,52.53674049941796,-1.461045352158531,345.45780318126316,1.4814539886622957,True,52.576112751805475,-1.4873844760033272
2020-01-08 10:20:15.800,52.5367341811346,-1.4612761753426367,336.9647652521439,1.3970065965092093,True,52.57612077584047,-1.4874028034927214
2020-01-08 10:20:15.900,52.53685130949248,-1.4614849853464422,335.46743308363807,1.3430416479698155,True,52.57612879445738,-1.4874211261077415
2020-01-08 10:20:16.000,52.537040296574666,-1.4617122523182913,341.28458054976875,1.334659922218379,True,52.57613699211843,-1.4874390434389844
2020-01-08 10:20:16.100,52.537264795651126,-1.4618004900406871,351.52223187145296,1.375540084717805,True,52.57614555947052,-1.487456603847293
2020-01-08 10:20:16.200,52.537520507137764,-1.4619481000669543,8.29335667067802,1.462745278550846,True,52.57615394193034,-1.4874743586375352
2020-01-08 10:20:16.300,52.537837074435544,-1.4619024195314727,28.83255702109458,1.5768778965709274,True,52.57616226670069,-1.4874920354460746
2020-01-08 10:20:16.400,52.5382803689752,-1.4618474795732384,54.81125687789881,1.6907461383507785,True,52.576170228056384,-1.4875101966599191
2020-01-08 10:20:16.500,52.538889247352316,-1.4615550134813988,89.22053429098867,1.7739424695970454,True,52.57617789624678,-1.4875285536807192
2020-01-08 10:20:16.600,52.53961244678068,-1.4612784164261823,124.23730987867415,1.7899677845374211,True,52.576185160657,-1.487547452550997
2020-01-08 10:20:16.700,52.540276156098486,-1.460892691157259,155.98381802779917,1.7346358012619856,True,52.57619213247343,-1.4875665105548876
2020-01-08 10:20:16.800,52.54074216069498,-1.4607993916470408,181.38149089561983,1.632879376503444,True,52.57619893286637,-1.4875856356821855
2020-01-08 10:20:16.900,52.54097653595414,-1.4609556472690164,200.38463846953766,1.513768958904131,True,52.5762056409701,-1.4876049171772288
2020-01-08 10:20:17.000,52.54102439835249,-1.4612980938516567,211.44203545363283,1.4045510175683542,True,52.57621239974966,-1.487624075472621
2020-01-08 10:20:17.100,52.54095475152586,-1.461577154384267,217.12485013491292,1.320807120354085,True,52.57621897475859,-1.4876433486955831
2020-01-08 10:20:17.200,52.54083288450149,-1.461832081995802,216.5774031783976,1.2765218136020868,True,52.576225723961954,-1.4876625871314308
2020-01-08 10:20:17.300,52.54070666376807,-1.4619730624323626,209.18291907509067,1.2832436073524514,True,52.57623232971719,-1.487681828225023
2020-01-08 10:20:17.400,52.54060254918871,-1.4620990620385517,196.09347365017916,1.3426590553773168,True,52.5762390557384,-1.4877010627594969
2020-01-08 10:20:17.500,52.54051871904287,-1.4620661536318944,179.18863550996997,1.442542457787106,True,52.57624584832497,-1.4877202471300872
2020-01-08 10:20:17.600,52.54039827398777,-1.4621248995494986,155.49301896799588,1.5618418566786445,True,52.57625291024009,-1.4877391673900142
2020-01-08 10:20:17.700,52.54014372250385,-1.4620546549416982,128.59675178703756,1.670399992120008,True,52.57625997416653,-1.4877580491573537
2020-01-08 10:20:17.800,52.539676183063534,-1.4619400915185203,99.09016438205738,1.7400567381017977,True,52.57626745137262,-1.4877765405109853
2020-01-08 10:20:17.900,52.53902500059248,-1.4616486194402962,69.03248568241187,1.7521908517529037,True,52.576275334588594,-1.4877945831300248
2020-01-08 10:20:18.000,52.538331563593005,-1.4613204360684362,42.471433240405126,1.710417371211624,True,52.57628344451281,-1.4878124276623999
2020-01-08 10:20:18.100,52.53774600880661,-1.461134469235312,21.297916268684453,1.633874869045418,True,52.576291825828214,-1.4878298934653251
2020-01-08 10:20:18.200,52.537360935860306,-1.4610532907396783,0.20905307748109694,1.5449602740862298,True,52.576300128119236,-1.487847544726749
2020-01-08 10:20:18.300,52.53719352573608,-1.4611990102511845,344.452717578893,1.4473557997658748,True,52.57630870152933,-1.4878650657894639
2020-01-08 10:20:18.400,52.53719858683957,-1.461403149594636,335.91259007671397,1.3641133550431679,True,52.57631710798953,-1.4878827082360901
2020-01-08 10:20:18.500,52.53731199977937,-1.4616738624611803,334.12213784679085,1.312538411161112,True,52.5763253847395,-1.487900588752632
2020-01-08 10:20:18.600,52.537481524931096,-1.4618584476620757,340.8538618389685,1.3095255104014538,True,52.57633358383563,-1.4879187499452686
2020-01-08 10:20:18.700,52.53767278665927,-1.4619763323557178,352.2738644115682,1.358065213159329,True,52.576342065835334,-1.4879365385381296
2020-01-08 10:20:18.800,52.53788397738133,-1.4620481761756625,9.643278590148922,1.451939532295459,True,52.576350626721684,-1.48795432538523
2020-01-08 10:20:18.900,52.53816522642402,-1.4619992970997766,34.21698445313353,1.5710053693220587,True,52.57635922239533,-1.4879721663179657
2020-01-08 10:20:19.000,52.538594695847145,-1.461911017164321,62.798742472599,1.6812978600692554,True,52.57636817344416,-1.4879897965569717
2020-01-08 10:20:19.100,52.539199665543514,-1.4616331314864703,98.97980179125186,1.7511356550532342,True,52.57637730674713,-1.488007175833897
2020-01-08 10:20:19.200,52.53988949915141,-1.4612658095377975,132.63910186820385,1.7509373790581975,True,52.576386561390265,-1.4880244412896988
2020-01-08 10:20:19.300,52.54048936852389,-1.460994188097222,161.5195917488836,1.6873988012061556,True,52.57639578201536,-1.4880418520886705
2020-01-08 10:20:19.400,52.54087768073885,-1.4608710107434504,184.43275423461765,1.5853011635127374,True,52.576405102390225,-1.488059197625828
2020-01-08 10:20:19.500,52.54104202465739,-1.4610971315525685,199.76505951449306,1.475150265459722,True,52.576414372381834,-1.4880768599371668
2020-01-08 10:20:19.600,52.5410296301521,-1.4613162962117776,207.77722585819646,1.3802564145079075,True,52.57642359495036,-1.488094587172726
2020-01-08 10:20:19.700,52.54090332961653,-1.4616207368002712,208.87039893107087,1.3181849650988195,True,52.57643269403007,-1.4881124985725445
2020-01-08 10:20:19.800,52.54071623213648,-1.4617714377588047,203.55510172884783,1.3024775788412175,True,52.576441659305274,-1.4881305960685605
2020-01-08 10:20:19.900,52.540497153925486,-1.4619574884552975,190.59449643720842,1.3428971285014275,True,52.57645052400786,-1.4881489255728413
2020-01-08 10:20:20.000,52.540245834261825,-1.4620103325893694,172.8358461346808,1.4323634934088914,True,52.576459411232904,-1.4881670109280476
2020-01-08 10:20:20.100,52.539914334512794,-1.4619474224680387,148.50802461920097,1.5511498787476674,True,52.57646853922953,-1.4881848441695968
2020-01-08 10:20:20.200,52.53942509828748,-1.4618479362324184,119.40212897751887,1.6649839491177751,True,52.576477542358106,-1.4882028238601541
2020-01-08 10:20:20.300,52.53874907138728,-1.4615671755583162,88.11862416418153,1.7383802098750647,True,52.57648649447195,-1.4882208270994606
2020-01-08 10:20:20.400,52.53797561113036,-1.461189240398394,58.35696899486949,1.752686626150529,True,52.57649521507388,-1.4882390432349555
2020-01-08 10:20:20.500,52.537267312828966,-1.460853888514541,32.497409807907225,1.7119145135720755,True,52.57650381323474,-1.4882573725491348
2020-01-08 10:20:20.600,52.53675652178603,-1.4607198432471735,6.792790413092956,1.637738966589979,True,52.57651224025988,-1.4882758136469312
2020-01-08 10:20:20.700,52.536492414246354,-1.4607730073674807,348.2013910006747,1.5396136943828282,True,52.57652066136123,-1.4882943187860662
2020-01-08 10:20:20.800,52.53644099717923,-1.4610774762445573,336.771349110266,1.4439444004436393,True,52.57652883684089,-1.488312920234629
2020-01-08 10:20:20.900,52.5365372622066,-1.4613140145579775,332.6010416279674,1.3714407814259468,True,52.57653699389915,-1.488331721051395
2020-01-08 10:20:21.000,52.53671711307916,-1.4616315869597434,334.44199610953194,1.3367638912729431,True,52.57654506201531,-1.4883503522129446
2020-01-08 10:20:21.100,52.53693437209817,-1.4617705264893048,343.14223523332385,1.3521811278893239,True,52.57655284047995,-1.4883691479529344
2020-01-08 10:20:21.200,52.53716984008799,-1.4619197345753154,357.9002419510528,1.419302111614414,True,52.576560585189156,-1.4883879563257238
2020-01-08 10:20:21.300,52.53744475006935,-1.461907108948102,18.954376978943387,1.5259823010858407,True,52.576568111405905,-1.4884070170154569
2020-01-08 10:20:21.400,52.53782488939635,-1.461829660637749,45.48960516753401,1.6441723613325385,True,52.5765755608535,-1.4884259455247175
2020-01-08 10:20:21.500,52.53837096800818,-1.461739700613444,80.37722077751978,1.7399820274822109,True,52.57658300616966,-1.4884448623422075
2020-01-08 10:20:21.600,52.539062766552505,-1.4614118132033034,116.91478379733607,1.7706970353660056,True,52.57659053548903,-1.4884635556060835
2020-01-08 10:20:21.700,52.53973547251362,-1.4610457690845218,150.39887625873226,1.7252656119408778,True,52.57659821752022,-1.4884820569119521
2020-01-08 10:20:21.800,52.54023129097222,-1.460933339236481,177.26669903222108,1.6274317561226648,True,52.576606062461096,-1.4885002632381348
2020-01-08 10:20:21.900,52.540500027365916,-1.4610005029021966,194.98822463146206,1.514471122375734,True,52.57661406845342,-1.488518218611272
2020-01-08 10:20:22.000,52.54055997124206,-1.4611560786999551,207.5244645309166,1.4083035468187581,True,52.57662166008265,-1.488536472808227
2020-01-08 10:20:22.100,52.540481408017634,-1.4614153380371073,212.21489500276186,1.3274475611571568,True,52.57662915826359,-1.48855489414406
2020-01-08 10:20:22.200,52.54032884312492,-1.4617428441976443,211.4422281621879,1.2850253701732939,True,52.57663637586428,-1.4885735321641365
2020-01-08 10:20:22.300,52.54014820003137,-1.4618739680968016,202.55065748624236,1.2951197719126915,True,52.57664355099302,-1.4885921277040142
2020-01-08 10:20:22.400,52.53995928643483,-1.4620012521794392,187.71570402960242,1.359330982066723,True,52.57665030874837,-1.4886109382261956
2020-01-08 10:20:22.500,52.5397410252246,-1.4619687398551275,167.09040076697937,1.465135144196471,True,52.576656871113855,-1.4886300535727148
2020-01-08 10:20:22.600,52.539418736478694,-1.46198754697089,140.5905319895737,1.5854606681749353,True,52.576663159138015,-1.4886492307859707
2020-01-08 10:20:22.700,52.53890520891964,-1.4618559595597678,110.47989763589305,1.684719043825387,True,52.576669499280136,-1.4886682255123678
2020-01-08 10:20:22.800,52.538196898960706,-1.4615213367354347,80.76193222049538,1.73669154427748,True,52.57667561282406,-1.4886874274363286
2020-01-08 10:20:22.900,52.53741068669027,-1.4611769970110233,52.60472060271444,1.7313317537679815,True,52.57668182740995,-1.4887064772793792
2020-01-08 10:20:23.000,52.53671127441022,-1.4607967390247998,29.8110777613252,1.6820333659734559,True,52.576687866193495,-1.488725537803268
2020-01-08 10:20:23.100,52.5362180340381,-1.4607148577380709,6.453384085102588,1.6088608526351988,True,52.5766940796415,-1.4887444392041673
2020-01-08 10:20:23.200,52.53597435949717,-1.4607153502232642,350.3495947505924,1.519976051550979,True,52.576700377057705,-1.4887631901345957
2020-01-08 10:20:23.300,52.53594838627553,-1.4609411002295414,341.20171158229937,1.4386132288747628,True,52.57670683858937,-1.4887817722363597
2020-01-08 10:20:23.400,52.536079428318885,-1.4612544318702059,338.31454656395397,1.3822195895599299,True,52.57671340476205,-1.4888000826831882
2020-01-08 10:20:23.500,52.53630975469724,-1.4614414194129908,342.49650274981,1.3666966349082879,True,52.57671990068235,-1.4888183907031471
2020-01-08 10:20:23.600,52.536600076734,-1.4616134817303068,352.65195218702314,1.4003173101692388,True,52.57672652200403,-1.4888365036973779
2020-01-08 10:20:23.700,52.536943024161744,-1.4617708195644479,9.252635909761823,1.481810911219766,True,52.576732979760365,-1.488854678012459
2020-01-08 10:20:23.800,52.537365352587834,-1.461731448133992,30.310124328925323,1.5931163372817854,True,52.57673930931922,-1.4888728805454006
2020-01-08 10:20:23.900,52.53792670435384,-1.4615581199929986,57.50881759655612,1.705833471285366,True,52.576745291714175,-1.4888913898867568
2020-01-08 10:20:24.000,52.53864959098967,-1.4612716722602328,93.90208227041275,1.7852010479262967,True,52.576751148604195,-1.4889099644124246
2020-01-08 10:20:24.100,52.539448633390414,-1.460958055513893,128.51426641988016,1.7970403604889873,True,52.5767568849831,-1.4889285530312393
2020-01-08 10:20:24.200,52.540143067566035,-1.4606256085561196,158.89333402824042,1.7417041516029936,True,52.57676230340165,-1.4889473000571563
2020-01-08 10:20:24.300,52.54060328915345,-1.4605335648042128,183.99015874225043,1.6408774608600658,True,52.57676774011524,-1.488965908129958
2020-01-08 10:20:24.400,52.54081509036878,-1.4607231026362766,200.7828611260793,1.527728210588011,True,52.57677330348841,-1.4889845149878849
2020-01-08 10:20:24.500,52.54083138252501,-1.4610400117854465,211.09045671920597,1.4243902727371278,True,52.57677893339603,-1.4890029830169025
2020-01-08 10:20:24.600,52.54072508139266,-1.4614093210156271,215.6581693890521,1.3467148634631894,True,52.57678442268782,-1.4890212629918884
2020-01-08 10:20:24.700,52.540562743232364,-1.4616870605857273,214.75904935390872,1.3071446805024625,True,52.5767896305201,-1.4890396213405197
2020-01-08 10:20:24.800,52.54039263616008,-1.4618753686535326,207.4517151455541,1.31624419043339,True,52.57679477916514,-1.4890581845008068
2020-01-08 10:20:24.900,52.54024071367141,-1.461978606115749,194.89892844995663,1.3753896890654198,True,52.576799700655954,-1.4890766811235654
2020-01-08 10:20:25.000,52.54009547389936,-1.4620267566256961,176.4740118852912,1.4748404477049353,True,52.57680433108187,-1.4890954224257587
2020-01-08 10:20:25.100,52.53989285136984,-1.461981923626,152.6231808985498,1.5915330448210647,True,52.576808895394976,-1.4891141096617648
2020-01-08 10:20:25.200,52.53952824274913,-1.4619643635811053,123.59521749058416,1.6933560467155002,True,52.57681336918481,-1.4891328190946438
2020-01-08 10:20:25.300,52.538944988641546,-1.4617579479084089,93.62230975093675,1.7523804468955027,True,52.57681744924861,-1.4891516945445444
2020-01-08 10:20:25.400,52.538208175989894,-1.4614239515876477,64.35894091942048,1.7548377928760968,True,52.576821565637324,-1.489170474256061
2020-01-08 10:20:25.500,52.53747417115332,-1.461136692047103,38.67390482483275,1.7071030895069184,True,52.57682556081256,-1.4891893172066046
2020-01-08 10:20:25.600,52.536879186782535,-1.4609082524545858,20.190232490658104,1.6340537440483878,True,52.57682949197817,-1.4892080425372645
2020-01-08 10:20:25.700,52.53649898040772,-1.4607813453511658,1.6957974618995797,1.5561458064540694,True,52.57683380829429,-1.489226524125492
2020-01-08 10:20:25.800,52.53634643359467,-1.460952733391582,347.9679932778488,1.4733899908895547,True,52.576838491217806,-1.4892446721786226
2020-01-08 10:20:25.900,52.53638206466439,-1.4611616469086484,341.10146651101945,1.4059283680517576,True,52.57684321346931,-1.4892626895167325
2020-01-08 10:20:26.000,52.53654894487126,-1.4613330230874217,341.0858524779781,1.3702613073583094,True,52.57684802141819,-1.4892806055442753
2020-01-08 10:20:26.100,52.53679483123664,-1.4616144286188217,345.77204914979933,1.374950716390409,True,52.576853047645656,-1.489298368973387
2020-01-08 10:20:26.200,52.5370852542191,-1.4617578481705937,356.1515401812004,1.4250372039558374,True,52.576858008359466,-1.4893160371179506
2020-01-08 10:20:26.300,52.5374153486203,-1.4617818365676667,11.74119449673048,1.5145731067914696,True,52.576862898293655,-1.489333713449581
2020-01-08 10:20:26.400,52.53782259368844,-1.4617829513777056,33.26949071388164,1.6263206981190452,True,52.576867604619835,-1.4893514617136259
2020-01-08 10:20:26.500,52.53836493295007,-1.4616544576970716,58.473172402632905,1.7323798117481803,True,52.57687233483411,-1.4893690820668495
2020-01-08 10:20:26.600,52.5390651971227,-1.4613419579766311,93.08575055078343,1.8039787509173542,True,52.576876915328796,-1.4893868010882032
2020-01-08 10:20:26.700,52.53984728751141,-1.4610226672429802,127.33901554955274,1.8091958790729021,True,52.57688146445067,-1.489404361647393
2020-01-08 10:20:26.800,52.54053611910684,-1.4606908688816227,158.0973853314926,1.7487839663547236,True,52.57688608874709,-1.48942167112029
2020-01-08 10:20:26.900,52.54100869826968,-1.4606563198267917,181.86312033808278,1.650021413294522,True,52.576890776534185,-1.48943865466555
2020-01-08 10:20:27.000,52.541236263361235,-1.4607934757849617,200.90888261410245,1.5354931962398772,True,52.57689547019769,-1.4894553155080106
2020-01-08 10:20:27.100,52.54126782033954,-1.461051136695644,212.85096193972467,1.4295129013611287,True,52.576900225448455,-1.4894714384437928
2020-01-08 10:20:27.200,52.54117810078318,-1.4614567523509812,220.07846546373136,1.3459897895248305,True,52.57690492892626,-1.4894872166572724
2020-01-08 10:20:27.300,52.541037321177036,-1.4616876463893576,221.80696839018697,1.2974916921475557,True,52.57690963017927,-1.4895025331325613
2020-01-08 10:20:27.400,52.540906247866765,-1.4619340646406371,220.7069682792277,1.2897613656485365,True,52.5769142350995,-1.489517495581239
2020-01-08 10:20:27.500,52.54082755517514,-1.4620048805466854,214.26705143835187,1.327937456477774,True,52.57691897364765,-1.4895318630774594
2020-01-08 10:20:27.600,52.5408242471233,-1.462006510311691,203.93226432916384,1.4069517422797087,True,52.57692371868895,-1.489545787048037
2020-01-08 10:20:27.700,52.540887892172854,-1.461998669317029,189.3460494121413,1.513516545156082,True,52.57692841306452,-1.4895591454715646
2020-01-08 10:20:27.800,52.54095731274427,-1.462002036333845,169.66165524937816,1.6276095613363255,True,52.576933051418834,-1.4895719295975762
2020-01-08 10:20:27.900,52.54092622243511,-1.4620449307801617,147.0656019267896,1.726337197746603,True,52.57693766293517,-1.4895845404596948
2020-01-08 10:20:28.000,52.54067867463672,-1.4620961508767671,120.90822506272917,1.788833346837051,True,52.576942204308324,-1.489596638993856
2020-01-08 10:20:28.100,52.54017350887202,-1.4620362201523927,93.80258800520075,1.8036240660273641,True,52.57694654501036,-1.4896083161421612
2020-01-08 10:20:28.200,52.539484979704376,-1.4617365445720127,69.5921888670786,1.7767349238840555,True,52.576950787007895,-1.489619586990464
2020-01-08 10:20:28.300,52.53875250474198,-1.461422172298076,47.552073005793616,1.717772615123975,True,52.57695492552174,-1.489630581579798
2020-01-08 10:20:28.400,52.53810796928711,-1.4612283744724728,29.25118931572863,1.641938729618745,True,52.576958933736066,-1.489641316203833
2020-01-08 10:20:28.500,52.537645371335046,-1.461081080481759,7.714691233778523,1.5602887052271965,True,52.576962869205346,-1.4896519162758015
2020-01-08 10:20:28.600,52.53740287506145,-1.4610820027106879,350.7649704321471,1.472978867113068,True,52.57696668098711,-1.489662244891586
2020-01-08 10:20:28.700,52.537352801015295,-1.461271384638171,338.46219901250953,1.3951594784636911,True,52.57697035284285,-1.4896722822998056
2020-01-08 10:20:28.800,52.537432489514295,-1.4615272331855995,330.0582439841595,1.337875022541373,True,52.57697395502748,-1.4896821278727823
2020-01-08 10:20:28.900,52.53756776134812,-1.4617530984733385,324.9762415892498,1.309585820250997,True,52.576977438205276,-1.489691697266134
2020-01-08 10:20:29.000,52.53768839671267,-1.4619845818644568,323.0606838028789,1.3160733012113257,True,52.57698080068037,-1.4897010392279144
2020-01-08 10:20:29.100,52.53773472653163,-1.4621394814938407,323.7849511357221,1.3583225061652817,True,52.57698401787156,-1.4897100413021582
2020-01-08 10:20:29.200,52.53766333850342,-1.4621346823267214,326.9314955031431,1.4319922046989175,True,52.57698710840225,-1.4897187563389935
2020-01-08 10:20:29.300,52.53745257309559,-1.4620908971162108,332.21245523988864,1.5277662060481605,True,52.5769901165783,-1.4897272918686681
2020-01-08 10:20:29.400,52.53711003846771,-1.4619835685276235,339.9388318109751,1.6339319557541674,True,52.57699300976452,-1.489735581256697
2020-01-08 10:20:29.500,52.53667364253342,-1.462014018597332,349.5791622552312,1.7378522413600714,True,52.576995771501124,-1.4897434953277595
2020-01-08 10:20:29.600,52.536217821078424,-1.4619615174712903,1.7282870988538725,1.828636602286895,True,52.576998375123694,-1.489751042540703
2020-01-08 10:20:29.700,52.53583304700214,-1.462066654854694,15.560273316790333,1.8981397714561246,True,52.57700087871102,-1.4897582789838446
2020-01-08 10:20:29.800,52.53561435421577,-1.4621733885234784,31.517607779708136,1.941140379381843,True,52.57700319965434,-1.489765053836818
2020-01-08 10:20:29.900,52.535629341657724,-1.4622544364501642,48.553773157654206,1.956528292883693,True,52.57700540955032,-1.4897714813018315
2020-01-08 10:20:30.000,52.53589870370195,-1.4622232891740112,72.33649514262167,1.9462035833128215,True,52.57700745374713,-1.4897774185291695
2020-01-08 10:20:30.100,52.536393170391115,-1.462066113981484,95.86161636758875,1.901975957136936,True,52.57700936106949,-1.4897829374404865
2020-01-08 10:20:30.200,52.5370151766811,-1.4618749985015391,118.23460412307239,1.832522985289783,True,52.577011171213684,-1.4897881498177634
2020-01-08 10:20:30.300,52.53764219069348,-1.4616275380322736,138.90856511563655,1.7479958838015883,True,52.577012829024014,-1.4897929118550692
2020-01-08 10:20:30.400,52.53816974666459,-1.4614663330891338,157.56623058499534,1.6579100844489707,True,52.57701433220733,-1.4897972257530951
2020-01-08 10:20:30.500,52.538531596293765,-1.461311506016415,174.07291793646243,1.569936114303389,True,52.57701571581509,-1.4898011944376952
2020-01-08 10:20:30.600,52.53870990815465,-1.4613695356075411,188.4067302330944,1.4904028324896716,True,52.57701694293094,-1.4898047045364602
2020-01-08 10:20:30.700,52.538725070051925,-1.4614678438138478,200.77183900408946,1.4240342906525372,True,52.57701809008733,-1.4898079883468096
2020-01-08 10:20:30.800,52.538627400587885,-1.461671276235456,211.47358823514796,1.3748555468902255,True,52.57701914407386,-1.4898110070803907
2020-01-08 10:20:30.900,52.538480728947924,-1.46189920650771,220.80968743320824,1.346181348830699,True,52.577020116864354,-1.4898137919987064
2020-01-08 10:20:31.000,52.53834268979571,-1.4621008714478154,229.23119137738598,1.340128005893396,True,52.577021029174624,-1.489816404792504
2020-01-08 10:20:31.100,52.53829287264491,-1.462126018835996,236.7696757063586,1.3569728010637094,True,52.57702188753334,-1.4898188641461305
2020-01-08 10:20:31.200,52.538378524406646,-1.4621322103767074,243.6394700177366,1.3952440055559838,True,52.5770226918027,-1.4898211715156569
2020-01-08 10:20:31.300,52.53862427145603,-1.4619832290252819,250.1137908259151,1.4511338487312444,True,52.577023441547546,-1.4898233292629663
2020-01-08 10:20:31.400,52.53903026481586,-1.4617293506290576,256.126236354823,1.5195922415773007,True,52.577024140359526,-1.489825337449279
2020-01-08 10:20:31.500,52.539572439999496,-1.461259316122124,261.7544255226767,1.5948124265917965,True,52.57702477225767,-1.4898271542742778
2020-01-08 10:20:31.600,52.54021242475935,-1.460766974790011,266.82281450843107,1.6714620930930975,True,52.577025375941695,-1.4898288862412576
2020-01-08 10:20:31.700,52.54090355729491,-1.460294015614342,271.3813864426592,1.7449516271084127,True,52.577025906375646,-1.4898304100293658
2020-01-08 10:20:31.800,52.54159470342525,-1.4597411636656132,275.37140197361634,1.8119645850414907,True,52.577026390139366,-1.4898317990671903
2020-01-08 10:20:31.900,52.5422414159617,-1.4592194297835095,278.6345265679342,1.8706677736324808,True,52.57702679115259,-1.48983294743831
2020-01-08 10:20:32.000,52.54280674637751,-1.4586841866258125,281.13321739823266,1.9203021969196703,True,52.577027159149814,-1.4898340017962388
2020-01-08 10:20:32.100,52.54326659562872,-1.4582762529423647,283.0094612013653,1.9608177533743922,True,52.577027462940805,-1.489834875120856
2020-01-08 10:20:32.200,52.54360596865174,-1.457962092433805,284.2815703821854,1.9927395526142972,True,52.57702771828735,-1.4898356104926405
2020-01-08 10:20:32.300,52.54381831422742,-1.4576335386440187,284.87942590167836,2.0170013098556225,True,52.57702794385001,-1.4898362606144187
2020-01-08 10:20:32.400,52.54390549663015,-1.4573575824502616,285.13691499902154,2.0344113738462117,True,52.57702812302745,-1.4898367796152334
2020-01-08 10:20:32.500,52.54387640631141,-1.4571870160610005,284.85495318327276,2.046028243237835,True,52.57702829709477,-1.4898372825513169
2020-01-08 10:20:32.600,52.54374339060248,-1.457080257318305,284.27972589588114,2.052713085442153,True,52.57702845497796,-1.489837739687031
2020-01-08 10:20:32.700,52.54352142737106,-1.456993902754166,283.36056872930453,2.0552869551554998,True,52.57702857250975,-1.4898380800719293
2020-01-08 10:20:32.800,52.54322624352214,-1.4569629076450483,282.3261010981465,2.0544404631919373,True,52.57702866567448,-1.4898383505300006
2020-01-08 10:20:32.900,52.542874206181324,-1.4570092893187239,280.938492971478,2.050862424664936,True,52.57702873961562,-1.4898385648001506
2020-01-08 10:20:33.000,52.54248037017369,-1.4569855586137388,279.68438027502117,2.0450690385908863,True,52.57702877835689,-1.4898386778538488
2020-01-08 10:20:33.100,52.54205866512256,-1.4569979464488432,278.2642509751106,2.037604795477103,True,52.577028784723545,-1.4898386963771042
2020-01-08 10:20:33.200,52.541620776766294,-1.457052693384424,276.9151921130348,2.028933768332556,True,52.57702879803222,-1.4898387351870388
2020-01-08 10:20:33.300,52.54117716349904,-1.4571505022137692,275.48521633691837,2.019470842036026,True,52.57702881415773,-1.4898387821175536
2020-01-08 10:20:33.400,52.540736787098325,-1.457208170277446,274.20786285567385,2.0095952611604226,True,52.57702881997143,-1.4898387990839306
2020-01-08 10:20:33.500,52.540307453120604,-1.4572310660781125,272.90636030468426,1.9996215948967764,True,52.57702883299866,-1.4898388370013071
2020-01-08 10:20:33.600,52.53989493514452,-1.457301873421007,271.66333016032354,1.9898177708294023,True,52.577028841110646,-1.4898388606095891
2020-01-08 10:20:33.700,52.53950480193885,-1.4573297691839378,270.4717968388319,1.9804024389453114,True,52.57702884519229,-1.48983887248429
2020-01-08 10:20:33.800,52.53914078383993,-1.4573960292027914,269.3870303246601,1.9715588239220116,True,52.57702885057073,-1.4898388881326432
2020-01-08 10:20:33.900,52.53880674361588,-1.4574093534756376,268.33413703336424,1.9634097151232353,True,52.57702885837167,-1.4898389107793781
2020-01-08 10:20:34.000,52.5385054197685,-1.4574515607518108,267.31127897782983,1.9560317099446922,True,52.577028864433196,-1.4898389283648656
2020-01-08 10:20:34.100,52.538239387447305,-1.4574323356550807,266.4082834510928,1.9494901429877822,True,52.57702886841012,-1.4898389399135872
2020-01-08 10:20:34.200,52.53800965348942,-1.4575158078275412,265.5671545585554,1.943801137239547,True,52.57702887879631,-1.4898389700162227
2020-01-08 10:20:34.300,52.53781831144285,-1.457522100047459,264.69568773668914,1.9389308992792897,True,52.577028886386024,-1.4898389919604038
2020-01-08 10:20:34.400,52.5376666215957,-1.4575379146987961,263.8761468428846,1.9348420270212832,True,52.577028898387816,-1.4898390267012858
2020-01-08 10:20:34.500,52.53755555353178,-1.4574776535238863,263.144529931231,1.9314919295636235,True,52.57702890716587,-1.4898390520736415
2020-01-08 10:20:34.600,52.537485022306605,-1.4575101323029287,262.50794234900286,1.9288185679085368,True,52.57702891294809,-1.4898390687802883
2020-01-08 10:20:34.700,52.53745531059782,-1.4575406526899735,261.8445376393604,1.9267256589993451,True,52.57702892088497,-1.4898390916441748
2020-01-08 10:20:34.800,52.53746601925512,-1.4574874944479472,261.3006679365477,1.9251421291982438,True,52.57702892628197,-1.4898391071880617
2020-01-08 10:20:34.900,52.5375168582731,-1.4575230727815665,260.69800500709454,1.923964522655338,True,52.57702893217816,-1.4898391241009188
2020-01-08 10:20:35.000,52.53760714491689,-1.457555478806212,260.17179401608945,1.923117221556623,True,52.577028939400094,-1.4898391448076027
2020-01-08 10:20:35.100,52.53773590284896,-1.4575055541534248,259.5978704345663,1.9225145249801288,True,52.57702895074661,-1.4898391772539754
2020-01-08 10:20:35.200,52.537902421063094,-1.4575474609850452,259.0809755388052,1.9220904569186714,True,52.57702895379225,-1.4898391859617872
2020-01-08 10:20:35.300,52.53810498960018,-1.4575098328390135,258.5928712644502,1.9217854550132436,True,52.57702896202708,-1.4898392094547617
2020-01-08 10:20:35.400,52.53834309767605,-1.4575676117969567,258.0254140485523,1.9215385383477082,True,52.57702897276965,-1.48983924001752
2020-01-08 10:20:35.500,52.538614395747885,-1.4575494557742437,257.6287837237036,1.9213206000545728,True,52.577028978891384,-1.4898392574516837
2020-01-08 10:20:35.600,52.53891754027021,-1.4575494995253357,257.099891342976,1.9210854195884983,True,52.57702898984823,-1.4898392885097906
2020-01-08 10:20:35.700,52.53925125677634,-1.4575690138168917,256.57833786941205,1.920808748114772,True,52.57702900252849,-1.4898393244193637
2020-01-08 10:20:35.800,52.53961445973076,-1.4576094122783034,255.97694330691147,1.920473524220062,True,52.577029008470625,-1.4898393412411728
2020-01-08 10:20:35.900,52.540006002015254,-1.4576720467371282,255.41502351098956,1.9200740516560537,True,52.57702901701651,-1.4898393654882274
2020-01-08 10:20:36.000,52.54042387514872,-1.4576773020720437,254.79416574864632,1.919606141830452,True,52.57702902276214,-1.4898393818045292
2020-01-08 10:20:36.100,52.54086690111538,-1.4577175282086259,254.262767747697,1.9190743753066872,True,52.57702902815378,-1.4898393971565422
2020-01-08 10:20:36.200,52.54133407877693,-1.4577924075243143,253.67115848223017,1.918480085901612,True,52.5770290369224,-1.4898394221115512
2020-01-08 10:20:36.300,52.54182312336257,-1.4578204819107519,253.10604884696951,1.9178299330740698,True,52.577029052155666,-1.4898394655272105
2020-01-08 10:20:36.400,52.54233188834603,-1.4578117330981206,252.49629730176503,1.9171294056421186,True,52.57702906667694,-1.489839506913288
2020-01-08 10:20:36.500,52.54286088481825,-1.4579368943074114,251.95677879132188,1.9163878716689386,True,52.5770290772769,-1.4898395371508895
2020-01-08 10:20:36.600,52.54340668738201,-1.4579398678253446,251.27404349925825,1.915609616700042,True,52.57702908647778,-1.4898395633321928
2020-01-08 10:20:36.700,52.543969079150784,-1.4580029630518836,250.5505377484966,1.9148052920846321,True,52.57702909191658,-1.489839578855779
2020-01-08 10:20:36.800,52.54454593840471,-1.4580412208725015,249.94702420916747,1.9139893917488595,True,52.577029098357556,-1.4898395972174976
2020-01-08 10:20:36.900,52.54513676069432,-1.458142642364476,249.35262248623104,1.9131691867983263,True,52.57702910723775,-1.4898396224935286
2020-01-08 10:20:37.000,52.54573967406029,-1.458222248394108,248.6684161186103,1.912346178679092,True,52.577029112358254,-1.4898396370254294
2020-01-08 10:20:37.100,52.54635275833184,-1.4582866820229383,248.0118434853702,1.9115296552824574,True,52.57702911590858,-1.4898396471120334
2020-01-08 10:20:37.200,52.54697400246442,-1.4583411996100888,247.40278698417248,1.9107269657470949,True,52.57702911992025,-1.4898396585082259
2020-01-08 10:20:37.300,52.54760351833256,-1.4584724046438018,246.72333418142088,1.9099389873230919,True,52.57702912887522,-1.4898396838763357
2020-01-08 10:20:37.400,52.5482373232694,-1.4585109518592523,246.1160192670211,1.9091712336069493,True,52.57702913685077,-1.4898397064598567
2020-01-08 10:20:37.500,52.54887570248236,-1.4586346458336368,245.48019718475146,1.9084246052820093,True,52.57702914269377,-1.4898397229487144
2020-01-08 10:20:37.600,52.54951662544223,-1.458753961600207,244.94106376268115,1.9077023188179487,True,52.57702915342374,-1.4898397531435246
2020-01-08 10:20:37.700,52.550156205299544,-1.4587906076646473,244.28916297791685,1.9069988737557437,True,52.57702916444148,-1.4898397841160211
2020-01-08 10:20:37.800,52.55079523658324,-1.4589215335482337,243.56961718411003,1.9063149369144199,True,52.57702916932723,-1.489839797836826
2020-01-08 10:20:37.900,52.55143214376502,-1.4590573200544141,242.81553715795167,1.9056530210568685,True,52.577029175881215,-1.4898398162358837
2020-01-08 10:20:38.000,52.55206288822085,-1.4591170219176872,242.25243569745322,1.905022354935326,True,52.577029181884335,-1.4898398331065854
2020-01-08 10:20:38.100,52.552686284193044,-1.4591957479682225,241.36237914659023,1.9044097372769206,True,52.577029191794914,-1.4898398609284724
2020-01-08 10:20:38.200,52.55330342795287,-1.4593758321914274,240.69771888007318,1.903830188116216,True,52.577029194993266,-1.4898398699635225
2020-01-08 10:20:38.300,52.5539102931589,-1.4594843483161126,239.8702152075822,1.9032780041949942,True,52.577029203236386,-1.4898398931873196
2020-01-08 10:20:38.400,52.554505609033264,-1.4596149020965394,239.0357940445087,1.902756058015257,True,52.57702921164616,-1.4898399169647067
2020-01-08 10:20:38.500,52.55508548860299,-1.459684756599647,238.23807754961945,1.9022701143212566,True,52.577029218401755,-1.4898399361453698
2020-01-08 10:20:38.600,52.555648860034125,-1.4597859323291122,237.35220921686772,1.9018170896157656,True,52.57702922022643,-1.4898399413394259
2020-01-08 10:20:38.700,52.55619460624412,-1.4599170385311737,236.51798339725192,1.9014033503800516,True,52.57702922360295,-1.4898399510139915
2020-01-08 10:20:38.800,52.55672158469024,-1.4600764785916824,235.69486624583124,1.9010308466466983,True,52.57702923372438,-1.4898399801636628
2020-01-08 10:20:38.900,52.55722579607597,-1.4601797529562512,234.8122239110601,1.90069714925324,True,52.5770292449718,-1.489840012726878
2020-01-08 10:20:39.000,52.55770647682131,-1.4603158591673429,234.04984689418157,1.9004087622113646,True,52.57702925409384,-1.4898400393435125
2020-01-08 10:20:39.100,52.5581628762519,-1.460480866675482,233.2980897330559,1.9001613048440356,True,52.577029271461875,-1.489840090178561
2020-01-08 10:20:39.200,52.558591272798814,-1.4605877776797864,232.52056461191586,1.8999457844651533,True,52.57702927449164,-1.4898400990665872
2020-01-08 10:20:39.300,52.558991393346886,-1.4607239503735348,231.83975141198346,1.8997625368942925,True,52.57702928412713,-1.4898401274407855
2020-01-08 10:20:39.400,52.559359712816246,-1.4608013862591187,231.03669319155983,1.8995974716720108,True,52.57702928951186,-1.4898401432954078
2020-01-08 10:20:39.500,52.559696460403146,-1.4609062742066101,230.4204357101914,1.899454684192691,True,52.577029297581454,-1.4898401671782728
2020-01-08 10:20:39.600,52.560001477134925,-1.461033699044085,229.63080337964985,1.8993193419877934,True,52.57702930488546,-1.4898401887525468
2020-01-08 10:20:39.700,52.56027499507975,-1.4611778144226368,228.98319298874873,1.8991951608194224,True,52.57702931334463,-1.4898402138872404
2020-01-08 10:20:39.800,52.56051409585798,-1.4612488455656818,228.35833370261275,1.8990739326118242,True,52.57702932109775,-1.489840236922203
2020-01-08 10:20:39.900,52.560722467940856,-1.4614183350801015,227.6849626955116,1.898948159062191,True,52.577029331741436,-1.4898402685348946
2020-01-08 10:20:40.000,52.56089743983578,-1.461503402458648,227.16663601359286,1.8988175331782124,True,52.57702933330583,-1.4898402731921956
2020-01-08 10:20:40.100,52.56103978802402,-1.4615913011533916,226.593420025812,1.8986725927619459,True,52.57702933606094,-1.4898402813677423
2020-01-08 10:20:40.200,52.56115021369445,-1.4616769621336503,226.0019325880118,1.8985092330944255,True,52.57702934948054,-1.489840321183983
2020-01-08 10:20:40.300,52.561229538564575,-1.4617554694861155,225.45741497425965,1.898325534845903,True,52.57702936090464,-1.4898403551152155
2020-01-08 10:20:40.400,52.56127853049798,-1.4618223932880747,224.88747455766404,1.8981192073435944,True,52.577029365473024,-1.4898403686841617
2020-01-08 10:20:40.500,52.56129768670555,-1.4618741433199478,224.2872749006105,1.897889463086676,True,52.577029368296685,-1.489840377079034
2020-01-08 10:20:40.600,52.56129109111912,-1.4619923634713388,223.75066538188298,1.8976389258980655,True,52.577029370184526,-1.4898403827098285
2020-01-08 10:20:40.700,52.561258847042126,-1.4620820849552056,223.18696754811214,1.8973679028379524,True,52.57702937384761,-1.489840393651261
2020-01-08 10:20:40.800,52.561201254061004,-1.462141084732028,222.65007944756277,1.8970786949757252,True,52.577029380798656,-1.489840414490117
2020-01-08 10:20:40.900,52.561118890041776,-1.462166859207026,222.17198711193737,1.8967720182085586,True,52.57702938572002,-1.489840429292176
2020-01-08 10:20:41.000,52.561015501951516,-1.462243348597684,221.67070771250349,1.8964474381022352,True,52.5770293916134,-1.4898404470399516
2020-01-08 10:20:41.100,52.56089103658775,-1.4622767596022164,221.17443351110902,1.8961064617520353,True,52.57702939813568,-1.489840466748958
2020-01-08 10:20:41.200,52.56074618266883,-1.4622652386204402,220.83015835438374,1.895748766842569,True,52.577029400594746,-1.4898404741706954
2020-01-08 10:20:41.300,52.56058828450859,-1.4623798374530024,220.4780082379295,1.8953707731022629,True,52.57702940600547,-1.4898404904654978
2020-01-08 10:20:41.400,52.56041361406575,-1.4623488329352141,220.14076124897946,1.8949705963535057,True,52.57702941577693,-1.489840519866192
2020-01-08 10:20:41.500,52.560229369737314,-1.4624373431203435,219.84792331171133,1.8945462745374693,True,52.57702941864202,-1.4898405284815188
2020-01-08 10:20:41.600,52.56003464598126,-1.462461132020817,219.48389893274137,1.8940989236553578,True,52.57702942991479,-1.489840562291911
2020-01-08 10:20:41.700,52.55982815614401,-1.4624222034060104,219.01317579183333,1.8936339875282941,True,52.57702943909009,-1.4898405898405114
2020-01-08 10:20:41.800,52.559616427163185,-1.4624947379157769,218.74007258806358,1.89315187454581,True,52.57702944775573,-1.489840616021111
2020-01-08 10:20:41.900,52.559397792823965,-1.4624957684193145,218.36669921159378,1.8926558992344074,True,52.57702945206253,-1.4898406290060526
2020-01-08 10:20:42.000,52.55917460817124,-1.4625142323251652,218.0860559187253,1.892146889226338,True,52.57702945616086,-1.4898406414057808
2020-01-08 10:20:42.100,52.55894894311607,-1.4625467253282258,217.82126355534635,1.8916255097210248,True,52.5770294595408,-1.4898406516340748
2020-01-08 10:20:42.200,52.55872245286662,-1.4625905393512346,217.55408414961033,1.8910935494448802,True,52.57702946493973,-1.4898406679718785
2020-01-08 10:20:42.300,52.55849345699135,-1.4625558641534266,217.34499880814144,1.8905508191052713,True,52.57702946878372,-1.489840679616915
2020-01-08 10:20:42.400,52.55826370368134,-1.4625328745584982,217.10427541365627,1.8899991032398484,True,52.57702947041757,-1.4898406845630063
2020-01-08 10:20:42.500,52.55803824825026,-1.4626064102756298,216.93978797434164,1.8894380824815395,True,52.57702947407004,-1.4898406956310426
2020-01-08 10:20:42.600,52.55781440065964,-1.462595075520711,216.70122122283652,1.888870994933171,True,52.57702947902222,-1.4898407106110871
2020-01-08 10:20:42.700,52.557593375336474,-1.462590007783862,216.5083341257727,1.8882981561733694,True,52.57702948460328,-1.4898407275308123
2020-01-08 10:20:42.800,52.55737612161621,-1.4625897903636595,216.31290386757738,1.8877212526074199,True,52.57702948870016,-1.4898407399552125
2020-01-08 10:20:42.900,52.55716304293162,-1.462593673350379,216.05668746995624,1.887144624894901,True,52.577029495987645,-1.489840762065765
2020-01-08 10:20:43.000,52.55695483208098,-1.4626006310245854,215.8822938912638,1.8865675446538537,True,52.577029500868086,-1.4898407769269917
2020-01-08 10:20:43.100,52.55675170069226,-1.4626102065547302,215.6514453546753,1.8859934312988165,True,52.57702950612541,-1.4898407929435575
2020-01-08 10:20:43.200,52.55655412181401,-1.4626216842617787,215.5040273742002,1.8854214413322217,True,52.577029510196674,-1.4898408053907226
2020-01-08 10:20:43.300,52.556363391794456,-1.4626334879130019,215.551970693835,1.8848445571832737,True,52.57702951761524,-1.4898408280923403
2020-01-08 10:20:43.400,52.556179674999,-1.4626453017945402,215.4103267016655,1.8842689225761013,True,52.577029523683926,-1.4898408466416653
2020-01-08 10:20:43.500,52.55600317430233,-1.4626567774105057,215.3026017945523,1.8836946030212636,True,52.577029529960676,-1.4898408658386018
2020-01-08 10:20:43.600,52.55583061758321,-1.4625797613942997,215.17394765863094,1.8831233825604858,True,52.57702953343063,-1.4898408764416105
2020-01-08 10:20:43.700,52.55566561282356,-1.4625946368451308,215.0361357903705,1.8825569903525357,True,52.5770295391523,-1.4898408939338506
2020-01-08 10:20:43.800,52.55550790270902,-1.4626086416183548,214.89700357586483,1.8819964828364617,True,52.57702954087905,-1.48984089922051
2020-01-08 10:20:43.900,52.555357649661254,-1.4626214908955921,214.8605039739353,1.881439289420476,True,52.57702954334011,-1.4898409067712726
2020-01-08 10:20:44.000,52.55521451766177,-1.4626334421450133,214.723944053417,1.8808887666470675,True,52.577029547388754,-1.489840919215068
2020-01-08 10:20:44.100,52.555078202549495,-1.4626447139723957,214.59960363733495,1.8803452024339768,True,52.577029551088046,-1.4898409306149465
2020-01-08 10:20:44.200,52.554948264217124,-1.4626556707966407,214.43667310885,1.879809728607697,True,52.577029558751086,-1.489840954287554
2020-01-08 10:20:44.300,52.55482093831075,-1.4625784791627574,214.25991295292994,1.8792830629422235,True,52.577029564473506,-1.489840972034217
2020-01-08 10:20:44.400,52.554699532251725,-1.4625941009501757,214.1073500632081,1.8787650055670821,True,52.57702956943532,-1.4898409874930858
2020-01-08 10:20:44.500,52.55458388245362,-1.4626096629703005,214.01520163596194,1.8782542085875054,True,52.57702957460644,-1.4898410036689942
2020-01-08 10:20:44.600,52.55447400286787,-1.4626250339992815,213.97778012336627,1.8777494490724176,True,52.577029582043004,-1.4898410269654419
2020-01-08 10:20:44.700,52.55437058895122,-1.4626393337983035,214.1135721390122,1.877246154511059,True,52.57702958716192,-1.4898410429918187
2020-01-08 10:20:44.800,52.55427339358509,-1.4626527160098943,214.04875675709602,1.8767481330672167,True,52.57702959351007,-1.4898410628448508
2020-01-08 10:20:44.900,52.55417906785109,-1.4625767498001212,214.02198880338614,1.876254629292876,True,52.57702960175001,-1.4898410886311582
2020-01-08 10:20:45.000,52.55409167019947,-1.4625917332045821,214.11925187224125,1.8757626828469998,True,52.5770296046592,-1.489841097720453
2020-01-08 10:20:45.100,52.55401030972912,-1.462605596167154,213.9664221606795,1.875279274330318,True,52.57702960770299,-1.4898411071807212
2020-01-08 10:20:45.200,52.553934852768904,-1.4626183621544688,213.96679833699184,1.874800614138438,True,52.57702961149866,-1.4898411190341614
2020-01-08 10:20:45.300,52.553864545554234,-1.46263074968569,213.83695311780144,1.874329979766614,True,52.577029615105424,-1.4898411302732415
2020-01-08 10:20:45.400,52.55379893758295,-1.462643140255317,213.75902223359537,1.873866145304709,True,52.5770296160582,-1.4898411332557775
2020-01-08 10:20:45.500,52.55373771220093,-1.4626557665072226,213.69150673841975,1.873408668885837,True,52.57702961964507,-1.4898411445161037
2020-01-08 10:20:45.600,52.55367694805568,-1.4625807340869061,213.5309216491745,1.8729587387082978,True,52.57702962327169,-1.48984115592642
2020-01-08 10:20:45.700,52.553620237482775,-1.4625989923133658,213.50884536013922,1.8725148188194656,True,52.57702963018784,-1.4898411778205864
2020-01-08 10:20:45.800,52.55356727386622,-1.4626178366816123,213.4393409057875,1.8720771091791373,True,52.57702963494194,-1.489841192880725
2020-01-08 10:20:45.900,52.553517459611854,-1.4626378296138183,213.29142358238224,1.8716461512479028,True,52.57702964473034,-1.4898412239709296
2020-01-08 10:20:46.000,52.55347032603849,-1.4626593928873257,213.15707904346914,1.8712216531567603,True,52.57702964844843,-1.4898412358485633
2020-01-08 10:20:46.100,52.553421774839485,-1.4625947678739084,212.9289028964348,1.8708036852187706,True,52.577029650422496,-1.4898412421871803
2020-01-08 10:20:46.200,52.55337500223511,-1.4626254439471764,212.7628404741418,1.8703923040458663,True,52.5770296551363,-1.4898412574674218
2020-01-08 10:20:46.300,52.55332913916822,-1.462659351586256,212.49372456840123,1.8699870169668193,True,52.57702966346652,-1.4898412846657598
2020-01-08 10:20:46.400,52.55328092838005,-1.4626077320833668,212.39496462679267,1.8695896237443637,True,52.577029672666825,-1.4898413150771943
2020-01-08 10:20:46.500,52.55323412197444,-1.4626515205591157,212.32348866213272,1.8691997699567744,True,52.5770296801084,-1.4898413397809374
2020-01-08 10:20:46.600,52.55318587935388,-1.462608538954106,212.32553615179603,1.8688170168951914,True,52.57702968861504,-1.4898413681104
