timestamp,gyro_x,gyro_y,gyro_z,mag_x,mag_y,mag_z,gps_lat,gps_lon,vehicle_speed,heading
2020-01-08T10:15:46.700000,-0.02157499648,0.043839998464,-0.01667499008,-1.1170002432000001,-32.13749952,31.66750016,52.554695,-1.463064,0.025500032,0.0
2020-01-08T10:15:46.800000,-0.010809974015999998,0.038919987712,-0.002359995136,-1.32749952,-31.5555002368,31.9445002752,52.554695,-1.463064,0.07295002111999999,0.0
2020-01-08T10:15:46.900000,0.018749978879999997,0.022539999744,-0.0038650339840000008,-0.7455002368,-31.8895000832,32.2829998848,52.554695,-1.463064,0.08794994431999989,0.0
2020-01-08T10:15:47.000000,-0.006527262689446342,0.022245454710009077,-0.04607574698941609,-1.0509090579981848,-31.97121201699425,32.13,52.554695,-1.463064,0.020060628001210095,0.0
2020-01-08T10:15:47.100000,0.008968316811606692,0.023656436376355724,-0.024678214639660762,-0.9603960145083656,-31.681683087007105,32.06029698553473,52.554695,-1.463064,0.052257424638368084,0.0
2020-01-08T10:15:47.200000,0.004554981888,0.026634986496,-0.00040001024000000003,-0.7965001984,-31.07500032,31.7365001984,52.554695,-1.463064,0.04630001408,0.0
2020-01-08T10:15:47.300000,-0.01649998913940096,0.008290907609918312,-0.012181811599636947,-1.06,-31.546969867009377,31.962121074992435,52.554695,-1.463064,0.05848482489869906,0.0
2020-01-08T10:15:47.400000,-9.902897364212453e-07,0.010752478258996126,-0.0024118814491129975,-1.0695049565179924,-31.67217813048911,31.77059407245565,52.554695,-1.463064,0.023108911593765744,0.0
2020-01-08T10:15:47.500000,-0.003039399150287418,0.035909090579981845,-0.008281831510735185,-1.0821210749924364,-31.1187885260357,31.889090942001815,52.554695,-1.463064,0.027333327299667115,0.0
2020-01-08T10:15:47.600000,-0.012684311737334291,0.027619617606754375,-0.02384902594632038,-0.87,-31.934902193063913,31.900784362937273,52.554695,-1.463064,0.02819606563630979,0.0
2020-01-08T10:15:47.700000,-0.022189891859184213,-0.008868725272679318,0.0030171737545187966,-0.9322217740058647,-31.027676136099174,31.646161931950413,52.554695,-1.463064,0.08045456379066918,0.0
2020-01-08T10:15:47.800000,-0.023414979584,0.018309977855999998,0.003070007552,-1.2544997632000001,-31.5690000384,31.45500032,52.554695,-1.463064,0.058549972480000004,0.0
2020-01-08T10:15:47.900000,0.0035960390945198226,-0.010877226631113904,0.010575235152624256,-0.9771288948143492,-31.630396090548018,31.83247501463763,52.554695,-1.463064,0.03001984127989942,0.0
2020-01-08T10:15:48.000000,0.004371439318936399,-0.005985685961553029,-0.006600021159156037,-1.1442853560354533,-31.698571495743355,31.47142787731869,52.554695,-1.463064,0.07642857478716762,0.0
2020-01-08T10:15:48.100000,0.012552475217410038,0.012214849276736174,-0.018902967827623178,-0.8303960145083656,-31.710396014508365,30.99861389852762,52.554695,-1.463064,0.06759405217840929,0.0
2020-01-08T10:15:48.200000,0.007979981568,0.001050031360000001,-0.0008550113280000001,-0.6395000832,-31.5555002368,31.42250048,52.554695,-1.463064,0.012400023039999914,0.0
2020-01-08T10:15:48.300000,-0.015929997568,0.036639974144,-0.013619990272000001,-0.7409999616,-31.8054997248,31.9669996032,52.554695,-1.463064,0.05170003711999998,0.0
2020-01-08T10:15:48.400000,-0.013124243960084712,0.008512143701240434,0.003087892500756363,-0.7278789250075636,-31.48696986700938,31.562727717024508,52.554695,-1.463064,0.10039393719987888,0.0
2020-01-08T10:15:48.500000,-0.014572,0.044916,0.012347999999999998,-0.9496,-31.7596,32.120400000000004,52.554695,-1.463064,0.09123999999999992,0.0
2020-01-08T10:15:48.600000,-0.007941583044171434,0.04598613391596605,-0.04697821565352279,-0.9794059275443501,-31.75138610147238,31.588910985448546,52.554695,-1.463064,0.06955446086619302,0.0
2020-01-08T10:15:48.700000,-0.002395016192,0.007320003072,-0.023339976704,-0.8985001216,-31.47750016,32.26749952,52.554695,-1.463064,0.11289999104,0.0
2020-01-08T10:15:48.800000,-0.0193999808,0.009479991808,0.00744999936,-1.0509999616,-31.6704999168,31.6570001152,52.554695,-1.463064,0.09289996543999991,0.0
2020-01-08T10:15:48.900000,0.006084999936,-0.0008899978239999999,0.007980005888,-1.0,-31.5509999616,31.8385001216,52.554695,-1.463064,0.05135001856,0.0
2020-01-08T10:15:49.000000,0.0016782075978627837,0.006811892571451745,0.012740586821854756,-1.0178218243387103,-31.425742398588707,31.934653310758062,52.554695,-1.463064,0.0700593918870966,0.0
2020-01-08T10:15:49.100000,-0.019762650303321798,0.028983877399034956,-0.0022687051029432297,-1.0846467193148497,-31.016969574728872,31.49919235722154,52.554695,-1.463064,0.04264641676880828,0.0
2020-01-08T10:15:49.200000,-0.003430016768,-0.0031499968,0.011179991808,-0.8144997632,-31.27000064,31.1945002752,52.554695,-1.463064,0.08345000192,0.0
2020-01-08T10:15:49.300000,-0.021679982848,0.0007399984640000001,8.999910399999997e-05,-0.5840003584,-32.08249984,31.5795000832,52.554695,-1.463064,0.07744996351999998,0.0
2020-01-08T10:15:49.400000,0.005221227040822923,0.0004424305503479269,-0.0005242403398850328,-1.0221210749924363,-31.794242149984875,31.727878925007566,52.554695,-1.463064,0.0283939371998789,0.0
2020-01-08T10:15:49.500000,0.02280296681376115,0.012322773622351603,-0.0033039642005317704,-0.8400990289736422,-31.38108911593766,31.930495043482008,52.554695,-1.463064,0.029594062317029587,0.0
2020-01-08T10:15:49.600000,-0.007195003392,0.020464986624,-0.026784964096,-0.92499968,-31.40249984,31.88,52.554695,-1.463064,0.04964998144,0.0
2020-01-08T10:15:49.700000,-0.011189997824,0.00975003008,0.018034987776,-0.6035004416,-31.2365001984,31.8694999552,52.554695,-1.463064,0.025,0.0
2020-01-08T10:15:49.800000,-0.009769702290293468,0.04747271920955526,-0.0007000090504992,-1.1793939009978822,-31.51818188400363,31.81,52.554695,-1.463064,0.03212123790142196,0.0
2020-01-08T10:15:49.900000,-0.017952475217410037,0.03168910681289937,-0.013844553913380696,-1.14059407245565,-31.600990086964018,31.781485130446022,52.554695,-1.463064,0.0674059376829704,0.0
2020-01-08T10:15:50.000000,-0.016004992768,0.01762501504,-0.011505009407999998,-1.1929997568,-31.4714998784,31.7605005568,52.554695,-1.463064,0.043,0.0
2020-01-08T10:15:50.100000,-0.0037599887360000002,0.032319977472,-0.021809990656,-0.87,-31.3190000384,32.42499968,52.554695,-1.463064,0.05170003711999998,0.0
2020-01-08T10:15:50.200000,0.007329983488,0.00300000256,-0.007254990848,-0.8609999616,-31.40750016,32.0285001216,52.554695,-1.463064,0.0939499699199999,0.0
2020-01-08T10:15:50.300000,-0.012448477059570386,0.004506053749621819,0.004672726449954618,-0.7630301329906212,-31.6775759660115,32.16121201699425,52.554695,-1.463064,0.055060609900211784,0.0
2020-01-08T10:15:50.400000,0.0032910914478203233,-0.0018702943494934496,0.0019108901455145474,-0.5586138985276189,-31.97940592754435,31.990495043482007,52.554695,-1.463064,0.05767326521870271,0.0
2020-01-08T10:15:50.500000,0.017364976384,0.021470003712,-0.006120000512,-0.8895000832,-31.8429998848,31.97750016,52.554695,-1.463064,0.04210000896,0.0
2020-01-08T10:15:50.600000,-0.010609985536,0.021419978752,-0.0019999795199999995,-0.9909999616,-31.6419997952,32.1990000384,52.554695,-1.463064,0.04754997248,0.0
2020-01-08T10:15:50.700000,0.005555430625223366,-0.0064732657256337265,0.019422743966887264,-0.9117820399410945,-31.463564814932163,32.195049235674766,52.554695,-1.463064,0.018425778962869836,0.0
2020-01-08T10:15:50.800000,-0.011518178574106782,0.00034953700231951396,-0.013063630956844634,-0.7061612436937414,-31.946262169689103,31.905454761726215,52.554695,-1.463064,0.061,0.0
2020-01-08T10:15:50.900000,-0.010115003903999999,0.02499997696,-0.007309991936,-0.5420004352000001,-31.62,31.9669996032,52.554695,-1.463064,0.057249984,0.0
2020-01-08T10:15:51.000000,-0.011830290469307171,0.004384884631993773,0.0012787801995764363,-1.0260602659812423,-31.582121074992436,31.53393973401876,52.554695,-1.463064,0.03978789250075636,0.0
2020-01-08T10:15:51.100000,0.008899010724125607,0.0469772192806142,-0.00823960246469859,-0.6093069999569108,-31.439703014465277,32.03148513044602,52.554695,-1.463064,0.059257424638368084,0.0
2020-01-08T10:15:51.200000,0.01287498752,-0.020409985536,0.003339995904,-1.26500032,-31.734999679999998,31.88,52.554695,-1.463064,0.04579998208,0.0
2020-01-08T10:15:51.300000,-0.005815009024,-0.0032100085759999997,0.004335027456,-1.61499968,-31.4045004032,31.91750016,52.554695,-1.463064,0.020799994879999985,0.0
2020-01-08T10:15:51.400000,-0.0155499904,-0.013909997056,0.033944970752,-1.1614998784,-31.9670001152,32.1480000768,52.554695,-1.463064,0.0162500095999999,0.0
2020-01-08T10:15:51.500000,-0.004615007744,-0.007344988672,-0.00399999616,-1.0660002816,-32.08249984,32.2590000384,52.554695,-1.463064,0.029450001919999916,0.0
2020-01-08T10:15:51.600000,-0.01354999424,0.009545007872,0.001009999616,-1.4294999552,-31.8985001216,32.263499801600005,52.554695,-1.463064,0.040700037120000004,0.0
2020-01-08T10:15:51.700000,-0.005329997568,0.021710007296,-0.00415001984,-1.3519999232000002,-31.9669996032,32.0570002432,52.554695,-1.463064,0.09,0.0
2020-01-08T10:15:51.800000,-0.0049950123519999995,0.027484983296,-0.025354978048,-1.25,-31.4865001984,32.41750016,52.554695,-1.463064,0.09105000447999999,0.0
2020-01-08T10:15:51.900000,-0.019329991168,0.007010007296,0.004310002176,-1.25,-31.6554995968,32.66750016,52.554695,-1.463064,0.09805000447999992,0.0
2020-01-08T10:15:52.000000,-0.00693333091986688,0.01800303502026019,0.004078776579376757,-1.2590909420018153,-31.157878925007566,32.860302958996066,52.554695,-1.463064,0.10248484299969746,0.0
2020-01-08T10:15:52.100000,-0.00304,0.021316,-0.00836,-1.19,-31.3012,32.71,52.554695,-1.463064,0.09336,0.0
2020-01-08T10:15:52.200000,-0.002881188550456111,0.0026653479701214864,0.013014848262874149,-0.6788119564749031,-30.88930689857071,32.53960398549163,52.554695,-1.463064,0.0803366275400412,0.0
2020-01-08T10:15:52.300000,-0.004084989696,0.011234985216,-0.011389988864,-1.2919999232000001,-30.5734998016,32.7214998784,52.554695,-1.463064,0.033800020479999915,0.0
2020-01-08T10:15:52.400000,0.006464986624,-0.008430000128,0.005230007807999999,-1.1794999552,-30.3670002432,32.6170002432,52.554695,-1.463064,0.05784998656,0.0
2020-01-08T10:15:52.500000,-0.011735001856,-0.0078499968,0.012944988671999998,-1.12,-30.7080000768,32.9955002368,52.554695,-1.463064,0.03939999744,0.0
2020-01-08T10:15:52.600000,-0.013989999104,-0.006480012288,0.0026550202880000003,-1.08249984,-30.81,33.27249984,52.554695,-1.463064,0.03930001407999998,0.0
2020-01-08T10:15:52.700000,-0.011194993152,-0.020444989952,0.025639983104,-0.9645004032,-30.7814998784,33.13500032,52.554695,-1.463064,0.05739999743999991,0.0
2020-01-08T10:15:52.800000,-0.004065008384,-0.009515010304,0.006620014592,-1.4159996416,-30.65750016,33.52249984,52.554695,-1.463064,0.054,0.0
2020-01-08T10:15:52.900000,-0.013124234909585513,-0.016548460768671825,0.019878765718777718,-0.9672728260054457,-30.88060609900212,33.29181811599637,52.554695,-1.463064,0.047484824898699055,0.0
2020-01-08T10:15:53.000000,-0.0015475247825899614,0.012002964786037091,-0.007461381741865658,-1.1104950434820078,-31.038217884019254,33.15990097102635,52.554695,-1.463064,0.012742575361631911,0.0
2020-01-08T10:15:53.100000,-0.001589999104,-0.022979952127999997,0.022469970432,-1.0044997632000001,-31.5419999232,32.9534998016,52.554695,-1.463064,0.025750016,0.0
2020-01-08T10:15:53.200000,-0.0006700011520000001,0.033639970304,-0.012434981376,-0.72750016,-31.40249984,32.61499968,52.554695,-1.463064,0.048650007039999985,0.0
2020-01-08T10:15:53.300000,-0.0024121219800423564,0.001624269301482473,0.0033908768382210335,-0.9960608090111941,-31.132424033988503,32.19909094200181,52.554695,-1.463064,0.06557578500151263,0.0
2020-01-08T10:15:53.400000,-0.002475246812037584,0.03931880942181983,-0.038103955075773514,-1.2608910579903734,-30.870198057947285,32.299108942009624,52.554695,-1.463064,0.09548514058464352,0.0
2020-01-08T10:15:53.500000,0.0038181829700635345,0.02594245046144617,0.0011666473589350404,-1.0,-31.199090942001817,32.597878925007564,52.554695,-1.463064,0.0300606099002117,0.0
2020-01-08T10:15:53.600000,0.006201980579472842,0.06591386101472381,-0.03247029941880359,-0.9508910579903733,-31.240495043482007,32.672178130489115,52.554695,-1.463064,0.03996039854916343,0.0
2020-01-08T10:15:53.700000,0.007430295899606691,0.04892116187722868,-0.043575725268218006,-0.7460608090111941,-31.21727282600545,31.996060809011194,52.554695,-1.463064,0.058272717399455415,0.0
2020-01-08T10:15:53.800000,-0.0022376228990877776,-0.02385742261064403,0.004403959131221628,-1.0108910579903734,-31.439703014465277,32.32108911593766,52.554695,-1.463064,0.04410891159376576,0.0
2020-01-08T10:15:53.900000,0.001654985728,0.003480004608,-0.006515001344,-0.7214998784,-31.7919999232,32.38,52.554695,-1.463064,0.046249984,0.0
2020-01-08T10:15:54.000000,-0.012829980928,0.01770003456,-0.013910023936,-0.6170002432,-31.65249984,32.41750016,52.554695,-1.463064,0.029950021119999986,0.0
2020-01-08T10:15:54.100000,0.011389995264,0.052334951936000004,-0.036654961407999995,-0.97750016,-31.36499968,32.7140003584,52.554695,-1.463064,0.055299988479999916,0.0
2020-01-08T10:15:54.200000,0.0026999897600000003,-0.007104981248,0.00964997888,-1.1044996352,-30.816999475200003,33.30250048,52.554695,-1.463064,0.041500006400000004,0.0
2020-01-08T10:15:54.300000,-0.010359997696,0.009159963136,-0.013359978496,-0.65750016,-30.214500403200002,33.8829997568,52.554695,-1.463064,0.04684998655999999,0.0
2020-01-08T10:15:54.400000,-0.00647499648,-0.03664998656,0.01242498816,-0.9180002048,-30.7965001984,33.59750016,52.554695,-1.463064,0.0289999999999999,0.0
2020-01-08T10:15:54.500000,-0.005646553502766575,-0.022705959734469535,-0.0029584141677079876,-1.0875242503123963,-30.9857422103713,33.71792034086042,52.554695,-1.463064,0.027960390945198137,0.0
2020-01-08T10:15:54.600000,-0.022614245858944185,-0.04221426309973799,-0.00185714957433525,-0.5442860613406546,-30.640000626937955,33.11857086880539,52.554695,-1.463064,0.025571456559730206,0.0
2020-01-08T10:15:54.700000,0.007804950434820078,-0.02770396217280771,-0.007744554927242726,-0.7402969855347236,-31.13108911593766,32.69,52.554695,-1.463064,0.04636633623213385,0.0
2020-01-08T10:15:54.800000,0.003999985920000001,-0.043875005439999996,-0.00742498176,-0.3609999616,-31.1794999552,32.6239997184,52.554695,-1.463064,0.03759997695999998,0.0
2020-01-08T10:15:54.900000,-0.010484982016,-0.052390005504,0.016469998592,-0.26349980159999997,-31.1305000448,32.1089993984,52.554695,-1.463064,0.011950021119999914,0.0
2020-01-08T10:15:55.000000,0.00867497984,-0.062565012224,0.013894996992000001,0.03750016,-31.22750016,31.2454997248,52.554695,-1.463064,0.03939999744,0.0
2020-01-08T10:15:55.100000,-0.016630297709706532,-0.07479998551920128,0.009475756039915288,0.2696970410039331,-31.524848792016943,30.973939734018757,52.554695,-1.463064,0.04312123790142196,0.0
2020-01-08T10:15:55.200000,-0.009519999999999999,-0.054400000000000004,0.006204,0.43920000000000003,-31.8704,31.2504,52.554695,-1.463064,0.07612000000000001,0.0
2020-01-08T10:15:55.300000,-0.01573267347812973,-0.06798911086834748,0.0026881195647490315,0.889406028930553,-31.178910884062343,30.07782186951089,52.554695,-1.463064,0.04047524782589961,0.0
2020-01-08T10:15:55.400000,-0.012369978112000002,-0.078579975168,0.008459997696,1.5354995967999998,-31.1109999616,30.8009999616,52.554695,-1.463064,0.04254999808,0.0
2020-01-08T10:15:55.500000,0.013084984575999999,-0.04987501824,0.005640001024,1.0,-31.13500032,30.8445004032,52.554695,-1.463064,0.03834999295999999,0.0
2020-01-08T10:15:55.600000,-0.007670001152,-0.069359979776,0.007510002176,1.07500032,-31.475999641599998,31.2014992384,52.554695,-1.463064,0.04790008063999991,0.0
2020-01-08T10:15:55.700000,-0.007339992064,-0.042304999168000006,0.012305008127999999,1.4909999616,-31.1305005568,30.11499968,52.554695,-1.463064,0.16415003904,0.0
2020-01-08T10:15:55.800000,4.9986559999999625e-05,-0.040794998272,0.018614980864,1.4955002367999999,-31.8609999616,29.7365001984,52.554695,-1.463064,0.22080002048,0.0
2020-01-08T10:15:55.900000,-0.018235001856,-0.036279990528,-0.005209993216,1.7634998016,-31.8670002432,29.9714998784,52.554695,-1.463064,0.26855008768,0.0
2020-01-08T10:15:56.000000,-0.018434990336,-0.021179989248,0.004355002368,1.5,-32.15249984,29.84750016,52.554695,-1.463064,0.4082500992,0.0
2020-01-08T10:15:56.100000,-0.003829992448,-0.007845004031999999,0.006629996288,1.53750016,-31.9580000768,30.02249984,52.554695,-1.463064,0.5383499929600001,0.0
2020-01-08T10:15:56.200000,0.004836358699727709,-0.012018177539764014,-0.0005121292204417164,1.75,-32.07969704100393,29.74484824898699,52.554695,-1.463064,0.5562728260054458,0.0
2020-01-08T10:15:56.300000,-0.003568,-0.005464,-0.008660000000000001,1.7804,-32.1692,29.3688,52.554695,-1.463064,0.7187600000000001,0.0
2020-01-08T10:15:56.400000,-0.005223760870501937,-0.004611880435250969,0.0075168278284849606,1.9304950434820076,-32.001386101472384,29.191188043525095,52.554695,-1.463064,0.7734851507232638,0.0
2020-01-08T10:15:56.500000,0.00432498688,-0.00031000857600000016,-0.023104992767999998,1.8604999167999998,-31.765000320000002,28.5885001216,52.554695,-1.463064,0.8524502579200001,0.0
2020-01-08T10:15:56.600000,-0.01370000256,-0.010004992768000001,-0.009704983808,1.7590000384,-32.057999436799996,28.7034998016,52.554695,-1.463064,1.20535004416,0.0
2020-01-08T10:15:56.700000,-0.016664998144,-0.004465017344,0.011424998399999999,1.84750016,-31.38500032,28.36499968,52.554695,-1.463064,1.26505000448,0.0
2020-01-08T10:15:56.800000,-0.012760600849712582,-0.023409076099183128,0.007830297709706531,2.0887879830057483,-31.829697041003932,28.015757850015127,52.554695,-1.463064,1.3119092390081686,0.0
2020-01-08T10:15:56.900000,-0.0041138610147238115,-0.003367328549594328,0.003005942752280556,2.2103960145083654,-31.968514869553978,28.311683087007104,52.554695,-1.463064,1.5756930912906717,0.0
2020-01-08T10:15:57.000000,-0.0017121237901421963,-0.01673635688962787,0.015887859918959246,2.0575759660114965,-32.00636322497731,27.657272826005446,52.554695,-1.463064,1.7709091304021785,0.0
2020-01-08T10:15:57.100000,-0.005541584058033463,-0.0035277210155855937,-0.011446533478991511,2.329306898570708,-31.360495043482008,27.75138610147238,52.554695,-1.463064,1.8161584058033462,0.0
2020-01-08T10:15:57.200000,-0.00635000704,0.008874990079999999,-0.002005001728,2.0419999232,-31.4315005184,27.40249984,52.554695,-1.463064,1.78705023488,0.0
2020-01-08T10:15:57.300000,-0.013464990464,-0.0022149911040000004,-0.007360013056,2.0615005184,-32.1109999616,27.1990000384,52.554695,-1.463064,2.10755003648,0.0
2020-01-08T10:15:57.400000,-0.0010100008960000002,0.008639995903999999,-0.02192498816,2.6944997632,-32.013499801600005,27.2590000384,52.554695,-1.463064,2.14954997248,0.0
2020-01-08T10:15:57.500000,-0.0018249984000000001,0.008360022016,-0.008300008959999999,2.4070001152,-31.82500032,27.2919999232,52.554695,-1.463064,2.1302500736,0.0
2020-01-08T10:15:57.600000,0.001230003968,0.035304990208,-0.021520005632,2.4954997248,-32.2409999616,27.274000358400002,52.554695,-1.463064,2.20969992192,0.0
2020-01-08T10:15:57.700000,0.004669992192,0.022194999552,-0.028744998912,2.1855002368,-32.15249984,27.7319999232,52.554695,-1.463064,2.0606998067199997,0.0
2020-01-08T10:15:57.800000,-0.00329998976,0.020984997376,-0.026504996608,2.5090000384,-31.9204999168,27.63,52.554695,-1.463064,1.8325001216,0.0
2020-01-08T10:15:57.900000,0.007179986688,0.016989997824,-0.022270001152,2.4759996416,-31.7634998016,27.572999756799998,52.554695,-1.463064,1.97029989888,0.0
2020-01-08T10:15:58.000000,-0.009764996864,0.013379996928,-0.022764995584,1.9909999616,-31.5,27.2319999232,52.554695,-1.463064,1.8029998592,0.0
2020-01-08T10:15:58.100000,-0.005194998272,0.005699984639999999,-0.014499989759999998,1.8934998016,-31.6305005568,27.13,52.554695,-1.463064,1.6128499865600001,0.0
2020-01-08T10:15:58.200000,-0.002915000064,-0.01567500416,-0.001110000896,1.70500032,-32.2859996416,27.09249984,52.554695,-1.463064,1.56634987776,0.0
2020-01-08T10:15:58.300000,-0.000359988736,-0.020029995008,-0.003065003264,2.1480000768,-31.7634998016,26.8980000768,52.554695,-1.463064,1.40339999744,0.0
2020-01-08T10:15:58.400000,0.01429999872,-0.017945019392,-0.005434991616,2.1089993984,-31.61250048,26.9534998016,52.554695,-1.463064,1.40705003008,0.0
2020-01-08T10:15:58.500000,0.011759996416,-0.036049967360000004,0.002744987392,1.2829998848,-32.2034998016,26.72750016,52.554695,-1.463064,1.39464977664,0.0
2020-01-08T10:15:58.600000,0.0038799866880000005,0.003999985920000001,-0.011194988032,1.1480000767999998,-31.8919997952,26.9580000768,52.554695,-1.463064,1.09634999296,0.0
2020-01-08T10:15:58.700000,-0.013004996608,-0.012659991296,0.004639999744,1.2409999616,-31.686000281600002,27.0795000832,52.554695,-1.463064,1.1177501312,0.0
2020-01-08T10:15:58.800000,-0.0065349916160000006,-0.0024650058240000003,-0.0021800276479999993,1.1239997184,-31.98499968,27.1434998016,52.554695,-1.463064,1.2574998527999999,0.0
2020-01-08T10:15:58.900000,0.004254998528,-0.009044995072,-0.03807499648,0.6839997184,-31.6260002816,26.9265001984,52.554695,-1.463064,1.04204991488,0.0
2020-01-08T10:15:59.000000,0.004835010815999999,-0.00295000192,-0.02979998464,0.3295000832,-31.9429997568,27.0579994368,52.554695,-1.463064,0.929,0.0
2020-01-08T10:15:59.100000,0.01717499136,-0.003939993344,-0.0124000128,0.3934998016,-31.6485001216,26.3205000448,52.554695,-1.463064,0.91759995136,0.0
2020-01-08T10:15:59.200000,0.0018299834880000005,0.00625000576,-0.0252749824,0.035499596800000005,-31.81,26.3694999552,52.554695,-1.463064,0.87085007616,0.0
2020-01-08T10:15:59.300000,-0.01919999616,0.01299999616,-0.007705024768,-0.42499968,-31.743999718399998,26.4135004416,52.554695,-1.463064,0.9763500185599999,0.0
2020-01-08T10:15:59.400000,-0.011984990976,0.005574990080000001,-0.034344973311999996,-0.0180000768,-31.5395007232,26.96249984,52.554695,-1.463064,0.9976999859199999,0.0
2020-01-08T10:15:59.500000,0.004395018752,-0.011545016832,4.995328000000033e-06,-0.1109999616,-32.5285001216,26.7409999616,52.554695,-1.463064,0.98335001856,0.0
2020-01-08T10:15:59.600000,0.029585001216,-0.034170001152,-0.008345009152,-0.13500032,-32.5294993152,26.61499968,52.554695,-1.463064,1.008,0.0
2020-01-08T10:15:59.700000,0.027269983232,-0.03299998848,-0.017154985728,-0.5885001216000001,-31.5929998848,26.2365001984,52.554695,-1.463064,1.0410001408,0.0
2020-01-08T10:15:59.800000,0.004189996544,-0.02287502208,-0.0004650096640000001,-0.6554995968,-31.4490000384,26.4909999616,52.554695,-1.463064,1.2257499904,0.0
2020-01-08T10:15:59.900000,-0.006415025664000001,-0.053985007616,-0.010779989248,-0.1680002048,-31.5090000384,26.4685001216,52.554695,-1.463064,1.2092499840000002,0.0
2020-01-08T10:16:00.000000,-0.034139972864,-0.059239979264,0.001444991232,-0.5045002752,-31.6440003584,26.70500032,52.554695,-1.463064,1.2360002048,0.0
2020-01-08T10:16:00.100000,0.0015515138899304145,-0.0393818459915339,-0.007821203509525004,-0.7184842999697455,-32.063939190988805,27.081514975990316,52.554695,-1.463064,1.5130000181009984,0.0
2020-01-08T10:16:00.200000,-0.0018257434776988376,-0.07912079000129267,0.00537326724642677,0.13,-31.819703014465276,26.821089115937657,52.554695,-1.463064,1.5300693000043089,0.0
2020-01-08T10:16:00.300000,-0.01030000384,-0.069755034368,0.006740008704000001,0.21400035839999998,-32.15249984,26.8514998784,52.554695,-1.463064,1.49090008064,0.0
2020-01-08T10:16:00.400000,-0.015021210749924364,-0.11574848611006959,0.019618186590263216,0.6809090579981847,-31.902121074992436,26.746060809011194,52.554695,-1.463064,1.5969393900997884,0.0
2020-01-08T10:16:00.500000,-0.008781185508870025,-0.11564059275443501,0.022532670436543643,0.579306898570708,-31.65990097102636,27.020396014508364,52.554695,-1.463064,1.618405957960211,0.0
2020-01-08T10:16:00.600000,0.010009986816,-0.107880013568,0.0028500172800000004,0.3580002048,-31.5180000768,26.725999641599998,52.554695,-1.463064,1.78935010816,0.0
2020-01-08T10:16:00.700000,-0.0037499839999999996,-0.12391999155200001,0.022019983872,0.7605005568000001,-31.668000204800002,26.3340003584,52.554695,-1.463064,1.9140999193600001,0.0
2020-01-08T10:16:00.800000,0.016269994752,-0.114185006336,0.0051000192,1.3784994816,-31.9114998784,26.7829998848,52.554695,-1.463064,1.83460011776,0.0
2020-01-08T10:16:00.900000,0.007694993151999999,-0.118489982464,0.028244989951999998,0.7080000768,-31.7409999616,26.6480000768,52.554695,-1.463064,1.9953500185600002,0.0
2020-01-08T10:16:01.000000,-0.0027200056320000002,-0.0982000128,0.009079975168,0.8580002048,-31.69,26.7319999232,52.554695,-1.463064,2.0507501312,0.0
2020-01-08T10:16:01.100000,-0.012555010048,-0.112409988096,-0.020719986432,1.2140003583999999,-31.765000320000002,26.6104999168,52.554695,-1.463064,2.19094985472,0.0
2020-01-08T10:16:01.200000,-0.024009991936,-0.094334990336,-0.007110018815999999,1.5684994816,-32.1044996352,26.5660002816,52.554695,-1.463064,2.06490028544,0.0
2020-01-08T10:16:01.300000,-0.014545005312,-0.086210020096,-0.030869994752,0.99250048,-31.65750016,26.9685001216,52.554695,-1.463064,2.3862497536,0.0
2020-01-08T10:16:01.400000,-0.018434986496000002,-0.107154975488,-0.024605003008,1.6014998783999999,-31.83249984,27.063999718399998,52.554695,-1.463064,2.12755029248,0.0
2020-01-08T10:16:01.500000,-0.0017750054399999998,-0.08555004672,-0.026259990016,1.40249984,-31.6109999616,26.61499968,52.554695,-1.463064,2.5024999424,0.0
2020-01-08T10:16:01.600000,-0.009285001216,-0.141644974592,-0.008799982080000001,1.2080000767999999,-31.6545004032,26.1329997568,52.554695,-1.463064,2.44385007616,0.0
2020-01-08T10:16:01.700000,-0.010284997375999999,-0.12294506419199999,0.019065017344,1.3295000832000001,-32.349000678399996,25.8009999616,52.554695,-1.463064,2.5510000256,0.0
2020-01-08T10:16:01.800000,-0.005659995136,-0.204269983232,0.039939990784,1.5060002816,-33.1179994368,25.7319999232,52.554695,-1.463064,2.5827499904,0.0
2020-01-08T10:16:01.900000,-0.000820006912,-0.183905008128,0.02897500544,1.99250048,-32.342999884799994,25.581999795199998,52.554695,-1.463064,2.5797500415999997,0.0
2020-01-08T10:16:02.000000,-0.0066249856,-0.19590000512,0.030874977280000004,2.5639997184,-32.2455002368,25.27249984,52.554695,-1.463064,2.6399500211199998,0.0
2020-01-08T10:16:02.100000,0.00746967875899555,-0.1984272572591468,0.003593949870577862,2.1521210749924364,-32.56,24.928181340973676,52.554695,-1.463064,2.6728485024009685,0.0
2020-01-08T10:16:02.200000,-0.016945542175393062,-0.1779534675348705,0.01921386101472381,1.9590099130359844,-32.58059407245565,24.34841594196654,52.554695,-1.463064,2.7,0.0
2020-01-08T10:16:02.300000,-0.0020151696710014244,-0.18995149216873233,0.014039386479588538,2.2221217990323723,-32.64151497599032,24.953635507952804,52.554695,-1.463064,2.713030350202602,0.0
2020-01-08T10:16:02.400000,-0.026227999999999998,-0.154944,-0.0002360000000000001,3.2196,-32.4708,23.59,52.554695,-1.463064,2.80616,0.0
2020-01-08T10:16:02.500000,-0.006834654057602571,-0.15959010014422187,-0.010988116523162946,3.7090099130359846,-33.00950495651799,23.408514869553976,52.554695,-1.463064,2.892039591312216,0.0
2020-01-08T10:16:02.600000,-0.010884996096,-0.16519998336,0.006549992960000001,3.7079995648,-33.0419999232,23.6545004032,52.554695,-1.463064,2.8115001088000002,0.0
2020-01-08T10:16:02.700000,-0.006195002112,-0.143445001472,-0.0009249919999999999,3.2230003968,-32.9490000384,24.1059996416,52.554695,-1.463064,2.94129993728,0.0
2020-01-08T10:16:02.800000,-0.006689990143999999,-0.137239965184,0.00512498048,3.6284994816,-32.8679994368,23.7515005184,52.554695,-1.463064,2.86880004608,0.0
2020-01-08T10:16:02.900000,0.0045666600296339205,-0.10415156276262609,-0.01866362862957341,3.0718186590263215,-32.14878798300575,24.37333309198669,52.554695,-1.463064,2.9431818659026323,0.0
2020-01-08T10:16:03.000000,-0.0032920776821086305,-0.16493662551231716,-0.008410892173238605,3.81,-32.34009902897365,23.950891057990372,52.554695,-1.463064,3.023178221736695,0.0
2020-01-08T10:16:03.100000,0.0024049697279999996,-0.11152506368000001,-0.010059968256000001,3.7259996416,-32.38749952,23.6059996416,52.554695,-1.463064,3.01819983872,0.0
2020-01-08T10:16:03.200000,-0.036254993408,-0.185284953856,0.023744964351999995,3.2785001216,-31.7304999168,23.063999718399998,52.554695,-1.463064,2.8613002444799998,0.0
2020-01-08T10:16:03.300000,-0.028205003008,-0.1405000704,-0.009814941184,3.4114998784,-31.677000243200002,22.783000396800002,52.554695,-1.463064,3.1460998297600002,0.0
2020-01-08T10:16:03.400000,-0.02647270653885638,-0.22921210387904398,0.05898178444813935,3.2878789250075635,-32.02878798300575,23.10242349095855,52.554695,-1.463064,2.9374243055034794,0.0
2020-01-08T10:16:03.500000,-0.0026039318637576326,-0.216580409951887,0.015866678044458724,3.539215735486413,-32.16960781754706,21.99803928851989,52.554695,-1.463064,2.9965685792233154,0.0
2020-01-08T10:16:03.600000,-0.042146425957866045,-0.2861534788825995,0.06051309658951332,3.679292328538293,-32.13919259203711,22.195453572232033,52.554695,-1.463064,2.8058385184074224,0.0
2020-01-08T10:16:03.700000,-0.01836365035077149,-0.2530424504614462,0.03413938828968838,3.2878789250075635,-32.65787892500756,21.5575759660115,52.554695,-1.463064,2.9129091304021784,0.0
2020-01-08T10:16:03.800000,-0.03703762188522575,-0.2717544416028145,0.01450098319270222,3.52059407245565,-32.85099008696401,21.365148188608753,52.554695,-1.463064,2.957366326093514,0.0
2020-01-08T10:16:03.900000,-0.017969985792,-0.156465003264,-0.040489987584,3.70500032,-32.86250048,18.4319991552,52.554695,-1.463064,2.87395002112,0.0
2020-01-08T10:16:04.000000,-0.00966064429210874,-0.17028488282189394,-0.01746967332869603,4.261818659026321,-33.57575785001513,17.320606099002116,52.554695,-1.463064,2.8942726992984573,0.0
2020-01-08T10:16:04.100000,-0.06552079000129267,-0.2193920766682466,0.009832667394957556,4.901782115980747,-33.950891057990376,17.329306898570707,52.554695,-1.463064,2.8510000000000004,0.0
2020-01-08T10:16:04.200000,-0.040809968896,-0.213235064576,-0.027519949311999997,4.4070001152,-33.80250048,16.90999936,52.554695,-1.463064,2.8753001036800003,0.0
2020-01-08T10:16:04.300000,0.000545000192,-0.284434937856,0.034729978368,4.48499968,-34.4114998784,16.1260002816,52.554695,-1.463064,2.9612497792,0.0
2020-01-08T10:16:04.400000,0.002960009216,-0.212520045312,0.003779990528,4.004499763199999,-34.2590000384,16.42499968,52.554695,-1.463064,2.6857000755200002,0.0
2020-01-08T10:16:04.500000,0.01692500736,-0.261044950272,0.004580057088,3.76500032,-34.206499558400004,16.0090000384,52.554695,-1.463064,2.77144993792,0.0
2020-01-08T10:16:04.600000,0.02384998784,-0.192209988096,0.070814959104,4.1809999616,-33.73250048,15.98499968,52.554695,-1.463064,2.71660011776,0.0
2020-01-08T10:16:04.700000,0.005194989312,-0.176880002048,0.01927501184,4.0729997568,-34.3054997248,15.438499481600001,52.554695,-1.463064,2.8248497945600004,0.0
2020-01-08T10:16:04.800000,-0.008279996928,-0.16812495104,0.034114996224,3.9285007616,-33.8919997952,14.90000064,52.554695,-1.463064,2.58665014784,0.0
2020-01-08T10:16:04.900000,-0.007320013312000001,-0.114965050624,0.026594989312,4.827499520000001,-33.65750016,15.7034998016,52.554695,-1.463064,2.77114994944,0.0
2020-01-08T10:16:05.000000,-0.026140004864,-0.16779993856,0.009969989632,4.1990000384,-33.880500044799994,15.3079994368,52.554695,-1.463064,2.6796998963200003,0.0
2020-01-08T10:16:05.100000,-0.03328182065013614,-0.09745761651224791,0.005306093571818297,4.1560602659812425,-33.98696986700938,14.370605374962182,52.554695,-1.463064,2.58396984890838,0.0
2020-01-08T10:16:05.200000,-0.028909895800330012,-0.14332771189082735,0.043056427251597466,3.6696039854916345,-34.25,13.379703014465276,52.554695,-1.463064,2.8093366275400413,0.0
2020-01-08T10:16:05.300000,0.011944988672000001,-0.057920024832,-0.01762495872,3.8229997568,-34.2304999168,13.6944997632,52.554695,-1.463064,2.73204988928,0.0
2020-01-08T10:16:05.400000,-0.0012138569241531738,-0.08390493394705625,0.030620776514959494,3.471782111463709,-34.04574239858871,13.35178211146371,52.554695,-1.463064,2.6133664037391138,0.0
2020-01-08T10:16:05.500000,0.015850460025134593,-0.04201819465346842,-0.009504023086590228,3.4160598420554513,-33.6907065613703,13.252221774005864,52.554695,-1.463064,2.784060547996214,0.0
2020-01-08T10:16:05.600000,0.044484960256,-0.023204965887999997,-0.027385014016,3.9849996799999996,-34.092999884799994,13.581999795200002,52.554695,-1.463064,2.8163499289600002,0.0
2020-01-08T10:16:05.700000,-0.007429996288,0.020869994752,-0.042504985088,3.6455003648,-33.9580000768,13.4135004416,52.554695,-1.463064,2.74735010816,0.0
2020-01-08T10:16:05.800000,-0.002980002048,0.014995004672,-0.023060001536,4.1570001152,-34.02249984,14.0660002816,52.554695,-1.463064,2.87794994432,0.0
2020-01-08T10:16:05.900000,-0.008205010688,0.024515014144,-0.025820003072,4.245499724799999,-33.77249984,14.4865001984,52.554695,-1.463064,2.86340025344,0.0
2020-01-08T10:16:06.000000,-0.017490891319019753,0.036421187218626444,-0.026233320059267838,3.9178789250075634,-33.49333309198669,15.090910325068073,52.554695,-1.463064,3.1875757125975195,0.0
2020-01-08T10:16:06.100000,0.00961980173928031,0.004569311156791229,-0.008377229419234484,4.139504956517992,-33.04079202901673,16.862178130489113,52.554695,-1.463064,3.1493663565093746,0.0
2020-01-08T10:16:06.200000,0.009070006272000001,0.03639998464,-0.018954984448,4.1059996416,-32.723500441599995,16.1855002368,52.554695,-1.463064,3.35110014976,0.0
2020-01-08T10:16:06.300000,0.018105003007999998,0.014619994112,-0.0012250124800000002,3.5819997952,-33.3385001216,16.2839990784,52.554695,-1.463064,3.60010021376,0.0
2020-01-08T10:16:06.400000,0.021919999232,0.007145001472,-0.013734982656,3.38500032,-33.4714998784,15.247500800000001,52.554695,-1.463064,3.8824999935999998,0.0
2020-01-08T10:16:06.500000,0.022040004864,0.0063249881599999995,0.0096750016,3.77249984,-33.188499481600005,16.2919999232,52.554695,-1.463064,3.8409998592,0.0
2020-01-08T10:16:06.600000,0.02343202036068638,-0.016390316743880858,0.018804879903763942,3.523592100292287,-32.590291591275125,16.21767000377786,52.554695,-1.463064,3.6770097926152743,0.0
2020-01-08T10:16:06.700000,-0.016988666846130703,-0.06044330097702332,0.04824638406359361,3.3644330256052952,-33.128659799528116,16.240206093331853,52.554695,-1.463064,3.8111340200471884,0.0
2020-01-08T10:16:06.800000,-0.08797497984000001,-0.09002503424,-0.025899964159999997,3.5444991232,-33.095499596799996,15.1839997184,52.554695,-1.463064,3.7914999424,0.0
2020-01-08T10:16:06.900000,-0.055529975807999996,-0.13932501632,0.009729948928000002,2.49250048,-32.672500480000004,14.8580002048,52.554695,-1.463064,3.65454974208,0.0
2020-01-08T10:16:07.000000,-0.022364995584,-0.181940089344,-0.043129936128,3.01749952,-33.3565001984,15.0069994752,52.554695,-1.463064,3.32655006208,0.0
2020-01-08T10:16:07.100000,-0.020595017472000002,-0.301005001728,0.029204946688,2.4070001152,-33.6770002432,13.9634985216,52.554695,-1.463064,3.3890499148799997,0.0
2020-01-08T10:16:07.200000,-0.03917877114907724,-0.33570920823647143,-0.0315999637980032,2.6084850240096813,-34.06666690801331,11.886363224977309,52.554695,-1.463064,3.2411513889930412,0.0
2020-01-08T10:16:07.300000,-0.031612882891331726,-0.520542576375494,0.03523565043051116,2.8102969855347233,-34.47960398549163,11.032970159505844,52.554695,-1.463064,3.057405947821591,0.0
2020-01-08T10:16:07.400000,-0.13520002688,-0.53537498752,0.09400000512,2.44,-34.595499596799996,9.776499558400001,52.554695,-1.463064,3.11469998592,0.0
2020-01-08T10:16:07.500000,-0.1585249472,-0.49401989427200005,0.085634935296,2.5435004416,-34.13500032,9.143499801599999,52.554695,-1.463064,3.05879984128,0.0
2020-01-08T10:16:07.600000,-0.081634971136,-0.376670098432,0.014250062079999999,3.0819997952,-34.6440003584,8.6729991168,52.554695,-1.463064,2.81664986624,0.0
2020-01-08T10:16:07.700000,-0.043930002688,-0.49304493875199995,0.09540999449599999,2.4919986432,-35.1395000832,7.4714998783999995,52.554695,-1.463064,2.6221999283199997,0.0
2020-01-08T10:16:07.800000,-0.02943932855639366,-0.4353364492047197,0.08953939915028741,0.6809090579981847,-35.25909094200181,7.24484824898699,52.554695,-1.463064,2.4653331100876867,0.0
2020-01-08T10:16:07.900000,0.06620296681376114,-0.5554544476859866,0.09230890753831765,0.5397029130790736,-35.27990097102636,6.780197956561081,52.554695,-1.463064,2.101782166673848,0.0
2020-01-08T10:16:08.000000,0.02892421318838743,-0.4857484680090712,0.07050305312125858,0.15545489101906035,-35.16848502400968,6.0803024159661145,52.554695,-1.463064,1.9401512803870509,0.0
2020-01-08T10:16:08.100000,-0.012339601450836561,-0.47560496057344037,0.10508712826115059,0.4919800725418281,-35.34970291307907,4.9414850290598205,52.554695,-1.463064,1.5182276855304147,0.0
2020-01-08T10:16:08.200000,-0.005550060800000001,-0.51344980096,0.088414945024,-0.5795000832,-34.87,3.97750016,52.554695,-1.463064,1.17029984768,0.0
2020-01-08T10:16:08.300000,-0.084289991424,-0.259495044352,0.020080019968,-0.7365001983999999,-34.8519999232,4.1809999616,52.554695,-1.463064,0.87139958784,0.0
2020-01-08T10:16:08.400000,-0.075495011072,-0.31949500467200004,0.037539961344000006,-0.9714998784,-34.8055002368,3.9604992768,52.554695,-1.463064,0.27914980864,0.0
2020-01-08T10:16:08.500000,-0.0759499570824068,-0.291199896094248,0.00137651629613641,-0.9202944498265728,-35.08323518339114,2.8897055501734275,52.554695,-1.463064,0.09647080348761916,0.0
2020-01-08T10:16:08.600000,0.0034697149609923487,-0.12394123122991113,0.07643946612398149,-1.63353494397741,-34.91201996798709,2.3563630439673253,52.554695,-1.463064,0.5886056283761595,0.0
2020-01-08T10:16:08.700000,-0.0012144164759725386,-0.31887160355474753,-0.001114349863640637,-2.1828566502617472,-35.14428607253691,3.0428572772013416,52.554695,-1.463064,1.1985706717657754,0.0
2020-01-08T10:16:08.800000,0.07764714414749482,-0.19770001545662244,0.05569812250339321,-2.513207490665649,-35.00283034907815,2.864528210751047,52.554695,-1.463064,1.882452956320551,0.0
2020-01-08T10:16:08.900000,-0.03126829213083478,-0.2680368219372989,0.08372613057608046,-2.414212517583146,-35.63841969959094,2.393683648886805,52.554695,-1.463064,2.5938962392277967,0.0
2020-01-08T10:16:09.000000,0.029999875840000002,-0.259390023424,-0.023209902336,-3.81,-34.7455002368,1.92499968,52.554695,-1.463064,3.7874005990399997,0.0
2020-01-08T10:16:09.100000,-0.121069940992,-0.27303992550399997,0.090884933376,-3.73499968,-35.1065001984,1.5945004032,52.554695,-1.463064,4.76495077632,0.0
2020-01-08T10:16:09.200000,-0.038394981632,-0.199480108288,-0.0011850152960000003,-3.5170008832,-35.3519999232,1.9319991552,52.554695,-1.463064,5.938500608,0.0
2020-01-08T10:16:09.300000,-0.015140004864,-0.329364940544,-0.0207499968,-4.7170001152,-35.2965001984,0.7919999232,52.554695,-1.463064,6.85565046784,0.0
2020-01-08T10:16:09.400000,-0.025485016576,-0.253265012224,-0.014894993152000002,-4.8234998016,-35.59750016,0.7935004416,52.554695,-1.463064,7.630450654720001,0.0
2020-01-08T10:16:09.500000,-0.043794984192,-0.275260024576,0.00402504192,-4.6815005184,-35.84750016,1.3424998399999999,52.554695,-1.463064,8.63605058048,0.0
2020-01-08T10:16:09.600000,-0.04281008537600001,-0.287964914944,0.06285001344,-5.3324998400000005,-35.98499968,0.9604992767999999,52.554695,-1.463064,9.52745051392,0.0
2020-01-08T10:16:09.700000,-0.16013940820078662,-0.16674239434835111,0.0640938792766841,-5.215454891019061,-35.51303013299062,0.03787892500756363,52.554695,-1.463064,10.327273151823418,0.0
2020-01-08T10:16:09.800000,-0.16084553102291074,-0.1390980315868715,-0.020361380728003628,-5.769009913035984,-35.28960398549163,0.2309900869640155,52.554695,-1.463064,11.064950546344901,350.2428105165768
2020-01-08T10:16:09.900000,-0.042584979456,-0.228029957888,0.0182499712,-5.8805000448,-35.4054995968,0.026499558399999998,52.55470985006336,-1.46306820001792,11.60885048576,350.2428290993353
2020-01-08T10:16:10.000000,0.013380122368000002,-0.162184957696,-0.015859982336,-5.854499635200001,-35.0020005632,-0.49399971840000007,52.554794,-1.463092,12.34970040832,0.0
2020-01-08T10:16:10.100000,0.165534955776,-0.090714934784,0.0018849756159999998,-5.4555003648,-35.7680000768,-0.13950008319999999,52.554794,-1.463092,13.000000460799999,0.0
2020-01-08T10:16:10.200000,0.094469947392,-0.011420031232000001,-0.020509957375999997,-5.902499840000001,-35.739499443199996,-0.08049927680000002,52.554794,-1.463092,13.70485039616,0.0
2020-01-08T10:16:10.300000,0.027930014208000002,-0.044079962368000006,0.034989995264,-5.7740003584,-35.11250048,0.8229997568,52.554794,-1.463092,14.33945046272,0.0
2020-01-08T10:16:10.400000,0.011444849152000003,0.016355044608,0.015334942976,-6.1929997568,-35.7409999616,0.3964995584,52.554794,-1.463092,15.09335059456,0.0
2020-01-08T10:16:10.500000,-0.178789956864,0.071159981056,-0.05357497088,-5.8144997632,-35.69,-0.03999936000000001,52.554794,-1.463092,15.94195025152,0.0
2020-01-08T10:16:10.600000,-0.07095436246990708,0.07371222153553356,-0.049763762576961565,-5.433333091986688,-35.83090960102813,0.8675759660114968,52.554794,-1.463092,16.338727499812524,0.0
2020-01-08T10:16:10.700000,0.19629008899173955,0.21326434652790274,-0.19332471973051546,-5.239010014422187,-36.610495043482004,1.1804950434820076,52.554794,-1.463092,16.747504986933855,0.0
2020-01-08T10:16:10.800000,0.091629911808,0.140295043072,0.06402492672,-6.152499840000001,-36.4669996032,1.2140003583999999,52.554794,-1.463092,17.06545005312,0.0
2020-01-08T10:16:10.900000,-0.037440050944,0.158169832192,-0.03299999872,-5.8364995584,-36.024000358399995,1.46499904,52.554794,-1.463092,17.24670047232,0.0
2020-01-08T10:16:11.000000,-0.0979749696,-0.010894770431999996,-0.039985037056,-5.2214998783999995,-36.4804999168,0.19,52.554794,-1.463092,17.95020032512,0.0
2020-01-08T10:16:11.100000,-0.051944975872,0.28394995712,-0.078804955648,-5.1170002432,-36.3054997248,0.2935004416,52.554794,-1.463092,18.45370030592,0.0
2020-01-08T10:16:11.200000,-0.028585037056,0.24728008652800001,-0.044560105216,-5.3079994368,-35.97750016,0.9730003968000001,52.554794,-1.463092,18.86435001856,0.0
2020-01-08T10:16:11.300000,-0.071409972736,0.36198999910400004,-0.165864921344,-4.52249984,-36.1794999552,1.3124992,52.554794,-1.463092,18.98455040768,0.0
2020-01-08T10:16:11.400000,-0.0334727210196551,0.3360877893250655,-0.05626361776897437,-4.281212016994251,-35.97909039897186,0.4393946250378181,52.554794,-1.463092,19.59266690801331,0.0
2020-01-08T10:16:11.500000,-0.025384159419665375,0.20402079608446483,-0.024933661740142093,-4.012277159462754,-35.29772284053724,1.390693000043089,52.554794,-1.463092,19.999584179696907,0.0
2020-01-08T10:16:11.600000,-0.016315088216508625,0.23473635326942818,-0.006618164869065135,-3.429393900997882,-35.842727173994554,0.7539391909888059,52.554794,-1.463092,20.264666980417307,0.0
2020-01-08T10:16:11.700000,0.084688,0.22622,-0.006000000000000002,-3.3204000000000002,-35.73,0.5104,52.554794,-1.463092,20.83128,0.0
2020-01-08T10:16:11.800000,0.08025840276176018,0.2595059366691084,-0.12471682174531279,-2.9316830870071047,-35.90990097102635,0.8499009710263579,52.554794,-1.463092,21.284297046366447,0.0
2020-01-08T10:16:11.900000,-0.025919985152,0.211854937088,-0.035099973119999996,-2.2785001216,-35.8430003968,0.6809999616,52.554794,-1.463092,21.49795031552,0.0
2020-01-08T10:16:12.000000,-6.49738239999996e-05,0.143810066176,0.000690000384,-2.47750016,-36.2304994048,0.66750016,52.554794,-1.463092,21.98885030656,0.0
2020-01-08T10:16:12.100000,0.04692505216,0.213864923904,0.006405022208000001,-2.6239997184,-35.504500275199995,0.95500032,52.554794,-1.463092,22.426750131200002,0.0
2020-01-08T10:16:12.200000,0.055344740352,0.098159937536,0.051185065216000004,-2.1929997568,-35.936000281599995,1.3980000767999998,52.554794,-1.463092,22.598749990399998,0.0
2020-01-08T10:16:12.300000,-0.262694885632,0.07577025843200001,0.120009924096,-1.9270002432000002,-36.150999321600004,1.6695007232,52.554794,-1.463092,22.63685021696,0.0
2020-01-08T10:16:12.400000,-0.0897999104,0.307519524352,0.050415133184,-2.25,-35.5035010816,2.6194999552,52.554794,-1.463092,22.91194994432,0.0
2020-01-08T10:16:12.500000,0.029455001088,-0.278194803712,0.211144931072,-2.1284994816,-36.9204999168,2.5885001216,52.554794,-1.463092,22.8747501568,0.0
2020-01-08T10:16:12.600000,0.04147504512,-0.070000224,0.137645076992,-1.5705005568,-36.77249984,2.8070002432,52.554794,-1.463092,23.019849730559997,0.0
2020-01-08T10:16:12.700000,0.11258185866223279,-0.33104532257272073,0.21633930864529544,-2.2918181159963695,-36.52212107499244,3.1481818840036304,52.554794,-1.463092,22.628211998893253,0.0
2020-01-08T10:16:12.800000,0.12233660016576645,-0.11462276449759336,0.08230890956604171,-2.19,-36.14207910151547,3.310198057947284,52.554794,-1.463092,22.437257424638368,0.0
2020-01-08T10:16:12.900000,-0.14961996211200002,-0.05345001728,0.076570022912,-2.0489993984,-35.2785001216,3.5819997952,52.554794,-1.463092,22.3874998272,0.0
2020-01-08T10:16:13.000000,-0.079964917504,-0.06984497203199999,0.101359975936,-1.2965001984,-35.542000435199995,3.2634998016,52.554794,-1.463092,22.19145014272,0.0
2020-01-08T10:16:13.100000,0.026194985472000002,-0.043920047872000004,0.0694,-1.4669996032000001,-36.1019999232,2.9819999232,52.554794,-1.463092,22.36644993792,0.0
2020-01-08T10:16:13.200000,0.007605003008,-0.08447490176,0.050349918720000005,-1.01500032,-36.0090000384,2.95500032,52.554794,-1.463092,22.28189999104,0.0
2020-01-08T10:16:13.300000,0.008734987776,0.029109927935999997,-0.042899937279999995,-1.5615005184,-35.956499558400004,3.3604999168,52.554794,-1.463092,22.25859995136,0.0
2020-01-08T10:16:13.400000,-0.009645009151999999,-0.043079899648000006,0.024589932544,-2.17499968,-35.40750016,3.3340003584,52.554794,-1.463092,22.163699870720002,0.0
2020-01-08T10:16:13.500000,-0.018289985023999998,0.077944947712,-0.051964944384,-1.7409999616,-35.7520005632,3.7919999232,52.554794,-1.463092,22.00505005568,0.0
2020-01-08T10:16:13.600000,0.004765013504,0.016660034816,0.012764961024,-1.6704999167999999,-36.2839990784,3.7080000768,52.554794,-1.463092,22.04704986368,0.0
2020-01-08T10:16:13.700000,0.018364981504,0.057679977728,-0.038759998976,-1.6635004416,-35.06,3.8760002816,52.554794,-1.463092,21.87095002112,0.0
2020-01-08T10:16:13.800000,-0.009905015808,0.024619985152,-0.040685014016000005,-2.1179994368,-35.2190006784,4.0714992384,52.554794,-1.463092,21.9087500416,0.0
2020-01-08T10:16:13.900000,-0.032340006144,0.0021699883519999998,-0.055774984959999996,-1.4450003200000001,-36.0554997248,3.0705000448,52.554794,-1.463092,21.913149783039998,0.0
2020-01-08T10:16:14.000000,-0.035639979264000005,-0.030895075071999997,-0.030309976576,-1.9270002432000002,-35.736500198399995,3.0444996351999998,52.554794,-1.463092,21.6542501248,0.0
2020-01-08T10:16:14.100000,-0.0067649943039999995,-0.12612998092799999,0.0043250150400000005,-2.3715005184,-35.92499968,2.71000064,52.554794,-1.463092,21.75564972544,0.0
2020-01-08T10:16:14.200000,-0.0009850076160000001,-0.11890507724800001,0.029655022848,-3.0314998784,-35.5930003968,3.52249984,52.554794,-1.463092,21.33864977664,0.0
2020-01-08T10:16:14.300000,-0.003329966848000001,-0.21969999232,0.056219983872,-2.9645004032,-36.0269996032,3.34750016,52.554794,-1.463092,20.944799585280002,0.0
2020-01-08T10:16:14.400000,0.032644965632,-0.22801007897599998,0.045795046911999995,-3.5555002368,-35.53750016,3.48499968,52.554794,-1.463092,20.232599311359998,0.0
2020-01-08T10:16:14.500000,-0.013615002624,-0.330304988928,0.102069974272,-3.75749952,-35.7304999168,3.02249984,52.554794,-1.463092,19.1364992256,0.0
2020-01-08T10:16:14.600000,-0.010754972928000001,-0.32925005824,0.076045034752,-3.2610006016,-35.723500441599995,2.73499968,52.554794,-1.463092,17.93579926528,0.0
2020-01-08T10:16:14.700000,0.021104982528,-0.41830004992,0.10650993305600001,-4.0885001216,-36.225999641600005,2.2169996032,52.554794,-1.463092,16.8129993728,0.0
2020-01-08T10:16:14.800000,-0.011910041856,-0.479754979328,0.023420024832,-4.4465008383999995,-35.9930010368,1.69,52.554794,-1.463092,15.82669934592,0.0
2020-01-08T10:16:14.900000,-0.05278493721600001,-0.494630180608,0.063360029696,-5.672500479999999,-37.342999884799994,1.7080000767999999,52.554794,-1.463092,14.789549281280001,0.0
2020-01-08T10:16:15.000000,-0.01654520115200001,-0.739765022464,0.140540161024,-6.2544997632,-37.11499968,1.7259996416,52.554794,-1.463092,13.73284956416,0.0
2020-01-08T10:16:15.100000,-0.25617488256,-0.757404947968,0.33197490432,-6.16500096,-36.65249984,1.13749952,52.554794,-1.463092,12.963499187200002,0.0
2020-01-08T10:16:15.200000,-0.09959999743999999,-0.693280021248,0.174239869184,-7.4670001152,-36.327499519999996,0.3784994816,52.554794,-1.463092,11.72409931776,0.0
2020-01-08T10:16:15.300000,-0.097745006592,-0.715694975232,0.033605141248,-7.7610006016,-35.6794999552,-0.26349980159999997,52.554794,-1.463092,10.70894953472,0.0
2020-01-08T10:16:15.400000,-0.072419854592,-0.66644993024,0.209244948992,-8.7190006784,-35.8270008832,0.10350044159999999,52.554794,-1.463092,9.9769995136,0.0
2020-01-08T10:16:15.500000,0.1105749568,-0.595145091072,0.125839933184,-9.668000204799998,-36.9054995968,0.5774995199999999,52.554794,-1.463092,9.21654951168,0.0
2020-01-08T10:16:15.600000,0.032394911232,-0.679559844096,0.022159936256000004,-9.97750016,-36.239499443199996,-0.09750016,52.554794,-1.463092,8.4772496128,0.0
2020-01-08T10:16:15.700000,-0.07725754591835415,-0.49960615873541253,-0.024075618472327448,-10.379394625037818,-35.55606080901119,-0.28121201699425163,52.554794,-1.463092,7.899817953087383,0.0
2020-01-08T10:16:15.800000,-0.03480693304201698,-0.6135227482758009,0.14145244378768715,-11.58732682602888,-35.999901072412555,-0.1009900869640155,52.554794,-1.463092,7.5653267449199175,0.0
2020-01-08T10:16:15.900000,-0.050329982208,-0.41588501529599997,-0.096784891136,-12.5485007616,-36.6419997952,-0.07500032,52.554794,-1.463092,7.6507499264,0.0
2020-01-08T10:16:16.000000,-0.03041288007056462,-0.43764059746737904,0.04169602516399177,-13.662475489947584,-36.38930697636693,-0.5653466892419373,52.554794,-1.463092,7.539633631745967,0.0
2020-01-08T10:16:16.100000,-0.0501020317130312,-0.44080912758133833,0.012031274727320684,-14.276868493320714,-36.37555645198827,-0.8862630133585714,52.554794,-1.463092,7.482373597815462,0.0
2020-01-08T10:16:16.200000,-0.024019930111999998,-0.42347505791999995,0.03629996544,-14.6080007168,-35.7145004032,-0.49399971840000007,52.554794,-1.463092,7.5594998272,0.0
2020-01-08T10:16:16.300000,0.06857499904,-0.49226996531199996,0.008385076736,-15.5314998784,-36.2680000768,-0.2610006016,52.554794,-1.463092,7.3705001728,0.0
2020-01-08T10:16:16.400000,0.03144984704,-0.43866996787199997,0.11649502643199999,-15.5770008832,-36.3054997248,-0.8919992832000001,52.554794,-1.463092,7.55409980416,0.0
2020-01-08T10:16:16.500000,-0.130359823616,-0.426795131392,0.162295045632,-16.8160002816,-35.97750016,0.09750016,52.554794,-1.463092,7.353400253439999,0.0
2020-01-08T10:16:16.600000,0.09365495628800001,-0.5945049710079999,0.183269830912,-17.2365001984,-36.1239997184,0.36700024319999996,52.554794,-1.463092,7.73365018624,0.0
2020-01-08T10:16:16.700000,0.028219968512,-0.522654857728,-0.035464975104,-17.4909999616,-35.7034998016,0.6809999616,52.554794,-1.463092,8.09605049088,0.0
2020-01-08T10:16:16.800000,-0.005229964287999999,-0.344770047232,0.0037650263039999995,-17.579500595200003,-35.5330003968,0.6194999552,52.554794,-1.463092,8.875500544,0.0
2020-01-08T10:16:16.900000,0.012745347914118518,-0.362863474771087,0.021836302586632668,-18.35181811599637,-36.06,0.4660602659812422,52.554794,-1.463092,9.767546068333855,0.0
2020-01-08T10:16:17.000000,-0.13959009101946362,-0.13187822984759118,-0.05286137363096943,-18.32920797098327,-35.99029698553473,0.028712927501261004,52.554794,-1.463092,10.895534766596288,0.0
2020-01-08T10:16:17.100000,-0.06945146971974318,-0.21438802907756296,0.03166821719966238,-18.926733539316302,-35.56504923567476,0.5,52.554794,-1.463092,11.968010508679926,0.0
2020-01-08T10:16:17.200000,-0.05659403419127247,-0.13434816422869958,-0.06492186848801668,-19.930199935488165,-35.26680011059172,0.5350002303994101,52.554794,-1.463092,12.84630110130918,0.0
2020-01-08T10:16:17.300000,-0.06465774750593456,-0.2946140908879339,0.057432325880874435,-19.95909026732658,-35.36151521263556,0.8744435480117294,52.554794,-1.463092,13.900020014584271,0.0
2020-01-08T10:16:17.400000,0.06503993574400001,-0.329204965888,0.055875002879999996,-20.5090000384,-35.3940003584,1.4889993983999998,52.554794,-1.463092,14.151900400639999,0.0
2020-01-08T10:16:17.500000,-0.009934955776,-0.28637501056,0.050864962304000005,-20.6170002432,-35.83249984,0.8115005183999999,52.554794,-1.463092,14.800100495359999,0.0
2020-01-08T10:16:17.600000,0.049595003392,-0.293394970112,0.006440024064,-21.024000358400002,-35.6109999616,1.5660002816,52.554794,-1.463092,15.50990022144,0.0
2020-01-08T10:16:17.700000,0.038079931648,-0.238234934016,0.033644979712,-21.3124992,-35.5314998784,1.90249984,52.554794,-1.463092,15.9292505344,0.0
2020-01-08T10:16:17.800000,-0.0755750976,-0.129134908416,0.017890047744,-20.47500096,-35.342999884799994,1.6990000384,52.554794,-1.463092,16.72870038272,0.0
2020-01-08T10:16:17.900000,-0.13436969779199998,-0.07203027532799999,0.095385060096,-21.8430003968,-35.1704999168,1.8910006016,52.554794,-1.463092,17.32445037312,0.0
2020-01-08T10:16:18.000000,0.245414907904,-0.43733999846399996,0.161684942336,-22.3805000448,-35.1440003584,2.69,52.554794,-1.463092,17.91660041216,0.0
2020-01-08T10:16:18.100000,0.1084749376,-0.4236749504,0.085310000896,-22.3829997568,-35.58249984,2.7740003584,52.554794,-1.463092,18.46940002304,0.0
2020-01-08T10:16:18.200000,0.023604991488,-0.371960060416,0.099490055424,-22.1920005632,-35.380500044799994,3.28750016,52.554794,-1.463092,18.5270001152,0.0
2020-01-08T10:16:18.300000,0.007919981312000002,-0.464455052288,0.178320022272,-23.0045002752,-35.3829997568,3.5840003584,52.554794,-1.463092,18.63634981376,0.0
2020-01-08T10:16:18.400000,-0.021805020927999998,-0.5483900618240001,0.218865046784,-23.3895000832,-35.0690000384,4.06,52.554794,-1.463092,18.396050030079998,0.0
2020-01-08T10:16:18.500000,-0.063085057536,-0.5406946168319999,0.22839477555200002,-23.5,-35.12,3.8829992447999997,52.554794,-1.463092,18.44515003904,0.0
2020-01-08T10:16:18.600000,-0.135794984192,-0.080385207296,-0.044259891456,-23.6215005184,-35.08249984,2.9820004352,52.554794,-1.463092,18.47314989824,0.0
2020-01-08T10:16:18.700000,-0.094954915328,-0.281809684736,0.05738981862400001,-24.234999679999998,-34.936000281599995,3.7295007232,52.554794,-1.463092,18.328399959040002,0.0
2020-01-08T10:16:18.800000,0.008634962176,0.10104984704,-0.15141486310399999,-23.81,-35.27249984,4.69,52.554794,-1.463092,18.28090002944,342.0517660123363
2020-01-08T10:16:18.900000,-0.026104933887999997,-0.07404988032,0.0037898864639999974,-23.9045004032,-35.1065001984,4.61499968,52.55484665022464,-1.4631200501196802,18.34220009472,342.05188515947356
2020-01-08T10:16:19.000000,0.05502497152,0.071729943808,-0.131609934336,-24.4865001984,-35.257499519999996,4.1990000384,52.555145,-1.463279,18.4950001152,0.0
2020-01-08T10:16:19.100000,0.021160016896,0.011635062016000002,-0.059985066496,-24.82500032,-34.592999884799994,4.3715005183999995,52.555145,-1.463279,18.63779995648,0.0
2020-01-08T10:16:19.200000,0.035154963968,0.088374976,-0.14603499033599998,-25.1659996416,-34.4580000768,5.1260002816,52.555145,-1.463279,18.62365018624,0.0
2020-01-08T10:16:19.300000,-0.005814970624,0.043419944192,-0.12317995724800002,-24.5954995968,-34.6065001984,5.46249984,52.555145,-1.463279,18.851049914879997,0.0
2020-01-08T10:16:19.400000,0.03732122704082293,-0.015896916107044134,-0.07167274636105286,-24.211515700030255,-34.804848248986985,5.2318181159963695,52.555145,-1.463279,18.752242475802845,0.0
2020-01-08T10:16:19.500000,0.050831677105221136,0.04589899653005721,-0.08816236797615397,-25.099603985491633,-34.34970291307907,5.258316912992895,52.555145,-1.463279,18.828514849276736,0.0
2020-01-08T10:16:19.600000,-0.00019500083199999998,-0.050719933951999994,-0.026535032576,-25.2544997632,-33.973500441599995,6.0615005184,52.555145,-1.463279,18.7927499264,0.0
2020-01-08T10:16:19.700000,-0.002345458330208756,0.001848357592980951,-0.05410297347686563,-24.882424033988503,-34.56,6.712121074992436,52.555145,-1.463279,18.710757632803148,0.0
2020-01-08T10:16:19.800000,-0.014457429707678231,-0.1759584037756222,0.01448909667427908,-24.66930699995691,-34.620198057947285,6.390693000043089,52.555145,-1.463279,18.73404946379372,0.0
2020-01-08T10:16:19.900000,-0.043154980608,-0.094555084288,-0.07362493823999999,-25.2304999168,-34.8829997568,5.8670002432,52.555145,-1.463279,18.363649891839998,0.0
2020-01-08T10:16:20.000000,-0.011909976576,-0.193689945344,0.007889997824,-25.12,-34.5314998784,6.2740003584,52.555145,-1.463279,18.24160009216,0.0
2020-01-08T10:16:20.100000,0.017639993344,-0.123740011264,0.011330027008,-25.168000204800002,-34.37,6.82500032,52.555145,-1.463279,18.27369961472,0.0
2020-01-08T10:16:20.200000,0.014560024575999999,-0.136959992576,0.041844977152,-25.4580000768,-34.455500364799995,7.3070002432,52.555145,-1.463279,17.7717500416,0.0
2020-01-08T10:16:20.300000,0.04014996992,-0.12768500249599998,0.012895005951999999,-25.52249984,-34.9204999168,7.5819997952,52.555145,-1.463279,17.862700152320002,0.0
2020-01-08T10:16:20.400000,-0.001480007168,-0.131360001536,0.021565003263999998,-25.3940003584,-34.73499968,7.347500159999999,52.555145,-1.463279,18.049249932800002,0.0
2020-01-08T10:16:20.500000,-0.014135013375999999,-0.13475000575999999,0.02319998848,-25.90750016,-34.188499481600005,7.6635004416,52.555145,-1.463279,17.912599797760002,0.0
2020-01-08T10:16:20.600000,-0.031239997183999998,-0.15132503808,0.01322502272,-26.168000204800002,-33.5285001216,8.4660009216,52.555145,-1.463279,17.67310012416,0.0
2020-01-08T10:16:20.700000,-0.02533332548956736,-0.1976121056891438,0.03668785448865973,-26.364242149984875,-33.73696986700938,9.756666908013312,52.555145,-1.463279,17.778605845588142,0.0
2020-01-08T10:16:20.800000,-0.012962376087050195,-0.19197624926811835,-0.0008683168116066925,-25.94,-33.92079202901673,10.02069300004309,52.555145,-1.463279,17.403702943494935,0.0
2020-01-08T10:16:20.900000,-0.01717502336,-0.278229951488,-0.0013600028160000001,-25.97750016,-33.6215005184,9.543500441599999,52.555145,-1.463279,17.165049940480003,0.0
2020-01-08T10:16:21.000000,-0.053457594791049834,-0.22592125600242036,-0.0019181702993646549,-26.19,-34.470606642032074,10.157272826005446,52.555145,-1.463279,17.042818025491375,0.0
2020-01-08T10:16:21.100000,-0.06184652131264717,-0.3032891149237956,0.018054456810744912,-26.229603985491636,-35.13237608705019,10.360693101429293,52.555145,-1.463279,16.765039581173596,0.0
2020-01-08T10:16:21.200000,0.043939974144,-0.367095057152,0.047830078208000004,-26.617000755200003,-33.83249984,10.835500876800001,52.555145,-1.463279,16.57670001152,0.0
2020-01-08T10:16:21.300000,0.007645447469609715,-0.4564394425926836,0.14785150121923155,-27.544242149984875,-33.66848502400968,12.122727717024507,52.555145,-1.463279,16.53260584558814,0.0
2020-01-08T10:16:21.400000,-0.008717825215255583,-0.5320801982607196,0.11982078797356861,-27.150099028973642,-33.998613898527616,12.928811956474904,52.555145,-1.463279,16.118415789887234,0.0
2020-01-08T10:16:21.500000,-0.047610043135999994,-0.53792501632,0.068404927488,-27.3385001216,-34.3385001216,13.67250048,52.555145,-1.463279,15.73465021184,0.0
2020-01-08T10:16:21.600000,-0.098554972928,-0.560665004544,-0.00014988160000000209,-27.42499968,-34.4159996416,14.2634998016,52.555145,-1.463279,15.939349672959999,0.0
2020-01-08T10:16:21.700000,-0.053569961472,-0.565619995392,0.147364958464,-26.92499968,-33.90249984,14.1320005632,52.555145,-1.463279,15.46014980864,0.0
2020-01-08T10:16:21.800000,0.0030300231679999995,-0.549584957696,0.081654955008,-26.7055008768,-33.736500198399995,15.1320010752,52.555145,-1.463279,15.20389999104,0.0
2020-01-08T10:16:21.900000,0.012724910079999995,-0.497510017536,0.04236008729599999,-27.79499968,-33.9159996416,16.7010006016,52.555145,-1.463279,15.1724999168,0.0
2020-01-08T10:16:22.000000,-0.096364955904,-0.48811486054400005,0.130744882432,-27.37,-33.4204999168,17.641000601600002,52.555145,-1.463279,14.938399472639999,0.0
2020-01-08T10:16:22.100000,-0.04245153199092881,-0.35930929512126375,0.0011152475052945456,-27.37,-33.30090905799819,18.562727717024508,52.555145,-1.463279,14.16103002438463,0.0
2020-01-08T10:16:22.200000,-0.06385841290038045,-0.6242375914693649,0.11061383668203514,-27.430198057947287,-33.32920797098327,19.40841594196654,52.555145,-1.463279,13.61198012323493,0.0
2020-01-08T10:16:22.300000,-0.047885037056,-0.393205169408,-0.056029827328,-27.6464995584,-33.6839997184,20.3445004032,52.555145,-1.463279,12.839799380479999,0.0
2020-01-08T10:16:22.400000,-0.09308483394919825,-0.5868514016637403,0.14819384850498685,-26.975151207983057,-33.25393919098881,20.93606080901119,52.555145,-1.463279,11.932908786483209,0.0
2020-01-08T10:16:22.500000,-0.07360990289736422,-0.4450742788272658,0.038570316654458085,-26.53009902897364,-32.998613898527616,21.478118956431814,52.555145,-1.463279,11.398158375387485,0.0
2020-01-08T10:16:22.600000,-0.09023636594012707,-0.6028635580356797,0.19231208215784587,-26.632424033988503,-33.25393919098881,22.812727717024508,52.555145,-1.463279,11.019757433692163,0.0
2020-01-08T10:16:22.700000,-0.09636633825985791,-0.48518515072326385,0.12695742261064402,-26.23079202901673,-32.90990097102635,23.569703014465276,52.555145,-1.463279,10.778930679718451,0.0
2020-01-08T10:16:22.800000,-0.111335005696,-0.5045100034560001,0.102170006272,-25.8940003584,-32.7034998016,24.070500556800003,52.555145,-1.463279,10.63294985472,0.0
2020-01-08T10:16:22.900000,-0.09150596143452999,-0.500206028408224,0.10430300786876259,-26.218484299969745,-32.41121201699425,24.867575966011497,52.555145,-1.463279,10.395757415591165,0.0
2020-01-08T10:16:23.000000,0.0585415820303094,-0.4735604107155078,0.08708911999310573,-25.400099028973642,-32.22940592754435,25.29930699995691,52.555145,-1.463279,10.132633653629245,0.0
2020-01-08T10:16:23.100000,0.011881713854245593,-0.5542362102715408,0.16572722105715001,-25.541818115996367,-32.101818115996366,25.92696986700938,52.555145,-1.463279,10.054787892500757,0.0
2020-01-08T10:16:23.200000,-0.14359108536464815,-0.3418079365119598,0.08435841492810452,-25.34019795656108,-32.08871292750126,26.23910894200963,52.555145,-1.463279,10.071564353624938,0.0
2020-01-08T10:16:23.300000,-0.10462496768,-0.43537983692800003,0.06049993088,-24.688499481599997,-32.5885001216,26.5465001984,52.555145,-1.463279,10.119250304,0.0
2020-01-08T10:16:23.400000,-0.07406368112246876,-0.2191636376800726,-0.016921160067128842,-24.11363677502269,-32.67424214998487,26.92363677502269,52.555145,-1.463279,10.583454764312071,0.0
2020-01-08T10:16:23.500000,-0.09796135740917698,-0.23219406637247772,0.05290692391725872,-24.621683087007106,-32.299108942009624,27.599603985491633,52.555145,-1.463279,11.030990168072979,0.0
2020-01-08T10:16:23.600000,0.122514913024,-0.26536989235200004,-0.011670033152,-24.024000358400002,-32.456499558400004,27.8205000448,52.555145,-1.463279,11.76990068224,0.0
2020-01-08T10:16:23.700000,-0.010715075584000002,-0.172470213632,-0.022129856768,-24.38749952,-31.83249984,27.9820004352,52.555145,-1.463279,12.773200414719998,0.0
2020-01-08T10:16:23.800000,-0.09114991488,-0.410314804224,0.14213488921599998,-23.7214998784,-31.6485001216,28.6080002048,52.555145,-1.463279,13.414600386560002,0.0
2020-01-08T10:16:23.900000,-0.0040801108480000015,-0.17830511948799999,0.014245082111999999,-23.438499481599997,-31.7544997632,29.0105005568,52.555145,-1.463279,14.023100405760001,0.0
2020-01-08T10:16:24.000000,-0.112404834048,-0.286839785984,0.093464872704,-22.7590000384,-31.4670001152,29.7214998784,52.555145,-1.463279,14.70030059008,0.0
2020-01-08T10:16:24.100000,0.079229877248,-0.034160134656,-0.047369879552000005,-22.84750016,-31.65750016,29.5329998848,52.555145,-1.463279,15.587050439680002,0.0
2020-01-08T10:16:24.200000,-0.043464827904000004,-0.192809913856,0.070884822016,-23.0509999616,-31.98250048,29.4640003584,52.555145,-1.463279,16.28545048832,0.0
2020-01-08T10:16:24.300000,0.17866058274871416,-0.11617286401754245,-0.10253007506742624,-22.97121201699425,-32.468484299969745,29.89303013299062,52.555145,-1.463279,17.013091195415793,0.0
2020-01-08T10:16:24.400000,0.09919403190116872,-0.2026781386000086,0.17737124104316265,-22.859108942009627,-31.63108911593766,29.679108942009627,52.555145,-1.463279,17.617425844863902,0.0
2020-01-08T10:16:24.500000,-0.12029995263999999,0.448509944576,-0.19783995238399998,-22.9984994816,-31.7170001152,29.9490000384,52.555145,-1.463279,18.569500403200003,0.0
2020-01-08T10:16:24.600000,-0.039849925120000004,0.346219877632,-0.12696496742399999,-22.4315005184,-31.8895000832,30.07500032,52.555145,-1.463279,19.18435033856,0.0
2020-01-08T10:16:24.700000,0.06594850783126767,0.2465032576625405,-0.12332135555791156,-23.157878925007566,-32.01818188400363,30.5,52.555145,-1.463279,19.78127326042941,0.0
2020-01-08T10:16:24.800000,0.08595939609308267,0.4676652638195731,-0.27432470756417116,-23.241683087007104,-32.051881144954386,30.381188043525096,52.555145,-1.463279,20.702950556483522,0.0
2020-01-08T10:16:24.900000,0.012280037888,-0.157939710464,0.063454834688,-22.6065001984,-31.65249984,29.90000064,52.555145,-1.463279,21.29630033408,0.0
2020-01-08T10:16:25.000000,0.034714881024,0.13502460927999999,-0.092214727424,-22.8805000448,-31.4490000384,30.6839997184,52.555145,-1.463279,21.8232503552,0.0
2020-01-08T10:16:25.100000,-0.11113494809600001,-0.336289796864,0.245889897984,-22.9294999552,-31.61250048,30.34750016,52.555145,-1.463279,22.3565002624,0.0
2020-01-08T10:16:25.200000,-0.009366547803443842,-0.12192444307106712,0.13111219619413578,-22.918485024009684,-32.18333309198669,30.522121074992434,52.555145,-1.463279,22.83697017472635,0.0
2020-01-08T10:16:25.300000,0.17125247318968598,-0.42437920290167314,0.22826434450017868,-23.23910894200963,-31.819504956517992,30.31,52.555145,-1.463279,23.63540597823745,0.0
2020-01-08T10:16:25.400000,0.123894871552,-0.33779481011199997,0.126069990912,-23.3679994368,-31.8234998016,30.31,52.555145,-1.463279,24.04385039616,0.0
2020-01-08T10:16:25.500000,-0.011851388993041459,-0.1371607927202956,0.10943937742908934,-22.6775759660115,-31.53121201699425,30.329697041003932,52.555145,-1.463279,24.633788109712736,0.0
2020-01-08T10:16:25.600000,0.092324,-0.323548,0.051084000000000004,-22.950400000000002,-31.330000000000002,30.430400000000002,52.555145,-1.463279,25.01356,0.0
2020-01-08T10:16:25.700000,-0.37082078290425846,0.14347916336105399,-0.07255046422207634,-22.718514869553978,-31.210297086920928,30.487722840537245,52.555145,-1.463279,25.233386202858586,0.0
2020-01-08T10:16:25.800000,-0.26592488063999997,-0.170279744768,0.13516978355200002,-22.8054997248,-31.6329997568,31.0509999616,52.555145,-1.463279,25.84820032512,0.0
2020-01-08T10:16:25.900000,-0.11950505164799999,0.09968470553599999,-0.10444979584,-22.44,-31.38500032,31.0570002432,52.555145,-1.463279,26.31990017024,0.0
2020-01-08T10:16:26.000000,-0.13790284857997667,-0.24267255087027012,0.1120028322890781,-22.524848792016943,-31.705454166979123,31.360302958996066,52.555145,-1.463279,26.63448516881767,0.0
2020-01-08T10:16:26.100000,0.12255840276176017,-0.011035669693889704,-0.13711184495007997,-22.871683087007106,-31.159603985491636,31.33871292750126,52.555145,-1.463279,27.175623791286363,0.0
2020-01-08T10:16:26.200000,0.005879970048,-0.152189667584,0.11061476070399998,-22.265000320000002,-31.418000204800002,31.8580002048,52.555145,-1.463279,27.494650327040002,0.0
2020-01-08T10:16:26.300000,-0.05587509376,0.231789754624,-0.185809908736,-22.6044996352,-31.7080000768,31.922999116800003,52.555145,-1.463279,27.94790008064,0.0
2020-01-08T10:16:26.400000,-0.106989686784,-0.084889960704,-0.07225003264,-22.08249984,-31.77249984,30.891000601600002,52.555145,-1.463279,28.14410038016,0.0
2020-01-08T10:16:26.500000,0.2779392814937978,-0.04562428921258071,-0.08820596143452998,-21.794242149984875,-31.579697041003932,31.632424033988503,52.555145,-1.463279,28.682181938306627,0.0
2020-01-08T10:16:26.600000,0.08966335725202836,-0.0597029333563142,0.030427700738345026,-21.52841594196654,-31.709009913035985,31.44940602893055,52.555145,-1.463279,28.87940594782159,0.0
2020-01-08T10:16:26.700000,0.003333296527969919,0.22698476516540433,-0.16355760927184854,-22.25636322497731,-31.687272282975492,32.038484299969745,52.555145,-1.463279,29.009394190613857,0.0
2020-01-08T10:16:26.800000,-0.051984157391941316,0.10735149101084579,-0.19746731536938797,-21.640594072455652,-31.148910985448545,31.29930699995691,52.555145,-1.463279,29.42017823187532,0.0
2020-01-08T10:16:26.900000,-0.05367504384,0.161645021952,-0.09949998848,-21.71249984,-31.8829997568,31.804999679999998,52.555145,-1.463279,29.604450283520002,0.0
2020-01-08T10:16:27.000000,-0.100604951808,0.162764880384,-0.07542496256,-21.4714998784,-31.67250048,31.41750016,52.555145,-1.463279,30.021500172800003,0.0
2020-01-08T10:16:27.100000,-0.025842385297851926,0.02773341961475904,-0.026518184780163375,-21.37666690801331,-32.1872722829755,31.63,52.555145,-1.463279,30.327818459915342,0.0
2020-01-08T10:16:27.200000,0.020992,0.11132800000000001,0.015540000000000009,-21.7292,-31.46,31.769199999999998,52.555145,-1.463279,30.87608,0.0
2020-01-08T10:16:27.300000,-0.043352,-0.09745999999999999,0.17539200000000002,-21.580000000000002,-31.2804,32.4504,52.555145,-1.463279,31.501759999999997,0.0
2020-01-08T10:16:27.400000,-0.01630495347640616,0.11688906828614228,-0.2348286900142194,-21.30188114495439,-31.40990097102636,32.080693000043084,52.555145,-1.463279,31.618811936197663,0.0
2020-01-08T10:16:27.500000,-0.034504971008,-0.20131990451200002,-0.013499873279999998,-21.052500480000003,-31.32500032,31.6035004416,52.555145,-1.463279,32.15020029952,0.0
2020-01-08T10:16:27.600000,0.011185030656,-0.071904988928,0.129929893888,-21.6794999552,-31.67499968,32.11499968,52.555145,-1.463279,32.59765021184,0.0
2020-01-08T10:16:27.700000,0.04769998208,-0.076535082496,-0.012125004799999999,-21.5734998016,-31.3430003968,31.793500441600003,52.555145,-1.463279,32.95085030656,0.0
2020-01-08T10:16:27.800000,0.021514989824000002,-0.142884815616,-0.015184985856,-21.31,-31.8054997248,32.3604999168,52.555145,-1.463279,33.389200133120006,0.0
2020-01-08T10:16:27.900000,0.004159983616,0.076634891776,-0.007635047936000001,-21.225999641599998,-31.4670001152,32.3535004416,52.555145,-1.463279,33.66170040832,117.20231511894758
2020-01-08T10:16:28.000000,-0.010159968256,-0.071870020352,-0.082160046336,-20.8340003584,-31.5644997632,32.789999359999996,52.5551142498688,-1.46318059958016,34.219000064,117.20207841060119
2020-01-08T10:16:28.100000,0.024651488548532656,-0.12088492807438994,-0.08657858108859404,-21.319090942001814,-31.240909057998184,31.911212016994252,52.55494,-1.462623,34.36839417251286,0.0
2020-01-08T10:16:28.200000,-0.037553478687352836,-0.1863841219067703,0.19632571914501015,-21.22267317397112,-31.27871292750126,31.819703014465276,52.55494,-1.462623,34.74785149709402,0.0
2020-01-08T10:16:28.300000,-0.15271501414400002,0.121005005568,-0.013495057151999999,-20.5045002752,-31.7034998016,32.2830003968,52.55494,-1.462623,34.89180018688,0.0
2020-01-08T10:16:28.400000,-0.12657480832,0.09583486105599998,-0.07922995660799999,-20.8519999232,-31.4294999552,32.7169996032,52.55494,-1.462623,35.20630028288,0.0
2020-01-08T10:16:28.500000,0.124264984064,-0.068554914048,-0.018209985536,-20.7680000768,-31.3519999232,32.34000064,52.55494,-1.462623,35.60960011776,0.0
2020-01-08T10:16:28.600000,0.071659865856,0.02804992512,0.0246251008,-20.7679995648,-31.3535004416,33.11499968,52.55494,-1.462623,35.8162502144,0.0
2020-01-08T10:16:28.700000,-0.09836360690837533,-0.055809034466886814,0.11521196450135629,-20.293030676020575,-31.84454510898094,32.76575785001513,52.55494,-1.462623,36.115697022902935,0.0
2020-01-08T10:16:28.800000,-0.0530059407245565,0.009987115080944211,-0.09512077175177616,-20.751188043525097,-31.270396014508364,33.09019795656108,52.55494,-1.462623,36.24362379128636,0.0
2020-01-08T10:16:28.900000,-0.05134241425944937,-0.09987574155911658,0.07310302234956131,-20.092727173994554,-31.03121201699425,32.57060609900212,52.55494,-1.462623,36.522060736607195,0.0
2020-01-08T10:16:29.000000,-0.0066881003013704865,-0.10287031462673402,0.07683169332701359,-20.09841594196654,-30.960297086920928,32.78841594196654,52.55494,-1.462623,36.78784162461251,0.0
2020-01-08T10:16:29.100000,0.11487866616328651,-0.23214235814635434,0.14415145053643602,-20.759696316964,-31.39151497599032,33.53454510898094,52.55494,-1.462623,37.18321232471123,0.0
2020-01-08T10:16:29.200000,-0.08928911897924371,-0.09799502928793935,0.04239405826158148,-19.819703014465276,-31.19920797098327,32.96039601450837,52.55494,-1.462623,37.500851486955405,0.0
2020-01-08T10:16:29.300000,-0.14677488512,0.021894788351999997,0.030099988480000003,-20.302500480000003,-31.4894994432,32.9090006784,52.55494,-1.462623,37.52995005952,0.0
2020-01-08T10:16:29.400000,-0.0015650314239999998,-0.22550985625599998,0.032515075584,-20.82749952,-30.8055002368,33.688499481600005,52.55494,-1.462623,37.6862503296,0.0
2020-01-08T10:16:29.500000,-0.035379966208,-0.10609030502399999,0.17007015859199998,-20.1239997184,-31.12,33.0660002816,52.55494,-1.462623,38.13585005056,0.0
2020-01-08T10:16:29.600000,0.016715030784,-0.513930011648,0.336779812608,-19.8340003584,-31.205500364800002,33.4114998784,52.55494,-1.462623,38.20630001408,0.0
2020-01-08T10:16:29.700000,0.007559786495999997,-0.499264871424,0.09564003302400001,-20.179499443199997,-31.6704999168,33.25,52.55494,-1.462623,38.297300308480004,0.0
2020-01-08T10:16:29.800000,-0.25840902722648745,-0.3181211745479276,0.18456076918899772,-19.48696986700938,-31.46606026598124,33.27878798300575,52.55494,-1.462623,38.73866678130632,0.0
2020-01-08T10:16:29.900000,-0.1270920584187301,-0.22747720711426986,0.3607336151024888,-19.740495043482007,-30.99861389852762,33.498613898527616,52.55494,-1.462623,38.87607918262443,0.0
2020-01-08T10:16:30.000000,0.03400298252736483,-0.06316972763169122,-0.028960551977016906,-19.59454510898094,-31.367575966011497,33.83878798300575,52.55494,-1.462623,38.69778800110675,0.0
2020-01-08T10:16:30.100000,-0.02016137363096943,-0.055597984949218186,0.04655742058291997,-19.109108942009627,-31.699504956517995,34.030099028973645,52.55494,-1.462623,38.987435707206785,0.0
2020-01-08T10:16:30.200000,0.09757005491199999,0.206044869632,-0.03733517337600001,-19.3144997632,-31.6839997184,34.1809999616,52.55494,-1.462623,39.43354962688,0.0
2020-01-08T10:16:30.300000,0.145194892032,0.046145056512,-0.26737499904,-18.9804999168,-31.3190000384,34.13,52.55494,-1.462623,39.02440036864,0.0
2020-01-08T10:16:30.400000,0.008085026816,0.12810002944,-0.228959841536,-18.8985001216,-31.3985001216,34.1390000384,52.55494,-1.462623,39.493899914240004,0.0
2020-01-08T10:16:30.500000,0.036829970688,0.16404998656,-0.032585060096,-19.0885001216,-31.5509999616,34.1614998784,52.55494,-1.462623,39.41030012928,0.0
2020-01-08T10:16:30.600000,-0.016710062336,0.172960114176,-0.126785061376,-19.2034998016,-31.5,34.0090000384,52.55494,-1.462623,39.55559988736,0.0
2020-01-08T10:16:30.700000,-0.07339988864000001,0.284444828672,-0.185109901056,-19.079500595200003,-31.5660002816,34.0419999232,52.55494,-1.462623,39.47935031296,0.0
2020-01-08T10:16:30.800000,0.062769949952,0.077105086208,-0.048839979264,-19.8144997632,-31.8364995584,33.9685001216,52.55494,-1.462623,39.77784950016,0.0
2020-01-08T10:16:30.900000,-0.031810119936,0.16671489382399998,-0.036015062784,-19.358999398399998,-31.32500032,34.063999718400005,52.55494,-1.462623,39.24255054848,0.0
2020-01-08T10:16:31.000000,-0.15011500314181614,0.025912121980042356,-0.12544547643120715,-18.569090942001814,-31.65454510898094,33.82181865902632,52.55494,-1.462623,39.96327269929846,0.0
2020-01-08T10:16:31.100000,0.06720197246857662,0.017262370003878022,-0.10707026393363259,-18.540792029016732,-31.159603985491636,34.422178130489115,52.55494,-1.462623,39.88926730725849,0.0
2020-01-08T10:16:31.200000,-0.01913038097429917,-0.014151439675836978,0.14191504839431215,-18.24424287402481,-31.20939335796793,33.74606080901119,52.55494,-1.462623,39.746757650904144,0.0
2020-01-08T10:16:31.300000,-0.14153762492681182,0.11742773216806791,-0.034439614631042934,-18.928910884062343,-30.647425956388723,34.03148513044603,52.55494,-1.462623,39.855554450727574,0.0
2020-01-08T10:16:31.400000,-0.133404923648,0.17924992768,-0.10492491904,-18.8609999616,-32.3544996352,33.9730003968,52.55494,-1.462623,39.86790022144,0.0
2020-01-08T10:16:31.500000,-0.038954570631388685,0.05382110576413364,0.006524256630783592,-18.89484879201694,-31.89878798300575,34.52878798300575,52.55494,-1.462623,40.10033311008769,0.0
2020-01-08T10:16:31.600000,-0.06020493928233776,-0.06678710088687581,0.015414843193564003,-19.22267317397112,-32.06,34.629801942052715,52.55494,-1.462623,39.672782126119365,0.0
2020-01-08T10:16:31.700000,0.002194865152,0.146189913344,-0.042039948544000005,-18.533000396800002,-31.90999936,34.245499724800005,52.55494,-1.462623,39.35870052352,0.0
2020-01-08T10:16:31.800000,-0.19615764547384534,0.020251475877833776,0.05417888880556683,-19.050909057998183,-31.135757850015125,33.907272826005446,52.55494,-1.462623,40.00703013299062,0.0
2020-01-08T10:16:31.900000,-0.3089742605777493,-0.009751465664295078,0.1903237497180196,-19.049108942009628,-31.550495043482005,34.18990107241256,52.55494,-1.462623,39.757148523183226,0.0
2020-01-08T10:16:32.000000,-0.303434863616,0.142484952576,0.05922489344,-19.3009999616,-31.5930003968,34.6819991552,52.55494,-1.462623,39.81934996736,0.0
2020-01-08T10:16:32.100000,-0.120784993536,0.058604910848,-0.049884861695999996,-19.2965001984,-32.1485001216,33.5419999232,52.55494,-1.462623,39.71509974016,0.0
2020-01-08T10:16:32.200000,-0.07594484531199999,-0.033489887743999996,0.13515000576,-19.5885001216,-32.225999641600005,33.4580000768,52.55494,-1.462623,39.34344988672,0.0
2020-01-08T10:16:32.300000,0.10749992035560704,0.06814528275052428,0.13692119083882615,-19.76818188400363,-31.68333309198669,33.58878798300575,52.55494,-1.462623,39.21375765090415,0.0
2020-01-08T10:16:32.400000,-0.007491999999999999,-0.108288,0.049968,-19.8204,-31.3308,33.7004,52.55494,-1.462623,39.29032,0.0
2020-01-08T10:16:32.500000,0.04448713434432275,0.2996890703138663,-0.181359372774256,-19.76752488397616,-31.51920797098327,33.44,52.55494,-1.462623,39.099584169558284,0.0
2020-01-08T10:16:32.600000,0.07292720476625147,0.06341849792743569,0.057411978982155,-20.794242149984875,-31.902121074992436,33.317272282975495,52.55494,-1.462623,39.18860604469913,0.0
2020-01-08T10:16:32.700000,-0.01849702101989451,0.5175643343615584,-0.16134851405846434,-20.430198057947287,-31.76920797098327,32.76782186951089,52.55494,-1.462623,39.12360393479853,0.0
2020-01-08T10:16:32.800000,0.061980032768,0.377110190336,-0.18345512268800002,-20.7785001216,-32.19,33.3589993984,52.55494,-1.462623,38.77939944704,0.0
2020-01-08T10:16:32.900000,0.09868997094399999,0.591694836992,-0.323869903872,-21.079500595200003,-32.2170001152,32.6635004416,52.55494,-1.462623,38.16485051136,0.0
2020-01-08T10:16:33.000000,0.048887838197761165,0.3868970120423356,-0.19323029227940702,-21.889697041003934,-32.389697041003934,33.013635507952806,52.55494,-1.462623,38.72460562837616,0.0
2020-01-08T10:16:33.100000,-0.01572178333261518,0.46386931419837735,-0.1874198088363145,-22.058613898527618,-32.51900991303599,31.620296985534726,52.55494,-1.462623,38.00752472175824,0.0
2020-01-08T10:16:33.200000,-0.005449914879999997,0.48990985113600005,-0.22709492403200002,-22.3609999616,-32.3859990016,31.1464995584,52.55494,-1.462623,37.75585002496,0.0
2020-01-08T10:16:33.300000,0.097114955264,0.319365115904,-0.132155025408,-22.4135004416,-31.17250048,30.6170002432,52.55494,-1.462623,37.689099573760004,0.0
2020-01-08T10:16:33.400000,0.052745509013004274,0.4099967405273597,-0.1381726268944634,-22.915151207983058,-31.71606026598124,30.96878798300575,52.55494,-1.462623,37.146484933504695,0.0
2020-01-08T10:16:33.500000,0.132328,0.094492,0.01814,-22.588800000000003,-31.3596,30.9892,52.55494,-1.462623,37.2164,0.0
2020-01-08T10:16:33.600000,0.10526534492853541,0.2614970058119641,0.03356436274969521,-23.409603985491636,-32.24049504348201,30.151782115980748,52.55494,-1.462623,36.903297036227826,0.0
2020-01-08T10:16:33.700000,0.09451213103054157,0.06504849878076846,0.08837879468037516,-23.610909057998185,-32.22787892500756,29.79060664203207,52.55494,-1.462623,36.885878526785596,0.0
2020-01-08T10:16:33.800000,0.07000096494318572,0.09615248130058221,0.10482475622954851,-23.66930699995691,-32.34019795656108,30.431782014594546,52.55494,-1.462623,36.42845541161531,0.0
2020-01-08T10:16:33.900000,-0.14314243236044777,0.12380900731538921,0.14242123428122228,-24.287878925007565,-31.92363677502269,28.975151207983057,52.55494,-1.462623,36.17778800110675,0.0
2020-01-08T10:16:34.000000,-0.1254900798669813,0.006919809850176541,0.15472770884924125,-24.519009913035983,-32.461782115980746,28.401782115980748,52.55494,-1.462623,36.256425672507355,0.0
2020-01-08T10:16:34.100000,0.037880012288,0.070739990784,0.058715088384,-24.714500403200002,-31.9580000768,27.88,52.55494,-1.462623,35.690000089600005,0.0
2020-01-08T10:16:34.200000,0.049457558589053034,0.058666667270033286,0.15082718123495356,-25.287878925007565,-32.097878925007564,27.945151751013007,52.55494,-1.462623,35.81445456520109,0.0
2020-01-08T10:16:34.300000,0.017735640291890876,0.0010019430665777831,0.04857131201350463,-25.430296985534724,-32.26089105799038,28.23079202901673,52.55494,-1.462623,35.78860392465991,0.0
2020-01-08T10:16:34.400000,-0.023020056832,-0.17903443993600002,0.20391977267199998,-25.1920005632,-32.0,27.6224992,52.55494,-1.462623,35.46514989824,0.0
2020-01-08T10:16:34.500000,-0.09045996569600001,0.48460965785599996,-0.08394494003200001,-25.9865001984,-32.0660002816,26.5885001216,52.55494,-1.462623,35.191249408,0.0
2020-01-08T10:16:34.600000,-0.02937493376,0.137195456512,-0.06085024127999999,-26.1659996416,-32.4490000384,26.6839997184,52.55494,-1.462623,34.4822503296,0.0
2020-01-08T10:16:34.700000,0.0563499904,0.7103198584320001,-0.34424984191999997,-25.765000320000002,-32.4714998784,26.38500032,52.55494,-1.462623,34.87079979008,0.0
2020-01-08T10:16:34.800000,0.05305004032,0.47720980761599996,-0.124834959616,-26.265000320000002,-32.23499968,26.8385001216,52.55494,-1.462623,34.55644984832,0.0
2020-01-08T10:16:34.900000,0.08424990464,0.248280113408,-0.095065101824,-26.72750016,-31.7544997632,27.0285001216,52.55494,-1.462623,34.30954980608,0.0
2020-01-08T10:16:35.000000,-0.01720293908496867,0.31089968142242813,-0.19528472172300818,-26.89151497599032,-31.382424033988503,27.199090942001817,52.55494,-1.462623,34.05745456520109,0.0
2020-01-08T10:16:35.100000,0.1296821818817786,-0.1625574134858858,-0.018447536948934307,-26.62,-31.15980204343892,27.180296985534724,52.55494,-1.462623,34.10859407245565,0.0
2020-01-08T10:16:35.200000,0.11559480883199999,-0.078085078016,-0.097059899136,-26.6305000448,-31.80250048,26.84750016,52.55494,-1.462623,34.21259997696,0.0
2020-01-08T10:16:35.300000,-0.12178478869670226,-0.14754836121318063,0.013899916735407369,-26.670302958996068,-32.37333309198669,27.06,52.55494,-1.462623,34.08048448097973,0.0
2020-01-08T10:16:35.400000,-0.04330396926984191,0.00026234871277542454,-0.12182277666393769,-26.361980072541826,-32.07920797098327,27.15980204343892,52.55494,-1.462623,33.422494992788906,0.0
2020-01-08T10:16:35.500000,-0.132130061568,-0.23110000256000002,-0.11781482598399999,-25.31,-32.5180000768,27.5579994368,52.55494,-1.462623,32.89629978368,0.0
2020-01-08T10:16:35.600000,-0.16067215130838564,-0.2663713625257267,0.12262675473725831,-25.24465331075806,-32.52792057425,26.940693378483875,52.55494,-1.462623,32.60261384627863,0.0
2020-01-08T10:16:35.700000,0.11453455929126649,-0.47237660000310305,0.17680706561370302,-24.782323863900828,-32.01696957472887,27.733838068049586,52.55494,-1.462623,32.5705252199277,0.0
2020-01-08T10:16:35.800000,-0.050254926848,-0.5559497536,0.147349856,-24.21249984,-32.1770002432,28.03750016,52.55494,-1.462623,32.5207496704,0.0
2020-01-08T10:16:35.900000,0.039864969984,-0.27242518656,-0.006504840448000003,-23.96249984,-32.3679994368,28.2965001984,52.55494,-1.462623,32.04744984832,0.0
2020-01-08T10:16:36.000000,-0.00886366845176989,-0.4582300786876259,0.17393018910371613,-23.730302958996067,-31.791212741034187,28.60848502400968,52.55494,-1.462623,31.86993948060478,0.0
2020-01-08T10:16:36.100000,-0.06138317014379099,-0.16103765534267267,0.019070310571285908,-23.512277159462755,-32.68980194205272,28.97821788401925,52.55494,-1.462623,31.941900950749115,0.0
2020-01-08T10:16:36.200000,-0.06942496896,-0.386589832704,0.10924490035199999,-22.9580000768,-32.2484994816,29.5465001984,52.55494,-1.462623,31.55364975104,0.0
2020-01-08T10:16:36.300000,-0.04871522578409646,-0.19132433989537623,0.007036472736017627,-22.91757524197156,-31.569090942001814,29.95242475802844,52.55494,-1.462623,31.199515066495312,0.0
2020-01-08T10:16:36.400000,-0.11445937480198007,-0.3067257201588722,0.13171284335071262,-22.180198057947287,-31.610495043482008,30.691386101472382,52.55494,-1.462623,31.07940594782159,0.0
2020-01-08T10:16:36.500000,0.12385990297600001,-0.142470100992,-0.08533992678399999,-22.340999321600002,-31.6440003584,30.45500032,52.55494,-1.462623,31.06979970048,0.0
2020-01-08T10:16:36.600000,-0.007880012288,-0.269804971008,0.011419997952,-21.4114998784,-31.96999936,30.9265001984,52.55494,-1.462623,30.7260002304,0.0
2020-01-08T10:16:36.700000,-0.02892502016,-0.26265013376,0.024675068159999997,-21.32500032,-31.1109999616,31.302500480000003,52.55494,-1.462623,31.0184999424,0.0
2020-01-08T10:16:36.800000,-0.038704927488,-0.433909972736,0.092354902528,-21.5429991168,-31.256500838399997,31.8739997184,52.55494,-1.462623,30.87989973504,142.82795852902143
2020-01-08T10:16:36.900000,0.051329973247999996,-0.422075104,0.004945179391999996,-20.3234998016,-32.3054997248,31.72500096,52.5548477496064,-1.46250794950912,30.475649776639997,142.82755207814802
2020-01-08T10:16:37.000000,0.024815184151800146,-0.49765431902751095,0.1989725671611687,-20.079697041003932,-32.00515175101301,33.02878798300575,52.554325,-1.461856,30.15657567639552,0.0
2020-01-08T10:16:37.100000,0.06913761985750169,-0.19719013056008272,-0.04467623507404995,-19.9016829856209,-32.202079101515466,33.29930699995691,52.554325,-1.461856,30.065851507232637,0.0
2020-01-08T10:16:37.200000,0.03685000192,-0.41827481472,-0.029255025408,-18.445000320000002,-31.31,33.9265001984,52.554325,-1.461856,30.264500057600003,0.0
2020-01-08T10:16:37.300000,0.039715001343999995,-0.19410009343999998,-0.061559993856,-18.6929992448,-31.234999679999998,34.15249984,52.554325,-1.461856,30.3004998272,0.0
2020-01-08T10:16:37.400000,0.03446037938620949,-0.35023472924883153,-0.05442475489947584,-17.652871199294356,-30.967426114991937,34.09742611499194,52.554325,-1.461856,30.099366403739115,0.0
2020-01-08T10:16:37.500000,-0.005249499635393232,-0.5183304151862598,-0.049934418103113894,-17.24484989061797,-31.790808651265262,34.92080865126526,52.554325,-1.461856,30.208970078972275,0.0
2020-01-08T10:16:37.600000,-0.020951586293924015,-0.4689213754690098,0.034000076024193276,-15.993333091986687,-31.443333816026623,34.51575785001513,52.554325,-1.461856,29.882151497599033,0.0
2020-01-08T10:16:37.700000,-0.1153168217453128,-0.7039049392823378,0.13491880131092363,-15.3728711305322,-32.09970291307907,34.94950495651799,52.554325,-1.461856,29.809851456539537,0.0
2020-01-08T10:16:37.800000,-0.052295086591999995,-0.619995043072,0.051025020160000004,-13.9939997184,-31.686000281600002,34.92499968,52.554325,-1.461856,29.5564999424,0.0
2020-01-08T10:16:37.900000,-0.16804242693014826,-0.686154577871788,0.0973303737338998,-13.506363224977308,-32.08878798300575,34.58484879201694,52.554325,-1.461856,29.505757669005142,0.0
2020-01-08T10:16:38.000000,-0.1295227452342148,-0.6925772000172357,0.15711581016447376,-12.573762188522574,-32.18980194205272,35.09009902897365,52.554325,-1.461856,29.6083366072628,0.0
2020-01-08T10:16:38.100000,0.09388180616933742,-0.4654818369410347,-0.061693777911093074,-10.97121201699425,-31.794242149984875,35.25909094200181,52.554325,-1.461856,29.400030350202602,0.0
2020-01-08T10:16:38.200000,0.06801286666953928,-0.4442504632082143,0.13374749031128097,-10.632574144997479,-31.469802043438918,35.251386101472384,52.554325,-1.461856,29.44844552899519,0.0
2020-01-08T10:16:38.300000,0.022804972288,-0.19725008512000003,-0.155480002048,-9.652499839999999,-31.8679994368,34.9955002368,52.554325,-1.461856,29.326700037120002,0.0
2020-01-08T10:16:38.400000,-0.0017599477760000017,-0.288564907264,-0.160180008448,-9.2329991168,-31.261000601600003,35.263499801600005,52.554325,-1.461856,29.391600066560002,0.0
2020-01-08T10:16:38.500000,0.06516998963199999,-0.1706500224,-0.17983003596799998,-8.0419999232,-32.0044997632,34.96249984,52.554325,-1.461856,29.45734990336,0.0
2020-01-08T10:16:38.600000,0.047748471629270865,-0.22353644739461986,-0.2130847959371016,-7.674847524947055,-31.746060809011194,34.77878798300575,52.554325,-1.461856,29.332787892500757,0.0
2020-01-08T10:16:38.700000,0.026460395507577353,-0.3342326613117854,-0.13558614101300023,-6.0711880435250976,-32.01089105799038,34.772079101515466,52.554325,-1.461856,29.37174258550025,0.0
2020-01-08T10:16:38.800000,-0.005570117632,-0.28717522688,-0.11398482201599999,-5.1489987584,-31.7680000768,33.8604999168,52.554325,-1.461856,29.47245002752,0.0
2020-01-08T10:16:38.900000,-0.160629995008,-0.550669838592,0.08590484428799999,-3.4804999168,-31.936000281600002,33.63749952,52.554325,-1.461856,29.51395002112,0.0
2020-01-08T10:16:39.000000,-0.126609883136,-0.440655445248,-0.06854977664,-3.2679995648,-32.206499558400004,32.84999936,52.554325,-1.461856,29.49114978304,0.0
2020-01-08T10:16:39.100000,0.0334750208,-0.965264715264,0.204594899712,-2.5489993984,-31.7805006848,31.9069996032,52.554325,-1.461856,29.262400253440003,0.0
2020-01-08T10:16:39.200000,0.031879875328,-0.637305214208,0.09667510784,-1.67499968,-32.6239997184,31.276499558399998,52.554325,-1.461856,29.61520006912,0.0
2020-01-08T10:16:39.300000,-0.12504845352827249,-0.909906017547625,0.2268544982273951,-1.013635507952803,-32.36363677502269,30.699090942001817,52.554325,-1.461856,29.69503025969761,0.0
2020-01-08T10:16:39.400000,-0.07560197956561082,-0.8173197855174879,0.14998217579860645,0.48901001442218733,-33.00950495651799,30.542475116023837,52.554325,-1.461856,29.686138650701718,0.0
2020-01-08T10:16:39.500000,-0.084535060736,-0.677379991808,0.140590046464,1.4685001216,-33.013499801600005,29.4204999168,52.554325,-1.461856,29.9447497856,0.0
2020-01-08T10:16:39.600000,-0.12003480729600001,-0.67820004992,0.17723489305600001,1.8070007551999998,-32.7034998016,28.9544984832,52.554325,-1.461856,29.69465014784,0.0
2020-01-08T10:16:39.700000,0.142560028416,-0.759485063936,0.058840100864,2.7919999232,-32.3919997952,26.9204999168,52.554325,-1.461856,29.834749759999998,0.0
2020-01-08T10:16:39.800000,0.12539071030903576,-0.8100816939431474,0.18640603745872325,2.7566669080133117,-32.23363677502269,26.5736355079528,52.554325,-1.461856,29.569030495010587,0.0
2020-01-08T10:16:39.900000,-0.166212,-0.655772,0.1718,3.33,-32.8108,25.1396,52.554325,-1.461856,29.86648,0.0
2020-01-08T10:16:40.000000,-0.08720396318666974,-0.7869563927802885,0.2418009639293237,4.3293068985707075,-32.728118956431814,24.531485130446022,52.554325,-1.461856,29.834782156535226,0.0
2020-01-08T10:16:40.100000,-0.122930052608,-0.47897521919999997,0.051365123584,4.2295007232,-33.7989993984,24.2479994368,52.554325,-1.461856,29.66920006912,0.0
2020-01-08T10:16:40.200000,-0.13979980812941697,-0.663554159738725,0.1509088570771025,5.143030132990622,-32.96212107499244,23.424242149984874,52.554325,-1.461856,29.79872740930753,0.0
2020-01-08T10:16:40.300000,0.11384749740831519,-0.2013317683528037,-0.1050256755489429,4.9196039854916345,-32.780099028973645,22.762376087050193,52.554325,-1.461856,30.017920797098327,0.0
2020-01-08T10:16:40.400000,-0.11667273188025414,-0.8584391873686061,0.40826346029028826,5.186060809011194,-32.94909094200181,21.35757524197156,52.554325,-1.461856,30.06060606280012,0.0
2020-01-08T10:16:40.500000,-0.100856,-0.593364,0.15193199999999998,5.46,-33.0496,20.500799999999998,52.554325,-1.461856,30.01616,0.0
2020-01-08T10:16:40.600000,0.010879999999999999,-0.87146,0.26154,5.2196,-33.31,20.150000000000002,52.554325,-1.461856,29.81684,0.0
2020-01-08T10:16:40.700000,-0.03463069289865689,-0.7669653064017783,0.353373240886014,5.199406028930553,-33.34960398549163,19.760989985577815,52.554325,-1.461856,30.02800986234288,0.0
2020-01-08T10:16:40.800000,-0.022264953344,-0.457110113536,0.150945082112,5.8454995968,-33.56,18.77249984,52.554325,-1.461856,29.7017499904,0.0
2020-01-08T10:16:40.900000,0.010366560474142722,-0.5124148058409336,0.20640889689929898,5.510000724039935,-33.62666690801331,18.484242149984873,52.554325,-1.461856,29.637787693389775,0.0
2020-01-08T10:16:41.000000,-0.15429603985491636,-0.047212915334916644,-0.07207622392156764,6.530197956561081,-34.049108942009624,18.01089105799037,52.554325,-1.461856,29.335633653629245,0.0
2020-01-08T10:16:41.100000,-0.13923992678400002,-0.301314508544,0.012244869632,6.1590006784,-34.1794994432,17.7590000384,52.554325,-1.461856,29.26045002752,0.0
2020-01-08T10:16:41.200000,-0.021359911936000002,0.303744796672,-0.13655489612799998,6.7884988416,-33.4114998784,17.6044991232,52.554325,-1.461856,29.2467497856,0.0
2020-01-08T10:16:41.300000,0.078784928256,0.055735094016000006,-0.003655021568,5.4090006784,-33.3805005568,16.552500480000003,52.554325,-1.461856,28.986300103679998,0.0
2020-01-08T10:16:41.400000,-0.015089993984,0.17654998272,-0.011989913344000003,6.1419992832,-34.08249984,17.07749952,52.554325,-1.461856,29.1742502144,0.0
2020-01-08T10:16:41.500000,-0.027905088768000005,0.10022977228799998,0.128540108544,5.1059996416,-33.98250048,16.4865001984,52.554325,-1.461856,29.40439976704,0.0
2020-01-08T10:16:41.600000,-0.14323498905600002,-0.160589822464,0.223589790464,4.5729997568,-34.5269996032,16.7590000384,52.554325,-1.461856,29.02479970048,0.0
2020-01-08T10:16:41.700000,-0.101069882112,-0.003985337855999999,-0.004389785343999995,4.2965001983999995,-34.1590006784,16.84750016,52.554325,-1.461856,28.63465003264,0.0
2020-01-08T10:16:41.800000,0.05347499136,-0.416864847104,0.264394930432,4.48499968,-34.9294994432,17.0329998848,52.554325,-1.461856,28.71895017472,0.0
2020-01-08T10:16:41.900000,0.02167491328,-0.23166507622399998,0.194710096896,4.1080002048,-34.2830003968,16.776499558399998,52.554325,-1.461856,28.9239998848,0.0
2020-01-08T10:16:42.000000,-0.086989972224,-0.30888489753599996,0.291644864512,4.4730003968,-34.613499161600004,16.3490006784,52.554325,-1.461856,28.79755011328,0.0
2020-01-08T10:16:42.100000,-0.044834977536,-0.176955017728,0.12268004684799999,4.92499968,-33.53750016,17.28750016,52.554325,-1.461856,28.98790017024,0.0
2020-01-08T10:16:42.200000,0.0061818948642295805,-0.16151501038221552,0.18970304769095908,4.546969867009379,-33.79696986700938,17.519697041003933,52.554325,-1.461856,29.176424106392496,0.0
2020-01-08T10:16:42.300000,0.069712,0.033552000000000005,0.22295199999999998,4.6612,-34.010400000000004,17.6588,52.554325,-1.461856,29.05816,0.0
2020-01-08T10:16:42.400000,-0.22851386709789598,-0.11156536115032785,0.2415990005855053,3.968712927501261,-33.8688119564749,17.900297086920926,52.554325,-1.461856,29.56813863042448,0.0
2020-01-08T10:16:42.500000,-0.24032484608,-0.142704610048,0.11674480051200001,4.44,-34.4714998784,18.38,52.554325,-1.461856,29.780950315520002,0.0
2020-01-08T10:16:42.600000,-0.03432499328,0.299359676416,-0.116204863488,4.4114998784,-34.27249984,18.3604999168,52.554325,-1.461856,30.24980021248,0.0
2020-01-08T10:16:42.700000,-0.051920113152,-0.05416967475199999,0.03592487552,4.3535004416000005,-34.02249984,18.40000064,52.554325,-1.461856,30.58915024384,0.0
2020-01-08T10:16:42.800000,-0.131384697856,0.31830974617600005,-0.12704498995199998,4.8739997184,-33.77249984,19.2214998784,52.554325,-1.461856,30.98815032064,0.0
2020-01-08T10:16:42.900000,0.263179971328,0.028045199871999996,-0.081689863424,4.4909999616,-33.6635004416,19.1545004032,52.554325,-1.461856,31.420900029440002,0.0
2020-01-08T10:16:43.000000,0.174984786176,0.250389816064,0.09504998015999999,4.3934998016,-34.1284994816,19.802500480000003,52.554325,-1.461856,31.576100495360002,0.0
2020-01-08T10:16:43.100000,-0.08304988928000001,-0.003980043007999998,0.068820000512,4.0819997952,-33.44,20.3934998016,52.554325,-1.461856,32.241050030080004,0.0
2020-01-08T10:16:43.200000,0.04124747092758002,0.0037120345117759718,0.06742078716048382,3.8753466892419373,-33.486039712875,20.184950625044355,52.554325,-1.461856,32.40456464874839,0.0
2020-01-08T10:16:43.300000,-0.06641834592648907,0.41399063038182865,0.01081345321396987,4.268383705956278,-33.73161629404372,20.420808651265265,52.554325,-1.461856,33.165464268536766,0.0
2020-01-08T10:16:43.400000,0.03837485696,0.513329421568,-0.132969455872,4.4355002368,-33.6485001216,20.033000396800002,52.554325,-1.461856,33.523900170240005,0.0
2020-01-08T10:16:43.500000,-0.106164806144,-0.16495961625600003,0.474709509376,4.7319999232,-33.8009999616,20.5705000448,52.554325,-1.461856,33.82830033408,0.0
2020-01-08T10:16:43.600000,0.131964917504,0.289229763328,-0.15642491264,4.4694993152,-33.7304999168,20.6570001152,52.554325,-1.461856,34.29360009216,0.0
2020-01-08T10:16:43.700000,0.055445140992,0.061795370752000006,-0.093710227456,3.5705000448,-33.62,20.8955003648,52.554325,-1.461856,34.559100610559994,0.0
2020-01-08T10:16:43.800000,0.254655051008,0.485409706496,-0.35702483456,3.70500032,-33.592999884799994,21.4265001984,52.554325,-1.461856,35.403000140799996,0.0
2020-01-08T10:16:43.900000,0.22741959475200002,0.20916548454400002,-0.173495154432,4.05499968,-33.4580000768,21.7365001984,52.554325,-1.461856,35.65480027648,0.0
2020-01-08T10:16:44.000000,-0.28240487884800003,0.8186498547200001,-0.36349493555199996,3.47999936,-33.59750016,22.0195000832,52.554325,-1.461856,36.08890028544,0.0
2020-01-08T10:16:44.100000,-0.130110036736,0.617014962944,-0.267579955968,2.7980007168,-33.7814998784,22.1480000768,52.554325,-1.461856,36.497100124160006,0.0
2020-01-08T10:16:44.200000,-0.203005102848,0.582920064512,-0.23362510464,3.7409999616,-33.592999884799994,22.3445004032,52.554325,-1.461856,36.75380039168,0.0
2020-01-08T10:16:44.300000,-0.25090462156800003,0.579619620352,-0.321944783872,3.5684994816,-33.561500518399995,22.8980000768,52.554325,-1.461856,37.34855031808,0.0
2020-01-08T10:16:44.400000,0.2218817102340459,0.07693030857030557,-0.041354568821288844,2.983030676020573,-34.23030295899606,22.97121201699425,52.554325,-1.461856,37.771,0.0
2020-01-08T10:16:44.500000,0.1007353516365197,0.11285689707532183,-0.09431570737657397,3.5113724879968475,-33.97411746399054,23.056274818854675,52.554325,-1.461856,37.883470729375034,0.0
2020-01-08T10:16:44.600000,0.34280097357512823,0.23551999488000333,-0.16959684137577932,3.143938492807439,-33.20696984115081,24.29939325453365,52.554325,-1.461856,38.55969757886217,0.0
2020-01-08T10:16:44.700000,0.272194810112,0.155810291456,-0.095015073024,2.4714998784,-33.3670002432,23.7634998016,52.554325,-1.461856,39.0782503552,0.0
2020-01-08T10:16:44.800000,0.038105077248,0.510334861056,-0.209865076224,2.34750016,-33.6794999552,23.4339997184,52.554325,-1.461856,39.60340022784,0.0
2020-01-08T10:16:44.900000,0.1251696407468989,0.38489112301179923,-0.3209333689319635,2.56,-33.601818115996366,23.211515700030255,52.554325,-1.461856,39.92948493350469,0.0
2020-01-08T10:16:45.000000,0.05792278477483392,0.6865247339245839,-0.37070890753831764,2.5203960145083655,-33.49049504348201,24.06,52.554325,-1.461856,40.14131688257704,0.0
2020-01-08T10:16:45.100000,0.129294857472,0.5399700382720001,-0.345255011328,2.31,-33.5705005568,24.0509999616,52.554325,-1.461856,40.61345019392,0.0
2020-01-08T10:16:45.200000,-0.04915147587783378,0.5690271939056524,-0.3404362917260336,2.31,-34.17818134097368,23.943939190988807,52.554325,-1.461856,40.91781835130935,0.0
2020-01-08T10:16:45.300000,0.01504,0.434364,-0.204256,2.2908,-33.519999999999996,23.75,52.554325,-1.461856,41.27632,0.0
2020-01-08T10:16:45.400000,0.07016662015169235,0.40356269984288645,-0.11665680833655424,2.1696078687273803,-33.988627389957784,24.39882350579011,52.554325,-1.461856,41.85305873435767,0.0
2020-01-08T10:16:45.500000,0.22474173583851798,0.5409620227142259,-0.3135689471397763,1.9991923572215413,-34.14394015794455,24.526868493320716,52.554325,-1.461856,42.320554939258066,0.0
2020-01-08T10:16:45.600000,-0.013099857919999992,0.24247518848,-0.120330111488,1.63,-33.38749952,24.72750016,52.554325,-1.461856,42.867600117760006,0.0
2020-01-08T10:16:45.700000,0.1466605012942214,0.43137553520773486,-0.20955130210824918,1.6390909420018152,-32.90151570003025,25.024848792016943,52.554325,-1.461856,43.04793948060478,0.0
2020-01-08T10:16:45.800000,-0.014639603478560621,0.09928119564749031,0.10273266232564741,1.5315840580334625,-33.621683087007106,25.46990097102636,52.554325,-1.461856,43.24821786374201,0.0
2020-01-08T10:16:45.900000,-0.028690077184000004,0.138204896768,0.03830011647999999,0.6990000383999999,-32.94,25.3670002432,52.554325,-1.461856,43.69060038656,232.33837833861386
2020-01-08T10:16:46.000000,-0.117909943296,0.0032300090880000003,0.178269937152,0.7409999616,-33.004500275199995,25.69,52.554261999731196,-1.4619902505728,44.29310038015999,232.33875966918674
2020-01-08T10:16:46.100000,-0.038669983232,0.02632504704,0.084014953984,0.6239997183999999,-33.2679995648,25.6990000384,52.553905,-1.462751,44.83805017088,0.0
2020-01-08T10:16:46.200000,-0.01780909601028137,0.06661810151557074,0.05082434351557591,0.27878798300574836,-32.76575785001513,25.77878798300575,52.553905,-1.462751,45.098181938306624,0.0
2020-01-08T10:16:46.300000,-0.015556,0.015536000000000008,0.121552,0.4096,-33.1596,26.029600000000002,52.553905,-1.462751,45.412,0.0
2020-01-08T10:16:46.400000,0.017105927544350124,0.3004900362709141,-0.2623257008954937,0.2991089420096266,-32.91128707249874,26.42079202901673,52.553905,-1.462751,46.10792080723695,0.0
2020-01-08T10:16:46.500000,-0.080854951168,-0.11745453900799999,0.04254980992,0.5044997632,-32.4294999552,25.9069996032,52.553905,-1.462751,46.2927502464,0.0
2020-01-08T10:16:46.600000,-0.045205124608,0.38751954227200003,-0.150019744512,0.22750016,-32.511000601599996,25.3980000768,52.553905,-1.462751,46.718850421759996,0.0
2020-01-08T10:16:46.700000,-0.180129869568,-0.14412467456,0.129944746752,0.4114998784,-33.3009999616,25.5195000832,52.553905,-1.462751,47.342750272,0.0
2020-01-08T10:16:46.800000,-0.017147548994758344,0.23164937140713557,-0.13188992274390923,0.32425760141129234,-33.25,25.592871199294354,52.553905,-1.462751,47.73385155576734,0.0
2020-01-08T10:16:46.900000,-0.058223359657424784,-0.039182198656385274,0.22108639318573226,0.6269705832156766,-33.05484989061797,25.459191348734738,52.553905,-1.462751,47.97980754192978,0.0
2020-01-08T10:16:47.000000,0.044766650979134716,0.21225732508617365,-0.17625738300936858,-0.06393919098880582,-31.87,25.949090942001817,52.553905,-1.462751,48.52460638861809,0.0
2020-01-08T10:16:47.100000,0.015113857973137725,-0.11515936770494586,0.0860029475503826,0.15178211598074676,-31.80188114495439,26.069703014465276,52.553905,-1.462751,48.99999997972276,0.0
2020-01-08T10:16:47.200000,-0.031995078912,0.22092506624,-0.073529867008,-0.4180002048,-31.4670001152,26.4685001216,52.553905,-1.462751,48.93590045184,0.0
2020-01-08T10:16:47.300000,-0.110909889536,0.254164766464,0.103910003456,-0.7080000768,-31.4519992832,26.544499635199998,52.553905,-1.462751,49.532699985920004,0.0
2020-01-08T10:16:47.400000,0.022587830957361804,-0.03660599039612742,0.07598473077350737,-0.7539391909888059,-30.61363677502269,26.079697041003932,52.553905,-1.462751,49.55339408200787,0.0
2020-01-08T10:16:47.500000,-0.029887115080944212,0.07163564333347695,-0.0612999716118632,-0.2308909566041705,-31.546237811477425,26.367425855002523,52.553905,-1.462751,49.760851476816775,0.0
2020-01-08T10:16:47.600000,0.09025002496000001,0.092710098176,0.12217476735999999,0.80499968,-33.0554997248,27.31,52.553905,-1.462751,49.69205000448,0.0
2020-01-08T10:16:47.700000,0.062964742144,0.21567496832,-0.19715004416,0.3694999552,-32.6704999168,27.225999641599998,52.553905,-1.462751,49.7827503616,0.0
2020-01-08T10:16:47.800000,-0.25303988710400005,0.168709979136,-0.174184651776,0.24549972479999999,-32.6440003584,26.8535004416,52.553905,-1.462751,50.25594996992,0.0
2020-01-08T10:16:47.900000,-0.09628997094399999,0.155520061952,0.283529979648,-0.18600028159999998,-32.9804994048,27.40249984,52.553905,-1.462751,50.1852498688,0.0
2020-01-08T10:16:48.000000,-0.067255040768,0.22872496128,0.159584586496,-0.6545004032,-32.1990000384,27.265000320000002,52.553905,-1.462751,50.049400163840005,0.0
2020-01-08T10:16:48.100000,-0.12792502783999998,0.133664813824,-0.336679774208,-1.26500032,-32.1179994368,27.65249984,52.553905,-1.462751,50.23729987328,0.0
2020-01-08T10:16:48.200000,-0.13312986444799998,-0.08055485900800001,0.012160208896000002,-1.7080000767999999,-31.37,27.533000396800002,52.553905,-1.462751,50.11430019328,0.0
2020-01-08T10:16:48.300000,0.033174941439999994,0.03187968076799999,0.293155015168,-1.77249984,-31.40750016,28.0044997632,52.553905,-1.462751,50.37370001152,0.0
2020-01-08T10:16:48.400000,-0.028219930112,-0.343244791552,0.26094977664,-1.4189993984,-31.84500096,27.7185001216,52.553905,-1.462751,50.365299898880004,0.0
2020-01-08T10:16:48.500000,0.07459004262400001,-0.103945160192,0.016215221504000003,-0.6680002048,-33.12,27.8604999168,52.553905,-1.462751,50.28605023488,0.0
2020-01-08T10:16:48.600000,0.11531493222400001,-0.285334866176,0.25932478208,-0.8274995199999999,-33.19500032,27.8160002816,52.553905,-1.462751,50.569949880319996,0.0
2020-01-08T10:16:48.700000,0.004769622645900511,-0.06356953757120803,-0.08073654695011105,-0.27484879201694257,-33.610909057998185,28.180909057998186,52.553905,-1.462751,50.45236378610826,0.0
2020-01-08T10:16:48.800000,-0.10066336029361445,0.1677603863828191,-0.27167419873216553,-0.75,-33.55049504348201,28.209207970983268,52.553905,-1.462751,50.70681189564318,0.0
2020-01-08T10:16:48.900000,-0.045994982912,0.11593012428800001,0.184084845056,-0.82500032,-33.5,28.6480000768,52.553905,-1.462751,50.77939979264,0.0
2020-01-08T10:16:49.000000,-0.025340008704,0.25654989568000003,-0.042865090304,-1.1839997184,-33.42499968,28.7034998016,52.553905,-1.462751,50.53490013184,0.0
2020-01-08T10:16:49.100000,-0.004596852753549735,0.08509078995342871,-0.10570888422860009,-0.8009090579981848,-33.01818188400363,28.46878798300575,52.553905,-1.462751,50.73878798300575,0.0
2020-01-08T10:16:49.200000,0.1782168328977951,-0.06368314581110229,0.15530689350139787,-0.7595049565179922,-33.14059407245565,28.709207970983268,52.553905,-1.462751,50.91663367390649,0.0
2020-01-08T10:16:49.300000,0.128939746304,0.127565010944,-0.163055027968,-0.9975008000000001,-33.2965001984,29.1390000384,52.553905,-1.462751,51.02765009664,0.0
2020-01-08T10:16:49.400000,-0.199734964736,0.13557497216,-0.16596985395199998,-1.8814992384,-33.475999641600005,29.1059996416,52.553905,-1.462751,51.15224998400001,0.0
2020-01-08T10:16:49.500000,-0.118669853952,0.09658999142399999,0.037360039936,-0.8805000448,-32.9534998016,28.6104999168,52.553905,-1.462751,51.17360018176,0.0
2020-01-08T10:16:49.600000,0.07753500953600001,0.08272498944,0.05871986483199999,-0.9670001152,-32.774000358399995,28.5,52.553905,-1.462751,51.40644996352,0.0
2020-01-08T10:16:49.700000,0.089134995456,0.029459832575999996,-0.085654850048,-1.04499968,-33.2785001216,28.5465001984,52.553905,-1.462751,51.427600296959994,0.0
2020-01-08T10:16:49.800000,0.08770607728091973,-0.15083924167160134,0.0874241480247932,-0.7063639490172451,-33.47787892500756,28.896363949017243,52.553905,-1.462751,51.84987888880557,0.0
2020-01-08T10:16:49.900000,0.09491781000732516,0.08775742767995418,-0.055510889131652516,-1.2185148695539767,-33.65039601450837,29.280197956561082,52.553905,-1.462751,51.99332672464268,0.0
2020-01-08T10:16:50.000000,-0.030178883375267314,0.1032878762098578,-0.06005462131418421,-1.2851512079830576,-33.42939390099788,28.645454166979125,52.553905,-1.462751,51.97130319430905,0.0
2020-01-08T10:16:50.100000,-0.16692177522171894,0.06178710494232392,-0.14795047638842068,-0.8591089420096267,-33.420693101429286,28.229505057904195,52.553905,-1.462751,52.23418812463406,0.0
2020-01-08T10:16:50.200000,-0.10218414323806434,-0.14471783885717762,0.04472285796842842,-1.1021781756612898,-33.642475135096774,29.03643542222177,52.553905,-1.462751,52.362604148712904,0.0
2020-01-08T10:16:50.300000,-0.0937674724217647,-0.18494041239352704,0.249345476548803,-1.0707065613703008,-33.43222177400586,28.53535328068515,52.553905,-1.462751,52.830737289187475,0.0
2020-01-08T10:16:50.400000,-0.23007484672,-0.139319835392,0.18932482304,-1.5180000768,-33.725999641600005,28.7409999616,52.553905,-1.462751,52.92195008512,0.0
2020-01-08T10:16:50.500000,-0.019419969792,0.038514825983999995,-0.027474922239999998,-1.6019999232000002,-33.1284994816,28.6990000384,52.553905,-1.462751,53.058250099199995,0.0
2020-01-08T10:16:50.600000,0.016784983296,-0.114479666688,0.047959881216000005,-1.5285001216,-32.59000064,28.7965001984,52.553905,-1.462751,53.259600296959995,0.0
2020-01-08T10:16:50.700000,-0.010305020928000001,0.284054811648,-0.09362993100799999,-1.57749952,-33.40249984,29.06,52.553905,-1.462751,53.681600117760006,0.0
2020-01-08T10:16:50.800000,-0.030554518138493324,0.07206680483762112,0.0229394842249799,-0.9960608090111941,-33.17939390099788,29.10848502400968,52.553905,-1.462751,53.84830306760206,0.0
2020-01-08T10:16:50.900000,0.006757422610644031,0.33421191186497384,0.06325736279278435,-1.3004950434820077,-33.18970301446527,29.340396014508364,52.553905,-1.462751,53.90378217681248,0.0
2020-01-08T10:16:51.000000,0.009060121856000001,0.537609770496,-0.454779958528,-1.3055002368,-33.475999641600005,29.1390000384,52.553905,-1.462751,53.97405035008,0.0
2020-01-08T10:16:51.100000,0.143584883456,0.287310232576,-0.359784829696,-1.5929998848,-33.0285001216,29.274000358400002,52.553905,-1.462751,54.47305014527999,0.0
2020-01-08T10:16:51.200000,0.007265078784,0.5267347036159999,-0.088089805824,-1.5420004351999999,-33.236500198399995,29.7785001216,52.553905,-1.462751,54.69780013568,0.0
2020-01-08T10:16:51.300000,0.08238474163410642,0.1044635326942819,0.1699666672700333,-2.1957578500151276,-33.3772722829755,29.84454510898094,52.553905,-1.462751,54.8714848248987,0.0
2020-01-08T10:16:51.400000,-0.09484456202427692,-0.08024853028025682,0.18305050274883342,-2.6009900869640155,-32.748613898527616,29.40980204343892,52.553905,-1.462751,54.8378514869554,0.0
2020-01-08T10:16:51.500000,-0.142879934208,-0.204364977664,0.21564986368,-2.3679994368,-32.956499558400004,29.9955002368,52.553905,-1.462751,54.8297499008,0.0
2020-01-08T10:16:51.600000,-0.06510004096,-0.20165511500799999,0.094885257216,-1.7700006400000001,-32.4645004032,30.3670002432,52.553905,-1.462751,54.7115000576,0.0
2020-01-08T10:16:51.700000,-0.1048029770970653,-0.3006573811992687,0.38313617044934434,-2.5442421499848726,-33.07575785001513,30.632424033988503,52.553905,-1.462751,54.80224247580284,0.0
2020-01-08T10:16:51.800000,-0.03743862332744448,-0.08977530460217321,0.11870794259513194,-2.051881144954389,-33.450891057990376,30.321089115937657,52.553905,-1.462751,54.86774256522301,0.0
2020-01-08T10:16:51.900000,-0.04227968204799999,-0.39269425075200004,0.170939442944,-1.76500032,-33.095499596799996,30.45500032,52.553905,-1.462751,54.80610006016,0.0
2020-01-08T10:16:52.000000,0.35509989376,0.47683446425600007,-0.45582951756799994,-2.2170001152,-32.5795000832,31.0015005184,52.553905,-1.462751,54.939400227840004,0.0
2020-01-08T10:16:52.100000,0.17431803816207633,-0.047229624352566085,0.09739968323252803,-2.3987879830057484,-32.66121201699425,31.614242149984875,52.553905,-1.462751,55.169423979685504,0.0
2020-01-08T10:16:52.200000,-0.04417722536378637,0.922900939596635,-0.37460394899260135,-2.6883169129928954,-32.63782186951089,31.050593971069446,52.553905,-1.462751,54.75682177826331,0.0
2020-01-08T10:16:52.300000,-0.029755022848000003,0.515340067584,-0.289830046208,-3.3144997632,-33.342999884799994,30.497500799999997,52.553905,-1.462751,54.71094994432,0.0
2020-01-08T10:16:52.400000,-0.05556968056909539,0.6265697746942871,-0.34103329652796993,-3.0378789250075635,-33.20818188400363,31.550909057998183,52.553905,-1.462751,54.60487867159359,0.0
2020-01-08T10:16:52.500000,-0.013000000000000001,0.6269600000000001,-0.22259600000000002,-3.4004,-33.220400000000005,31.5,52.553905,-1.462751,54.439879999999995,0.0
2020-01-08T10:16:52.600000,0.08157199999999999,0.04864799999999999,0.047132,-4.2492,-32.7404,31.6008,52.553905,-1.462751,54.4668,0.0
2020-01-08T10:16:52.700000,0.091488,0.23177599999999998,-0.159584,-4.4704,-32.709199999999996,32.198800000000006,52.553905,-1.462751,54.12424,0.0
2020-01-08T10:16:52.800000,0.011700981164978162,-0.05809000382732918,0.12553459322588084,-4.049108942009626,-32.84960398549163,32.620198057947285,52.553905,-1.462751,53.72907920290167,0.0
2020-01-08T10:16:52.900000,-0.053109054377985056,0.7294302651279094,-0.3611514487263362,-4.367575966011496,-32.86151443296037,33.00666690801331,52.553905,-1.462751,53.67275752419715,0.0
2020-01-08T10:16:53.000000,-0.006817828256841669,0.6656831650744808,-0.2679366397063856,-4.7692079709832695,-31.85930699995691,33.34990097102636,52.553905,-1.462751,53.45723753773468,0.0
2020-01-08T10:16:53.100000,-0.06336500966400001,0.693730235648,-0.322590017024,-5.1990000384,-32.40249984,33.1704999168,52.553905,-1.462751,52.6474996224,0.0
2020-01-08T10:16:53.200000,-0.044444864512000005,0.8392992857599999,-0.252169603072,-5.25,-32.1239997184,33.192000563200004,52.553905,-1.462751,52.0724996864,0.0
2020-01-08T10:16:53.300000,0.11869690886664477,-0.03493609442515107,0.19696941448441896,-5.41060664203207,-31.76818188400363,33.902121074992436,52.553905,-1.462751,51.57145423938312,0.0
2020-01-08T10:16:53.400000,0.04266400000000001,0.238524,-0.161744,-6.3995999999999995,-31.9212,33.6596,52.553905,-1.462751,50.941359999999996,0.0
2020-01-08T10:16:53.500000,0.14543663869252355,-0.4762029475503826,0.2591277291264818,-6.939703014465277,-32.12029698553472,33.53960398549163,52.553905,-1.462751,49.93476225949292,0.0
2020-01-08T10:16:53.600000,0.12902475008,-0.21015467852799996,0.263169789952,-7.3760002816,-31.7785001216,33.7785001216,52.553905,-1.462751,48.92629987328,0.0
2020-01-08T10:16:53.700000,-0.141294737152,0.188689880064,-0.005029954048000001,-7.8160002816,-31.9294999552,34.006000281599995,52.553905,-1.462751,48.54259908096,0.0
2020-01-08T10:16:53.800000,0.22052005427200003,0.06525015296,0.024979867648000004,-8.2545002752,-31.964500403200002,34.4265001984,52.553905,-1.462751,47.2064995072,0.0
2020-01-08T10:16:53.900000,0.22587971532800002,0.26083996774400003,-0.11524984831999999,-8.6860002816,-32.4339997184,34.7185001216,52.553905,-1.462751,46.4649996288,0.0
2020-01-08T10:16:54.000000,-0.149709989376,0.262970191872,0.041619809792,-9.06,-32.0509999616,34.91750016,52.553905,-1.462751,45.8639995392,0.0
2020-01-08T10:16:54.100000,-0.10024484915199999,0.40445951641600003,-0.14352971212799998,-9.088500121600001,-31.96249984,35.157000115200006,52.553905,-1.462751,44.945848693760006,0.0
2020-01-08T10:16:54.200000,0.10530502220799999,-0.178414746624,0.199439832064,-9.2965001984,-31.8340003584,35.245499724800005,52.553905,-1.462751,43.138099688960004,0.0
2020-01-08T10:16:54.300000,0.0879513455506453,0.13606961721560099,-0.0028575006658581557,-9.635757850015128,-32.21606026598124,34.889090942001815,52.553905,-1.462751,42.63499967418203,0.0
2020-01-08T10:16:54.400000,-0.1354930446530184,0.03437130086102233,0.09318117537024974,-10.050495043482009,-31.69,34.97960398549163,52.553905,-1.462751,41.8857721218358,0.0
2020-01-08T10:16:54.500000,0.03834985984000001,0.16340505932799998,-0.028985065216,-9.9714998784,-31.6419997952,35.2080000768,52.553905,-1.462751,40.393999193599996,0.0
2020-01-08T10:16:54.600000,-0.16896509030399998,0.232434958336,-0.08073985126399999,-9.77249984,-31.455500364800002,35.188499481600005,52.553905,-1.462751,39.06379889408,0.0
2020-01-08T10:16:54.700000,-0.204704640768,0.155304907008,0.116514998784,-9.747500800000001,-31.86499968,34.6695007232,52.553905,-1.462751,37.39834916096,0.0
2020-01-08T10:16:54.800000,0.280485034496,0.006599892480000005,0.105809961216,-10.81,-31.3364995584,35.5729997568,52.553905,-1.462751,36.05944904192,216.9602554453207
2020-01-08T10:16:54.900000,0.24004963199999999,-0.041744596992000005,0.005084790015999999,-10.81,-30.9375008,35.32500032,52.553781249472,-1.46290415065344,34.65514943744,216.96079792779906
2020-01-08T10:16:55.000000,-0.2328666093468384,0.486363610528575,-0.2512544638354981,-10.932727717024507,-31.924242149984874,35.69393919098881,52.55308,-1.463772,33.766181304771685,0.0
2020-01-08T10:16:55.100000,-0.12260790710996093,0.39898610856941535,-0.08731284740616073,-11.570891057990373,-31.47940592754435,35.38,52.55308,-1.463772,32.88138608119514,0.0
2020-01-08T10:16:55.200000,-0.03709707539583004,0.17032735681463804,0.0860514179546389,-11.319090942001816,-31.418485024009684,35.30424214998487,52.55308,-1.463772,32.357424088291495,0.0
2020-01-08T10:16:55.300000,-0.18982771594627545,0.24650689654298394,-0.05666435159721289,-11.281287072498738,-31.729603985491636,35.01782186951089,52.55308,-1.463772,32.0351979666997,0.0
2020-01-08T10:16:55.400000,-0.09544835035258159,-0.016572643185361984,-0.05472135193771188,-10.819090942001816,-31.806666183973377,35.67424214998487,52.55308,-1.463772,31.604697022902936,0.0
2020-01-08T10:16:55.500000,0.1045207869597066,0.1088425713061838,-0.23673463175263795,-10.692574144997478,-31.020396014508364,35.33871292750126,52.55308,-1.463772,31.644861359436902,0.0
2020-01-08T10:16:55.600000,0.06628183513093487,0.08266060084971258,-0.05862425663078359,-9.834848792016942,-30.85696986700938,35.82969704100393,52.55308,-1.463772,31.418272717399454,0.0
2020-01-08T10:16:55.700000,0.08514950029275266,0.08679802753142339,-0.11473863549378882,-10.20069300004309,-31.070891057990373,35.76098998557781,52.55308,-1.463772,31.372108891316525,0.0
2020-01-08T10:16:55.800000,0.01782487936,0.13859494451200002,-0.2653498688,-9.5359996416,-30.9045004032,34.725999641600005,52.55308,-1.463772,31.192999936,0.0
2020-01-08T10:16:55.900000,-0.11671808884487186,0.09223343228545791,-0.1246758791267044,-9.182727717024507,-31.458181884003633,34.27878798300575,52.55308,-1.463772,31.032696697084965,0.0
2020-01-08T10:16:56.000000,0.03541683695324322,0.18486431813976595,-0.2820148320410817,-9.662475116023835,-31.56,34.459009913035985,52.55308,-1.463772,30.655990127518496,0.0
2020-01-08T10:16:56.100000,0.086980031488,-0.10976988723199999,-0.11437998028799999,-8.6545004032,-31.56,34.5705000448,52.55308,-1.463772,30.85284982016,0.0
2020-01-08T10:16:56.200000,0.0980498688,-0.0278752896,-0.045809819136000005,-9.1239997184,-31.5795000832,34.6390000384,52.55308,-1.463772,30.588199889920002,0.0
2020-01-08T10:16:56.300000,-0.08272502784,-0.38377487744,0.16778988646399998,-8.7304999168,-31.69,34.539999359999996,52.55308,-1.463772,30.417699896320002,0.0
2020-01-08T10:16:56.400000,-0.10438808258899152,-0.2520099743493557,0.030767359301653606,-8.556138462786288,-31.652871199294356,33.67069302363306,52.55308,-1.463772,30.293366368254034,0.0
2020-01-08T10:16:56.500000,-0.0208999663019968,-0.4156572536911069,0.10704287796620796,-8.028572693645966,-31.528570734459738,33.52428599416947,52.55308,-1.463772,30.366857167486913,0.0
2020-01-08T10:16:56.600000,-0.02168612276348373,-0.3516475379627963,0.10309208680686689,-7.06,-31.97128707249874,33.251386101472384,52.55308,-1.463772,30.29097026089205,0.0
2020-01-08T10:16:56.700000,0.108184987136,-0.477205063168,0.161174976,-6.9189993984,-31.5930003968,33.1185007616,52.55308,-1.463772,29.99505003008,0.0
2020-01-08T10:16:56.800000,0.052054833408000004,-0.51714981248,0.12485998105599999,-6.1485001216,-32.1109999616,33.9979994368,52.55308,-1.463772,30.00034985216,0.0
2020-01-08T10:16:56.900000,-0.145694899712,-0.307295167232,0.098934996736,-6.1419992832,-32.1065001984,33.2695000832,52.55308,-1.463772,29.78029989888,0.0
2020-01-08T10:16:57.000000,-0.013760005376,-0.474454765568,0.06146485862400001,-5.1704999168,-32.418000204799995,33.26749952,52.55308,-1.463772,29.606549831680002,0.0
2020-01-08T10:16:57.100000,-0.015439976703999998,-0.197660147456,-0.093179858688,-4.98499968,-32.6239997184,32.7515005184,52.55308,-1.463772,29.38360000256,0.0
2020-01-08T10:16:57.200000,0.006302997008163551,-0.3424240575198012,0.0692574843749596,-4.341817391956433,-32.28787892500756,33.33545416697912,52.55308,-1.463772,29.40442430550348,0.0
2020-01-08T10:16:57.300000,-0.02119998479206957,-0.09133071520362152,-0.08249208579300485,-3.199207970983269,-32.351089014551455,32.73099008696401,52.55308,-1.463772,29.48948514058464,0.0
2020-01-08T10:16:57.400000,0.08120489292800001,-0.249584883456,-0.14100001407999999,-3.5359996416,-31.63500032,32.6855002368,52.55308,-1.463772,29.419699985919998,0.0
2020-01-08T10:16:57.500000,-0.04895538652222512,-0.0973841710790787,-0.12836321277668927,-2.9025734859871593,-32.106039829569795,32.87079144604606,52.55308,-1.463772,29.3438215019859,0.0
2020-01-08T10:16:57.600000,-0.0005573047414795217,-0.15345746617800338,0.06778584347971464,-2.017142991486705,-32.397143069853946,32.13,52.55308,-1.463772,28.94499944359256,0.0
2020-01-08T10:16:57.700000,-0.11409207261279848,-0.3690475045053494,0.1287118571164243,-2.0914851304460234,-32.540990086964015,32.13,52.55308,-1.463772,28.572703004326655,0.0
2020-01-08T10:16:57.800000,-0.050459964416,-0.245515197184,-0.038734853375999995,-1.7704992767999999,-32.504500275199995,32.101499878400006,52.55308,-1.463772,28.8174998272,0.0
2020-01-08T10:16:57.900000,0.000535015936,-0.48347489792,0.13139989504,-0.8009999616000001,-32.83249984,31.8454995968,52.55308,-1.463772,28.636000204800002,0.0
2020-01-08T10:16:58.000000,0.00024990847999999816,-0.351395014912,-0.005659990016,-0.5909993216,-32.630500044799994,31.0759990016,52.55308,-1.463772,28.84919974912,0.0
2020-01-08T10:16:58.100000,-0.10821994419200001,-0.36057995468799997,0.024895073792,0.3205000448,-32.595499596799996,29.7965001984,52.55308,-1.463772,28.449999718399997,0.0
2020-01-08T10:16:58.200000,-0.025842394348351127,-0.321824319984278,0.12280909057998185,0.5027277170245061,-32.069090942001814,29.928181340973676,52.55308,-1.463772,28.114181956407624,0.0
2020-01-08T10:16:58.300000,0.01791286971112536,-0.4559148604292185,0.10967424942526696,1.220099028973642,-32.19920797098327,29.19,52.55308,-1.463772,28.297267307258494,0.0
2020-01-08T10:16:58.400000,-0.004451548281827373,-0.5173999511273044,0.056751566382825774,1.3421210749924362,-32.77151570003025,29.312727717024508,52.55308,-1.463772,28.1274848248987,0.0
2020-01-08T10:16:58.500000,-0.059612873766573475,-0.45333268057516396,0.13460593971069448,1.2583169129928953,-33.512277159462755,29.752871130532203,52.55308,-1.463772,28.072148502905982,0.0
2020-01-08T10:16:58.600000,-0.082365008384,-0.49499491635199994,0.110054926848,1.9580000767999999,-32.8919997952,28.32749952,52.55308,-1.463772,27.985500057600003,0.0
2020-01-08T10:16:58.700000,-0.102815039744,-0.387485015296,0.025335053056,2.0885001216,-32.668000204799995,27.493499161600003,52.55308,-1.463772,28.0042497536,0.0
2020-01-08T10:16:58.800000,-0.131854898688,-0.440440139264,0.10322503168,2.4090006784,-32.9114998784,26.2194993152,52.55308,-1.463772,27.6537499008,0.0
2020-01-08T10:16:58.900000,-0.0012545597707896428,-0.6298697131508925,0.1392848267087989,3.2918181159963695,-32.80606080901119,25.187272282975492,52.55308,-1.463772,27.54715160620502,0.0
2020-01-08T10:16:59.000000,-0.01139207159893646,-0.6205712653758514,0.07380592044731593,3.4371288694677986,-33.15009902897364,24.282970159505844,52.55308,-1.463772,27.63952472175824,0.0
2020-01-08T10:16:59.100000,0.04474845714847215,-0.4620637227547651,-0.059418052642875065,4.607575241971561,-33.32969704100393,23.0724240339885,52.55308,-1.463772,27.382454547100092,0.0
2020-01-08T10:16:59.200000,0.0031673275357323,-0.5400167963987621,0.11207522957638309,3.919306999956911,-33.577821869510885,22.56148502905982,52.55308,-1.463772,27.381039601450837,0.0
2020-01-08T10:16:59.300000,0.012300010240000001,-0.265455090688,-0.052740061184,4.5660002816,-34.225999641600005,21.447499519999997,52.55308,-1.463772,27.334649891839998,0.0
2020-01-08T10:16:59.400000,0.023529989887999998,-0.358119881472,-0.143690041344,4.9685001216,-33.75,20.7454997248,52.55308,-1.463772,27.1812499584,0.0
2020-01-08T10:16:59.500000,0.024872780752949818,-0.19651816667916497,-0.17456960997520163,5.29060664203207,-33.80606080901119,20.179999275960064,52.55308,-1.463772,27.115696932397945,0.0
2020-01-08T10:16:59.600000,0.07848314986655042,-0.19955546230841176,-0.02765939812080673,6.031584058033463,-34.06138610147238,19.031485130446022,52.55308,-1.463772,27.04310890145515,0.0
2020-01-08T10:16:59.700000,-0.068684967936,-0.324229932288,0.017379912448000003,5.3685007616,-33.6464995584,18.6639990784,52.55308,-1.463772,26.971500031999998,0.0
2020-01-08T10:16:59.800000,-0.036509128592078485,-0.2838759370498993,-0.054399838901114245,6.237575241971561,-33.24939462503782,17.34454510898094,52.55308,-1.463772,27.02657580310251,0.0
2020-01-08T10:16:59.900000,-0.07732672160109091,-0.5174603681333025,0.1541821524797798,5.568316912992896,-34.27039601450837,16.781485130446022,52.55308,-1.463772,27.080524742035482,0.0
2020-01-08T10:17:00.000000,0.013219990272,-0.301695077632,-0.038889903104,6.2034998016000005,-34.192000563200004,16.47999936,52.55308,-1.463772,27.04055020288,0.0
2020-01-08T10:17:00.100000,0.0013882385716221847,-0.35503514423825033,0.04979987952956295,5.810587845536822,-34.86647036678228,15.427058212319107,52.55308,-1.463772,27.29676466602081,0.0
2020-01-08T10:17:00.200000,0.001558185480078994,-0.10168558665872543,-0.164968429673051,5.110407980941036,-34.53948943606783,14.058980282749758,52.55308,-1.463772,27.20991840381179,0.0
2020-01-08T10:17:00.300000,-0.021387816476563085,-0.3025059523840308,-0.06043639309162467,5.317272282975495,-35.02787820096763,12.725151207983059,52.55308,-1.463772,27.1014240882915,0.0
2020-01-08T10:17:00.400000,0.06931286768340131,-0.16035150114946606,-0.10580990086964015,4.688613898527619,-34.07089105799037,12.191386101472382,52.55308,-1.463772,26.81056432320908,0.0
2020-01-08T10:17:00.500000,0.032169970432000004,-0.2629998656,-0.116815051264,4.96249984,-33.922500480000004,11.6924992,52.55308,-1.463772,26.58705023488,0.0
2020-01-08T10:17:00.600000,-0.010645467380707957,-0.09421215637193932,-0.18039998370910146,4.665151207983057,-34.55090905799819,10.63,52.55308,-1.463772,26.889151479498032,0.0
2020-01-08T10:17:00.700000,-0.007814837110391833,-0.18329309129067173,-0.13287919377691487,4.199504956517993,-34.58871292750126,10.450989985577813,52.55308,-1.463772,26.85918813477268,0.0
2020-01-08T10:17:00.800000,0.11952502912,-0.334284857856,-0.037895100672,4.21249984,-35.0509999616,9.4819999232,52.55308,-1.463772,27.00110003456,0.0
2020-01-08T10:17:00.900000,0.10979479347200001,-0.226860347136,-0.118379772928,3.9159996416,-35.03750016,9.2014992384,52.55308,-1.463772,27.01564986624,0.0
2020-01-08T10:17:01.000000,-0.15575496268800001,-0.647144826112,0.150544860672,3.5330003968,-35.2034998016,8.0864995584,52.55308,-1.463772,26.84010000896,0.0
2020-01-08T10:17:01.100000,-0.09504844447777328,-0.4958215003658988,0.011757743219236706,3.9842421499848726,-34.8824240339885,7.4060602659812425,52.55308,-1.463772,26.8274544565951,0.0
2020-01-08T10:17:01.200000,-0.019388110439990773,-0.9067059184195918,0.2596475176855558,3.5996039854916346,-34.52039601450837,6.6914850290598205,52.55308,-1.463772,26.7340396318667,0.0
2020-01-08T10:17:01.300000,0.01869382316358907,-0.7454819075349285,0.22083946793408132,3.5933325489567363,-34.37666690801331,5.652121074992436,52.55308,-1.463772,26.9499696316964,0.0
2020-01-08T10:17:01.400000,-0.150828,-0.8799560000000001,0.3253,2.4392,-34.7596,5.2192,52.55308,-1.463772,26.87716,0.0
2020-01-08T10:17:01.500000,-0.11890397433915206,-0.7822167822046936,0.2272395750904238,2.6707920290167313,-34.84960398549163,3.9316830870071042,52.55308,-1.463772,27.02040593768297,0.0
2020-01-08T10:17:01.600000,-0.238905013248,-0.40767517184,0.018515142143999998,2.21249984,-35.09750016,3.0714992384,52.55308,-1.463772,27.00905005568,0.0
2020-01-08T10:17:01.700000,-0.18739470515200002,-0.569029714688,0.16216480742400002,1.8589993984,-35.3295000832,2.06,52.55308,-1.463772,27.09755006208,0.0
2020-01-08T10:17:01.800000,0.18274990848,-0.206135068416,-0.097785017856,1.06,-35.4670001152,2.06,52.55308,-1.463772,27.21030012928,0.0
2020-01-08T10:17:01.900000,0.05666968056909539,-0.2695605067245209,-0.14546978374478625,0.8993933579679303,-35.516969323979424,1.843332548956736,52.55308,-1.463772,27.391242457701846,0.0
2020-01-08T10:17:02.000000,0.0401,-0.1207,-0.249092,-0.07039999999999999,-34.9496,0.59,52.55308,-1.463772,27.47932,0.0
2020-01-08T10:17:02.100000,0.06364652029878513,-0.1446326724642677,-0.08735445478302085,-0.47960398549163435,-34.90019795656108,0.30079202901673124,52.55308,-1.463772,27.664297026089205,0.0
2020-01-08T10:17:02.200000,-0.05062497408,-0.123079936768,-0.103010090496,-0.9240009983999999,-34.436000281599995,-0.13950008319999999,52.55308,-1.463772,27.66685014016,0.0
2020-01-08T10:17:02.300000,-0.012434983936,-0.088465210624,-0.18350983065600002,-2.2409999616,-34.8190000384,-0.3340003584,52.55308,-1.463772,27.9032502144,0.0
2020-01-08T10:17:02.400000,0.0024499724800000006,-0.346314906624,0.008129858047999997,-2.4615011584,-34.9645004032,-0.81,52.55308,-1.463772,28.199400048639998,0.0
2020-01-08T10:17:02.500000,-0.046430052608,-0.29715031936,-0.12825977753599999,-3.9339997184,-35.5555002368,-1.0260009216000001,52.55308,-1.463772,28.28170007552,0.0
2020-01-08T10:17:02.600000,-0.12359003110399999,-0.687294854912,0.144894904832,-3.8510012416,-35.79499968,-2.2304999168,52.55308,-1.463772,28.39670006272,0.0
2020-01-08T10:17:02.700000,-0.16542500223999998,-0.510290066944,0.04692512128,-5.5660002816,-35.219999359999996,-2.2235004416,52.55308,-1.463772,28.462149923840002,0.0
2020-01-08T10:17:02.800000,-0.128019827712,-0.552819802112,0.170829841408,-6.01500032,-34.4645004032,-2.8385001216,52.55308,-1.463772,28.440350338560002,0.0
2020-01-08T10:17:02.900000,0.056639811584000006,-0.33521019289599996,0.0033701841919999975,-6.6170007552,-35.1215005184,-3.03750016,52.55308,-1.463772,28.886249984,0.0
2020-01-08T10:17:03.000000,-0.180309943296,-0.58734998272,0.212659849216,-7.7895007232,-35.6794994432,-3.32500032,52.55308,-1.463772,28.920050234879998,0.0
2020-01-08T10:17:03.100000,-0.0969090616183844,-0.556642396158451,0.0010514740677339367,-8.843939734018758,-35.02484879201694,-3.683333091986688,52.55308,-1.463772,29.249424305503478,0.0
2020-01-08T10:17:03.200000,-0.06783763405157009,-0.5230059468077286,-0.025002946536520576,-9.469802043438918,-35.51900991303599,-3.3591089420096267,52.55308,-1.463772,29.380108931871007,0.0
2020-01-08T10:17:03.300000,-0.10879980671999999,-0.54149985664,0.140314855424,-10.0285001216,-35.5734998016,-3.5644997632,52.55308,-1.463772,29.52254985728,0.0
2020-01-08T10:17:03.400000,0.146534994176,-0.38357513856000003,-0.037929941248000004,-10.3580007168,-35.2919999232,-3.2785001216,52.55308,-1.463772,29.372900170239998,0.0
2020-01-08T10:17:03.500000,0.100954838528,-0.490244669952,0.020809917695999998,-11.38500032,-35.15249984,-3.4490000384,52.55308,-1.463772,29.62165009664,0.0
2020-01-08T10:17:03.600000,-0.1146250048,-0.08680514892800001,-0.09391502310399999,-11.96000064,-35.004500275199995,-3.61250048,52.55308,-1.463772,29.83490036224,0.0
2020-01-08T10:17:03.700000,-0.11873499033599999,-0.25987989452800003,-0.118284973056,-12.8670002432,-35.2304994048,-4.0714992384,52.55308,-1.463772,30.313749990399998,0.0
2020-01-08T10:17:03.800000,-0.11475580701538461,-0.10135280590769231,-0.09953372652307693,-13.306827421538461,-34.41259603692308,-3.1234618092307693,52.55308,-1.463772,30.32652895507692,246.96030085914282
2020-01-08T10:17:03.900000,-0.13476960240000002,-0.040254448,-0.1865863768,-14.18562608,-34.364584,-3.385416,52.553063614488,-1.4638353649520002,30.501031384,246.96050369061652
2020-01-08T10:17:04.000000,0.10464541126761291,-0.3850665622842426,-0.07969394444027833,-15.706363949017245,-35.30606080901119,-2.4151512079830573,52.552937,-1.464325,30.690515193202298,0.0
2020-01-08T10:17:04.100000,0.04603267854743987,-0.2627128960715381,-0.060648497836671894,-16.297722840537247,-35.57089105799037,-1.7910890145514546,52.552937,-1.464325,30.796029728969334,0.0
2020-01-08T10:17:04.200000,0.084674976,-0.44634989696,0.032484788736000005,-16.927000243200002,-35.263499801600005,-1.0,52.552937,-1.464325,31.06095020032,0.0
2020-01-08T10:17:04.300000,0.046184971776,-0.356810201856,-0.192959764736,-17.4555008768,-34.8589993984,-0.9714998784,52.552937,-1.464325,31.29519986432,0.0
2020-01-08T10:17:04.400000,0.01087500928,-0.564914744064,0.07863982566399999,-18.7610006016,-34.1635004416,-0.7634998016000001,52.552937,-1.464325,31.15715017984,0.0
2020-01-08T10:17:04.500000,0.001629907968000003,-0.282405244928,-0.12063486233600001,-19.5885001216,-34.7034998016,-0.5180000768,52.552937,-1.464325,31.371699896320003,0.0
2020-01-08T10:17:04.600000,-0.11086495846399999,-0.54064971392,0.048114939903999995,-19.9555008768,-34.3829997568,-0.5269996031999999,52.552937,-1.464325,31.24360004096,0.0
2020-01-08T10:17:04.700000,-0.065795043072,-0.26673545241600005,0.017470209791999994,-21.3180008448,-34.09750016,0.24450104320000002,52.552937,-1.464325,31.32620012032,0.0
2020-01-08T10:17:04.800000,-0.12862123247112245,-0.7805390787626157,0.24941801282067855,-22.553636775022692,-34.24333309198669,1.6860608090111942,52.552937,-1.464325,31.47509086959782,0.0
2020-01-08T10:17:04.900000,-0.114212,-0.379112,0.011280000000000005,-23.249200000000002,-33.87,2.0096,52.552937,-1.464325,31.38632,0.0
2020-01-08T10:17:05.000000,0.115868,-0.789296,0.101996,-23.88,-33.7404,2.2312,52.552937,-1.464325,31.26452,0.0
2020-01-08T10:17:05.100000,0.056877226377648395,-0.5737198047808664,-0.06199009811649781,-25.50138610147238,-33.06,3.2377228405372454,52.552937,-1.464325,31.354415820303096,0.0
2020-01-08T10:17:05.200000,0.029714932224000002,-0.607145042432,-0.014344828672000001,-25.34000064,-32.975999641600005,4.0080008448,52.552937,-1.464325,31.19385007616,0.0
2020-01-08T10:17:05.300000,-0.027869861631999997,-0.585484667136,0.15829976576,-26.1704999168,-32.5465001984,5.2320004352,52.552937,-1.464325,31.24804979968,0.0
2020-01-08T10:17:05.400000,0.14067493504,-0.128969938432,-0.19697518847999998,-26.1920005632,-32.8295000832,5.9795007232,52.552937,-1.464325,30.97329996288,0.0
2020-01-08T10:17:05.500000,0.045869666088296665,-0.07953345038645632,-0.4230423364251562,-26.920302958996068,-33.09151570003025,7.158182608043567,52.552937,-1.464325,30.951272826005447,0.0
2020-01-08T10:17:05.600000,-0.00101287072498739,-0.2221999756673113,-0.2650376097188814,-26.879703014465274,-33.879801942052715,8.508316912992896,52.552937,-1.464325,31.097188114495438,0.0
2020-01-08T10:17:05.700000,0.002934996736,-0.10115035392000002,-0.11318985446399998,-27.1929997568,-33.56,9.34000064,52.552937,-1.464325,31.04254992128,0.0
2020-01-08T10:17:05.800000,-0.009380034048,-0.522854793728,0.043109842176,-27.0395007232,-33.5795000832,10.3580007168,52.552937,-1.464325,30.96830012928,0.0
2020-01-08T10:17:05.900000,-0.035759919616,-0.294530194688,-0.14216989619200002,-27.9909999616,-33.595499596799996,11.46000064,52.552937,-1.464325,31.1670001152,0.0
2020-01-08T10:17:06.000000,0.060969660657997145,-0.5414787458076795,-0.0022090833395824877,-27.920302958996068,-33.1175759660115,12.320606099002118,52.552937,-1.464325,31.393636630214704,0.0
2020-01-08T10:17:06.100000,0.0246653591226038,-0.4567088984135594,-0.001113868111758013,-27.989010014422185,-33.34970291307907,12.73643586942471,52.552937,-1.464325,31.68401972468577,0.0
2020-01-08T10:17:06.200000,0.13294501171200002,-0.353945007872,-0.060395012352,-28.82749952,-32.87,14.7605005568,52.552937,-1.464325,31.03915001344,0.0
2020-01-08T10:17:06.300000,0.11196956472270564,-0.3567787602884782,-0.07869394625037818,-28.33090960102814,-32.82303013299062,15.756061533051131,52.552937,-1.464325,31.112151714811013,0.0
2020-01-08T10:17:06.400000,-0.05234650914630283,-0.3001118723243547,-0.08789009811649783,-28.921980072541828,-32.59009902897365,17.26920797098327,52.552937,-1.464325,31.377594031901168,0.0
2020-01-08T10:17:06.500000,0.106029763328,-0.2738002048,-0.049019866112,-28.0485007616,-32.71249984,17.8775008,52.552937,-1.464325,31.158850050559998,0.0
2020-01-08T10:17:06.600000,-0.17379987510311107,-0.5122241208732956,0.10704234547565544,-28.946363224977308,-32.41515120798306,19.00666690801331,52.552937,-1.464325,31.25600010860599,0.0
2020-01-08T10:17:06.700000,0.009689102757451253,-0.4078911421409217,0.04032874780435504,-28.240296985534723,-31.900396014508367,19.63663382598579,52.552937,-1.464325,31.440633673906486,0.0
2020-01-08T10:17:06.800000,-0.044690011904,-0.7113643978240001,0.241609609216,-27.7484994816,-31.5579994368,20.9714998784,52.552937,-1.464325,31.5462500736,0.0
2020-01-08T10:17:06.900000,-0.064640017664,-0.07375069183999997,-0.17050954393599999,-27.1635004416,-30.84750016,21.0455010048,52.552937,-1.464325,31.650450027519998,0.0
2020-01-08T10:17:07.000000,-0.082789977344,-0.956554846208,0.395569830912,-27.63749952,-31.06,22.313999718399998,52.552937,-1.464325,31.69240002304,0.0
2020-01-08T10:17:07.100000,-0.0569878943108562,-0.7505727210196551,0.1610605700780153,-27.06666690801331,-31.117575966011497,22.223334359056576,52.552937,-1.464325,31.764969848908382,0.0
2020-01-08T10:17:07.200000,-0.08629109246168236,-0.7494703024603897,0.1371782379584874,-27.291089014551456,-31.459009913035985,24.00801992745817,52.552937,-1.464325,31.94360392465991,0.0
2020-01-08T10:17:07.300000,-0.09509491763200001,-0.74054976768,0.258629797888,-26.5,-31.5690000384,25.1545004032,52.552937,-1.464325,31.580249728,0.0
2020-01-08T10:17:07.400000,0.005254961408000001,-0.474315180544,0.028675164160000006,-26.358999398399998,-31.5554997248,25.6434998016,52.552937,-1.464325,31.23685007616,0.0
2020-01-08T10:17:07.500000,-0.033954948607999996,-0.640614686464,0.212229852928,-25.5314998784,-31.11499968,25.4820004352,52.552937,-1.464325,31.37640016384,0.0
2020-01-08T10:17:07.600000,0.024954960127999998,-0.244360086016,-0.0012500774400000005,-25.182499200000002,-30.802500480000003,26.1635004416,52.552937,-1.464325,31.607500057600003,0.0
2020-01-08T10:17:07.700000,-0.017634955776,-0.31413981030399996,-0.117735058176,-24.205500364800002,-31.316999475200003,26.86250048,52.552937,-1.464325,31.634799790080002,0.0
2020-01-08T10:17:07.800000,0.036374979839999995,-0.073990050304,-0.19432499712,-24.539999360000003,-30.8075008,27.6035004416,52.552937,-1.464325,31.33544991232,0.0
2020-01-08T10:17:07.900000,0.016365028864,-0.133389968384,-0.204015057664,-23.7080000768,-31.79499968,28.256000281600002,52.552937,-1.464325,31.26760020736,0.0
2020-01-08T10:17:08.000000,0.045594961152,-0.089989993984,-0.23844982016000002,-23.7544997632,-31.427000243200002,28.7695005952,52.552937,-1.464325,31.54465000704,0.0
2020-01-08T10:17:08.100000,0.014490087423999999,-0.104365095424,0.000535000576,-23.3919997952,-31.7409999616,29.56,52.552937,-1.464325,31.55294999552,0.0
2020-01-08T10:17:08.200000,0.127179985408,-0.215214932224,-0.023960107776,-22.9894994432,-31.5954995968,29.7010006016,52.552937,-1.464325,31.55885005056,0.0
2020-01-08T10:17:08.300000,0.09281509726700783,-0.14844250838464104,-0.1216301384209206,-22.31666690801331,-31.10696986700938,30.519697041003933,52.552937,-1.464325,31.66584862910796,0.0
2020-01-08T10:17:08.400000,0.008076237101774006,-0.26888910275745126,0.09154254798735714,-22.58069300004309,-31.430198057947287,30.709207970983268,52.552937,-1.464325,31.912920807236947,0.0
2020-01-08T10:17:08.500000,0.00903335264106496,-0.23054247218264423,-0.12853333272996673,-22.0,-31.740909057998184,31.13,52.552937,-1.464325,32.14197006612036,0.0
2020-01-08T10:17:08.600000,0.027731676091359105,-0.2682643333476964,-0.08509700277037799,-21.900197956561083,-31.729603985491636,31.188613898527617,52.552937,-1.464325,32.74262378114774,0.0
2020-01-08T10:17:08.700000,0.0003092064263715971,-0.09115460502328564,0.11668476154520466,-21.20939335796793,-31.853636050982757,31.59545489101906,52.552937,-1.464325,32.90333334540066,0.0
2020-01-08T10:17:08.800000,0.18156,-0.17541199999999998,-0.017976,-20.450799999999997,-31.5812,32.019600000000004,52.552937,-1.464325,32.983599999999996,0.0
2020-01-08T10:17:08.900000,0.10371999999999999,-0.071648,-0.022196,-21.19,-32.53,31.44,52.552937,-1.464325,33.36284,0.0
2020-01-08T10:17:09.000000,-0.3482682995759522,0.24115741652747186,0.007422802010488394,-21.288217884019254,-31.699504956517995,31.34019795656108,52.552937,-1.464325,33.70621785360339,0.0
2020-01-08T10:17:09.100000,-0.15678164869065137,0.20621833501845008,0.222775634763226,-21.847878925007564,-31.730302958996067,30.78272717399455,52.552937,-1.464325,33.973,0.0
2020-01-08T10:17:09.200000,0.12189109955871655,0.46517229115075875,-0.05794065155843268,-22.139207970983268,-31.63108911593766,30.69811885504561,52.552937,-1.464325,34.02432676519716,0.0
2020-01-08T10:17:09.300000,0.136419688192,0.45807447168,-0.4391245696,-22.59750016,-31.6704999168,30.938499481599997,52.552937,-1.464325,34.32505011968,0.0
2020-01-08T10:17:09.400000,-0.217384742656,-0.14912959692799999,0.09969486003200001,-22.81,-31.52249984,30.28750016,52.552937,-1.464325,34.5267501824,0.0
2020-01-08T10:17:09.500000,0.070939771904,0.235164355584,-0.051819853312,-22.7919999232,-31.3385001216,30.5,52.552937,-1.464325,34.828850255359995,0.0
2020-01-08T10:17:09.600000,-0.20484988416,-0.572219793152,0.173930131968,-22.69,-31.4804999168,30.4339997184,52.552937,-1.464325,35.1815000576,0.0
2020-01-08T10:17:09.700000,-0.045464976383999996,-0.31899509171199997,0.337544950272,-22.5864995584,-31.3895000832,30.0795000832,52.552937,-1.464325,35.297000166400004,0.0
2020-01-08T10:17:09.800000,-0.0166000090504992,-0.4831637897284592,0.3251668609507162,-21.980302958996067,-31.462121074992435,30.208181884003633,52.552937,-1.464325,35.51193937199879,0.0
2020-01-08T10:17:09.900000,-0.01711880333864766,-0.5572949461512531,0.4942622929503639,-22.018910985448546,-31.32920797098327,30.14207910151547,52.552937,-1.464325,35.49685149709402,0.0
2020-01-08T10:17:10.000000,0.06969702471303453,0.21592693506137528,-0.1284542719649151,-22.791818115996367,-31.75,29.296969867009377,52.552937,-1.464325,35.66790934761416,0.0
2020-01-08T10:17:10.100000,0.09333461451698344,-0.1350414755747964,0.2190672788703549,-22.709009913035985,-31.75,29.41267317397112,52.552937,-1.464325,36.127732713018744,0.0
2020-01-08T10:17:10.200000,-0.220029943808,0.735924832,-0.20237508608,-22.92250048,-31.82500032,28.780000639999997,52.552937,-1.464325,36.48530010368,0.0
2020-01-08T10:17:10.300000,-0.13543026693800925,0.5391485802352612,-0.32673033934200285,-23.475151207983057,-32.21212107499244,29.61939390099788,52.552937,-1.464325,36.64209097820382,0.0
2020-01-08T10:17:10.400000,-0.12178616534568894,0.664696025660848,-0.3794148492767362,-23.128316912992894,-31.97940592754435,29.452277159462753,52.552937,-1.464325,36.84880204343892,0.0
2020-01-08T10:17:10.500000,-0.268244668672,0.5359049492479999,-0.362835008256,-23.7814998784,-31.918000204800002,28.9265001984,52.552937,-1.464325,37.51565058304,0.0
2020-01-08T10:17:10.600000,0.176930021888,0.479390046464,-0.354689918464,-23.6485001216,-32.11499968,29.2185001216,52.552937,-1.464325,38.35045025792,0.0
2020-01-08T10:17:10.700000,0.206510002176,0.460429655808,-0.212604855808,-23.7814998784,-31.6794999552,29.2479994368,52.552937,-1.464325,38.80370047232,0.0
2020-01-08T10:17:10.800000,0.196559945216,0.04417517439999999,-0.047890114304,-23.6305000448,-31.5644997632,28.6695007232,52.552937,-1.464325,39.43745002752,0.0
2020-01-08T10:17:10.900000,0.11952498176,0.248979885568,-0.192964971264,-23.72750016,-31.25,29.535499596799998,52.552937,-1.464325,39.627900656639994,0.0
2020-01-08T10:17:11.000000,0.05391482342399999,0.092454980608,-0.117929842688,-23.9490000384,-31.2304999168,28.9909999616,52.552937,-1.464325,40.55880025088,0.0
2020-01-08T10:17:11.100000,-0.12822102249954104,0.0812303556329014,0.07240902360628776,-23.962121074992435,-31.026060265981243,28.977878925007566,52.552937,-1.464325,40.982606388618095,0.0
2020-01-08T10:17:11.200000,0.12426037016102663,0.1362237456625715,-0.01839306087481085,-23.789603985491635,-30.60930699995691,29.02207910151547,52.552937,-1.464325,41.62750503762695,0.0
2020-01-08T10:17:11.300000,-0.09301500134400001,0.022215111423999994,0.048339983104,-24.0090000384,-31.265000320000002,28.13,52.552937,-1.464325,42.40660020736,0.0
2020-01-08T10:17:11.400000,-0.09502727355004538,0.15562418965708952,0.01773330376836928,-24.17363677502269,-31.679393900997884,28.11939390099788,52.552937,-1.464325,42.749576002213495,0.0
2020-01-08T10:17:11.500000,-0.0891395994231125,0.104241603321412,-0.037156441445665864,-24.76089105799037,-31.63108911593766,28.020396014508364,52.552937,-1.464325,43.24142581444804,0.0
2020-01-08T10:17:11.600000,-0.055690019584,0.25915497548800004,-0.08587500032,-24.5180000768,-31.7455002368,27.8385001216,52.552937,-1.464325,43.92455034368,0.0
2020-01-08T10:17:11.700000,-0.057805974105228856,0.17779679302025503,-0.06992115282672949,-24.610909057998185,-32.03121201699425,27.990909057998184,52.552937,-1.464325,44.462212415216214,0.0
2020-01-08T10:17:11.800000,0.05624553203677277,-0.07588810638454266,0.040176249268118344,-24.708910985448544,-31.790792029016732,27.91940592754435,52.552937,-1.464325,44.98036637678662,0.0
2020-01-08T10:17:11.900000,-0.033760551977016905,0.026209083339582488,0.1167241661257916,-25.4424240339885,-31.37,27.87666690801331,52.552937,-1.464325,45.45503080272756,0.0
2020-01-08T10:17:12.000000,0.04608217579860645,0.00027424841140493393,0.01831189361545734,-25.12,-31.390594072455652,28.131188043525096,52.552937,-1.464325,46.364237710091224,0.0
2020-01-08T10:17:12.100000,0.02482499584,-0.06547495808,0.128170024192,-25.0554997248,-31.4714998784,27.6695007232,52.552937,-1.464325,47.149500262400004,0.0
2020-01-08T10:17:12.200000,-0.003905099008000002,-0.041720136192000004,0.147864946944,-24.811500518400003,-31.234999679999998,28.6014998784,52.552937,-1.464325,47.55320023552,0.0
2020-01-08T10:17:12.300000,-0.12003993446399999,-0.15742472191999998,0.05213989222399999,-25.5,-30.9045004032,28.3559996416,52.552937,-1.464325,47.95930039808,0.0
2020-01-08T10:17:12.400000,-0.029348471629270866,0.17330895120229417,-0.07675752419715608,-25.537878925007565,-31.44,27.92696986700938,52.552937,-1.464325,48.58845490912006,0.0
2020-01-08T10:17:12.500000,-0.021747532893486188,-0.009199978708897397,-0.008089115937657626,-25.680296985534724,-31.38930689857071,28.110792029016732,52.552937,-1.464325,49.214207960844654,0.0
2020-01-08T10:17:12.600000,-0.089294996992,0.17485002368,-0.080155056128,-25.3670002432,-31.12,27.783000396800002,52.552937,-1.464325,49.60730024448,0.0
2020-01-08T10:17:12.700000,-0.058974887680000004,0.17592487040000002,-0.136279921408,-25.6990000384,-31.1485001216,28.3385001216,52.552937,-1.464325,50.077800622080005,0.0
2020-01-08T10:17:12.800000,0.075814938624,0.04635518156799999,-0.055255099648,-25.6179994368,-31.2544997632,28.3964995584,52.552937,-1.464325,50.9580002304,0.0
2020-01-08T10:17:12.900000,-0.0218250688,0.226719740672,-0.14712982732799998,-24.964500403200002,-30.9670001152,27.8670002432,52.552937,-1.464325,51.31365021184,110.6601416103698
2020-01-08T10:17:13.000000,-0.08841203147505036,-0.006184444777732681,0.019290681347438318,-25.43333309198669,-31.168485024009684,28.21878798300575,52.55289593924529,-1.4641459084425643,51.65772749981252,110.65975618004438
2020-01-08T10:17:13.100000,0.04604356159592022,0.5613653104572264,-0.3152574144997478,-25.14871292750126,-31.291089014551456,28.389504956517992,52.552666,-1.463143,52.152208011537745,0.0
2020-01-08T10:17:13.200000,0.05562739120653498,0.2983849914278843,-0.23107579405201192,-25.62,-30.556060809011193,28.364242149984875,52.552666,-1.463143,52.95875774140914,0.0
2020-01-08T10:17:13.300000,0.22950593464138433,0.5284821839095026,-0.32129012042146243,-25.591485130446024,-30.94920797098327,28.009703014465277,52.552666,-1.463143,53.273138650701725,0.0
2020-01-08T10:17:13.400000,0.12466976563200002,0.5072147056640001,-0.44750477260800003,-25.4294999552,-31.37,28.45500032,52.552666,-1.463143,53.682500428800004,0.0
2020-01-08T10:17:13.500000,-0.182279981568,0.15681517286399999,-0.14872501376,-25.3234998016,-31.455500364800002,28.822999756799998,52.552666,-1.463143,54.281100124160005,0.0
2020-01-08T10:17:13.600000,-0.120734841856,0.312554684928,-0.150589929984,-25.1065001984,-31.9204999168,28.5285001216,52.552666,-1.463143,54.562700497920005,0.0
2020-01-08T10:17:13.700000,0.077989951744,-0.07492486783999999,-0.06045001216,-25.3144997632,-31.679499443199997,28.5579994368,52.552666,-1.463143,55.258050145279995,0.0
2020-01-08T10:17:13.800000,0.02962732966314042,0.060372581641967425,-0.05791811418626962,-25.046969867009377,-30.98696986700938,27.838787983005748,52.552666,-1.463143,55.49948502400968,0.0
2020-01-08T10:17:13.900000,0.12057999999999999,-0.14005199999999998,0.049228,-25.1804,-31.29,28.0608,52.552666,-1.463143,55.86316,0.0
2020-01-08T10:17:14.000000,0.0800326379929587,-0.030875261006105985,0.07070594579386665,-24.558613898527618,-31.519009913035983,28.389504956517992,52.552666,-1.463143,56.43824758257273,0.0
2020-01-08T10:17:14.100000,-0.201254938368,-0.121579904768,0.114780002048,-24.918000204800002,-31.65750016,28.44,52.552666,-1.463143,56.993200299520005,0.0
2020-01-08T10:17:14.200000,-0.11459997952,-0.046610219776,0.13452507264,-25.2170001152,-31.7679995648,28.40249984,52.552666,-1.463143,57.446050234880005,0.0
2020-01-08T10:17:14.300000,-0.09773337074206337,-0.3034847217230082,0.23213636775022692,-25.407878925007566,-31.179393900997884,28.170302958996068,52.552666,-1.463143,57.825121455113404,0.0
2020-01-08T10:17:14.400000,-0.12375839566472596,-0.12526931825382542,0.23135544101730915,-25.512277159462755,-31.110495043482008,28.020396014508364,52.552666,-1.463143,58.261990137657115,0.0
2020-01-08T10:17:14.500000,0.041169981952,-0.199154910208,0.16165986457599998,-24.9294999552,-31.0509999616,27.7454997248,52.552666,-1.463143,58.641650237440004,0.0
2020-01-08T10:17:14.600000,0.057910173696,0.004550360320000002,-0.064160196096,-24.973500441600002,-31.141000601600002,27.3514998784,52.552666,-1.463143,59.07955052288,0.0
2020-01-08T10:17:14.700000,0.29313001932800004,0.459339898624,-0.319394977792,-25.52249984,-31.86499968,27.2365001984,52.552666,-1.463143,59.81990019584,0.0
2020-01-08T10:17:14.800000,0.254089723904,0.32522500224,-0.244389805824,-25.2544997632,-31.40249984,27.5465001984,52.552666,-1.463143,60.14165026304,0.0
2020-01-08T10:17:14.900000,-0.10697876752887756,0.33323032124100443,-0.0369244249700687,-25.00515175101301,-31.28393973401876,27.678181340973676,52.552666,-1.463143,60.55918206501362,0.0
2020-01-08T10:17:15.000000,-0.037644,0.278936,-0.24963599999999997,-25.3412,-31.859599999999997,26.999200000000002,52.552666,-1.463143,61.01636,0.0
2020-01-08T10:17:15.100000,0.15531781811822137,-0.13571880029706157,0.09217919276305284,-25.229603985491636,-32.051881144954386,27.33059407245565,52.552666,-1.463143,61.49992084779143,0.0
2020-01-08T10:17:15.200000,0.09708474887450577,-0.070736479976417,-0.001975638383425689,-25.44,-31.632424033988503,27.250605374962184,52.552666,-1.463143,62.02154565201089,0.0
2020-01-08T10:17:15.300000,-0.01871086682668789,-0.20105244378768714,0.16758810942612876,-25.479603985491636,-31.270396014508364,26.418118956431815,52.552666,-1.463143,62.39084162461251,0.0
2020-01-08T10:17:15.400000,0.120004723968,0.018329810688000006,0.103660062976,-25.6614998784,-31.0885001216,27.59249984,52.552666,-1.463143,62.7510000896,0.0
2020-01-08T10:17:15.500000,-0.24819000678400002,-0.14696963251200001,0.15159984768,-25.5465001984,-31.2965001984,27.45500032,52.552666,-1.463143,62.987300500479996,0.0
2020-01-08T10:17:15.600000,-0.18617469696,0.21523446297600002,-0.024479888128,-25.8295000832,-31.493999718399998,27.785499596799998,52.552666,-1.463143,63.6962501888,0.0
2020-01-08T10:17:15.700000,0.21115497804799999,-0.431054714368,0.127490014464,-25.9114998784,-31.1395000832,27.2214998784,52.552666,-1.463143,63.958250048000004,0.0
2020-01-08T10:17:15.800000,0.13803014385122014,-0.08444254277653801,0.15085153018082897,-25.72121201699425,-31.212121074992435,27.097878925007564,52.552666,-1.463143,64.13230342962201,0.0
2020-01-08T10:17:15.900000,-0.10907128768081596,-0.27635446086619303,0.18054752883803807,-25.58059407245565,-31.049108942009628,27.270396014508364,52.552666,-1.463143,64.72829701595059,0.0
2020-01-08T10:17:16.000000,-0.106169967872,-0.25995473612799996,0.20741996851199998,-25.6239997184,-31.3190000384,27.0795000832,52.552666,-1.463143,64.6497501568,0.0
2020-01-08T10:17:16.100000,-0.060844988672,0.024799719680000012,0.143684906496,-25.2409999616,-31.3519999232,27.2080000768,52.552666,-1.463143,64.88110009856,0.0
2020-01-08T10:17:16.200000,-0.028984928256000003,-0.253194597632,0.0005999193599999994,-25.283000396800002,-31.2785001216,27.2919999232,52.552666,-1.463143,65.01320000512,0.0
2020-01-08T10:17:16.300000,0.069255012608,0.243279838208,-0.113520029952,-25.8009999616,-31.4955002368,27.19,52.552666,-1.463143,65.0102499584,0.0
2020-01-08T10:17:16.400000,0.067054919168,0.12036539238399999,-0.18672014259199998,-25.8160002816,-31.77249984,27.2365001984,52.552666,-1.463143,64.91074981119999,0.0
2020-01-08T10:17:16.500000,-0.028599950080000002,0.676840150784,-0.400970106112,-26.11499968,-31.6170002432,27.38749952,52.552666,-1.463143,64.68535010816,0.0
2020-01-08T10:17:16.600000,0.035509990655999996,0.751744465152,-0.456039633664,-25.61499968,-31.8544996352,26.9465008384,52.552666,-1.463143,64.7787497856,0.0
2020-01-08T10:17:16.700000,0.006329928447999997,0.127485367296,-0.03797529215999999,-25.283000396800002,-31.3805000448,27.90999936,52.552666,-1.463143,64.44329978368,0.0
2020-01-08T10:17:16.800000,-0.06316960454490211,0.47204190562139425,-0.3431512152234568,-25.87666690801331,-31.382424033988503,27.164545833020874,52.552666,-1.463143,64.1614545652011,0.0
2020-01-08T10:17:16.900000,0.03976829146505598,-0.2198791380145033,0.06104550669022206,-26.189801942052714,-31.08059407245565,27.700891057990372,52.552666,-1.463143,64.15651482899949,0.0
2020-01-08T10:17:17.000000,-0.150009902336,0.35745496268800003,-0.229564885504,-25.918000204800002,-31.19,27.533000396800002,52.552666,-1.463143,63.94864991744,0.0
2020-01-08T10:17:17.100000,-0.031209130402178323,0.2700210749924364,-0.07975758393045079,-26.103636050982757,-31.161212016994252,28.12666690801331,52.552666,-1.463143,63.79703015109162,0.0
2020-01-08T10:17:17.200000,-0.09123861318882419,0.09218120984155871,-0.08516039145212924,-25.689703014465277,-31.039603985491635,28.450891057990372,52.552666,-1.463143,63.556297026089204,0.0
2020-01-08T10:17:17.300000,-0.06803492505599999,0.22278978022399998,-0.031714936064,-26.0044997632,-31.2304999168,28.2080000768,52.552666,-1.463143,63.535600040960006,0.0
2020-01-08T10:17:17.400000,0.010124908799999999,-0.028884828415999993,0.029604899327999996,-25.820500556800003,-31.12,28.2544997632,52.552666,-1.463143,63.522499712000005,0.0
2020-01-08T10:17:17.500000,-0.09313229912809522,0.15419104151712437,-0.09493820770107268,-26.458529106159553,-31.10235288802775,28.050294449826573,52.552666,-1.463143,63.17294127568154,0.0
2020-01-08T10:17:17.600000,0.006224760494687337,-0.05715793890833082,-0.06875143148960428,-25.802989976405758,-31.03350501179712,28.514433738183087,52.552666,-1.463143,63.3697628620291,0.0
2020-01-08T10:17:17.700000,-0.01658415536421726,0.23270592551662608,-0.21261087189599803,-25.52841594196654,-31.210396014508365,27.389504956517992,52.552666,-1.463143,63.42632674491991,0.0
2020-01-08T10:17:17.800000,0.018930042368,0.15100019072,-0.09385017983999999,-26.33249984,-31.07500032,27.5810006016,52.552666,-1.463143,63.51984996096,0.0
2020-01-08T10:17:17.900000,0.08616973668219043,0.39287571621771883,-0.3243211817883269,-26.06393919098881,-31.40454510898094,28.342121074992434,52.552666,-1.463143,63.459818152198366,0.0
2020-01-08T10:17:18.000000,0.14127920391553517,0.34630991202212247,-0.28034653652057756,-25.72940592754435,-30.88108911593766,28.090396014508364,52.552666,-1.463143,63.43681189564318,0.0
2020-01-08T10:17:18.100000,0.11666972944179108,0.4526485349827653,-0.3145000669736941,-25.64878798300575,-30.98696986700938,27.88,52.552666,-1.463143,63.60496986700938,0.0
2020-01-08T10:17:18.200000,0.11538313567248201,0.4624771848093052,-0.35294352306916316,-25.740296985534723,-31.299108942009628,27.929108942009627,52.552666,-1.463143,63.87592079709833,0.0
2020-01-08T10:17:18.300000,-0.13549990272,0.160120244992,-0.055550208000000004,-25.33249984,-31.5044997632,28.1239997184,52.552666,-1.463143,63.9277500416,0.0
2020-01-08T10:17:18.400000,-0.025678858033869555,0.37077231193709126,-0.24173906790201669,-25.168485024009684,-31.227878925007566,27.740909057998184,52.552666,-1.463143,64.00693948060479,0.0
2020-01-08T10:17:18.500000,-0.1364019815933349,-0.18777123394612844,0.19853659306873225,-25.508118855045613,-31.468514869553978,27.709009913035985,52.552666,-1.463143,64.18725745505424,0.0
2020-01-08T10:17:18.600000,-0.11913487641600001,0.156684567296,-0.08356975155200001,-25.8054997248,-31.62,27.8205000448,52.552666,-1.463143,64.47290017024001,0.0
2020-01-08T10:17:18.700000,0.050640024064,-0.36114975744,0.21723987558400001,-25.4955002368,-31.54499968,27.91750016,52.552666,-1.463143,64.70230001408,0.0
2020-01-08T10:17:18.800000,0.07665997465600001,-0.07335014656,0.08710014976,-25.8385001216,-31.2430005248,28.072999756799998,52.552666,-1.463143,64.7149999744,0.0
2020-01-08T10:17:18.900000,0.036984974335999996,-0.25146992947200003,0.24666983219199998,-26.0,-31.8919997952,27.7695000832,52.552666,-1.463143,64.70635010816,0.0
2020-01-08T10:17:19.000000,-0.0023878979310558834,-0.13796659486603968,0.04798190572482863,-26.046969867009377,-31.62,27.73757524197156,52.552666,-1.463143,64.89090923900817,0.0
2020-01-08T10:17:19.100000,-0.030526731739711203,-0.013212862614091162,0.14059601248064157,-26.300495043482005,-31.540792029016732,27.09841594196654,52.552666,-1.463143,65.11556435362495,0.0
2020-01-08T10:17:19.200000,-0.021184993536,0.070570047232,-0.08953001164800001,-26.2034998016,-31.15750016,27.97750016,52.552666,-1.463143,65.10760006656,0.0
2020-01-08T10:17:19.300000,-0.02138791060175476,0.14363337074206337,-0.09501511536800622,-25.911212016994252,-31.360909057998185,28.056666183973377,52.552666,-1.463143,65.23478801920774,0.0
2020-01-08T10:17:19.400000,-0.045665330734467,0.18182474000775606,-0.032969303045895,-25.710396014508365,-31.379703014465274,27.300495043482005,52.552666,-1.463143,65.48051486955397,0.0
2020-01-08T10:17:19.500000,0.093820029952,0.09117505919999999,-0.024130101247999997,-25.6035004416,-31.71249984,27.3445004032,52.552666,-1.463143,65.70370030592001,0.0
2020-01-08T10:17:19.600000,0.10926657857514112,0.14436051396492028,-0.15500907790928295,-26.199090942001817,-31.453030132990623,27.92696986700938,52.552666,-1.463143,66.12590914850318,0.0
2020-01-08T10:17:19.700000,-0.017019795656108137,0.012054461880055054,-0.09779898639143692,-26.200891057990372,-31.199504956517995,28.10128707249874,52.552666,-1.463143,66.25666339273721,0.0
2020-01-08T10:17:19.800000,0.008864884223999996,0.035414869504,0.129780130048,-25.94,-31.21249984,27.70500032,52.552666,-1.463143,66.51955017728001,0.0
2020-01-08T10:17:19.900000,-0.13154994304,-0.07377472639999999,0.221679655168,-25.9670001152,-31.0555002368,28.081999795199998,52.552666,-1.463143,66.758750016,0.0
2020-01-08T10:17:20.000000,-0.061885025536,0.21524468275200004,-0.195889827584,-26.1395000832,-31.3429998848,27.7919999232,52.552666,-1.463143,66.81030012928,0.0
2020-01-08T10:17:20.100000,-0.097135005696,-0.152879772928,0.023664959744,-26.1839997184,-31.302500480000003,27.5864995584,52.552666,-1.463143,66.985750016,0.0
2020-01-08T10:17:20.200000,-0.092894949632,0.095689773824,0.010295171071999995,-25.9045004032,-31.9114998784,27.0090000384,52.552666,-1.463143,67.0280000896,0.0
2020-01-08T10:17:20.300000,-0.03219699213123741,-0.1635634874417859,0.18474223324946537,-26.32636322497731,-31.578787258965814,27.06,52.552666,-1.463143,67.19442441410946,0.0
2020-01-08T10:17:20.400000,-0.04644850189212001,0.01559996755641508,-0.06534551581498033,-25.620296985534726,-30.680198057947287,27.050495043482005,52.552666,-1.463143,67.44859405217841,0.0
2020-01-08T10:17:20.500000,0.043745387736315,-0.2145362120816407,0.1580393303664935,-25.401515700030256,-30.980302958996067,26.962121074992435,52.552666,-1.463143,67.38103027779862,0.0
2020-01-08T10:17:20.600000,-0.05608,-0.022772,0.071844,-26.299599999999998,-31.0012,26.7804,52.552666,-1.463143,67.38344,0.0
2020-01-08T10:17:20.700000,-0.045362381156360335,-0.24673663362321338,0.14165148898312174,-26.51089105799037,-31.58069300004309,26.949504956517995,52.552666,-1.463143,67.5900693000043,0.0
2020-01-08T10:17:20.800000,-0.066409913856,-0.226044913152,0.16505496268800002,-26.2680000768,-31.1035004416,26.9444997632,52.552666,-1.463143,67.54340004864,0.0
2020-01-08T10:17:20.900000,0.048045000192000004,-0.139035120896,0.126045044992,-26.40750016,-31.6239997184,26.74250048,52.552666,-1.463143,67.61880004608001,0.0
2020-01-08T10:17:21.000000,0.032436306206832355,-0.24017554244813416,0.1472241027722972,-26.53515120798306,-31.259090942001816,27.417878925007564,52.552666,-1.463143,67.66969693239795,0.0
2020-01-08T10:17:21.100000,-0.05237623507404995,0.04558214842433168,-0.03092274827580089,-26.08059407245565,-31.349603985491633,27.579306898570707,52.552666,-1.463143,67.65635646375063,0.0
2020-01-08T10:17:21.200000,-0.021909961216,-0.158479804928,0.145924896,-26.1329997568,-31.5134998016,27.4420005632,52.552666,-1.463143,67.89365000704,0.0
2020-01-08T10:17:21.300000,0.010669919232000002,0.077844902912,0.014340027904,-26.017000883199998,-31.2409999616,28.0864995584,52.552666,-1.463143,67.87764989184001,0.0
2020-01-08T10:17:21.400000,-0.078104921088,-0.003009794816,-0.002270228992000002,-27.1329997568,-31.265000320000002,27.46249984,52.552666,-1.463143,67.80315029504,0.0
2020-01-08T10:17:21.500000,0.032280023808,0.230634834176,-0.266964831744,-26.7544997632,-31.6239997184,27.2695000832,52.552666,-1.463143,68.17384990976,0.0
2020-01-08T10:17:21.600000,0.06593031038040541,0.04570315810704931,-0.05734853498276526,-26.335454166979126,-31.306060809011193,27.38,52.552666,-1.463143,68.05127271739946,0.0
2020-01-08T10:17:21.700000,0.06849207362666052,0.21502770479379313,-0.1288009862342883,-25.819703014465276,-31.461584058033463,27.38,52.552666,-1.463143,68.09081191592043,0.0
2020-01-08T10:17:21.800000,0.018234985216,0.08671009561599999,-0.106840044544,-26.1614998784,-30.723500441600002,27.45500032,52.552666,-1.463143,68.3722499584,120.82774270835876
2020-01-08T10:17:21.900000,-0.004685014016,0.214015001344,-0.147354920448,-26.0555002368,-31.27249984,27.813999718399998,52.55255109950976,-1.46282634864896,68.33545007871999,120.82693606722438
2020-01-08T10:17:22.000000,-0.009529941248,0.211434981376,-0.046170019072,-26.3609999616,-30.984999679999998,27.3829997568,52.5519,-1.461032,68.44960004096,0.0
2020-01-08T10:17:22.100000,0.071320012032,0.214045116672,-0.10307513471999999,-26.3670002432,-30.6170002432,27.1260002816,52.5519,-1.461032,68.49049994239999,0.0
2020-01-08T10:17:22.200000,0.04187559313092969,0.3369695810136042,-0.2726666328781363,-26.652121074992436,-31.03393973401876,27.47121201699425,52.5519,-1.461032,68.46203047690959,0.0
2020-01-08T10:17:22.300000,-0.132772,0.214304,-0.22760000000000002,-26.4688,-31.569599999999998,27.3404,52.5519,-1.461032,68.68316,0.0
2020-01-08T10:17:22.400000,0.19212865351518638,0.38613853410758603,-0.16791082931379286,-26.580396014508366,-31.62,27.549108942009628,52.5519,-1.461032,68.43326732753573,0.0
2020-01-08T10:17:22.500000,-0.29547995724799997,-0.16747950924799998,0.269764657664,-26.3144997632,-31.6019999232,27.7454997248,52.5519,-1.461032,68.4339999744,0.0
2020-01-08T10:17:22.600000,-0.166564692224,0.31568428057599995,-0.105804662528,-25.9804999168,-31.4159996416,27.3604999168,52.5519,-1.461032,68.37194988032,0.0
2020-01-08T10:17:22.700000,0.23792725725914682,-0.5343299212089399,0.27826340417719325,-25.956363949017245,-30.949090942001817,27.193939190988807,52.5519,-1.461032,68.25830319430905,0.0
2020-01-08T10:17:22.800000,0.13203559162651352,-0.030163421125336154,-0.011798966114196341,-26.360792029016732,-31.10930699995691,27.017821869510886,52.5519,-1.461032,68.54906933042017,0.0
2020-01-08T10:17:22.900000,-0.279594898432,-0.451714838784,0.337629924608,-25.9204999168,-31.5489993984,27.608999398399998,52.5519,-1.461032,68.78590017024001,0.0
2020-01-08T10:17:23.000000,-0.136209963776,-0.271980146688,0.257270084352,-25.9420005632,-30.8340003584,26.8009999616,52.5519,-1.461032,68.99639993344,0.0
2020-01-08T10:17:23.100000,-0.07804995712,-0.420029800448,0.322064798464,-26.6614998784,-31.2634998016,26.909000678399998,52.5519,-1.461032,68.95930021888,0.0
2020-01-08T10:17:23.200000,-0.014859973376,-0.132619904512,0.025284875776,-26.3964995584,-31.0840003584,27.5759990016,52.5519,-1.461032,69.23379993088,0.0
2020-01-08T10:17:23.300000,0.0482501184,-0.025840085504,-0.10917486975999999,-25.9315005184,-31.493999718399998,26.391000601600002,52.5519,-1.461032,69.1187499008,0.0
2020-01-08T10:17:23.400000,0.174329867008,-0.087334777856,0.049204937728,-26.5929998848,-31.1305000448,27.1704999168,52.5519,-1.461032,69.02750017279999,0.0
2020-01-08T10:17:23.500000,0.011965060864,0.214795030272,-0.080135198976,-26.4114998784,-31.1990000384,27.09750016,52.5519,-1.461032,69.25910000896,0.0
2020-01-08T10:17:23.600000,0.071829910528,0.272010072576,-0.351480030208,-26.2304999168,-31.2214998784,27.2544997632,52.5519,-1.461032,69.28780007168,0.0
2020-01-08T10:17:23.700000,-0.055700037120000004,0.376755035648,-0.34674980864,-26.195000320000002,-31.0509999616,26.90249984,52.5519,-1.461032,69.37804997888,0.0
2020-01-08T10:17:23.800000,-0.049619763712,0.38584983679999996,-0.08862498304000001,-26.5554997248,-30.9909999616,26.811500518400003,52.5519,-1.461032,69.35870003712,0.0
2020-01-08T10:17:23.900000,0.258889977344,0.218030208768,-0.14495533644800002,-26.2170001152,-30.9865001984,27.3964995584,52.5519,-1.461032,69.43065009664,0.0
2020-01-08T10:17:24.000000,0.181984800256,0.4592998464,-0.522394703872,-26.2769996032,-31.3160002816,26.725999641599998,52.5519,-1.461032,69.53034987776,0.0
2020-01-08T10:17:24.100000,-0.06189083158572503,0.3098759551508977,-0.17373652522891297,-25.76818188400363,-31.661212016994252,26.34545489101906,52.5519,-1.461032,69.3484544746961,0.0
2020-01-08T10:17:24.200000,0.025502932813711653,0.47569426162686657,-0.3359952001272543,-25.860679617441793,-31.479805837790547,26.859805837790546,52.5519,-1.461032,69.34742711709382,0.0
2020-01-08T10:17:24.300000,-0.13671433810852324,-0.127837301338516,0.0274422471082411,-25.735714554402684,-31.336836854644055,26.64255140904674,52.5519,-1.461032,69.87306145575374,0.0
2020-01-08T10:17:24.400000,-0.024839926784000002,0.757464406784,-0.594894490112,-25.1464995584,-30.9894994432,26.015000320000002,52.5519,-1.461032,69.53105032448,0.0
2020-01-08T10:17:24.500000,0.04302110576413365,0.10417624476687205,0.0020421336939741713,-24.664545833020874,-30.354545833020875,26.250605374962184,52.5519,-1.461032,69.962,0.0
2020-01-08T10:17:24.600000,-0.11598712521956449,0.8327544395750904,-0.42656830363140036,-25.17079202901673,-30.870296985534726,25.229603985491636,52.5519,-1.461032,69.92097027103067,0.0
2020-01-08T10:17:24.700000,-0.102945069312,0.632994715392,-0.274559823616,-24.6179994368,-30.6215005184,25.270499276800003,52.5519,-1.461032,69.70735001856,0.0
2020-01-08T10:17:24.800000,-0.202035030016,0.321240282624,-0.09367022771200001,-23.7394994432,-31.3940003584,24.188499481599997,52.5519,-1.461032,69.78270021632,0.0
2020-01-08T10:17:24.900000,-0.194784798976,0.5829745152,-0.326364702464,-23.0180000768,-32.1055010048,23.38749952,52.5519,-1.461032,70.062499968,0.0
2020-01-08T10:17:25.000000,0.065659972096,0.012330312448000001,0.01235475916800001,-23.0929998848,-33.66500096,22.86250048,52.5519,-1.461032,70.08045025791999,0.0
2020-01-08T10:17:25.100000,0.044260066816000004,0.355989695744,-0.270254841088,-23.079500595200003,-34.8364995584,23.941001881600002,52.5519,-1.461032,70.3787498112,0.0
2020-01-08T10:17:25.200000,0.134065004544,0.007850238720000006,-0.09368514713600001,-24.09500096,-33.8179981568,26.66500096,52.5519,-1.461032,70.14045005312,0.0
2020-01-08T10:17:25.300000,0.10456956834290532,0.2970211111944332,-0.27928178263803954,-25.49424287402481,-31.360909057998185,27.66575658294524,52.5519,-1.461032,70.16781802549137,0.0
2020-01-08T10:17:25.400000,-0.103888,0.13861199999999999,-0.19454,-26.1388,-31.5004,25.9988,52.5519,-1.461032,69.9572,0.0
2020-01-08T10:17:25.500000,-0.12703859696703174,0.08311482393018546,-0.027527715946275448,-25.890594072455652,-32.371683087007106,25.281485130446022,52.5519,-1.461032,70.07822769566904,0.0
2020-01-08T10:17:25.600000,-0.0028900746239999987,-0.10936483558400001,0.027929992448,-26.0465001984,-31.765000320000002,25.1390000384,52.5519,-1.461032,69.80884982015999,0.0
2020-01-08T10:17:25.700000,-0.06454484019199999,0.02351463526400001,0.038435087615999994,-26.3385001216,-32.2170001152,25.2080000768,52.5519,-1.461032,69.60030012927999,0.0
2020-01-08T10:17:25.800000,0.15721518596189998,-0.43527869512488393,0.14599693782824222,-26.424242149984874,-32.32303013299062,25.40545489101906,52.5519,-1.461032,69.71957556778952,0.0
2020-01-08T10:17:25.900000,0.1621,-0.274648,0.094636,-25.950400000000002,-32.1096,25.770400000000002,52.5519,-1.461032,69.4012,0.0
2020-01-08T10:17:26.000000,-0.06966335218271821,-0.24297627461466906,0.11515051491517778,-25.709009913035985,-32.29079202901673,24.819801942052713,52.5519,-1.461032,69.2293366072628,0.0
2020-01-08T10:17:26.100000,0.01963625733413667,-0.3509932077296435,0.18274509631024077,-25.800909057998183,-31.918485024009684,24.519697041003933,52.5519,-1.461032,68.99057569449651,0.0
2020-01-08T10:17:26.200000,-0.11907325102463433,0.5819087848610123,-0.27738013844286,-25.700891057990372,-32.17891088406234,24.669603985491634,52.5519,-1.461032,68.84911878407527,0.0
2020-01-08T10:17:26.300000,-0.0008243091236789478,-0.33659343942242304,0.16637252552887238,-25.477878925007566,-32.206363949017245,24.842121074992434,52.5519,-1.461032,68.59630295899606,0.0
2020-01-08T10:17:26.400000,-0.09363959739538845,0.2352790802243677,-0.04539102554678846,-25.629801942052715,-32.65039601450837,24.639504956517992,52.5519,-1.461032,68.46841583044171,0.0
2020-01-08T10:17:26.500000,-0.008059869696000001,-0.778344756992,0.456164866304,-25.34750016,-32.47750016,24.6239997184,52.5519,-1.461032,68.37394999552,0.0
2020-01-08T10:17:26.600000,0.07501461606400002,-0.375814659584,0.24573485977600001,-25.475999641599998,-32.6044996352,24.1569996032,52.5519,-1.461032,68.32044979711999,0.0
2020-01-08T10:17:26.700000,-0.431779986688,0.058209922816,0.072730056448,-25.0660002816,-32.12,23.6855002368,52.5519,-1.461032,67.98514971904,0.0
2020-01-08T10:17:26.800000,-0.289059466496,-0.020059896576,0.113859855616,-25.4865001984,-32.0269996032,24.0840003584,52.5519,-1.461032,67.57689985024,0.0
2020-01-08T10:17:26.900000,0.3733180146307784,0.13816371189416604,-0.06958178806833902,-25.854545833020875,-31.651515700030256,24.541818115996367,52.5519,-1.461032,67.39981826080435,0.0
2020-01-08T10:17:27.000000,0.12111584564964477,0.10410881527687305,0.040350535192418345,-26.38930689857071,-32.530099028973645,24.33069300004309,52.5519,-1.461032,67.44089103771313,0.0
2020-01-08T10:17:27.100000,0.15760001024,-0.629459709696,0.342894854912,-26.177000243200002,-32.595499596799996,23.8820005632,52.5519,-1.461032,66.994999936,0.0
2020-01-08T10:17:27.200000,0.11323009316842461,-0.25567276989235077,0.1741394806047802,-26.462121074992435,-32.1175759660115,24.5724240339885,52.5519,-1.461032,66.89136356889628,0.0
2020-01-08T10:17:27.300000,-0.23324,-0.383664,0.30263199999999996,-26.200400000000002,-32.388799999999996,24.25,52.5519,-1.461032,66.7478,0.0
2020-01-08T10:17:27.400000,-0.2395276541006917,-0.5433533600654955,0.18387915119470966,-25.949504956517995,-32.110495043482004,24.289603985491635,52.5519,-1.461032,66.50904948407096,0.0
2020-01-08T10:17:27.500000,0.283444774912,0.22324450483199998,-0.201564615424,-26.0465001984,-32.0690000384,24.46249984,52.5519,-1.461032,66.3610001152,0.0
2020-01-08T10:17:27.600000,-0.011681804359237586,-0.3084449985648494,0.22416938914302115,-26.291818115996367,-32.12,24.25,52.5519,-1.461032,66.42672695678257,0.0
2020-01-08T10:17:27.700000,-0.008533674920348466,0.30408409960180566,-0.19748907436931445,-26.16940592754435,-32.21980204343892,24.21990097102636,52.5519,-1.461032,65.94528713333047,0.0
2020-01-08T10:17:27.800000,-0.052524774399999995,-0.104969641472,0.024404711168,-26.0690000384,-32.6089993984,24.0329998848,52.5519,-1.461032,65.99435004416,0.0
2020-01-08T10:17:27.900000,0.266810084096,0.29229966335999996,-0.317304821248,-26.08249984,-31.92250048,23.9640003584,52.5519,-1.461032,66.01564984064,0.0
2020-01-08T10:17:28.000000,0.2611244992,-0.006959369215999989,-0.13375022976,-25.90750016,-32.5795000832,24.3364995584,52.5519,-1.461032,65.80835001856,0.0
2020-01-08T10:17:28.100000,-0.31021959987200004,0.5154086543359999,-0.28657435008,-26.1109999616,-32.6329997568,23.9195007232,52.5519,-1.461032,65.80434987776,0.0
2020-01-08T10:17:28.200000,0.257695155712,-1.202034702336,0.594195075072,-26.1170002432,-32.27249984,24.8514998784,52.5519,-1.461032,65.61229987328,0.0
2020-01-08T10:17:28.300000,0.335409449216,-0.7462347420159999,0.651104817408,-26.4865001984,-32.1065001984,24.520499276800003,52.5519,-1.461032,65.46515009024,0.0
2020-01-08T10:17:28.400000,-0.389679972608,-0.466390267904,0.412995018752,-26.6659996416,-32.2769996032,23.6635004416,52.5519,-1.461032,65.54494982912,0.0
2020-01-08T10:17:28.500000,-0.288979725568,-0.6182741299200001,0.301834419456,-26.2080000768,-31.8430003968,24.2695000832,52.5519,-1.461032,65.30884996096,0.0
2020-01-08T10:17:28.600000,0.06169994112,0.42869953664,-0.364079551488,-26.243999718399998,-32.2859996416,24.4730003968,52.5519,-1.461032,65.27965009664,0.0
2020-01-08T10:17:28.700000,0.024900176640000007,-0.052719428352,0.133889583104,-25.918000204800002,-31.8760002816,24.96249984,52.5519,-1.461032,65.3427497216,0.0
2020-01-08T10:17:28.800000,0.254414978304,0.63659970176,-0.396579900928,-26.1704999168,-32.1284994816,24.7214998784,52.5519,-1.461032,64.99895011072,0.0
2020-01-08T10:17:28.900000,0.212384943616,0.32138034508799995,-0.286105090048,-26.0690000384,-31.4865001984,24.6080002048,52.5519,-1.461032,65.11359986176001,0.0
2020-01-08T10:17:29.000000,0.159520093952,0.7260447710719999,-0.394389951744,-26.15750016,-31.67499968,25.0195005952,52.5519,-1.461032,64.93,0.0
2020-01-08T10:17:29.100000,0.20314965376,0.491615297024,-0.34564506547199997,-26.418000204800002,-31.3160002816,25.7544997632,52.5519,-1.461032,64.94770007552,0.0
2020-01-08T10:17:29.200000,-0.198934753536,0.681829128448,-0.331784569856,-26.6794999552,-31.65249984,25.3829997568,52.5519,-1.461032,65.03614994944,0.0
2020-01-08T10:17:29.300000,0.13539002982399997,-0.5612003648,0.274645149952,-26.6019999232,-31.4294999552,25.220500684799998,52.5519,-1.461032,64.96734999296,0.0
2020-01-08T10:17:29.400000,0.10406034924583482,-0.8240779855657467,0.3570874562666949,-26.584848792016942,-31.32303013299062,26.092121074992434,52.5519,-1.461032,64.91390893129119,0.0
2020-01-08T10:17:29.500000,-0.28543761884363966,0.30827913902836535,-0.20111776134194778,-26.95069300004309,-31.139207970983268,25.929108942009627,52.5519,-1.461032,64.66921782318754,0.0
2020-01-08T10:17:29.600000,-0.205829836288,-0.15600451660799997,0.211984600576,-26.436000281600002,-31.5690000384,26.1614998784,52.5519,-1.461032,64.66854994687999,0.0
2020-01-08T10:17:29.700000,0.024560055296,0.45491986739199997,-0.282529846528,-26.8760002816,-31.54499968,25.9714998784,52.5519,-1.461032,64.58779995648,0.0
2020-01-08T10:17:29.800000,0.091939974144,0.281245010432,-0.094990069504,-27.1659996416,-31.168000204800002,25.84750016,52.5519,-1.461032,64.58070021632,0.0
2020-01-08T10:17:29.900000,0.09860014842818687,0.31478188943393004,-0.2104515989646229,-26.699090942001817,-31.402121074992436,26.070606099002116,52.5519,-1.461032,64.80315128038704,0.0
2020-01-08T10:17:30.000000,0.24952799999999997,0.38539999999999996,-0.280052,-26.6604,-31.249200000000002,26.3092,52.5519,-1.461032,64.4192,0.0
2020-01-08T10:17:30.100000,-0.17165842101127668,0.1965099130359845,-0.004213886361274524,-26.178910884062343,-31.59009902897364,27.27059407245565,52.5519,-1.461032,64.32140594782159,0.0
2020-01-08T10:17:30.200000,-0.153034735616,0.209869626112,-0.14965472716800002,-26.186000281600002,-31.67499968,27.3604999168,52.5519,-1.461032,64.39400005120001,0.0
2020-01-08T10:17:30.300000,0.16343320783307774,-0.2811696769488957,0.18669990587480834,-26.49333309198669,-31.325757850015126,27.13636322497731,52.5519,-1.461032,64.4389696135954,0.0
2020-01-08T10:17:30.400000,-0.010644541747036357,-0.25290891260762777,0.0459633694183727,-26.150099028973642,-31.680296985534724,26.628316912992894,52.5519,-1.461032,64.2735643333477,0.0
2020-01-08T10:17:30.500000,0.106220044032,-0.29437511551999995,0.087865068544,-26.1689993984,-31.34750016,27.2919999232,52.5519,-1.461032,64.09290005504,0.0
2020-01-08T10:17:30.600000,0.08798760107468215,-0.31819347019412025,0.11441491806712369,-25.39878798300575,-31.60696986700938,27.10515120798306,52.5519,-1.461032,64.16933334540066,0.0
2020-01-08T10:17:30.700000,-0.35438400000000003,0.376784,-0.20422,-25.6208,-31.8012,26.6892,52.5519,-1.461032,64.20064,0.0
2020-01-08T10:17:30.800000,-0.34346430698728364,0.21848515072326383,-0.001192091876177033,-25.928910884062343,-31.468514869553978,26.96990097102636,52.5519,-1.461032,64.219633633352,118.67544035199887
2020-01-08T10:17:30.900000,0.095955106048,0.224039944704,-0.125895078912,-25.8985001216,-31.677000243200002,26.8670002432,52.551792899543045,-1.46070994862592,63.95779995648,118.67464753882865
2020-01-08T10:17:31.000000,0.19017861910069067,0.18213041717629597,-0.23613941363108612,-26.03121201699425,-31.97121201699425,27.152121074992436,52.551186,-1.458885,63.914242475802844,0.0
2020-01-08T10:17:31.100000,-0.05201681971758874,0.342779197832363,-0.25128117841183584,-25.900099028973642,-31.70069300004309,26.99861389852762,52.551186,-1.458885,63.95407918262443,0.0
2020-01-08T10:17:31.200000,0.027012044145749238,0.2506090634284842,-0.15380903265678697,-26.117575966011497,-31.10181811599637,27.35848502400968,52.551186,-1.458885,63.750181847801635,0.0
2020-01-08T10:17:31.300000,-0.08728910579903734,0.23360496665661254,-0.07716535506715569,-26.44,-31.128316912992894,27.55079202901673,52.551186,-1.458885,63.780475237687284,0.0
2020-01-08T10:17:31.400000,-0.06627002163199999,0.23763943910399998,-0.080314708224,-26.4865001984,-31.725999641599998,27.2140003584,52.551186,-1.458885,63.69860000256,0.0
2020-01-08T10:17:31.500000,-0.09230302053946148,-0.4585422477302641,0.2763059487638311,-26.843939734018758,-31.203030132990623,27.670302958996068,52.551186,-1.458885,63.69381815219837,0.0
2020-01-08T10:17:31.600000,-0.08136633927371995,-0.20900892578783414,0.13229011737987637,-27.30188114495439,-30.98910894200963,27.59009902897364,52.551186,-1.458885,63.704396075340085,0.0
2020-01-08T10:17:31.700000,-0.09952498304,-0.324764961024,0.261264893184,-26.8454995968,-31.2304999168,27.78750016,52.551186,-1.458885,63.98239990783999,0.0
2020-01-08T10:17:31.800000,-0.087710045696,-0.24872989644800003,0.113864976384,-26.2919999232,-31.214500403200002,27.9444997632,52.551186,-1.458885,63.8157498112,0.0
2020-01-08T10:17:31.900000,-0.1379151135579064,-0.1072757433692164,0.08269697041003933,-26.199090942001817,-31.72121201699425,27.68606080901119,52.551186,-1.458885,63.49136336978529,0.0
2020-01-08T10:17:32.000000,-0.1009505088320056,-0.08534752478258996,0.08406930710134311,-26.200891057990372,-31.461782115980746,27.871683087007106,52.551186,-1.458885,63.08422772608489,0.0
2020-01-08T10:17:32.100000,-0.214009989376,-0.064269908992,0.07861497062400001,-25.86499968,-31.042000435200002,27.2185001216,52.551186,-1.458885,63.20755040768,0.0
2020-01-08T10:17:32.200000,-0.15099979136,0.043354943488,0.033059972096000007,-25.4670001152,-31.5554997248,27.4730003968,52.551186,-1.458885,63.70894982912,0.0
2020-01-08T10:17:32.300000,0.11603495705599999,-0.041495041792000004,-0.00445000192,-25.6485001216,-31.2365001984,28.0660002816,52.551186,-1.458885,63.51605014528,0.0
2020-01-08T10:17:32.400000,0.05166664011853568,-0.09093937199878982,-0.009242432360447767,-25.74333309198669,-31.462121074992435,28.364242149984875,52.551186,-1.458885,63.692181757296645,0.0
2020-01-08T10:17:32.500000,0.023051493038569848,-0.10672676418329613,0.013479230275947898,-25.44920797098327,-31.33871292750126,27.959009913035985,52.551186,-1.458885,63.57106928986569,0.0
2020-01-08T10:17:32.600000,0.059184871936,-0.29934969472,0.162814837504,-25.918000204800002,-31.8295000832,27.984999679999998,52.551186,-1.458885,63.43295002112,0.0
2020-01-08T10:17:32.700000,-0.12753642386332195,0.0631756021814289,-0.021712007943752436,-26.009696316964,-31.87333309198669,27.56,52.551186,-1.458885,63.45827271739946,0.0
2020-01-08T10:17:32.800000,-0.16043857567592915,-0.09596430495955957,0.08026431002886972,-25.15841594196654,-31.519009913035983,27.520396014508364,52.551186,-1.458885,63.493693101429294,0.0
2020-01-08T10:17:32.900000,0.14297492864,0.275839745024,-0.274464853504,-25.84999936,-31.686000281600002,27.42250048,52.551186,-1.458885,63.708549767680005,0.0
2020-01-08T10:17:33.000000,0.05839700661203613,0.055230730323568275,-0.14590023893317888,-25.06666690801331,-32.01303013299062,28.070606099002116,52.551186,-1.458885,63.44303045880859,0.0
2020-01-08T10:17:33.100000,0.10780098522042628,0.6750276966828969,-0.4659633349470637,-25.349702913079074,-31.769009913035983,28.158514869553976,52.551186,-1.458885,63.63045541161531,0.0
2020-01-08T10:17:33.200000,0.053879944448,0.477840091904,-0.211005035008,-24.8895000832,-31.8609999616,28.15999936,52.551186,-1.458885,63.38755017728,0.0
2020-01-08T10:17:33.300000,-0.0010149194239999978,0.650120214272,-0.303610196736,-25.0660002816,-31.8670002432,27.4135004416,52.551186,-1.458885,63.64085007616001,0.0
2020-01-08T10:17:33.400000,0.043989735424,0.7716793044479999,-0.45556453350399995,-25.40249984,-32.1239997184,28.0,52.551186,-1.458885,63.6992498176,0.0
2020-01-08T10:17:33.500000,-0.298879963648,-0.04607954764800001,0.093769700352,-25.1329997568,-31.8055002368,27.9444997632,52.551186,-1.458885,63.47320006912,0.0
2020-01-08T10:17:33.600000,-0.21038773321197043,0.3989267087988953,-0.21747241330268235,-24.95242475802844,-31.988181340973675,27.752727717024506,52.551186,-1.458885,63.610909257109164,0.0
2020-01-08T10:17:33.700000,0.030657435790850403,-0.40364946075213354,0.2192494739323399,-25.759504956517993,-31.387821869510887,28.40990097102636,52.551186,-1.458885,63.837108891316525,0.0
2020-01-08T10:17:33.800000,0.09962721743695034,-0.0818577522697359,-0.00693624104323811,-25.76303013299062,-31.988181340973675,28.145454166979125,52.551186,-1.458885,63.74890936571516,0.0
2020-01-08T10:17:33.900000,0.046686159262516756,-0.3613000040554481,0.1833495053620628,-25.46990097102636,-31.28009902897364,27.599603985491633,52.551186,-1.458885,64.14199997972275,0.0
2020-01-08T10:17:34.000000,0.18452714503295675,-0.35208772235137137,0.19949701566253533,-25.329697041003932,-31.543030676020575,27.81,52.551186,-1.458885,63.944121111194434,0.0
2020-01-08T10:17:34.100000,0.014680000000000004,-0.172964,0.243816,-25.428800000000003,-32.011199999999995,27.81,52.551186,-1.458885,63.789759999999994,0.0
2020-01-08T10:17:34.200000,0.08529104176858092,-0.4527504632082143,0.09925544304503321,-25.409603985491636,-31.479603985491636,27.979505057904195,52.551186,-1.458885,63.91195056662214,0.0
2020-01-08T10:17:34.300000,-0.33470009856,-0.234760208896,0.15702033587199998,-25.6109999616,-31.6419997952,28.776499558399998,52.551186,-1.458885,64.4984999424,0.0
2020-01-08T10:17:34.400000,-0.379304631808,-0.43464966911999997,0.519684644096,-25.5690000384,-31.48250048,28.1809999616,52.551186,-1.458885,64.47765023744,0.0
2020-01-08T10:17:34.500000,0.06186479590400001,-0.056610262016,0.057635045376000005,-25.6109999616,-32.0554997248,28.09249984,52.551186,-1.458885,64.76539988224,0.0
2020-01-08T10:17:34.600000,-0.163314804224,-0.28315948185600004,0.040619670272000016,-25.6065001984,-31.7080000768,27.91750016,52.551186,-1.458885,64.64845016832,0.0
2020-01-08T10:17:34.700000,0.089619969792,0.31732462592,-0.30917462399999995,-25.7109993216,-31.734999679999998,28.072999756799998,52.551186,-1.458885,64.89030007808,0.0
2020-01-08T10:17:34.800000,0.018644868352000004,-0.10457468031999999,0.152759840256,-24.8940003584,-31.38500032,27.8070002432,52.551186,-1.458885,65.01080007168,0.0
2020-01-08T10:17:34.900000,-0.206825216,0.330935046656,-0.067695035392,-25.37,-31.8385001216,28.1945002752,52.551186,-1.458885,65.1232500736,0.0
2020-01-08T10:17:35.000000,-0.3969723771006855,0.4000818441814341,-0.16204865625945453,-25.389697041003934,-31.915151207983058,28.51303013299062,52.551186,-1.458885,65.25539406390688,0.0
2020-01-08T10:17:35.100000,0.10295739929181737,0.3861851142242308,-0.37563561088989206,-25.558613898527618,-31.508118855045613,28.259504956517993,52.551186,-1.458885,65.45148515072327,0.0
2020-01-08T10:17:35.200000,-0.08729992548132978,0.10723962416229862,-0.11194754899475834,-25.880396064197583,-31.769009662080645,28.292178175661288,52.551186,-1.458885,65.52183180578508,0.0
2020-01-08T10:17:35.300000,0.07965363365553194,0.09554791165655595,-0.11912663413650255,-25.842424945308984,-31.233838068049586,28.15464671931485,52.551186,-1.458885,65.80415162211224,0.0
2020-01-08T10:17:35.400000,-0.011570035711999998,-0.223034788096,0.15844984832,-25.3340003584,-31.5840003584,27.9490000384,52.551186,-1.458885,65.68864989184,0.0
2020-01-08T10:17:35.500000,-0.059870003712,0.010594796032000003,-0.015999884799999996,-25.8009999616,-31.9384994816,28.0090000384,52.551186,-1.458885,65.6222503296,0.0
2020-01-08T10:17:35.600000,-0.044609913855999994,-0.202459753216,0.10441986099200001,-25.8055002368,-31.32500032,28.0885001216,52.551186,-1.458885,66.06210000896,0.0
2020-01-08T10:17:35.700000,0.062734969856,0.097459881216,-0.052179880447999996,-26.0359996416,-31.6839997184,28.28750016,52.551186,-1.458885,66.10430012928,0.0
2020-01-08T10:17:35.800000,0.010339947264000001,-0.00388475929599999,0.060789804544,-25.6170002432,-31.4045004032,28.4339997184,52.551186,-1.458885,66.36180036608,0.0
2020-01-08T10:17:35.900000,-0.049094954752,0.28758487961600004,-0.17980991897600002,-25.9114998784,-31.9114998784,28.13500032,52.551186,-1.458885,66.84109997056,0.0
2020-01-08T10:17:36.000000,0.02845460864348532,0.13947276989235077,-0.06992726449954619,-25.645454166979125,-31.6924240339885,28.588787983005748,52.551186,-1.458885,66.78609085149682,0.0
2020-01-08T10:17:36.100000,0.09248908754952083,0.2339307111481734,-0.10992082548646367,-25.129703014465274,-31.409603985491636,28.612178130489113,52.551186,-1.458885,66.70666337245996,0.0
2020-01-08T10:17:36.200000,-0.050119844351999995,0.314714697984,-0.337409775616,-25.4054995968,-31.5929998848,28.0195005952,52.551186,-1.458885,66.89465058303999,0.0
2020-01-08T10:17:36.300000,0.13628991334399998,-0.04184980992,-0.051565051904,-24.90750016,-31.4204999168,28.8580002048,52.551186,-1.458885,67.59984970496,0.0
2020-01-08T10:17:36.400000,0.05847515904,0.152204750848,-0.131120045312,-25.1109999616,-31.3385001216,28.9979994368,52.551186,-1.458885,67.28960034816,0.0
2020-01-08T10:17:36.500000,0.24374988928,-0.173494977792,-0.135559762176,-25.0885001216,-31.4534998016,28.2785001216,52.551186,-1.458885,67.76490005504,0.0
2020-01-08T10:17:36.600000,0.11704008678399999,-0.15742505728,0.21160513356799998,-25.2409999616,-31.2455002368,28.4204999168,52.551186,-1.458885,67.84070001152001,0.0
2020-01-08T10:17:36.700000,0.229209986816,-0.22913498137600002,0.31129966848,-25.1614998784,-31.5690000384,28.4135004416,52.551186,-1.458885,67.9220002816,0.0
2020-01-08T10:17:36.800000,0.196579935488,-0.16905984921599998,-0.136620032512,-25.03750016,-31.6109999616,28.9159996416,52.551186,-1.458885,68.27379990528,0.0
2020-01-08T10:17:36.900000,0.12467005875199999,-0.0009601372160000024,-0.12699977471999999,-25.3055002368,-31.5314998784,28.36499968,52.551186,-1.458885,68.22030030847999,0.0
2020-01-08T10:17:37.000000,0.153364789504,-0.115069709312,0.12370479308799999,-25.62,-31.3519999232,27.9865001984,52.551186,-1.458885,68.61604994048,0.0
2020-01-08T10:17:37.100000,-0.14177581396311018,0.22843923986150153,-0.11887261060356488,-25.657878925007566,-31.26818188400363,28.287878925007565,52.551186,-1.458885,68.56639404580586,0.0
2020-01-08T10:17:37.200000,-0.2095148391381159,-0.045226755058537856,0.06670099333132251,-25.77178211598075,-31.30188114495439,28.46990097102636,52.551186,-1.458885,68.75777229419235,0.0
2020-01-08T10:17:37.300000,-0.125995085312,-0.226359972096,0.125840136704,-25.2680000768,-31.1365008384,28.3670002432,52.551186,-1.458885,68.9502502144,0.0
2020-01-08T10:17:37.400000,-0.17151187580646415,-0.23064863453825646,0.30039997465860224,-25.418485024009684,-32.18333309198669,28.585454166979126,52.551186,-1.458885,69.23666667270034,0.0
2020-01-08T10:17:37.500000,0.193796,-0.455352,0.253568,-25.5892,-31.8708,28.0208,52.551186,-1.458885,69.25288,0.0
2020-01-08T10:17:37.600000,0.1094168258007609,-0.43736436781900534,0.22834357376226455,-25.08059407245565,-32.11079202901673,28.179108942009627,52.551186,-1.458885,69.31640595796021,0.0
2020-01-08T10:17:37.700000,0.068185034496,-0.520934949376,0.315015033344,-25.311500518400003,-31.7455002368,28.4114998784,52.551186,-1.458885,69.46845002752,0.0
2020-01-08T10:17:37.800000,0.07640983961600001,-0.422364866304,0.335389897984,-25.9429997568,-32.06,28.2785001216,52.551186,-1.458885,69.53740013824,0.0
2020-01-08T10:17:37.900000,-0.11807492096,-0.274755127808,0.201145005312,-25.5179995648,-31.9759996416,28.4204999168,52.551186,-1.458885,69.75670015232001,0.0
2020-01-08T10:17:38.000000,-0.004294962431999999,-0.32929950848,0.147839742464,-25.070500556800003,-31.5090000384,28.2919999232,52.551186,-1.458885,69.9529999744,0.0
2020-01-08T10:17:38.100000,0.060780064768000006,0.24060964633600002,-0.1525748224,-25.77249984,-31.493999718399998,28.1990000384,52.551186,-1.458885,69.95515015424,0.0
2020-01-08T10:17:38.200000,0.146739999744,-0.13125458252799999,0.033484787456,-25.52249984,-31.1485001216,28.1944997632,52.551186,-1.458885,70.17080004608,0.0
2020-01-08T10:17:38.300000,0.09177859013909324,0.38142712150165886,-0.22986053749621818,-25.338787983005748,-31.39484879201694,27.8224240339885,52.551186,-1.458885,70.25548493350469,0.0
2020-01-08T10:17:38.400000,-0.15369600132815928,0.18292180462371777,-0.18109904620929662,-25.460396014508365,-31.860495043482008,27.539603985491635,52.551186,-1.458885,70.39666337245995,0.0
2020-01-08T10:17:38.500000,0.16829500467199998,0.34075487052799996,-0.417729710848,-25.3055002368,-31.7814998784,27.7785001216,52.551186,-1.458885,70.44800000000001,0.0
2020-01-08T10:17:38.600000,0.12076977075199999,0.196865119744,-0.044425045760000004,-25.54499968,-31.5554997248,27.8829997568,52.551186,-1.458885,70.50095022592001,0.0
2020-01-08T10:17:38.700000,-0.169329938688,0.347709965056,-0.12914010214399999,-25.12,-31.274000358400002,27.5509999616,52.551186,-1.458885,70.804750016,0.0
2020-01-08T10:17:38.800000,-0.09359699032113758,0.2872696461771984,-0.2573757306985175,-25.1775759660115,-31.75,27.575757850015126,52.551186,-1.458885,70.83418184780164,0.0
2020-01-08T10:17:38.900000,-0.1314564394179418,0.2059910873923722,-0.17998215552136587,-25.42079202901673,-31.71990097102636,28.03009902897364,52.551186,-1.458885,70.90803962172808,0.0
2020-01-08T10:17:39.000000,-0.10280282765403059,0.15689199710036195,-0.014190156945444218,-25.008910912169355,-31.568910912169354,28.106831486419352,52.551186,-1.458885,71.09011889022943,0.0
2020-01-08T10:17:39.100000,0.20744773012893117,-0.03179098335221014,-0.1337557057080353,-25.09535328068515,-31.59454563790669,27.532424945308986,52.551186,-1.458885,71.25652542162506,0.0
2020-01-08T10:17:39.200000,-0.005936356889627869,0.01520903446688681,0.002436398521924189,-25.272121074992434,-31.458181884003633,26.89303013299062,52.551186,-1.458885,71.09278780199575,0.0
2020-01-08T10:17:39.300000,0.020164,-0.07633999999999999,0.049504,-24.8296,-31.5808,26.4588,52.551186,-1.458885,71.05,0.0
2020-01-08T10:17:39.400000,0.03668906727228026,-0.11211287984974565,0.06556141925476072,-23.314257232004582,-31.21475217410039,25.629703014465274,52.551186,-1.458885,71.38452471161962,0.0
2020-01-08T10:17:39.500000,-0.293064917504,-0.135239792384,0.28402474752,-22.120501836800003,-28.3044983552,26.7500032,52.551186,-1.458885,71.06045007872,0.0
2020-01-08T10:17:39.600000,-0.140434816256,0.07589472435200001,-0.016679852288,-24.9440016384,-26.2520005632,30.4194975232,52.551186,-1.458885,71.21840022784001,0.0
2020-01-08T10:17:39.700000,0.07005442401330164,-0.21826034562563518,0.13446953395100836,-27.489698308073823,-26.895454166979125,27.29060664203207,52.551186,-1.458885,71.57448504211068,0.0
2020-01-08T10:17:39.800000,-0.09555689065801956,0.1303412445600068,-0.08692356803316953,-29.315294424728563,-26.89823455594095,27.728824108142298,52.551186,-1.458885,71.81407850656815,121.53160113868682
2020-01-08T10:17:39.900000,0.023349499635393234,-0.1501142219912184,0.06363748079996276,-27.681820473833646,-30.32585667075233,25.40979682869688,52.551072728088684,-1.458581386025476,71.49567674119126,121.53075684586327
2020-01-08T10:17:40.000000,0.033830061568,-0.045089841664,-0.060770145792000005,-25.6659996416,-31.9670001152,26.3890000384,52.550385,-1.456738,71.4909998848,0.0
2020-01-08T10:17:40.100000,0.12420609176171846,0.09827551529663658,-0.20097556416933227,-25.132424033988503,-32.139697041003934,26.524848792016943,52.550385,-1.456738,71.35542430550349,0.0
2020-01-08T10:17:40.200000,0.10410688741822569,-0.1745118165619432,0.07125344827149196,-24.90980204343892,-32.28960398549163,26.990495043482007,52.550385,-1.456738,71.42559404203979,0.0
2020-01-08T10:17:40.300000,-0.23492718666525306,0.335754431253701,-0.07596062076081082,-25.420302958996068,-32.48030295899606,26.77939335796793,52.550385,-1.456738,71.2865151751013,0.0
2020-01-08T10:17:40.400000,-0.08785939710694471,0.1635198047808664,-0.09521484927673617,-25.279900971026358,-32.341485130446024,26.017821869510886,52.550385,-1.456738,71.2837128463923,0.0
2020-01-08T10:17:40.500000,-0.02257503744,0.22945018111999999,-0.10650512716800001,-25.195000320000002,-32.292000435199995,26.7409999616,52.550385,-1.456738,71.09495008512,0.0
2020-01-08T10:17:40.600000,-0.055139926784,0.393004671488,-0.279195016192,-25.5734998016,-32.8054997248,26.69,52.550385,-1.456738,71.211750016,0.0
2020-01-08T10:17:40.700000,0.07909523079301753,-0.06481990743439679,-0.23150659162397885,-25.263960170430206,-32.32861331555695,26.681089065244556,52.550385,-1.456738,71.19720774539897,0.0
2020-01-08T10:17:40.800000,0.21900746743759683,-0.16203816155916828,0.17270915470923334,-24.97313108484455,-31.671616005419956,26.49706957765199,52.550385,-1.456738,70.99044443122784,0.0
2020-01-08T10:17:40.900000,-0.194519894272,0.0018700216319999991,0.173314808064,-24.65999936,-31.5419999232,25.7080000768,52.550385,-1.456738,70.984750016,0.0
2020-01-08T10:17:41.000000,-0.041169944832000004,0.0058498944,-0.047519854592000005,-23.9315005184,-31.5045002752,25.8009999616,52.550385,-1.456738,70.99684996096,0.0
2020-01-08T10:17:41.100000,0.0038398794240000027,-0.071339730944,0.103764821504,-24.686000281600002,-31.964500403200002,25.6839997184,52.550385,-1.456738,70.95415003903999,0.0
2020-01-08T10:17:41.200000,-0.113984819456,0.17876454246399998,-0.08637979980800001,-25.0885001216,-32.5285001216,25.34750016,52.550385,-1.456738,70.98829992448,0.0
2020-01-08T10:17:41.300000,0.11346662201753728,-0.3605361161463492,0.16245448374659635,-25.25,-32.64151497599032,25.550909057998183,52.550385,-1.456738,70.94027291651044,0.0
2020-01-08T10:17:41.400000,0.039441581016447375,-0.04729212330589992,0.09583170143790982,-25.210396014508365,-32.40960398549163,25.46990097102636,52.550385,-1.456738,71.12749498265029,0.0
2020-01-08T10:17:41.500000,0.031445078272,-0.411089974784,0.231869926912,-25.0465001984,-32.5644997632,25.3670002432,52.550385,-1.456738,70.60315015424,0.0
2020-01-08T10:17:41.600000,0.108414884864,-0.34639986688,0.12665496524800002,-25.31,-32.2785001216,25.6704999168,52.550385,-1.456738,70.80754999808,0.0
2020-01-08T10:17:41.700000,-0.028104930048,-0.189430084608,0.098065074944,-25.243999718399998,-32.4670001152,25.6080002048,52.550385,-1.456738,70.76284982016,0.0
2020-01-08T10:17:41.800000,0.053159950335999996,-0.29831998515200003,0.19054996992,-24.918000204800002,-32.469999359999996,25.84249984,52.550385,-1.456738,70.56120015872,0.0
2020-01-08T10:17:41.900000,-0.010504990208000001,-0.241819843072,0.163590055424,-25.1990000384,-31.73250048,25.581999795199998,52.550385,-1.456738,70.75159991295999,0.0
2020-01-08T10:17:42.000000,-0.004535030016000001,-0.127990403584,0.27485016064,-25.2034998016,-32.2304994048,25.497500799999997,52.550385,-1.456738,70.59969984512001,0.0
2020-01-08T10:17:42.100000,-0.036509966336,-0.60572475136,0.468144914432,-24.97750016,-31.4294999552,26.447499519999997,52.550385,-1.456738,70.38859997696,0.0
2020-01-08T10:17:42.200000,-0.02570014464,-0.313315161344,0.37283007820799996,-25.1614998784,-31.464500403200002,25.81,52.550385,-1.456738,70.3872501248,0.0
2020-01-08T10:17:42.300000,-0.21195149397883217,-0.5190090598082845,0.4476544403042002,-25.009090942001816,-32.03787892500756,25.847878925007564,52.550385,-1.456738,70.55072726449954,0.0
2020-01-08T10:17:42.400000,-0.13999205436328196,-0.45149404710909913,0.24181581421992188,-25.120198057947285,-32.24049504348201,26.150297086920926,52.550385,-1.456738,70.55178218695109,0.0
2020-01-08T10:17:42.500000,0.062479975167999996,-0.336819950592,0.065920228352,-25.3919997952,-32.1794999552,26.5069994752,52.550385,-1.456738,70.63085002496,0.0
2020-01-08T10:17:42.600000,0.02469695230904093,-0.2537756944965207,0.3248513546011445,-25.18666690801331,-32.110909057998185,25.678181340973676,52.550385,-1.456738,70.60899980088902,0.0
2020-01-08T10:17:42.700000,0.009303999999999998,-0.17012,0.100676,-25.5408,-32.040800000000004,24.9896,52.550385,-1.456738,70.33956,0.0
2020-01-08T10:17:42.800000,0.050246522326509196,-0.17636431408431785,0.17491085770192963,-25.558811956474905,-31.968514869553978,25.112178130489113,52.550385,-1.456738,70.52489107826761,0.0
2020-01-08T10:17:42.900000,-0.055740011264,0.12303476249600001,-0.073154864128,-26.07749952,-32.0269996032,24.45500032,52.550385,-1.456738,70.46910014976,0.0
2020-01-08T10:17:43.000000,-0.04312414259449368,-0.07735412896702773,0.024345154233435654,-25.48696986700938,-31.651515700030256,24.983030676020572,52.550385,-1.456738,70.61996952309042,0.0
2020-01-08T10:17:43.100000,0.0994821707292963,0.5150979869769422,-0.3807623385741551,-25.769009913035983,-32.469900971026355,25.461782115980746,52.550385,-1.456738,70.39329705650506,0.0
2020-01-08T10:17:43.200000,0.054715076864,0.2781501632,-0.107435181056,-25.8895000832,-32.23499968,24.97750016,52.550385,-1.456738,70.51209954816,0.0
2020-01-08T10:17:43.300000,0.15055755315875352,0.5077333797925626,-0.35083940458058693,-26.01818188400363,-31.847878925007564,25.21878798300575,52.550385,-1.456738,69.99275786811612,0.0
2020-01-08T10:17:43.400000,0.11567920797098326,0.5642811784118358,-0.3706584179696906,-26.170693101429293,-32.06,25.419603985491634,52.550385,-1.456738,70.36911876379803,0.0
2020-01-08T10:17:43.500000,0.08773487897599999,0.382909573376,-0.28433955558400004,-26.3739997184,-32.0690000384,25.6014998784,52.550385,-1.456738,69.95789996544,0.0
2020-01-08T10:17:43.600000,-0.092620083712,-0.219670153472,0.290554934528,-26.0,-32.12,25.4955002368,52.550385,-1.456738,69.98280030208,0.0
2020-01-08T10:17:43.700000,-0.191889949184,-0.34492966476799997,0.180859902976,-25.9534998016,-32.1485001216,25.7829998848,52.550385,-1.456738,70.24359940096001,0.0
2020-01-08T10:17:43.800000,-0.142715078144,0.069219867392,0.081880127488,-25.7545002752,-32.2814998784,25.563999718399998,52.550385,-1.456738,69.5365003776,0.0
2020-01-08T10:17:43.900000,-0.19875740292046679,-0.021081507502863833,0.12460863262472233,-26.1775759660115,-32.054848248986985,25.170302958996068,52.550385,-1.456738,69.93224204137888,0.0
2020-01-08T10:17:44.000000,0.07484158811348157,0.34748408743546133,-0.45601477019549796,-26.34158405803346,-31.74861389852762,25.129703014465274,52.550385,-1.456738,69.41176242171085,0.0
2020-01-08T10:17:44.100000,0.094919944192,-0.15452460287999997,0.204859911936,-25.5180000768,-31.9759996416,25.4069996032,52.550385,-1.456738,69.83620018432,0.0
2020-01-08T10:17:44.200000,0.049450122240000005,0.33292482944,0.019259707136000004,-25.5734998016,-31.4339997184,24.9355002368,52.550385,-1.456738,70.06644993792,0.0
2020-01-08T10:17:44.300000,0.176684850176,0.130565103104,-0.375595025152,-25.4690006784,-31.21000064,25.1839997184,52.550385,-1.456738,70.04235024895999,0.0
2020-01-08T10:17:44.400000,0.027905214208000004,0.263044980992,-0.35850978457599997,-26.33249984,-32.1065001984,24.8955003648,52.550385,-1.456738,70.38965007104001,0.0
2020-01-08T10:17:44.500000,0.252744745472,0.239540007424,-0.08147503872,-26.0269996032,-32.37,25.3514998784,52.550385,-1.456738,70.50560009216,0.0
2020-01-08T10:17:44.600000,-0.090955024128,0.258595039232,-0.132254997248,-25.5465001984,-32.2769996032,25.11499968,52.550385,-1.456738,70.63835004416,0.0
2020-01-08T10:17:44.700000,-0.10256053206591867,0.2586392054696045,-0.088721067752037,-25.81,-31.75,24.75666690801331,52.550385,-1.456738,70.76290932951316,0.0
2020-01-08T10:17:44.800000,0.013610892173238605,-0.00031384073748324387,0.08374848262874146,-25.83059407245565,-31.78009902897364,25.139504956517992,52.550385,-1.456738,71.1708119057818,0.0
2020-01-08T10:17:44.900000,0.04376068230420538,0.1060573341366729,-0.15033926339279943,-25.958181884003633,-31.87333309198669,25.170302958996068,52.550385,-1.456738,71.26896930587843,0.0
2020-01-08T10:17:45.000000,0.1515613797141416,-0.23227819537628222,0.05703366680945224,-26.109108942009627,-31.618811956474904,25.09009902897364,52.550385,-1.456738,70.80784167530562,0.0
2020-01-08T10:17:45.100000,0.049459794175999994,-0.110280282368,0.15829030886400003,-26.3519999232,-32.2680000768,25.2319999232,52.550385,-1.456738,71.62540022784,0.0
2020-01-08T10:17:45.200000,-0.26057515648,-0.378184542976,0.458114529024,-26.1554995968,-32.44500032,25.1014998784,52.550385,-1.456738,71.87129975808,0.0
2020-01-08T10:17:45.300000,-0.39647469312,0.06016928051199999,-0.075419607552,-25.6109999616,-32.739499443199996,24.9955002368,52.550385,-1.456738,71.66235047936,0.0
2020-01-08T10:17:45.400000,0.044760143615999996,-0.838564757504,0.44377499136,-25.6260002816,-32.0090000384,25.2829998848,52.550385,-1.456738,72.23959974655999,0.0
2020-01-08T10:17:45.500000,0.15954517957483338,-0.5401970554847317,0.43416364311037214,-26.0,-31.993333091986692,25.205757850015125,52.550385,-1.456738,71.97663663021471,0.0
2020-01-08T10:17:45.600000,-0.2687306949263809,-0.6703178201459454,0.4529168369532432,-26.098217884019252,-31.540792029016732,25.579306898570707,52.550385,-1.456738,72.26527714932413,0.0
2020-01-08T10:17:45.700000,-0.24354227669186151,-0.564342090251578,0.4175088027741073,-26.421514432960368,-31.044242149984875,25.253939190988806,52.550385,-1.456738,71.70997006612036,0.0
2020-01-08T10:17:45.800000,-0.05976735491000707,-0.16578324314185705,0.0540337154748296,-25.389207970983268,-30.82910904339583,24.959009913035985,52.550385,-1.456738,72.26563365362925,0.0
2020-01-08T10:17:45.900000,-0.17483289468580543,-0.5612961305237136,0.3258690995270468,-25.867575966011497,-31.977878925007566,25.03272717399455,52.550385,-1.456738,72.22642439600847,0.0
2020-01-08T10:17:46.000000,0.4644286879864954,0.6004038739668113,-0.5253653003186062,-26.129801942052715,-32.16940592754435,24.929108942009627,52.550385,-1.456738,72.47714852318322,0.0
2020-01-08T10:17:46.100000,0.206539789824,0.05160075008000001,-0.238760430336,-25.960000639999997,-32.0419999232,25.0684994816,52.550385,-1.456738,72.60325024,0.0
2020-01-08T10:17:46.200000,-0.056639931904,0.9255944785920001,-0.706019555072,-26.7634998016,-31.8364995584,24.4265001984,52.550385,-1.456738,72.87819981311999,0.0
2020-01-08T10:17:46.300000,0.0001998566399999957,0.216734930176,-0.100264936704,-26.4714998784,-31.2680000768,24.8580007168,52.550385,-1.456738,72.69420027392,0.0
2020-01-08T10:17:46.400000,-0.217755117568,0.079809811456,0.004605088767999997,-26.206499558399997,-31.5395007232,25.7544997632,52.550385,-1.456738,73.05694999552,0.0
2020-01-08T10:17:46.500000,-0.276984586496,-0.097744689152,0.04154465459199999,-25.695000320000002,-32.4534998016,25.47750016,52.550385,-1.456738,73.04784998656,0.0
2020-01-08T10:17:46.600000,0.2570787331369806,0.2572967604384579,-0.34342700565526907,-26.139697041003934,-32.19909094200181,25.680909057998186,52.550385,-1.456738,73.04363641300273,0.0
2020-01-08T10:17:46.700000,0.13631284842002275,0.030281249382177827,0.021097989004666293,-26.16128707249874,-32.319703014465276,25.55079202901673,52.550385,-1.456738,72.9950098217884,0.0
2020-01-08T10:17:46.800000,-0.05479999744,0.500519814912,-0.239110008576,-25.7170001152,-32.595499596799996,25.1104999168,52.550385,-1.456738,72.40825032960001,0.0
2020-01-08T10:17:46.900000,-0.057915175101300946,0.20412405932990102,-0.19689374532929593,-25.907878925007566,-31.97515120798306,25.037878925007565,52.550385,-1.456738,72.78266643738736,0.0
2020-01-08T10:17:47.000000,-0.11911288694677985,-0.03648611161100142,0.0874742473975429,-26.091485130446024,-31.569703014465276,25.191386101472382,52.550385,-1.456738,72.35956431307045,0.0
2020-01-08T10:17:47.100000,-0.13497533971695208,0.19880912316177898,-0.02722132297611444,-25.949090942001817,-31.920302958996068,24.96484879201694,52.550385,-1.456738,72.13130352012702,0.0
2020-01-08T10:17:47.200000,0.4903940460952371,0.2538643597081091,-0.2304465547700941,-25.96990097102636,-31.849603985491633,25.379801942052715,52.550385,-1.456738,72.8051979666997,0.0
2020-01-08T10:17:47.300000,0.33057479424,0.17269953663999998,-0.351354796288,-25.8385001216,-32.0795000832,25.13500032,52.550385,-1.456738,72.45930042367999,0.0
2020-01-08T10:17:47.400000,0.05448180797943726,-0.3006237280816303,-0.14328507469247698,-25.980302958996067,-32.21727282600544,25.475151207983057,52.550385,-1.456738,72.97730286849107,0.0
2020-01-08T10:17:47.500000,0.099836,0.456472,-0.417408,-25.8204,-32.33,24.9904,52.550385,-1.456738,72.75692000000001,0.0
2020-01-08T10:17:47.600000,0.3092434936671643,0.3090277575146186,-0.04899704839416928,-25.59009902897364,-32.080396014508366,24.91940592754435,52.550385,-1.456738,72.81879201887811,0.0
2020-01-08T10:17:47.700000,-0.275389965824,0.6200250841599999,-0.2529502016,-25.7965001984,-31.87,24.9510006016,52.550385,-1.456738,72.34705014528001,0.0
2020-01-08T10:17:47.800000,-0.185179808768,0.584739372544,-0.38619442611200006,-26.02249984,-31.8234998016,25.6839997184,52.550385,-1.456738,72.52979995648,0.0
2020-01-08T10:17:47.900000,0.064119980032,-0.10792939980799998,0.255264484864,-25.8190000384,-31.5885001216,25.3009999616,52.550385,-1.456738,72.43794985471999,0.0
2020-01-08T10:17:48.000000,0.091885231616,0.554469425152,-0.370234749696,-25.87,-31.7785001216,25.25,52.550385,-1.456738,72.30005023488,0.0
2020-01-08T10:17:48.100000,0.364144849152,-0.13023466393599997,-0.08977522176,-25.8985001216,-31.9580000768,25.1659996416,52.550385,-1.456738,72.54779972608,0.0
2020-01-08T10:17:48.200000,0.08834518138493325,0.23564516328393484,-0.281920841489557,-25.99333309198669,-32.04181811599637,24.803636775022692,52.550385,-1.456738,72.2461214370124,0.0
2020-01-08T10:17:48.300000,-0.35183169434087563,-0.16604452349751986,0.2610791887076047,-25.640594072455652,-31.64217802910291,25.48910894200963,52.550385,-1.456738,72.51986133915966,0.0
2020-01-08T10:17:48.400000,-0.34169659390927265,0.0884999818990016,0.08377266852675974,-25.948485567039633,-29.928181340973676,25.84545489101906,52.550385,-1.456738,72.0653937199879,0.0
2020-01-08T10:17:48.500000,0.13528,0.053444,0.006115999999999998,-27.490399999999998,-29.19,26.1192,52.550385,-1.456738,71.7404,0.0
2020-01-08T10:17:48.600000,-0.39988514058464353,-0.0030217944850974947,0.11089012143532448,-29.542475116023837,-29.376930811520516,24.532970159505844,52.550385,-1.456738,71.81489108840624,0.0
2020-01-08T10:17:48.700000,-0.30359686180404893,-0.24320049596735616,0.3407486363483563,-28.079392633927995,-30.4275759660115,23.3224240339885,52.550385,-1.456738,71.80309088769881,0.0
2020-01-08T10:17:48.800000,-0.16616536520577596,-1.0027643515972129,0.6312426098329409,-26.00138610147238,-30.878316912992894,23.286732854959432,52.550385,-1.456738,71.74592077682108,119.94620859153395
2020-01-08T10:17:48.900000,-0.269554773248,-0.9111847823360001,0.868494739712,-25.6419997952,-31.5314998784,24.8385001216,52.550265299489276,-1.4563962985420802,71.57974983679999,119.94535030384776
2020-01-08T10:17:49.000000,-0.0003698127063837056,-0.6924335879540442,0.5356030766525566,-25.51242475802844,-31.46545489101906,25.0,52.549587,-1.45446,71.35315147949804,0.0
2020-01-08T10:17:49.100000,-0.13325343610514764,-0.8339750876356992,0.44411573818026967,-26.290990086964015,-32.109306999956914,24.92079202901673,52.549587,-1.45446,71.27629701595059,0.0
2020-01-08T10:17:49.200000,0.10324845352827247,0.39010563923675845,-0.333496646402168,-26.170302958996068,-32.59454510898094,24.575757850015126,52.549587,-1.45446,71.1905455615059,0.0
2020-01-08T10:17:49.300000,0.058079209998707325,-0.11188604368224547,0.07665142815140001,-26.020396014508364,-32.06,24.950891057990372,52.549587,-1.45446,71.29548511016878,0.0
2020-01-08T10:17:49.400000,0.078410012416,0.6091646807040001,-0.35717481216,-25.8940003584,-32.0795000832,24.793500441600003,52.549587,-1.45446,70.92329978368,0.0
2020-01-08T10:17:49.500000,0.052734820095999994,0.09989963647999998,-0.069254835968,-26.3429998848,-32.15249984,25.313999718399998,52.549587,-1.45446,70.66510012416,0.0
2020-01-08T10:17:49.600000,-0.190385017856,-0.38195499596800003,0.182230143488,-26.1794999552,-31.9865001984,24.8559996416,52.549587,-1.45446,70.81109991936,0.0
2020-01-08T10:17:49.700000,-0.21517576147021483,-0.4322062619111034,0.4214516912797147,-26.06393919098881,-32.17424214998487,24.43606080901119,52.549587,-1.45446,70.66415137089204,0.0
2020-01-08T10:17:49.800000,-0.17076036407785447,-0.7083999776950354,0.6431910569765114,-25.848217884019252,-31.769009913035983,24.77059407245565,52.549587,-1.45446,70.46270298404941,0.0
2020-01-08T10:17:49.900000,0.049094794752,-0.556320148992,0.38862006323200005,-26.2304994048,-31.936000281600002,24.822999756799998,52.549587,-1.45446,70.52564977664001,0.0
2020-01-08T10:17:50.000000,-0.221144989952,-0.741014943744,0.47854002534400003,-25.44,-32.113499161600004,24.6875008,52.549587,-1.45446,70.17709977855999,0.0
2020-01-08T10:17:50.100000,-0.17377985484800001,-0.632339855104,0.476139846144,-25.6080007168,-31.22500096,25.6839997184,52.549587,-1.45446,69.87984998655999,0.0
2020-01-08T10:17:50.200000,0.012024970239999998,-0.50485027712,0.304740140544,-26.5419999232,-32.38749952,25.3580002048,52.549587,-1.45446,69.90085016575999,0.0
2020-01-08T10:17:50.300000,-0.04337884536317067,-0.7161267051786957,0.4111875884039833,-26.277878200967628,-31.79696986700938,25.610302958996066,52.549587,-1.45446,70.05599976468703,0.0
2020-01-08T10:17:50.400000,-0.14361089825641077,0.12040591436414376,0.0050257698381115795,-25.390594072455652,-32.09009902897365,25.509504956517993,52.549587,-1.45446,69.67045543189255,0.0
2020-01-08T10:17:50.500000,-0.178184891136,-0.056269815552,0.200479858688,-25.6035004416,-32.21249984,25.52249984,52.549587,-1.45446,69.52944988672,0.0
2020-01-08T10:17:50.600000,-0.04470004736,0.188669999872,-0.028030174207999997,-26.15249984,-32.0465001984,25.2454997248,52.549587,-1.45446,69.33534981375999,0.0
2020-01-08T10:17:50.700000,-0.097129955328,0.117759698176,-0.20824978176000003,-25.8544996352,-32.2919999232,24.9730003968,52.549587,-1.45446,69.1285001728,0.0
2020-01-08T10:17:50.800000,-0.006769584633803873,-0.19906939276322086,0.023842215148466975,-25.389697041003934,-32.20818188400363,25.546969867009377,52.549587,-1.45446,69.2673936113819,0.0
2020-01-08T10:17:50.900000,0.15969702507534264,0.19679104176858092,-0.2396870907482555,-25.53009902897364,-32.26089105799038,25.800495043482005,52.549587,-1.45446,68.88150502748834,0.0
2020-01-08T10:17:51.000000,0.11842498943999999,-0.056804388607999995,0.012704718848000007,-25.69,-32.0285001216,25.6839997184,52.549587,-1.45446,69.46759974656,0.0
2020-01-08T10:17:51.100000,0.09824997376000001,0.691404727808,-0.347964945664,-25.7080000768,-32.1704999168,25.3760002816,52.549587,-1.45446,69.1017498752,0.0
2020-01-08T10:17:51.200000,0.07817506303999999,0.318934953216,-0.26939497267199997,-25.725999641599998,-32.0690000384,25.6194994432,52.549587,-1.45446,68.92249994240001,0.0
2020-01-08T10:17:51.300000,0.16137499776,0.317580259328,-0.246630057728,-25.391000601600002,-32.0644997632,24.9445002752,52.549587,-1.45446,68.75209959936001,0.0
2020-01-08T10:17:51.400000,0.13859689800604574,0.4980600125672646,-0.24683002619473052,-26.103636050982757,-31.854545833020875,25.329697041003932,52.549587,-1.45446,68.25984862910795,0.0
2020-01-08T10:17:51.500000,0.034020796084464844,-0.35278411582359814,0.1416375985663991,-25.63108911593766,-32.40039601450837,25.509703014465277,52.549587,-1.45446,68.45210889131653,0.0
2020-01-08T10:17:51.600000,0.06537999052799999,-0.054890252544000005,-0.012329755647999999,-25.6044996352,-32.2830003968,25.7104992768,52.549587,-1.45446,68.24209980415999,0.0
2020-01-08T10:17:51.700000,0.055890013184,-0.37499993472,0.270709822976,-25.2985007616,-32.73499968,24.9285007616,52.549587,-1.45446,67.9534998784,0.0
2020-01-08T10:17:51.800000,0.05194990848,-0.198734617856,0.004864868864000001,-26.243999718399998,-32.2919999232,25.743499161600003,52.549587,-1.45446,67.81090008064,0.0
2020-01-08T10:17:51.900000,-0.079935044096,0.267414823424,-0.13944987264,-25.8144997632,-32.0864995584,24.6945002752,52.549587,-1.45446,67.87479981568,0.0
2020-01-08T10:17:52.000000,-0.13895454710009078,0.11883970505716036,-0.015845619429094505,-25.584848792016942,-31.56666690801331,25.070606099002116,52.549587,-1.45446,67.62727271739945,0.0
2020-01-08T10:17:52.100000,-0.15943268463061203,0.5779534513130781,-0.2719772284053724,-26.020396014508364,-32.00811885504561,25.05079202901673,52.549587,-1.45446,67.59536632609351,0.0
2020-01-08T10:17:52.200000,-0.202559777536,0.452919968512,-0.283010022656,-25.716999603199998,-32.418000204799995,24.7605005568,52.549587,-1.45446,67.48329989888,0.0
2020-01-08T10:17:52.300000,0.05653623199273891,0.40444846076867186,-0.2911756782056222,-25.25515175101301,-32.57636322497731,25.368181340973678,52.549587,-1.45446,67.34945454710008,0.0
2020-01-08T10:17:52.400000,-0.1504254860229195,0.2757177618600636,-0.11291771668364964,-25.65921563706273,-31.929019621622437,24.736666532810624,52.549587,-1.45446,67.31482357606454,0.0
2020-01-08T10:17:52.500000,-0.14711445174132473,-0.18547166781605592,0.15685736575655934,-25.844285915802015,-31.968570656092286,25.364285288862416,52.549587,-1.45446,67.09485730071157,0.0
2020-01-08T10:17:52.600000,-0.017639602464698593,-0.03506041679867995,-0.0015069229033966899,-25.729603985491636,-32.540990086964015,25.571188043525098,52.549587,-1.45446,66.98493069999569,0.0
2020-01-08T10:17:52.700000,-0.007245009152,-0.145094726912,0.0379248896,-26.024000358400002,-32.36499968,25.052500480000003,52.549587,-1.45446,67.03759997696001,0.0
2020-01-08T10:17:52.800000,-0.0072799482879999985,0.20129493043199997,-0.087954911488,-26.3214992384,-31.789999360000003,25.520499276800003,52.549587,-1.45446,66.98044988672001,0.0
2020-01-08T10:17:52.900000,0.023869839872000004,0.14820016768,-0.004780146687999996,-25.3385001216,-31.070500556800003,24.738500761599997,52.549587,-1.45446,66.83495002112,0.0
2020-01-08T10:17:53.000000,-0.155979859968,0.387970072832,-0.211090049024,-25.5465001984,-31.92250048,25.71249984,52.549587,-1.45446,66.84889993984,0.0
2020-01-08T10:17:53.100000,0.004090815294826477,0.360260155565152,-0.19819971762442495,-25.772121074992434,-32.48424214998487,25.537878925007565,52.549587,-1.45446,66.77718184780163,0.0
2020-01-08T10:17:53.200000,-0.10733661233211078,-0.27017619553343086,0.19422769465517287,-25.550495043482005,-32.09009902897365,25.57257414499748,52.549587,-1.45446,66.80589107826762,0.0
2020-01-08T10:17:53.300000,0.04044986751999999,0.036514802943999995,-0.001884830976000007,-25.4909999616,-32.32500032,24.6765001984,52.549587,-1.45446,66.72370003712,0.0
2020-01-08T10:17:53.400000,-0.0775149415984216,-0.1684573703386697,0.17175133106984658,-25.46727282600545,-32.6924240339885,24.949090942001817,52.549587,-1.45446,66.80784861100696,0.0
2020-01-08T10:17:53.500000,0.1842138214741047,0.12260691377863843,-0.09048909464655502,-25.670693101429293,-32.29079202901673,25.15841594196654,52.549587,-1.45446,66.94707917248581,0.0
2020-01-08T10:17:53.600000,-0.15400891942858883,0.024314954427017327,0.004520733932862231,-25.892475135096774,-31.96356457777823,25.907920574249996,52.549587,-1.45446,66.65,0.0
2020-01-08T10:17:53.700000,-0.15282338991202893,0.21480244519262098,-0.09103467022481498,-25.65535328068515,-32.48161629404372,25.38,52.549587,-1.45446,66.69327241555862,0.0
2020-01-08T10:17:53.800000,-0.044975106560000006,-0.092519782912,0.130279769088,-25.8519999232,-32.33249984,25.3694999552,52.549587,-1.45446,66.9042497792,0.0
2020-01-08T10:17:53.900000,-0.164014904064,0.157354835968,-0.156734916096,-25.75,-32.12,25.3760002816,52.549587,-1.45446,66.61205000448,0.0
2020-01-08T10:17:54.000000,-0.05445007616,-0.037429901567999996,-0.045345000192,-25.7214998784,-32.0929998848,25.67499968,52.549587,-1.45446,66.65790017024,0.0
2020-01-08T10:17:54.100000,-0.12994989056,0.09128999142399999,-0.040604978688000004,-25.456499558399997,-31.8364995584,25.2590000384,52.549587,-1.45446,66.8975000576,0.0
2020-01-08T10:17:54.200000,-0.005357650904144872,0.05794537506561612,-0.020678818211673076,-24.9275759660115,-31.1924240339885,25.434242874024807,52.549587,-1.45446,66.97293939009978,0.0
2020-01-08T10:17:54.300000,-0.08017249703215314,-0.05737646102144128,-0.06943529642076413,-25.347255024006305,-30.9782354299425,26.07980385857739,52.549587,-1.45446,66.94268624399842,0.0
2020-01-08T10:17:54.400000,0.13621423645487482,-0.0639289438968896,-0.021256687991264664,-25.844285512769943,-31.675715192535257,25.87285763545125,52.549587,-1.45446,66.84757170733491,0.0
2020-01-08T10:17:54.500000,0.05678908248021069,-0.2873494658214437,0.29694849580894783,-25.73910894200963,-32.2511880435251,26.07257414499748,52.549587,-1.45446,67.08951486955398,0.0
2020-01-08T10:17:54.600000,-0.120114809344,-0.008950211840000007,0.130594971392,-25.88749952,-31.7805006848,25.3070007552,52.549587,-1.45446,67.32740036864,0.0
2020-01-08T10:17:54.700000,0.10999990143999999,-0.185839554304,0.038659769856,-25.40000064,-32.595499596799996,26.179499443199997,52.549587,-1.45446,67.79479990527999,0.0
2020-01-08T10:17:54.800000,0.006130115328000001,0.32965967385600004,-0.23347485696,-26.2034998016,-32.0044997632,25.533000396800002,52.549587,-1.45446,67.72795025152,0.0
2020-01-08T10:17:54.900000,0.11872482688,-0.03316469990399999,-0.088020189952,-25.90249984,-31.7455002368,25.920499404799997,52.549587,-1.45446,68.04954994687999,0.0
2020-01-08T10:17:55.000000,-0.10018480860780049,0.3090058564487393,-0.27175429730631284,-25.727878925007566,-32.02212107499244,25.157272826005446,52.549587,-1.45446,67.97081815219836,0.0
2020-01-08T10:17:55.100000,-0.01724058058809067,0.0009940643447536451,0.08889206450190226,-25.870296985534726,-31.898712927501258,25.379703014465274,52.549587,-1.45446,67.9638119057818,0.0
2020-01-08T10:17:55.200000,0.098940013824,0.017244892672000002,-0.024364957184000002,-25.5465001984,-32.2859996416,25.78750016,52.549587,-1.45446,68.24170030592,0.0
2020-01-08T10:17:55.300000,0.106109952256,-0.1095499328,0.010869907712000002,-25.8295000832,-31.7919999232,26.141000601600002,52.549587,-1.45446,68.59189976063999,0.0
2020-01-08T10:17:55.400000,0.040314989824,-0.051680133887999996,-0.064779799808,-25.9490000384,-31.61499968,26.6114985984,52.549587,-1.45446,68.35395034112,0.0
2020-01-08T10:17:55.500000,-0.006548605576659022,-0.1617421789464702,0.1492513274496469,-25.97121201699425,-31.293030676020575,24.901515700030256,52.549587,-1.45446,68.6973026331781,0.0
2020-01-08T10:17:55.600000,-0.1845237568150538,0.2136603934798533,-0.11385245798175556,-25.73079202901673,-31.94920797098327,25.82920797098327,52.549587,-1.45446,68.2501288187747,0.0
2020-01-08T10:17:55.700000,-0.09825483084799999,0.12639471923200002,0.036855025408,-25.42250048,-32.3054997248,26.28750016,52.549587,-1.45446,69.01979949568,0.0
2020-01-08T10:17:55.800000,0.08181980979200001,-0.197569791232,0.054159929855999996,-25.993999718399998,-31.9490000384,26.4069996032,52.549587,-1.45446,68.35315001344,0.0
2020-01-08T10:17:55.900000,-0.169689995264,0.020704748288,-0.007229864447999994,-25.65750016,-31.9534998016,25.9820004352,52.549587,-1.45446,68.41375018240001,0.0
2020-01-08T10:17:56.000000,-0.152539953664,-0.276684842496,0.173220001792,-25.8805000448,-31.765000320000002,26.5509999616,52.549587,-1.45446,68.59389973504001,0.0
2020-01-08T10:17:56.100000,-0.06633324403507457,-0.06903030857030558,0.1622666183973376,-25.911212016994252,-32.152121074992436,26.462121074992435,52.549587,-1.45446,68.29866687181132,0.0
2020-01-08T10:17:56.200000,0.0905722891230347,-0.04561582131695609,0.04644353827709356,-25.819703014465276,-31.88930689857071,26.310198057947286,52.549587,-1.45446,68.51619795656109,0.0
2020-01-08T10:17:56.300000,0.1542998464,0.1475500992,-0.190020076032,-26.3580007168,-31.2929986048,26.6390000384,52.549587,-1.45446,67.99035001856001,0.0
2020-01-08T10:17:56.400000,0.025135319296,0.22807478143999999,-0.25544984832,-27.57250112,-29.252499200000003,26.5864995584,52.549587,-1.45446,68.01334999296,0.0
2020-01-08T10:17:56.500000,0.467290077184,-0.052134957056,-0.065190047744,-28.8634991616,-28.292000435200002,25.8784994816,52.549587,-1.45446,68.00024998399999,0.0
2020-01-08T10:17:56.600000,0.37599917312,-0.064490296064,-0.057004694528,-27.5054989568,-28.7859996416,25.22750016,52.549587,-1.45446,67.9632499328,0.0
2020-01-08T10:17:56.700000,-0.6991449016319999,-0.422554850048,0.367885081856,-25.9519992832,-28.4510006016,25.570500556800003,52.549587,-1.45446,67.82764980223999,0.0
2020-01-08T10:17:56.800000,-0.484094639872,-0.35927057971199994,0.478895009792,-25.1305005568,-29.4375008,26.460000639999997,52.549587,-1.45446,67.58390008063999,0.0
2020-01-08T10:17:56.900000,-0.038590139903999995,-1.123694976512,0.541670212352,-25.8519999232,-30.6215005184,27.225999641599998,52.549587,-1.45446,67.64404979968,0.0
2020-01-08T10:17:57.000000,-0.207809929216,-0.7341184709120001,0.579828959488,-25.7304999168,-31.3295000832,26.7214998784,52.549587,-1.45446,67.35309989376,0.0
2020-01-08T10:17:57.100000,-0.08172412630359512,1.0273353884862135,-0.6677510287831734,-25.668485024009684,-31.449090942001817,26.635757850015125,52.549587,-1.45446,67.17381804359238,0.0
2020-01-08T10:17:57.200000,0.1223594214396334,-0.39371776641125794,0.07680593565524635,-25.860792029016732,-31.519009913035983,26.98079202901673,52.549587,-1.45446,66.95366336232134,0.0
2020-01-08T10:17:57.300000,0.1941937290383974,-0.05181862463442448,0.07052133926701301,-25.58090960102814,-31.71545489101906,26.475151207983057,52.549587,-1.45446,66.9009090217962,0.0
2020-01-08T10:17:57.400000,-0.13322772405717168,-0.7164277098631033,0.3009425956388725,-26.262277159462755,-32.09158405803346,26.118811956474904,52.549587,-1.45446,66.77689107826761,0.0
2020-01-08T10:17:57.500000,-0.11309079719382807,-0.40000227658842724,0.3317600686803597,-25.62333309198669,-31.486364492047198,26.759090942001816,52.549587,-1.45446,66.66145445659511,0.0
2020-01-08T10:17:57.600000,0.029774238272784644,0.653488047580545,-0.41002667597729964,-25.348217884019252,-32.58188104356819,27.00801992745817,52.549587,-1.45446,66.5235247521741,0.0
2020-01-08T10:17:57.700000,-0.13269394625037817,0.13269421595525432,0.017663463910487974,-25.93666690801331,-31.35181811599637,27.87060537496218,52.549587,-1.45446,66.49418172109465,0.0
2020-01-08T10:17:57.800000,-0.10779898740529895,0.3898226641252525,-0.13947616815915606,-26.26089105799037,-31.25,26.83059407245565,52.549587,-1.45446,66.33433662754004,118.96310146678866
2020-01-08T10:17:57.900000,0.081235001856,-0.35713431833599996,0.322179484928,-26.0,-31.3160002816,26.8559996416,52.54947719953152,-1.4541337486080002,66.29380004608001,118.96229468012075
2020-01-08T10:17:58.000000,0.05077485952,0.334059086336,-0.231804444928,-26.0180000768,-31.7080000768,26.45500032,52.548855,-1.452285,66.33294990592,0.0
2020-01-08T10:17:58.100000,-0.119944932352,-0.7499194475519999,0.459169802752,-26.08249984,-31.725999641599998,26.776499558399998,52.548855,-1.452285,66.22420006912,0.0
2020-01-08T10:17:58.200000,-0.026094982912,-0.16383062988799998,0.250690228224,-25.90750016,-31.3340003584,26.3310006016,52.548855,-1.452285,66.26679979008,0.0
2020-01-08T10:17:58.300000,-0.014965049344000001,-0.95704981504,0.536219924992,-26.168000204800002,-31.725999641599998,27.1104999168,52.548855,-1.452285,66.06255031808,0.0
2020-01-08T10:17:58.400000,-0.069489953024,-0.662094789632,0.420969933312,-26.3829997568,-31.2680000768,27.0285001216,52.548855,-1.452285,66.39364961024,0.0
2020-01-08T10:17:58.500000,0.006970060031999998,-0.41750014848,0.308879899648,-26.0314998784,-31.3609999616,27.1990000384,52.548855,-1.452285,65.81344973312001,0.0
2020-01-08T10:17:58.600000,0.044078633581489404,-0.5061844556383317,0.13937259612276615,-25.93666690801331,-31.300909057998183,27.165151207983058,52.548855,-1.452285,65.56581856852134,0.0
2020-01-08T10:17:58.700000,-0.17174057957422864,0.022624702494860982,-0.008117786688498496,-26.15158405803346,-31.28009902897364,26.729603985491636,52.548855,-1.452285,66.12011878407527,0.0
2020-01-08T10:17:58.800000,-0.028769619025700827,-0.26936923709463456,0.21302397787540825,-25.37666690801331,-31.458181884003633,26.911212016994252,52.548855,-1.452285,65.90942432360448,0.0
2020-01-08T10:17:58.900000,0.06992275841442118,0.33788904293959154,-0.17475048145773084,-25.78009902897364,-31.490296985534723,26.929010014422186,52.548855,-1.452285,66.1666436477742,0.0
2020-01-08T10:17:59.000000,0.025490306304000003,-0.034719229952,-0.158270415872,-25.8079994368,-31.08249984,27.7479994368,52.548855,-1.452285,66.7429994752,0.0
2020-01-08T10:17:59.100000,0.425909972736,0.890904585728,-0.667834817536,-25.1635004416,-30.7769996032,27.0465001984,52.548855,-1.452285,66.12310032896,0.0
2020-01-08T10:17:59.200000,0.32437472128,0.45944050662400004,-0.484285250816,-25.7590000384,-30.4180007168,27.31,52.548855,-1.452285,66.54814994944,0.0
2020-01-08T10:17:59.300000,-0.028390846066523756,1.0601179205055868,-0.7695816450704517,-25.847878925007564,-31.418485024009684,27.291818115996367,52.548855,-1.452285,66.47827271739946,0.0
2020-01-08T10:17:59.400000,0.02873561798692624,0.6570247531879625,-0.4960970260892047,-26.139207970983268,-31.729603985491636,27.129801942052715,52.548855,-1.452285,66.50751487969261,0.0
2020-01-08T10:17:59.500000,-0.191940026624,0.578234638336,-0.419884804096,-26.466999603199998,-31.9294999552,26.8295000832,52.548855,-1.452285,66.71054985728,0.0
2020-01-08T10:17:59.600000,-0.1830498112,0.15569524659200001,-0.194545148672,-25.9580000768,-31.8609999616,27.015000320000002,52.548855,-1.452285,66.54905011968,0.0
2020-01-08T10:17:59.700000,0.045034903295999996,0.43317478656,-0.33664976384,-25.929499443199997,-31.7919999232,27.40249984,52.548855,-1.452285,66.7019999744,0.0
2020-01-08T10:17:59.800000,-0.065354923008,0.19218018124800001,-0.06521018009599999,-25.302500480000003,-31.6419997952,27.2455002368,52.548855,-1.452285,66.65674995200001,0.0
2020-01-08T10:17:59.900000,0.021209933056000004,0.41482492288,-0.2830249088,-25.8364995584,-31.464500403200002,27.5885001216,52.548855,-1.452285,66.68105037568,0.0
2020-01-08T10:18:00.000000,-0.0740750272,0.302469957632,-0.17019503539199998,-25.32500032,-31.8964995584,27.6839997184,52.548855,-1.452285,67.15509989376001,0.0
2020-01-08T10:18:00.100000,-0.1065030169192618,0.2622152094931979,-0.18489685275354972,-25.759090942001816,-31.291818115996367,27.40545489101906,52.548855,-1.452285,67.03915160620502,0.0
2020-01-08T10:18:00.200000,-0.08705148594153565,0.2729138113354844,0.0222019968012653,-25.740296985534723,-31.32782186951089,27.90990097102636,52.548855,-1.452285,67.15196037827192,0.0
2020-01-08T10:18:00.300000,-0.10070502988800001,-0.123704901888,0.13225487564799998,-25.418000204800002,-32.06,27.6464995584,52.548855,-1.452285,67.05595022592,0.0
2020-01-08T10:18:00.400000,-0.090479787008,-0.019740112384000003,-0.021859952896,-25.6990000384,-32.0509999616,27.1170002432,52.548855,-1.452285,67.29869975552,0.0
2020-01-08T10:18:00.500000,0.18314239072815144,-0.1808333761723629,0.04868487739159441,-25.72121201699425,-31.895454166979125,27.29757524197156,52.548855,-1.452285,67.0471820831146,0.0
2020-01-08T10:18:00.600000,0.1327732682602888,-0.14317914206995142,0.04153462060015562,-25.540990086964015,-31.349603985491633,26.549108942009628,52.548855,-1.452285,67.46840594782158,0.0
2020-01-08T10:18:00.700000,0.1604750848,0.382244886272,-0.240210026496,-25.270499276800003,-31.5044997632,26.65999936,52.548855,-1.452285,67.54085005056,0.0
2020-01-08T10:18:00.800000,0.20021468902400003,0.286445235712,-0.265634958336,-24.00999872,-31.1704999168,26.14750144,52.548855,-1.452285,67.63980013568,0.0
2020-01-08T10:18:00.900000,-0.160869778432,0.6620952670720001,-0.28710032768,-23.32250432,-30.9189993984,28.17250048,52.548855,-1.452285,67.79689990144,0.0
2020-01-08T10:18:01.000000,0.105634881536,0.885864441344,-0.625834588416,-28.75999872,-30.232500480000002,28.50999872,52.548855,-1.452285,67.65354994687999,0.0
2020-01-08T10:18:01.100000,-0.03558993126400001,0.22475034496,-0.153570317312,-26.8919992832,-31.0020005632,26.725999641599998,52.548855,-1.452285,67.59815006464,0.0
2020-01-08T10:18:01.200000,0.076490088704,0.564009492736,-0.49542466047999995,-25.9490000384,-31.7304999168,26.3445004032,52.548855,-1.452285,67.69960006656,0.0
2020-01-08T10:18:01.300000,0.188194973952,-0.030709662976000016,-0.09115019903999999,-26.0,-31.6019999232,26.9820004352,52.548855,-1.452285,67.82205014528,0.0
2020-01-08T10:18:01.400000,0.14747876571877772,0.3529755261572356,-0.30284829423948656,-25.97121201699425,-31.575757850015126,27.550909057998183,52.548855,-1.452285,67.99909085149682,0.0
2020-01-08T10:18:01.500000,0.1051841533364932,0.07736044822840284,-0.0581069624440158,-25.76089105799037,-31.939801942052714,27.539603985491635,52.548855,-1.452285,67.96877231446959,0.0
2020-01-08T10:18:01.600000,0.041779911168,0.408684546816,-0.25565970713599995,-25.5285001216,-31.58249984,27.6839997184,52.548855,-1.452285,68.26854994688,0.0
2020-01-08T10:18:01.700000,-0.050669604544902117,-0.14804832139098417,0.09569380325249083,-25.69,-31.342727173994554,27.347878925007564,52.548855,-1.452285,68.19421210749925,0.0
2020-01-08T10:18:01.800000,0.17607035011190503,0.09104949623730454,-0.11432970260892046,-25.729603985491636,-30.882673072584918,27.550495043482005,52.548855,-1.452285,68.20325744491561,0.0
2020-01-08T10:18:01.900000,0.629605036288,0.060570181631999995,-0.170610253056,-26.015000320000002,-29.2680000768,27.5090000384,52.548855,-1.452285,68.37270003712,0.0
2020-01-08T10:18:02.000000,0.5738905329192514,0.2020875178100895,-0.36233584101117355,-26.402121074992436,-29.663940458058693,27.475151207983057,52.548855,-1.452285,68.42896972220139,0.0
2020-01-08T10:18:02.100000,0.029164379985349695,-0.25784449206779697,0.3627098481488147,-26.19,-31.290990086964015,26.930296985534724,52.548855,-1.452285,68.5177426057775,0.0
2020-01-08T10:18:02.200000,0.1723119246791598,0.09515392985604532,0.02660947794134759,-26.103636050982757,-31.161212016994252,26.693333816026623,52.548855,-1.452285,68.75578778389476,0.0
2020-01-08T10:18:02.300000,-0.12439702507534263,-0.764632614674132,0.5465514352484342,-25.640594072455652,-31.03009902897364,27.509703014465277,52.548855,-1.452285,68.63751486955397,0.0
2020-01-08T10:18:02.400000,-0.042654816767999995,-0.26610996889599997,0.133780023808,-25.75,-31.1614998784,27.8694999552,52.548855,-1.452285,68.7387497856,0.0
2020-01-08T10:18:02.500000,0.17900990745599998,-0.242455075328,0.15090993817599999,-25.7304999168,-31.0930003968,27.7919999232,52.548855,-1.452285,68.45129998848,0.0
2020-01-08T10:18:02.600000,0.046949960959999995,-0.267379679488,0.023379806207999995,-25.62,-31.6395000832,27.72750016,52.548855,-1.452285,68.44035001856001,0.0
2020-01-08T10:18:02.700000,-0.025945089791999998,0.06615460684799998,-0.14860463564800003,-25.6485001216,-31.6659996416,28.006000281600002,52.548855,-1.452285,68.4109997696,0.0
2020-01-08T10:18:02.800000,-0.11419486771199999,-0.3014993408,0.246484621056,-25.8190000384,-31.283000396800002,28.2389993984,52.548855,-1.452285,68.10545000192,0.0
2020-01-08T10:18:02.900000,0.017729813248,0.48602462463999996,-0.24344994303999998,-25.8805000448,-31.77249984,27.3829997568,52.548855,-1.452285,68.10589999104,0.0
2020-01-08T10:18:03.000000,-0.171109747456,0.13202561663999998,-0.253180364288,-25.9490000384,-31.5690000384,27.1635004416,52.548855,-1.452285,68.05619983871999,0.0
2020-01-08T10:18:03.100000,0.13142109309343478,0.8878331046573869,-0.6525906035131452,-25.9424240339885,-31.57303013299062,27.589393357967932,52.548855,-1.452285,67.84093939009979,0.0
2020-01-08T10:18:03.200000,0.0018584504132755225,0.5376326755058538,-0.2030920939039011,-25.55188114495439,-31.34009902897364,26.74861389852762,52.548855,-1.452285,67.81725741449974,0.0
2020-01-08T10:18:03.300000,0.26235987481600004,0.629090310144,-0.375170208512,-25.329500595200003,-31.5660002816,27.02249984,52.548855,-1.452285,67.71759997696,0.0
2020-01-08T10:18:03.400000,0.096820003072,0.9447745894399999,-0.587014722304,-26.0359996416,-31.789999360000003,26.8670002432,52.548855,-1.452285,67.72315015424,0.0
2020-01-08T10:18:03.500000,0.116230065408,0.518495507712,-0.31306040473600005,-25.6440003584,-31.1455008768,27.11499968,52.548855,-1.452285,67.87129975808,0.0
2020-01-08T10:18:03.600000,0.207495018752,0.9464089487360001,-0.670044229632,-25.9984994816,-32.243999718400005,26.774000358400002,52.548855,-1.452285,67.59215017984,0.0
2020-01-08T10:18:03.700000,0.17271796575808274,-0.2761781593353313,0.1841448428962632,-25.31,-31.794242149984875,27.13636322497731,52.548855,-1.452285,67.8375151751013,0.0
2020-01-08T10:18:03.800000,-0.18998318636558345,0.5037830464526236,-0.5291919316859766,-25.31,-31.38108911593766,26.57920797098327,52.548855,-1.452285,67.91914854346045,0.0
2020-01-08T10:18:03.900000,-0.2516746176,-0.36645935385600004,0.584119473152,-25.38500032,-31.4865001984,26.9714998784,52.548855,-1.452285,68.10769978111999,0.0
2020-01-08T10:18:04.000000,0.21945744274266327,0.43101796213788307,-0.12005456158088948,-25.734242149984873,-31.740909057998184,26.829697041003932,52.548855,-1.452285,67.83336369560327,0.0
2020-01-08T10:18:04.100000,0.03161684303641539,0.1330218086791659,-0.1515108952148247,-25.370198057947285,-31.718514869553978,26.900396014508367,52.548855,-1.452285,67.92610891159376,0.0
2020-01-08T10:18:04.200000,0.13929505331199998,0.402405201408,-0.2266001728,-25.65249984,-31.8234998016,26.57749952,52.548855,-1.452285,67.91519992832,0.0
2020-01-08T10:18:04.300000,0.1628422531605636,0.5556420106071851,-0.36825119712245846,-25.429393900997884,-31.64484879201694,26.071818659026324,52.548855,-1.452285,67.84303038640459,0.0
2020-01-08T10:18:04.400000,-0.051756403932770804,0.08847337674352587,0.018606864099399045,-25.400099028973642,-32.18970301446527,26.72128707249874,52.548855,-1.452285,67.91433659712418,0.0
2020-01-08T10:18:04.500000,0.13438965990399998,0.725403803648,-0.36290924569599997,-25.6170002432,-32.456499558400004,26.2695000832,52.548855,-1.452285,67.68690033664001,0.0
2020-01-08T10:18:04.600000,-0.292489894144,-0.708669339392,0.521089497344,-25.94,-31.8805000448,26.3694999552,52.548855,-1.452285,68.10429987328,0.0
2020-01-08T10:18:04.700000,-0.13217491584000002,0.021474371840000006,-0.04148455193600001,-25.94,-31.86499968,26.3385001216,52.548855,-1.452285,67.96405011968001,0.0
2020-01-08T10:18:04.800000,-0.016529983488,-0.765864799744,0.50027477248,-25.8544996352,-31.4865001984,26.5945004032,52.548855,-1.452285,68.17160020736,0.0
2020-01-08T10:18:04.900000,-0.05070626372120326,-0.44932405932990105,0.20450911411127976,-25.445757850015127,-31.759090942001816,27.054242149984873,52.548855,-1.452285,68.42957569449652,0.0
2020-01-08T10:18:05.000000,-0.3212247247998256,-0.20118913114558806,0.2443445569549668,-25.920693101429293,-31.76089105799037,26.590396014508364,52.548855,-1.452285,68.34451485941536,0.0
2020-01-08T10:18:05.100000,-0.07357616106212186,-0.31810956046546407,0.23679986034050554,-26.105346119823285,-31.517821869510886,26.360692974696537,52.548855,-1.452285,68.4772379483488,0.0
2020-01-08T10:18:05.200000,0.014090892870533903,0.033816776781073594,0.07836367853661186,-25.611515079424596,-31.567676323118338,26.312222750886303,52.548855,-1.452285,68.84738375668121,0.0
2020-01-08T10:18:05.300000,-0.031460144896,-0.19724978176000002,0.096154947328,-25.5795000832,-31.32500032,26.65249984,52.548855,-1.452285,68.8160001152,0.0
2020-01-08T10:18:05.400000,-0.22188999142399998,0.070969907712,0.032185025536,-25.6329997568,-31.7034998016,26.515000320000002,52.548855,-1.452285,68.97215001344,0.0
2020-01-08T10:18:05.500000,-0.195154934528,0.003195233791999992,0.005499741440000004,-25.4315005184,-31.5045002752,26.8829997568,52.548855,-1.452285,69.00890008063999,0.0
2020-01-08T10:18:05.600000,-0.094189940224,0.226834629376,-0.2643996864,-26.0734998016,-31.8895000832,26.67250048,52.548855,-1.452285,69.1295000576,0.0
2020-01-08T10:18:05.700000,-0.03234551806350347,-0.20929373627879677,0.11241803816207635,-25.81,-31.9424240339885,27.10242349095855,52.548855,-1.452285,69.19357571259752,0.0
2020-01-08T10:18:05.800000,-0.12364,0.03912399999999999,-0.031016000000000002,-25.880399999999998,-31.5304,25.9496,52.548855,-1.452285,69.16015999999999,0.0
2020-01-08T10:18:05.900000,-0.11696140506069232,-0.2514039256737747,0.3360890794386246,-26.131188043525096,-30.97128707249874,26.118811956474904,52.548855,-1.452285,69.28394055219995,0.0
2020-01-08T10:18:06.000000,-0.2912364202431223,0.03145754591835415,0.09440911049108008,-25.480302958996067,-30.689394625037817,26.75,52.548855,-1.452285,68.93739395530088,0.0
2020-01-08T10:18:06.100000,-0.25897600000000004,0.006356000000000002,0.08754800000000001,-25.3812,-31.83,26.6908,52.548855,-1.452285,68.95624000000001,0.0
2020-01-08T10:18:06.200000,0.3532445437747604,0.1464604147709559,-0.1379475440459685,-25.48910894200963,-32.16128707249874,26.38,52.548855,-1.452285,68.8957425550844,0.0
2020-01-08T10:18:06.300000,0.20152473472,0.278134891776,-0.254669807872,-25.67499968,-31.765000320000002,26.4265001984,52.548855,-1.452285,68.74040002304,0.0
2020-01-08T10:18:06.400000,-0.12949990911999998,0.144705043968,-0.04165017984,-25.2409999616,-32.1990000384,26.6614998784,52.548855,-1.452285,68.71909977856,0.0
2020-01-08T10:18:06.500000,0.015609179274874001,0.23472132659631412,-0.27466664554883524,-25.23696986700938,-32.21212107499244,26.415151207983058,52.548855,-1.452285,68.430000018101,0.0
2020-01-08T10:18:06.600000,0.152924,0.363624,-0.242752,-25.4696,-31.92,26.0104,52.548855,-1.452285,68.49128,0.0
2020-01-08T10:18:06.700000,0.130808,0.17103600000000002,-0.260748,-25.319599999999998,-31.6392,26.5,52.548855,-1.452285,68.63896,0.0
2020-01-08T10:18:06.800000,-0.030111898684767484,0.4167979748105979,-0.2942623507404995,-25.390594072455652,-32.341485130446024,26.950989985577813,52.548855,-1.452285,68.59965353039432,121.71306493499372
2020-01-08T10:18:06.900000,-0.14559986688,0.04470002176,-0.09917507968,-25.4714998784,-32.1704999168,26.1035004416,52.548733649482244,-1.4519620486220801,69.0407495552,121.71223056915994
2020-01-08T10:18:07.000000,0.008578705985483,0.03608471267250898,-0.1387573359467727,-25.45242475802844,-32.06,26.538484299969745,52.548046,-1.450132,68.49696986700938,0.0
2020-01-08T10:18:07.100000,-0.027955999999999995,-0.12806399999999998,0.14667999999999998,-26.13,-32.0696,25.77,52.548046,-1.450132,68.78656000000001,0.0
2020-01-08T10:18:07.200000,0.43283266536723347,0.08323859493930769,-0.2519870968314277,-25.490495043482007,-32.110495043482004,26.308811956474905,52.548046,-1.450132,68.96417824201394,0.0
2020-01-08T10:18:07.300000,0.2892512351345551,0.051070154815253455,-0.025336510748114258,-25.48696986700938,-32.12666690801331,26.817272282975495,52.548046,-1.450132,69.15715147949804,0.0
2020-01-08T10:18:07.400000,-0.12902474304934214,0.7853594224534954,-0.3176604370759205,-25.700891057990372,-32.42079202901673,26.011188043525095,52.548046,-1.450132,69.12481189564319,0.0
2020-01-08T10:18:07.500000,0.01658528409599999,0.883404827648,-0.6528499622399999,-25.4670001152,-31.9714998784,25.49250048,52.548046,-1.450132,69.21029984768,0.0
2020-01-08T10:18:07.600000,0.3311270454774655,0.6783031164747529,-0.6076848665309954,-25.63060609900212,-31.92363677502269,26.167878925007564,52.548046,-1.450132,69.07951541041427,0.0
2020-01-08T10:18:07.700000,0.020192,0.714768,-0.5300640000000001,-25.6596,-32.52,26.22,52.548046,-1.450132,69.51568,0.0
2020-01-08T10:18:07.800000,0.24079802980639398,0.26680776733142925,-0.07567046315863449,-25.548627389957787,-32.36960776833535,25.507058664083246,52.548046,-1.450132,69.65452947259047,0.0
2020-01-08T10:18:07.900000,0.23269428808589207,0.4782987952461484,-0.5242612337672413,-25.793030425271127,-32.58394015794455,26.163131506679285,52.548046,-1.450132,69.45509046902393,0.0
2020-01-08T10:18:08.000000,-0.036329893887999995,-0.119914619904,-0.018345098752,-25.6239997184,-32.01500032,25.9714998784,52.548046,-1.450132,69.86755017728001,0.0
2020-01-08T10:18:08.100000,0.10517575966011497,0.2781571893286857,-0.12004534791411851,-25.39242475802844,-32.44909094200181,25.772121074992434,52.548046,-1.450132,70.07784839379498,0.0
2020-01-08T10:18:08.200000,0.103488,-0.327024,0.04594,-26.110000000000003,-32.4296,25.6512,52.548046,-1.450132,69.93412,0.0
2020-01-08T10:18:08.300000,0.07860297086920927,-0.2713939994575838,-0.004235678818647962,-25.758118855045613,-32.120198057947285,26.090396014508364,52.548046,-1.450132,69.90426731739711,0.0
2020-01-08T10:18:08.400000,0.082064994304,0.113839499264,-0.20630460108800003,-26.0644997632,-32.3169994752,25.9355002368,52.548046,-1.450132,69.78159981056001,0.0
2020-01-08T10:18:08.500000,0.08150002534139776,-0.29945666439973206,0.1699539895893401,-25.75,-31.657878925007566,26.145454166979125,52.548046,-1.450132,69.53984852050196,0.0
2020-01-08T10:18:08.600000,0.1126686375295529,1.011884437227373,-0.6451941737484878,-25.75,-31.742941335916754,25.746666432418593,52.548046,-1.450132,69.58088237065742,0.0
2020-01-08T10:18:08.700000,0.05977077715544661,0.5635479038989651,-0.4557380176252463,-25.793838068049585,-30.847880315889096,26.758484787364434,52.548046,-1.450132,69.49580814702186,0.0
2020-01-08T10:18:08.800000,-0.021410094336000003,1.011664822784,-0.733319867392,-26.247500799999997,-29.3814992384,26.77249984,52.548046,-1.450132,69.43519997952,0.0
2020-01-08T10:18:08.900000,-0.12762417336619095,0.7637241968974888,-0.5761697656437879,-27.347878925007564,-28.559394625037818,26.550909057998183,52.548046,-1.450132,69.39375752419716,0.0
2020-01-08T10:18:09.000000,-0.033837632023846036,0.6903534634794224,-0.6293465010354066,-27.56,-29.85762391294981,26.192673072584917,52.548046,-1.450132,69.3111485130446,0.0
2020-01-08T10:18:09.100000,-0.04313008592802525,0.4886387203628474,-0.2885149379782219,-27.134240882914984,-31.206363949017245,24.428181340973676,52.548046,-1.450132,69.25084832139099,0.0
2020-01-08T10:18:09.200000,0.258652,-0.500884,0.100888,-24.6492,-31.6692,24.0596,52.548046,-1.450132,69.06472000000001,0.0
2020-01-08T10:18:09.300000,0.10865249346692656,-0.2455970423109971,0.39112374971801966,-24.268910985448546,-31.59009902897364,25.960396014508365,52.548046,-1.450132,69.43892080723695,0.0
2020-01-08T10:18:09.400000,0.246879938048,-0.366120063232,0.259154889728,-25.1815005184,-31.7214998784,25.8820005632,52.548046,-1.450132,69.49804971008,0.0
2020-01-08T10:18:09.500000,0.10455432807801013,-0.3770694325854173,0.08998779656546485,-25.974545833020876,-31.597878925007564,26.478484299969743,52.548046,-1.450132,69.09875752419715,0.0
2020-01-08T10:18:09.600000,-0.236183171157653,-0.027601027802631482,0.0154099343270871,-26.431683087007105,-31.740296985534723,25.669603985491634,52.548046,-1.450132,68.94723757828915,0.0
2020-01-08T10:18:09.700000,-0.214384805376,-0.26731967411199997,0.22286969267200002,-25.75,-31.3054997248,25.785499596799998,52.548046,-1.450132,68.57455003648,0.0
2020-01-08T10:18:09.800000,0.028529933568,0.09456469734400001,-0.125389744384,-25.7409999616,-31.033000396800002,25.391000601600002,52.548046,-1.450132,68.64355008768,0.0
2020-01-08T10:18:09.900000,-0.047504947968000005,-0.205804566528,0.150784729856,-25.7170001152,-31.5690000384,26.2080000768,52.548046,-1.450132,68.7269998592,0.0
2020-01-08T10:18:10.000000,-0.004854641225282438,0.34836961902570085,-0.20154543117871115,-25.945757850015127,-31.610909057998185,26.21606026598124,52.548046,-1.450132,68.50787867159359,0.0
2020-01-08T10:18:10.100000,-0.12860394493715321,0.24083763202384603,-0.1771386212997204,-26.28128707249874,-31.569504956517992,25.84841594196654,52.548046,-1.450132,68.31152474203549,0.0
2020-01-08T10:18:10.200000,0.006295022591999999,0.32087004595199997,-0.23519498163199998,-25.7634998016,-31.723500441600002,26.6059996416,52.548046,-1.450132,68.20929993728,0.0
2020-01-08T10:18:10.300000,0.028634967296,0.35300987673600004,-0.21022999756799998,-25.5660002816,-32.23499968,26.081999795199998,52.548046,-1.450132,68.06389973504001,0.0
2020-01-08T10:18:10.400000,-0.005409959936,0.204855066368,-0.2047499904,-25.8829997568,-31.81,25.8670002432,52.548046,-1.450132,67.70239995904001,0.0
2020-01-08T10:18:10.500000,0.043704982528,0.27102490624,-0.183134962176,-25.6065001984,-31.743999718399998,26.2455002368,52.548046,-1.450132,67.65070001152,0.0
2020-01-08T10:18:10.600000,0.015744979712,0.160255058688,-0.136515015424,-25.918000204800002,-31.48250048,26.52249984,52.548046,-1.450132,67.63464986624,0.0
2020-01-08T10:18:10.700000,-0.00542497536,0.207959870976,-0.143664943104,-26.1239997184,-32.1019999232,26.27249984,52.548046,-1.450132,67.4374999168,0.0
2020-01-08T10:18:10.800000,0.025274991360000002,0.048120049152,-0.06208497433599999,-25.7680000768,-32.0090000384,26.1455003648,52.548046,-1.450132,67.33135001856,0.0
2020-01-08T10:18:10.900000,-0.004950079999999999,0.080504859648,-0.021159970816,-25.87,-31.98499968,26.526499558399998,52.548046,-1.450132,67.26854962688,0.0
2020-01-08T10:18:11.000000,-0.137210110976,-0.097079962368,0.023570025472000003,-25.87,-31.5795000832,26.070500556800003,52.548046,-1.450132,66.79940011264,0.0
2020-01-08T10:18:11.100000,-0.21853915478680905,-0.06411521311339759,0.054354534429391886,-25.82303013299062,-31.73696986700938,26.640302415966115,52.548046,-1.450132,66.9485454528999,0.0
2020-01-08T10:18:11.200000,0.1268138458067934,-0.15667524579817554,0.051494068400201765,-25.550495043482005,-31.92079202901673,25.720099028973642,52.548046,-1.450132,66.8267127956992,0.0
2020-01-08T10:18:11.300000,0.013915075583999998,-0.1433250048,0.130560015616,-25.5,-31.3214992384,25.822999756799998,52.548046,-1.450132,66.22435013376,0.0
2020-01-08T10:18:11.400000,0.091319901952,-0.182430139648,0.1543000128,-25.4429997568,-30.34750016,25.5090000384,52.548046,-1.450132,66.2879995136,0.0
2020-01-08T10:18:11.500000,-0.030979966207999997,-0.30212471936,0.13592984908800002,-25.27000064,-30.7190006784,25.7010006016,52.548046,-1.450132,65.62699993599999,0.0
2020-01-08T10:18:11.600000,0.026650054399999998,0.002214708223999995,-0.023969827072000002,-26.1485001216,-31.677000243200002,26.3964995584,52.548046,-1.450132,65.66185051136,0.0
2020-01-08T10:18:11.700000,0.10880004224,-0.252639433984,0.176134873856,-26.243999718399998,-31.9429997568,25.81,52.548046,-1.450132,66.32104991488,0.0
2020-01-08T10:18:11.800000,0.16820304226065955,0.4736150592549112,-0.06168813324403506,-25.87,-31.63060609900212,25.838787983005748,52.548046,-1.450132,66.17254532619292,0.0
2020-01-08T10:18:11.900000,0.17562672565653903,0.3391851537648499,-0.4321395892844922,-25.939703014465277,-31.718514869553978,26.069703014465276,52.548046,-1.450132,65.9961782318753,0.0
2020-01-08T10:18:12.000000,0.125065035264,0.41254012518399996,-0.317335035136,-26.2814998784,-31.945000320000002,26.40249984,52.548046,-1.450132,66.09944993791999,0.0
2020-01-08T10:18:12.100000,0.12694529180102349,0.47957236805018627,-0.2754087701923102,-26.139697041003934,-32.313939190988805,26.208181884003633,52.548046,-1.450132,66.01260604469913,0.0
2020-01-08T10:18:12.200000,-0.10859404913682322,0.02911986865417418,0.13214548844070556,-26.180296985534724,-31.900197956561083,26.211782115980746,52.548046,-1.450132,65.9434851203074,0.0
2020-01-08T10:18:12.300000,-0.03960007296,0.423939299584,-0.21945449292799998,-25.81,-31.445000320000002,25.8955008768,52.548046,-1.450132,65.75515020543999,0.0
2020-01-08T10:18:12.400000,-0.126419956992,-0.39279451571199997,0.368439634944,-25.8565001984,-31.83249984,26.9009993216,52.548046,-1.450132,66.04960009216,0.0
2020-01-08T10:18:12.500000,-0.04687567639552233,0.08736910676744614,-0.015096602959771818,-26.14878798300575,-31.63060609900212,25.953030132990623,52.548046,-1.450132,66.19381826080435,0.0
2020-01-08T10:18:12.600000,0.076476,-0.7548,0.500984,-26.349999999999998,-31.6388,25.7204,52.548046,-1.450132,66.32176,0.0
2020-01-08T10:18:12.700000,0.027936610304386725,-0.40996734375752475,0.24361683898096728,-26.490296985534723,-31.469802043438918,25.929108942009627,52.548046,-1.450132,66.38336635650938,0.0
2020-01-08T10:18:12.800000,-0.14043020358451486,-0.5596394190613856,0.32495158810402386,-26.07303013299062,-31.90454510898094,26.227878925007566,52.548046,-1.450132,66.54121208939824,0.0
2020-01-08T10:18:12.900000,0.012924752174100388,-0.5297791643749161,0.383906896542984,-25.84009902897364,-31.439703014465277,26.40990097102636,52.548046,-1.450132,66.5398416144739,0.0
2020-01-08T10:18:13.000000,0.024485060096000003,-0.194340126464,0.126190121984,-25.9909999616,-31.7634998016,26.2319999232,52.548046,-1.450132,66.81785010176,0.0
2020-01-08T10:18:13.100000,0.06886047776292348,-0.2857239652047094,0.22615432083761078,-26.071818659026324,-31.490909057998184,26.157272826005446,52.548046,-1.450132,66.95406060990021,0.0
2020-01-08T10:18:13.200000,-0.12299405521999539,0.11445839769245003,-0.08476928378251647,-26.849603985491633,-31.547722840537247,26.33059407245565,52.548046,-1.450132,66.98914853332184,0.0
2020-01-08T10:18:13.300000,-0.039929467899860856,-0.014145429129776874,0.06728494262808246,-27.125346854873253,-31.953662551231712,26.468217960058908,52.548046,-1.450132,67.1561782774991,0.0
2020-01-08T10:18:13.400000,0.23682526718366567,0.08943508619954023,-0.15795946307267034,-27.58767751261252,-30.875554498227395,26.709192592037112,52.548046,-1.450132,67.19446437852808,0.0
2020-01-08T10:18:13.500000,0.186039738624,-0.023119665151999994,-0.09765014783999999,-28.0269996032,-29.9429992448,26.982999116800002,52.548046,-1.450132,67.08460034816,0.0
2020-01-08T10:18:13.600000,-0.14536493286399998,0.375819804672,-0.23924976639999998,-27.3034991616,-28.9490000384,25.77249984,52.548046,-1.450132,67.48534973696,0.0
2020-01-08T10:18:13.700000,-0.055359996416,0.084719864832,0.06199996159999999,-26.329500595200003,-29.1965008384,25.6920005632,52.548046,-1.450132,67.20305028608001,0.0
2020-01-08T10:18:13.800000,-0.038329947648,-0.053504823808,0.011480002048,-26.9519992832,-30.460000639999997,26.36499968,52.548046,-1.450132,67.5252497536,0.0
2020-01-08T10:18:13.900000,-0.019103212410044507,0.17087875304807884,0.00597269748835718,-26.06666690801331,-31.329697041003932,26.091515700030257,52.548046,-1.450132,67.21481824270336,0.0
2020-01-08T10:18:14.000000,-0.28410295971672694,0.16694854650204927,-0.05880892274624808,-26.379801942052715,-31.508118855045613,26.73247511602384,52.548046,-1.450132,67.28222770580766,0.0
2020-01-08T10:18:14.100000,-0.17955145777683537,0.3483299990432329,-0.125457457223462,-26.069090942001814,-31.89878798300575,25.67696986700938,52.548046,-1.450132,67.13015147949804,0.0
2020-01-08T10:18:14.200000,-0.08302177724944301,-0.08083858784227349,0.03922276044214523,-26.180198057947287,-32.020396014508364,25.949504956517995,52.548046,-1.450132,67.09100001013863,0.0
2020-01-08T10:18:14.300000,-0.051120040192,0.09456481766399999,-0.033989889024,-26.34999936,-31.7919999232,26.03750016,52.548046,-1.450132,67.16354994688,0.0
2020-01-08T10:18:14.400000,-0.097404969728,-0.137264955904,0.105269965312,-25.358999398399998,-31.6419997952,26.2785001216,52.548046,-1.450132,67.11355008768,0.0
2020-01-08T10:18:14.500000,-0.044989947904,-0.081940013824,0.067360034816,-24.6920005632,-31.3895000832,26.4955002368,52.548046,-1.450132,67.19054983168,0.0
2020-01-08T10:18:14.600000,0.008524933119999998,-0.09474997632,0.107239972864,-25.4955002368,-31.4054995968,26.81,52.548046,-1.450132,67.0135001984,0.0
2020-01-08T10:18:14.700000,-0.05661809608527121,-0.0720576074617487,0.07976063705170938,-25.829697041003932,-30.99424287402481,26.687272282975492,52.548046,-1.450132,67.26503025969761,0.0
2020-01-08T10:18:14.800000,0.07419405826158147,-0.12209802043438919,0.11162078189039645,-25.83069300004309,-31.808811956474905,26.03009902897364,52.548046,-1.450132,67.19055445072757,0.0
2020-01-08T10:18:14.900000,0.057549969920000006,-0.12145997465600002,0.039685057536,-25.36250048,-32.345499596799996,26.320500556800003,52.548046,-1.450132,67.17695011072001,0.0
2020-01-08T10:18:15.000000,0.01856970048019363,-0.10283035744300124,0.11008482670879889,-26.01818188400363,-31.819090942001814,26.937272282975492,52.548046,-1.450132,67.28460591799212,0.0
2020-01-08T10:18:15.100000,0.0013623618929817921,-0.1529564140713911,0.07998020028844374,-26.080396014508366,-31.841485130446024,26.310198057947286,52.548046,-1.450132,67.06352475217409,0.0
2020-01-08T10:18:15.200000,-0.12683942268158535,0.013187825527062288,0.08127266309646022,-25.945757850015127,-31.746060809011194,26.592121074992434,52.548046,-1.450132,67.04630297709707,0.0
2020-01-08T10:18:15.300000,-0.14366800000000002,-0.052208000000000004,-0.009167999999999999,-26.330000000000002,-32.0296,26.359199999999998,52.548046,-1.450132,66.96048,0.0
2020-01-08T10:18:15.400000,-0.019479221151189642,0.034322770580765515,0.036043563623644276,-26.070891057990373,-31.811386101472383,26.27059407245565,52.548046,-1.450132,66.95118812463406,0.0
2020-01-08T10:18:15.500000,-0.10047564924402472,-0.030142606130032404,0.04809703557363357,-25.89484879201694,-31.575757850015126,26.389090942001815,52.548046,-1.450132,66.9513634602903,0.0
2020-01-08T10:18:15.600000,0.05472771493241343,-0.27493760059412314,0.14409108536464815,-26.400099028973642,-31.851089014551455,26.470099028973642,52.548046,-1.450132,66.66141583044171,0.0
2020-01-08T10:18:15.700000,0.018565126144,-0.119610166016,0.112279998208,-26.6440003584,-31.17250048,26.581999795199998,52.548046,-1.450132,66.57925004799999,0.0
2020-01-08T10:18:15.800000,0.20122006451199997,-0.31182487936000003,0.101769965312,-27.0644997632,-31.81,26.3760002816,52.548046,-1.450132,66.59004977408,121.20123090561464
2020-01-08T10:18:15.900000,0.227379746048,-0.145554974208,0.065315041024,-26.7409999616,-31.7634998016,26.7034998016,52.54792959950336,-1.4498159486515199,66.29660002816,121.20042102529771
2020-01-08T10:18:16.000000,-0.093024928,-0.07705485388799999,0.093354887168,-26.6239997184,-31.3784994816,26.4204999168,52.54727,-1.448025,66.3317499904,0.0
2020-01-08T10:18:16.100000,-0.017581891244029903,0.0845604886235225,-0.03799993302630592,-26.296969867009377,-30.8687885260357,26.367575966011497,52.54727,-1.448025,66.23612091208345,0.0
2020-01-08T10:18:16.200000,-0.12239405420613335,-0.06269205740486807,0.05072474304934214,-26.529900971026358,-31.830396014508366,26.76920797098327,52.54727,-1.448025,65.78562377100911,0.0
2020-01-08T10:18:16.300000,-0.070939966464,0.067809776896,-0.020844968191999998,-26.37,-31.5734998016,27.11499968,52.54727,-1.448025,65.83264989184,0.0
2020-01-08T10:18:16.400000,-0.019769971711999998,-0.1861248192,0.02845003008,-26.418000204800002,-31.3190000384,26.774000358400002,52.54727,-1.448025,65.64414980864,0.0
2020-01-08T10:18:16.500000,-0.003033408754159996,0.0321514360556373,0.05743026331780957,-26.64151497599032,-31.360909057998185,27.118181340973678,52.54727,-1.448025,65.38454543479891,0.0
2020-01-08T10:18:16.600000,-0.129316,-0.052328000000000006,0.005488,-26.3812,-31.3996,26.4296,52.54727,-1.448025,65.2884,0.0
2020-01-08T10:18:16.700000,-0.1544851324737473,0.11060294755038261,0.05837326927415083,-26.41940592754435,-31.77178211598075,26.709009913035985,52.54727,-1.448025,64.93766336232135,0.0
2020-01-08T10:18:16.800000,-0.05140920461627177,-0.05267565829452393,0.05403325851587329,-26.300909057998183,-31.26818188400363,26.76303013299062,52.54727,-1.448025,64.87566656409435,0.0
2020-01-08T10:18:16.900000,-0.15436530031860612,0.09955346449328444,-0.07315347260418066,-26.17079202901673,-31.44920797098327,26.450891057990372,52.54727,-1.448025,64.70448514058464,0.0
2020-01-08T10:18:17.000000,0.208319894272,0.098370025472,-0.132124992,-25.8055002368,-31.7769996032,26.1990000384,52.54727,-1.448025,64.64340002304,0.0
2020-01-08T10:18:17.100000,0.0652787783894766,0.14574550358270477,-0.13887885079347018,-26.12,-31.296969867009377,26.269697041003933,52.54727,-1.448025,64.62930286849107,0.0
2020-01-08T10:18:17.200000,0.05210495144868211,0.22429307101343113,-0.22062771290468935,-26.170693101429293,-31.45069300004309,26.399009913035982,52.54727,-1.448025,64.40513863042447,0.0
2020-01-08T10:18:17.300000,0.051369962752,0.235254985728,-0.135619990272,-26.3454995968,-31.0020005632,26.358999398399998,52.54727,-1.448025,64.53589996544,0.0
2020-01-08T10:18:17.400000,0.006085017856,0.22972505728,-0.135255053568,-25.8385001216,-31.7590000384,25.63500032,52.54727,-1.448025,64.47544993791999,0.0
2020-01-08T10:18:17.500000,0.007989906944000001,0.31909005670400004,-0.201164977664,-25.9909999616,-31.8190000384,26.13500032,52.54727,-1.448025,64.36704988928,0.0
2020-01-08T10:18:17.600000,-0.10326994739199999,0.430220152832,-0.20817515648,-25.8544996352,-31.83249984,26.59750016,52.54727,-1.448025,64.21789999104,0.0
2020-01-08T10:18:17.700000,-0.022869955072,0.5649347087359999,-0.379384843776,-25.445000320000002,-31.50749952,26.7829998848,52.54727,-1.448025,64.25460020736,0.0
2020-01-08T10:18:17.800000,0.007519875071999995,0.137209825536,-0.141854871808,-25.8985001216,-30.964500403200002,26.535499596799998,52.54727,-1.448025,64.5067499008,0.0
2020-01-08T10:18:17.900000,-0.16738503833600002,-0.150090237184,0.072155186688,-26.0690000384,-31.57500032,26.0660002816,52.54727,-1.448025,64.41820018432,0.0
2020-01-08T10:18:18.000000,-0.16233010040882395,-0.368660256930743,0.24947853221589839,-26.13060609900212,-31.9424240339885,26.524848792016943,52.54727,-1.448025,64.6695151751013,0.0
2020-01-08T10:18:18.100000,0.12786038131350896,0.1024890652445562,-0.09698610755555329,-26.19,-31.62,26.871683087007106,52.54727,-1.448025,64.72881189564319,0.0
2020-01-08T10:18:18.200000,0.011810031616,-0.203914745344,0.108604766208,-26.41500096,-31.423499161600002,26.19,52.54727,-1.448025,64.89005017088,0.0
2020-01-08T10:18:18.300000,0.042924953599999996,0.07339974016,-0.138944731392,-27.473999078400002,-30.2814998784,26.07749952,52.54727,-1.448025,65.12885005056,0.0
2020-01-08T10:18:18.400000,-0.021175010560000002,-0.194734671616,0.16027475456,-26.1659996416,-30.42000128,25.552500480000003,52.54727,-1.448025,65.22405011968,0.0
2020-01-08T10:18:18.500000,-0.04060911049108009,0.21256656228424256,-0.13721504839431214,-25.774848792016943,-31.99727228297549,26.25666690801331,52.54727,-1.448025,65.43375775951013,0.0
2020-01-08T10:18:18.600000,-0.0493554318925509,0.07150397332529003,-0.008052494480788576,-26.180296985534724,-31.39871292750126,26.530197956561082,52.54727,-1.448025,65.72259406231703,0.0
2020-01-08T10:18:18.700000,0.071445027072,0.15799990656000001,-0.158154952448,-25.7919999232,-31.8519999232,26.0090000384,52.54727,-1.448025,65.78855017728,0.0
2020-01-08T10:18:18.800000,0.097844959232,0.055530092288,-0.105440044544,-25.6329997568,-31.8805005568,25.947499519999997,52.54727,-1.448025,66.06180016128,0.0
2020-01-08T10:18:18.900000,0.06589705005443229,0.1252210206894412,-0.1203725671611687,-25.432727717024505,-32.554848248986985,25.434242874024807,52.54727,-1.448025,66.28312123790143,0.0
2020-01-08T10:18:19.000000,0.11918213321640125,-0.09877322162263548,0.10054354740185181,-26.05188114495439,-32.19950495651799,26.079306898570707,52.54727,-1.448025,66.37480201302307,0.0
2020-01-08T10:18:19.100000,-0.2404332693764723,0.22944525559902668,-0.021554472885997326,-25.708181884003633,-32.24090905799819,25.867575966011497,52.54727,-1.448025,66.63636358699728,0.0
2020-01-08T10:18:19.200000,-0.11252572421432028,-0.050624734938445895,0.06356334914113212,-25.859108942009627,-32.16940592754435,26.150396014508367,52.54727,-1.448025,66.5566732652187,0.0
2020-01-08T10:18:19.300000,0.030734954496,0.032619727872,-0.027679774208000003,-26.0929998848,-32.0044997632,25.9114998784,52.54727,-1.448025,66.56810012416,0.0
2020-01-08T10:18:19.400000,-0.03547502464,-0.250784667136,0.225984802816,-25.9580000768,-31.72750016,25.75,52.54727,-1.448025,66.68394979072,0.0
2020-01-08T10:18:19.500000,-0.082105059328,0.156634852096,-0.024934953216000002,-25.984999679999998,-31.9865001984,25.71249984,52.54727,-1.448025,66.39939997184,0.0
2020-01-08T10:18:19.600000,-0.116854386001205,-0.03139087864832088,0.011381724714844627,-25.569090942001814,-32.22121201699425,25.56666690801331,52.54727,-1.448025,66.34684842999697,0.0
2020-01-08T10:18:19.700000,0.10348711203935812,-0.028434681431877343,-0.08543759349708896,-25.659603985491636,-32.040990086964015,25.949504956517995,52.54727,-1.448025,66.25217821159808,0.0
2020-01-08T10:18:19.800000,-0.02827496576,-0.17391962035200004,0.11579977600000001,-25.8519999232,-31.9204999168,25.9909999616,52.54727,-1.448025,66.16219983872,0.0
2020-01-08T10:18:19.900000,-0.00670917746477416,0.2233299157786403,-0.12618464750891475,-25.806060809011193,-31.847878925007564,25.84454510898094,52.54727,-1.448025,65.96830310380406,0.0
2020-01-08T10:18:20.000000,-0.1057326511731651,-0.3419890875495208,0.1686683066729864,-26.080396014508366,-32.069504956517996,25.428811956474902,52.54727,-1.448025,66.13443567679091,0.0
2020-01-08T10:18:20.100000,0.03689378515149243,-0.1940364763562173,0.08834850240096814,-25.907878925007566,-31.988181340973675,25.928181340973676,52.54727,-1.448025,66.27769647987299,0.0
2020-01-08T10:18:20.200000,-0.2014306928986569,-0.4271406312811921,0.20514758155886353,-26.140594072455652,-31.299108942009628,25.367425855002523,52.54727,-1.448025,65.49782176812468,0.0
2020-01-08T10:18:20.300000,-0.17092413716419416,-0.6208359351363651,0.5987178824934901,-26.296969867009377,-31.550909057998183,26.24484824898699,52.54727,-1.448025,65.40393948060478,0.0
2020-01-08T10:18:20.400000,-0.024907931442649626,-0.058103033728655044,0.15681684506413945,-26.520396014508364,-31.539603985491635,25.86891088406234,52.54727,-1.448025,65.54766337245995,0.0
2020-01-08T10:18:20.500000,-0.09918479412700178,-0.44577826613122185,0.2071967459576592,-26.35696986700938,-31.759090942001816,25.800909057998183,52.54727,-1.448025,65.5264239796855,0.0
2020-01-08T10:18:20.600000,-0.02021683492551916,0.27935143322071015,-0.0911534350912856,-26.610495043482008,-31.76089105799037,25.819703014465276,52.54727,-1.448025,65.07611878407528,0.0
2020-01-08T10:18:20.700000,-0.018284875776,-0.073529648128,0.07851464166400002,-26.5795000832,-31.57500032,26.2185001216,52.54727,-1.448025,64.91545030912,0.0
2020-01-08T10:18:20.800000,0.15253982711311714,0.37515915534965105,-0.3520357569641898,-26.606989988666417,-31.918446304654722,26.36106789215199,52.54727,-1.448025,65.20119371980196,0.0
2020-01-08T10:18:20.900000,0.1463375,0.28457499999999997,-0.11003750000000001,-26.14375,-31.368750000000002,26.16375,52.54727,-1.448025,64.5,0.0
2020-01-08T10:18:21.000000,-0.10358799999999999,0.443584,-0.284808,-26.3596,-30.990000000000002,25.5808,52.54727,-1.448025,64.6698,0.0
2020-01-08T10:18:21.100000,0.10269803969776774,0.5427762087136372,-0.29128414319787294,-26.561386101472383,-31.640594072455652,25.650396014508367,52.54727,-1.448025,64.43800001013862,0.0
2020-01-08T10:18:21.200000,0.2618181540084661,0.377763916435448,-0.23192751972362363,-26.26818188400363,-31.759090942001816,25.571818659026324,52.54727,-1.448025,64.47830286849107,0.0
2020-01-08T10:18:21.300000,0.15703362422724704,0.6177800755834143,-0.46768703599970596,-26.311386101472383,-31.81,26.25138610147238,52.54727,-1.448025,64.19663364349063,0.0
2020-01-08T10:18:21.400000,-0.15564993408,-0.29561451750400003,0.21827961036799998,-26.07500032,-31.8940003584,26.006000281600002,52.54727,-1.448025,64.00839990784,0.0
2020-01-08T10:18:21.500000,-0.08124005606399999,0.171334258176,-0.193194547712,-26.4054995968,-32.219999359999996,26.34249984,52.54727,-1.448025,63.852999859200004,0.0
2020-01-08T10:18:21.600000,-0.11876047233262395,-0.777581686702748,0.41904549634230537,-25.9275759660115,-31.483636775022692,26.139090942001815,52.54727,-1.448025,63.670393955300874,0.0
2020-01-08T10:18:21.700000,0.06120097305408193,-0.5615900910194637,0.46481681971758876,-26.21990097102636,-32.080396014508366,26.220099028973642,52.54727,-1.448025,63.644148482628744,0.0
2020-01-08T10:18:21.800000,-0.093685051136,-0.559790278144,0.372465033984,-26.0314998784,-31.8519999232,26.3980000768,52.54727,-1.448025,63.36754997248,0.0
2020-01-08T10:18:21.900000,-0.134239883264,-0.752169244672,0.344354687488,-25.936000281600002,-31.7785001216,26.4159996416,52.54727,-1.448025,63.28194979072,0.0
2020-01-08T10:18:22.000000,0.02022424033988503,0.10592371722103128,-0.006154311787111566,-26.24333309198669,-31.882424033988503,26.015757850015127,52.54727,-1.448025,62.991878743997574,0.0
2020-01-08T10:18:22.100000,0.01834653550671557,-0.5088602708025478,0.21648011005472317,-25.841485130446024,-31.550495043482005,26.379801942052715,52.54727,-1.448025,62.94000001013862,0.0
2020-01-08T10:18:22.200000,0.023414991104,0.415129462528,-0.408169518592,-25.6329997568,-31.5180000768,26.17250048,52.54727,-1.448025,62.95479970048,0.0
2020-01-08T10:18:22.300000,0.031205083648000002,-0.118489231104,0.13774960127999997,-25.4045004032,-31.686000281600002,26.697499519999997,52.54727,-1.448025,62.55805000448,0.0
2020-01-08T10:18:22.400000,0.0987998144,0.8212196523519999,-0.397860025856,-25.94,-32.013499801600005,26.1170002432,52.54727,-1.448025,62.548399933439995,0.0
2020-01-08T10:18:22.500000,-0.09276976563200001,0.43532532352,-0.47538518425599996,-25.9490000384,-31.8055002368,26.32749952,52.54727,-1.448025,62.4097497856,0.0
2020-01-08T10:18:22.600000,0.217404995328,0.878590057984,-0.671904794368,-25.9339997184,-32.1395000832,25.793500441600003,52.54727,-1.448025,62.09259986176,0.0
2020-01-08T10:18:22.700000,0.193694925312,0.838209499136,-0.325359686656,-25.52249984,-32.21249984,26.322999756799998,52.54727,-1.448025,61.90794999552,0.0
2020-01-08T10:18:22.800000,0.067379884288,0.28764548915199994,-0.028105507327999976,-25.3565001984,-32.0660002816,26.159000678399998,52.54727,-1.448025,61.926900106240005,0.0
2020-01-08T10:18:22.900000,-0.09840610443241733,0.668753573266377,-0.5150811418626962,-25.74424287402481,-32.39151497599032,27.022121074992434,52.54727,-1.448025,61.91193882896884,0.0
2020-01-08T10:18:23.000000,-0.13079403697047887,-0.6811513875969188,0.4550761894502587,-26.370296985534726,-32.14059407245565,26.602475116023836,52.54727,-1.448025,61.12291094489406,0.0
2020-01-08T10:18:23.100000,0.057705001728,-0.026440696064000013,0.130280337408,-26.07500032,-32.2785001216,25.4909999616,52.54727,-1.448025,61.535149834239995,0.0
2020-01-08T10:18:23.200000,0.08542510848,-0.9134748403199999,0.52844978688,-26.42499968,-32.40249984,25.515000320000002,52.54727,-1.448025,61.34095011072,0.0
2020-01-08T10:18:23.300000,0.20946962445600037,-0.5906117201378779,0.22038475792500498,-25.990909057998184,-32.21727282600544,25.864242149984875,52.54727,-1.448025,61.377848086078004,0.0
2020-01-08T10:18:23.400000,0.0989,-0.04971999999999999,0.100924,-25.9688,-32.200399999999995,25.590400000000002,52.54727,-1.448025,60.80644,0.0
2020-01-08T10:18:23.500000,0.0631177937855327,-0.37900984510722857,0.17137027305839084,-26.150099028973642,-31.468415941966537,26.459207970983268,52.54727,-1.448025,61.05244554927243,0.0
2020-01-08T10:18:23.600000,-0.228690243584,0.014199678719999997,0.020515213823999998,-26.2814998784,-32.225999641600005,26.7389993984,52.54727,-1.448025,61.06019986432,0.0
2020-01-08T10:18:23.700000,-0.4892603782074323,-0.3230148275621316,0.20922692782097596,-26.12,-31.759090942001816,25.882424033988503,52.54727,-1.448025,60.796969396383425,0.0
2020-01-08T10:18:23.800000,-0.1507722860814486,0.12495145147022668,-0.2053771523657203,-26.150099028973642,-31.84009902897364,25.620198057947285,52.54727,-1.448025,60.29334651016016,0.0
2020-01-08T10:18:23.900000,-0.19669686723434845,-0.16473335988146434,0.40297567277532265,-26.300909057998183,-32.00909094200181,25.89303013299062,52.54727,-1.448025,60.09390911230118,0.0
2020-01-08T10:18:24.000000,-0.009447506533073448,-0.2370396237558012,0.23403363943517747,-26.14069300004309,-32.08059407245565,25.688613898527617,52.54727,-1.448025,60.19036637678662,0.0
2020-01-08T10:18:24.100000,0.11076957920350436,-0.2864238203967222,0.031248477059570384,-25.65545489101906,-32.17939390099788,25.924242149984874,52.54727,-1.448025,60.432605718881156,0.0
2020-01-08T10:18:24.200000,-0.05815642725159747,0.32996433334769637,-0.027675277227898445,-26.16940592754435,-32.07089105799037,25.58871292750126,52.54727,-1.448025,59.891960388410546,0.0
2020-01-08T10:18:24.300000,0.021260038656,0.179960185856,-0.300490101504,-26.0314998784,-31.88500032,26.02249984,52.54727,-1.448025,59.835650032640004,0.0
2020-01-08T10:18:24.400000,0.05584236357665384,0.4071029589960669,-0.38375435884970743,-25.907878925007566,-32.347878925007564,25.820606099002116,52.54727,-1.448025,59.8003633516843,0.0
2020-01-08T10:18:24.500000,0.0027519999999999975,0.281936,-0.10737200000000001,-26.0304,-32.470400000000005,25.859199999999998,52.54727,-1.448025,59.32672,0.0
2020-01-08T10:18:24.600000,0.1878999817504835,0.199004947393234,-0.17436633825985792,-25.629703014465274,-32.03960398549163,25.64069300004309,52.54727,-1.448025,59.20839607534009,0.0
2020-01-08T10:18:24.700000,0.034539998464,0.19122507775999997,-0.194645028352,-26.0465001984,-32.3340003584,25.0705000448,52.54727,-1.448025,59.418899619840005,0.0
2020-01-08T10:18:24.800000,0.011559910656,0.21964968063999998,-0.19212982860800001,-26.234999679999998,-32.763499801600005,25.2140003584,52.54727,-1.448025,58.917300014080006,121.07534474451126
2020-01-08T10:18:24.900000,-0.08516990643200001,-0.16776484326399999,0.04682504832,-25.77249984,-32.46249984,25.57749952,52.547162749542395,-1.44773234875136,58.90404986368001,121.0745963396991
2020-01-08T10:18:25.000000,0.035433320059267845,0.006748363023280468,0.11562122885092277,-25.62666690801331,-32.29696986700938,24.882424033988503,52.546555,-1.446074,58.69739384669489,0.0
2020-01-08T10:18:25.100000,0.04783467433484315,-0.16614355449888601,0.1323910833369241,-25.96990097102636,-32.63920797098327,24.748514970940178,52.546555,-1.446074,58.53752474203548,0.0
2020-01-08T10:18:25.200000,0.14370880458420712,-0.09559095286241431,0.12337893043786315,-25.867575966011497,-33.00393919098881,25.598484299969744,52.546555,-1.446074,58.42651506649531,0.0
2020-01-08T10:18:25.300000,-0.2590574003056794,-0.16867030043266562,0.29650195016361197,-26.16940592754435,-32.65039601450837,24.691386101472382,52.546555,-1.446074,58.239079172485816,0.0
2020-01-08T10:18:25.400000,-0.08010514636800001,-0.154854819328,0.053595037952,-26.0795000832,-32.4670001152,24.3694999552,52.546555,-1.446074,57.93059995136,0.0
2020-01-08T10:18:25.500000,-0.272564991744,0.090230021888,0.091384946176,-26.2365001984,-32.6395000832,24.3295000832,52.546555,-1.446074,57.80929975808001,0.0
2020-01-08T10:18:25.600000,-0.177404640768,0.111154965248,-0.0003650864639999987,-26.4054995968,-32.7409999616,24.3559996416,52.546555,-1.446074,57.45784987136,0.0
2020-01-08T10:18:25.700000,0.3012303085703056,0.079287930512853,-0.10933634240882914,-25.956363949017245,-32.72787892500756,23.85121201699425,52.546555,-1.446074,57.22199976468702,0.0
2020-01-08T10:18:25.800000,0.24124858628437357,0.13163399777304993,-0.02505148827868689,-26.46796114767463,-32.890291293022884,23.651165072674132,52.546555,-1.446074,56.79648547511582,0.0
2020-01-08T10:18:25.900000,-0.1459723966333344,-0.02096223707720761,0.21775625607347732,-26.64520399047052,-32.64520399047051,23.4890814551268,52.546555,-1.446074,56.39899002382371,0.0
2020-01-08T10:18:26.000000,-0.1974937833413926,-0.023069653417597792,-0.022618177539764014,-26.791818115996367,-32.85696986700938,23.725151207983057,52.546555,-1.446074,55.86260561027516,0.0
2020-01-08T10:18:26.100000,0.050648519127774495,0.000529675234645692,0.03670498389226702,-26.699504956517995,-33.02178211598074,23.180296985534724,52.546555,-1.446074,55.065089044967316,0.0
2020-01-08T10:18:26.200000,0.05621487078399999,-0.15722468096,0.23905966873599999,-26.8160002816,-32.5930003968,22.65999936,52.546555,-1.446074,54.437799610880006,0.0
2020-01-08T10:18:26.300000,-0.10365753324765528,0.22825743731236378,-0.14700586549923844,-27.179393900997884,-33.12,21.885757850015125,52.546555,-1.446074,53.83645423938312,0.0
2020-01-08T10:18:26.400000,-0.0025079999999999963,0.139764,0.094416,-27.1504,-33.1712,22.1004,52.546555,-1.446074,53.243159999999996,0.0
2020-01-08T10:18:26.500000,0.16339599999999999,0.764636,-0.24428,-27.27,-33.468799999999995,20.9408,52.546555,-1.446074,52.50456,0.0
2020-01-08T10:18:26.600000,0.03554,0.510032,-0.29392399999999996,-27.1096,-33.54,20.5596,52.546555,-1.446074,51.81704,0.0
2020-01-08T10:18:26.700000,-0.067612,0.19366,0.030903999999999997,-27.4004,-33.1808,20.1596,52.546555,-1.446074,51.14112,0.0
2020-01-08T10:18:26.800000,0.006787111025496097,0.4388920371276275,-0.02073464594670634,-27.540990086964015,-33.41128707249874,19.950891057990372,52.546555,-1.446074,50.55598010295769,0.0
2020-01-08T10:18:26.900000,-0.12858494489599998,0.11239511219199999,0.039854989567999995,-27.3829997568,-32.9670001152,19.6434998016,52.546555,-1.446074,49.68399967999999,0.0
2020-01-08T10:18:27.000000,-0.03362719390565243,0.2650818315107352,0.02859091847051735,-27.240303683036,-33.092727173994554,19.275454166979124,52.546555,-1.446074,49.142181395276666,0.0
2020-01-08T10:18:27.100000,0.10602674390605554,0.31576734578524884,-0.004472307372551207,-28.200891057990372,-32.96851486955397,18.531584058033463,52.546555,-1.446074,48.33924743049342,0.0
2020-01-08T10:18:27.200000,0.13287971276799998,0.377144580352,-0.20106976051199998,-28.024000358400002,-33.130500044799994,17.6990000384,52.546555,-1.446074,47.42689947904,0.0
2020-01-08T10:18:27.300000,-0.20409481011199998,-0.139204825088,0.13111506022400002,-28.53750016,-33.1990000384,17.6659996416,52.546555,-1.446074,46.59519940352,0.0
2020-01-08T10:18:27.400000,0.017933224123976323,0.1310849859975848,0.1772816957532472,-28.703030132990623,-33.30606080901119,17.114242149984875,52.546555,-1.446074,45.71466634688236,0.0
2020-01-08T10:18:27.500000,-0.16839804744198994,0.29353207006939336,-0.00644563458135327,-28.634174636629353,-33.48485445290597,16.66048545523234,52.546555,-1.446074,45.13658257610403,0.0
2020-01-08T10:18:27.600000,-0.20905693100663492,0.04606586910737756,0.012975306012573039,-29.589484964608637,-32.933607464648226,16.550927617931624,52.546555,-1.446074,44.617866257066396,0.0
2020-01-08T10:18:27.700000,0.11475542986482686,0.2068316791329452,-0.042568305659124374,-28.99861389852762,-34.12,16.859405927544348,52.546555,-1.446074,44.09260389424406,0.0
2020-01-08T10:18:27.800000,-0.023420028672,0.155719926272,0.038469946112,-29.31,-34.0269996032,16.7214998784,52.546555,-1.446074,43.41919949312,0.0
2020-01-08T10:18:27.900000,-0.03869990272,0.072260061696,-0.006984888576000003,-29.197499519999997,-33.5555002368,16.5044997632,52.546555,-1.446074,42.7287499264,0.0
2020-01-08T10:18:28.000000,0.067039899904,0.134519916032,0.151710045696,-28.493999718399998,-33.8895000832,16.1239997184,52.546555,-1.446074,42.5904998272,0.0
2020-01-08T10:18:28.100000,-0.055819956992,0.035525053439999996,0.166889805824,-28.12,-33.9054995968,15.834000358399999,52.546555,-1.446074,42.17634921216,0.0
2020-01-08T10:18:28.200000,-0.010205049088,0.08213989606399999,-0.064329886208,-28.0929998848,-33.380500044799994,16.2919999232,52.546555,-1.446074,40.93829918208,0.0
2020-01-08T10:18:28.300000,-0.085015041024,-0.0622750272,0.08810500556800001,-27.82749952,-33.40249984,16.1434998016,52.546555,-1.446074,39.788249728,0.0
2020-01-08T10:18:28.400000,-0.104834852096,-0.077789912064,0.06294986112,-27.3775008,-33.057999436799996,15.944500275200001,52.546555,-1.446074,39.36984975616,0.0
2020-01-08T10:18:28.500000,0.0848727029186567,0.023954490986995727,-0.12121212016994251,-28.382424033988503,-32.45242475802844,16.40545489101906,52.546555,-1.446074,39.035545416697914,0.0
2020-01-08T10:18:28.600000,0.058257432749264315,-0.07672773318192994,-0.1052475156578317,-28.069504956517992,-33.180296985534724,16.94,52.546555,-1.446074,38.83553456382388,0.0
2020-01-08T10:18:28.700000,0.087464873984,-0.150019940352,-0.038930042368000004,-28.15750016,-32.743999718400005,17.033000396800002,52.546555,-1.446074,38.120300154880006,0.0
2020-01-08T10:18:28.800000,-0.084730020608,-0.09462010163199999,-0.09330999193600001,-28.3429998848,-32.380500044799994,17.56,52.546555,-1.446074,38.30379990528,0.0
2020-01-08T10:18:28.900000,-0.10950498892800001,-0.227394990592,-0.06894994176000001,-28.19,-32.561500518399995,17.6635004416,52.546555,-1.446074,38.10344968192,0.0
2020-01-08T10:18:29.000000,-0.08797497088,-0.212079987968,-0.008895073792000002,-28.1419997952,-33.1089993984,18.4465008384,52.546555,-1.446074,37.64694985472,0.0
2020-01-08T10:18:29.100000,-0.06307277713275013,-0.20613033934200284,-0.10188483032899857,-27.794242149984875,-32.44333381602662,19.617575966011497,52.546555,-1.446074,37.454,0.0
2020-01-08T10:18:29.200000,-0.12579999087524174,-0.2424346408773962,-0.06879405623385743,-27.27178211598075,-33.12029698553472,20.02871292750126,52.546555,-1.446074,37.42041582030309,0.0
2020-01-08T10:18:29.300000,-0.053020015872,-0.19907526528,-0.008074854400000005,-26.7965001984,-32.8340003584,20.4909999616,52.546555,-1.446074,37.171199697919995,0.0
2020-01-08T10:18:29.400000,-0.067214970624,-0.520244867072,0.15097985356799998,-27.0690000384,-33.2169996032,20.6275008,52.546555,-1.446074,36.796550113280006,0.0
2020-01-08T10:18:29.500000,-0.02459998464,-0.3992002368,-0.004304832767999998,-26.923499161600002,-32.577499519999996,21.7365001984,52.546555,-1.446074,37.029650352640004,0.0
2020-01-08T10:18:29.600000,-0.01356367026186973,-0.6570634313286908,0.19623931588569477,-25.867575966011497,-32.05363677502269,22.11363677502269,52.546555,-1.446074,37.411181503882666,0.0
2020-01-08T10:18:29.700000,-0.06127920492939719,-0.39971785968656454,0.10691388129196439,-26.071188043525098,-32.65039601450837,22.868811956474904,52.546555,-1.446074,36.89315839566472,0.0
2020-01-08T10:18:29.800000,-0.04962651102555479,-0.7069705565232232,0.2649176203073,-25.47676481660886,-32.310587845536816,23.545588372594985,52.546555,-1.446074,36.702823465633294,0.0
2020-01-08T10:18:29.900000,-0.07961241810601549,-0.6288143475126172,0.20000208927619825,-25.573265728347074,-31.659489436067833,23.860407980941034,52.546555,-1.446074,36.55506131469233,0.0
2020-01-08T10:18:30.000000,0.209769898752,-0.540710100736,0.117005019648,-24.8565001984,-32.2169996032,24.293500441600003,52.546555,-1.446074,36.34234978816,0.0
2020-01-08T10:18:30.100000,0.10804513971200001,-0.571959562496,0.090089773824,-25.12,-31.7080000768,25.114000998399998,52.546555,-1.446074,36.04854994688,0.0
2020-01-08T10:18:30.200000,0.276184925696,-0.047720242432,-0.17513984998399998,-24.9804994048,-31.8385001216,26.3829997568,52.546555,-1.446074,36.01580016128,0.0
2020-01-08T10:18:30.300000,0.146614868224,-0.29481968051199997,0.002424907520000002,-24.2365001984,-31.9909999616,26.238500761599997,52.546555,-1.446074,36.190099829759994,0.0
2020-01-08T10:18:30.400000,-0.02554998784,0.098464867584,-0.150340127744,-24.4534998016,-31.9580000768,27.2590000384,52.546555,-1.446074,35.93369987072,0.0
2020-01-08T10:18:30.500000,-0.014021228850922763,-0.06409692153734364,-0.31495452718899253,-24.170302958996068,-32.00393919098881,27.338787983005748,52.546555,-1.446074,35.74412114739643,0.0
2020-01-08T10:18:30.600000,-0.02549999087524174,0.044364377957625635,-0.25861285348933294,-23.961782115980746,-31.718514869553978,27.63940602893055,52.546555,-1.446074,35.60122769566903,0.0
2020-01-08T10:18:30.700000,0.031214915583999997,0.167229754368,-0.095584941056,-23.4670001152,-31.87,28.594500915199998,52.546555,-1.446074,35.34804988928,0.0
2020-01-08T10:18:30.800000,-0.07235451451829364,-0.1289998913940096,-0.052694067527067456,-23.516969323979428,-31.889697041003934,29.696363224977308,52.546555,-1.446074,35.18463630439673,0.0
2020-01-08T10:18:30.900000,-0.026932,-0.072296,-0.15682000000000001,-22.9592,-31.9392,29.22,52.546555,-1.446074,35.077960000000004,0.0
2020-01-08T10:18:31.000000,-0.05086832390864089,-0.5796098522042628,0.3012029475503826,-23.029900971026358,-31.69920797098327,30.099603985491633,52.546555,-1.446074,34.98933662754004,0.0
2020-01-08T10:18:31.100000,-0.09324539316661452,-0.252145749756283,0.10330300424856291,-22.88060609900212,-31.968484299969745,30.234242149984873,52.546555,-1.446074,34.88557556778953,0.0
2020-01-08T10:18:31.200000,-0.011876246226532262,-0.692831673049773,0.11038220824219136,-22.860792029016732,-31.05188114495439,29.81,52.546555,-1.446074,34.57774256522301,0.0
2020-01-08T10:18:31.300000,-0.06704992768000001,-0.6094250060799999,0.37267504512,-22.316999475200003,-30.72750016,29.9045004032,52.546555,-1.446074,34.522550087679996,0.0
2020-01-08T10:18:31.400000,0.015439942144000001,-0.580779843328,0.37799976704,-21.7430005248,-31.1920010752,30.533000396800002,52.546555,-1.446074,34.614249894400004,0.0
2020-01-08T10:18:31.500000,-0.06468219430158847,-0.40121499121742016,0.07030792916146006,-22.34643518506784,-32.38831569635846,31.125346854873253,52.546555,-1.446074,34.49419811877901,0.0
2020-01-08T10:18:31.600000,-0.09553444568278259,-0.5546595106524376,0.12887415177428574,-21.757676323118336,-31.149091666041752,31.63293042234801,52.546555,-1.446074,34.56828247383759,0.0
2020-01-08T10:18:31.700000,-0.144869898752,-0.470809902336,0.39849488691199997,-21.3454995968,-31.6704999168,32.4204999168,52.546555,-1.446074,34.3457501312,0.0
2020-01-08T10:18:31.800000,-0.012032357857433276,-0.37999717597217136,0.24479998945883674,-20.801176444013873,-31.579117704636605,32.32029414865048,52.546555,-1.446074,34.547647142089865,0.0
2020-01-08T10:18:31.900000,-0.02062449296260305,-0.5465430707501332,0.2095633193316824,-20.824285445597315,-31.7390814551268,32.38,52.546555,-1.446074,34.71516323939688,0.0
2020-01-08T10:18:32.000000,-0.00606663468823616,-0.250900327628071,0.14233950413607813,-21.158484299969743,-31.955454166979127,32.389090942001815,52.546555,-1.446074,34.7750303502026,0.0
2020-01-08T10:18:32.100000,0.027194049136823217,-0.5894939528199306,0.24347718379544322,-20.389207970983268,-31.420693101429293,32.41940592754435,52.546555,-1.446074,34.85655446086619,0.0
2020-01-08T10:18:32.200000,-0.07000610081221766,0.24616039630843067,-0.08510288659207331,-20.76303013299062,-31.75515175101301,32.35848502400968,52.546555,-1.446074,34.897606044699124,0.0
2020-01-08T10:18:32.300000,-0.1087069158063625,0.005565399677084942,0.04058211699460877,-20.46990097102636,-32.091485130446024,32.460494942095806,52.546555,-1.446074,34.91973270288013,0.0
2020-01-08T10:18:32.400000,-0.00035507020800000164,0.39214974848,-0.380269605632,-20.3940003584,-31.8919997952,31.63500032,52.546555,-1.446074,35.1544999424,0.0
2020-01-08T10:18:32.500000,-0.065279879168,0.110015221504,0.12852993612799998,-20.7109993216,-31.5734998016,31.98499968,52.546555,-1.446074,35.17310040576,0.0
2020-01-08T10:18:32.600000,0.08582496,0.401229987328,-0.023260285696,-20.026000921599998,-31.3760002816,31.6170002432,52.546555,-1.446074,35.76705023488,0.0
2020-01-08T10:18:32.700000,0.02179086959782167,0.3698090380870865,-0.3857150900266085,-21.116666183973376,-31.81666690801331,31.930909057998186,52.546555,-1.446074,36.141727499812525,0.0
2020-01-08T10:18:32.800000,-0.03839702913079074,0.32467824100007353,-0.26083364450448765,-20.509406028930552,-32.16940592754435,31.840396014508364,52.546555,-1.446074,36.466227705807654,0.0
2020-01-08T10:18:32.900000,-0.02812497664,0.431009624576,-0.071754867968,-21.1929997568,-31.94749952,31.535499596799998,52.546555,-1.446074,36.36615017984,0.0
2020-01-08T10:18:33.000000,0.01445004928,-0.031179844607999996,0.064689833984,-20.955500364800002,-31.3670002432,31.0465001984,52.546555,-1.446074,36.65840022784,0.0
2020-01-08T10:18:33.100000,0.09581506790399999,0.151619899392,-0.127359878656,-21.4114998784,-31.6990000384,31.2454997248,52.546555,-1.446074,37.00915020544,0.0
2020-01-08T10:18:33.200000,0.156119872512,0.014744986112,0.022654952447999997,-21.2304999168,-31.8340003584,30.8604999168,52.546555,-1.446074,37.382350428159995,0.0
2020-01-08T10:18:33.300000,-0.014124245770184552,-0.00436666908013312,-0.02345448374659637,-21.26242475802844,-32.25393919098881,30.73181811599637,52.546555,-1.446074,37.97281826080436,0.0
2020-01-08T10:18:33.400000,-0.0037480000000000013,0.004044000000000001,0.06831999999999999,-21.939999999999998,-31.900000000000002,30.578799999999998,52.546555,-1.446074,38.09276,0.0
2020-01-08T10:18:33.500000,0.05843068073231254,0.045669292907274714,0.04128514362622963,-21.290990086964015,-31.808811956474905,30.468415941966537,52.546555,-1.446074,38.128366366647995,0.0
2020-01-08T10:18:33.600000,-0.05043941363108614,-0.06715755858905303,0.008769727631691227,-21.246060809011194,-32.37333309198669,31.187272282975492,52.546555,-1.446074,38.372272699298456,0.0
2020-01-08T10:18:33.700000,-0.073444,-0.005431999999999999,0.036584,-21.5904,-31.9696,30.4696,52.546555,-1.446074,38.354440000000004,0.0
2020-01-08T10:18:33.800000,-0.015675999999999995,0.159808,-0.0616,-21.75,-31.77,30.380399999999998,52.546555,-1.446074,38.52704,117.19771396097502
2020-01-08T10:18:33.900000,0.07012375478732977,0.07251090028413484,-0.025437616815915606,-21.75,-31.47128707249874,30.631188043525096,52.546497178181184,-1.4458889701797832,38.7736633927372,117.19730039041389
2020-01-08T10:18:34.000000,-0.0019900362240000006,0.11575985561600001,0.039730029568,-21.78750016,-31.0930003968,30.1320005632,52.54619,-1.444906,38.95944984832,0.0
2020-01-08T10:18:34.100000,-0.065580066048,-0.074994995712,0.086485031936,-21.96249984,-31.65750016,30.776499558399998,52.54619,-1.444906,38.80660020736,0.0
2020-01-08T10:18:34.200000,-0.11978472715330768,-0.05908784181796085,0.12915757669005143,-21.901515700030256,-31.88060609900212,30.19,52.54619,-1.444906,39.04654532619292,0.0
2020-01-08T10:18:34.300000,0.056240586671262846,0.008301986662645013,0.10256037827192285,-22.680296985534724,-31.88930689857071,30.209009913035985,52.54619,-1.444906,38.80744551885657,0.0
2020-01-08T10:18:34.400000,0.003497002991836449,0.055484823088599214,-0.030415093646808146,-22.347878925007564,-31.71545489101906,30.26303013299062,52.54619,-1.444906,38.63942441410947,0.0
2020-01-08T10:18:34.500000,0.06300000506931014,0.028730701009553113,0.04137325609394446,-22.550495043482005,-32.11059397106945,29.980990086964017,52.54619,-1.444906,38.901673265218705,0.0
2020-01-08T10:18:34.600000,0.078484884736,0.11037506432,-0.060735033856,-22.5465001984,-31.436000281600002,29.7569994752,52.54619,-1.444906,38.84619983872,0.0
2020-01-08T10:18:34.700000,-0.058624931840000005,0.18259994368000002,-0.092709944576,-22.9420005632,-31.9045004032,29.1260002816,52.54619,-1.444906,38.595699845119995,0.0
2020-01-08T10:18:34.800000,0.025359972095999998,0.09872496128000001,-0.007399950079999999,-23.65249984,-32.40249984,29.5090000384,52.54619,-1.444906,38.43545019392,0.0
2020-01-08T10:18:34.900000,-0.027060065536000003,0.052160020736,0.041124924160000007,-23.561500518400003,-32.1239997184,29.5509999616,52.54619,-1.444906,38.63089973504,0.0
2020-01-08T10:18:35.000000,-0.092784909056,0.100835090176,-0.074270062592,-24.3340003584,-31.6659996416,29.65000064,52.54619,-1.444906,38.279,0.0
2020-01-08T10:18:35.100000,0.014814943744,0.232240049664,-0.148804963328,-24.8295000832,-31.283000396800002,30.4534998016,52.54619,-1.444906,38.2422498432,0.0
2020-01-08T10:18:35.200000,-0.036259899136,0.244094769152,-0.09258496793599999,-24.816999475200003,-31.8295000832,30.2455002368,52.54619,-1.444906,37.9897498112,0.0
2020-01-08T10:18:35.300000,0.09830606280012101,-0.049333285667370885,-0.017393821353489235,-24.14878798300575,-31.882424033988503,30.46606026598124,52.54619,-1.444906,37.680060392688226,0.0
2020-01-08T10:18:35.400000,0.09289207362666052,0.03596436376355724,0.1449544426166765,-24.22128707249874,-31.550495043482005,29.970099028973642,52.54619,-1.444906,37.399108942009626,0.0
2020-01-08T10:18:35.500000,0.06254067462379383,0.11237037038914559,-0.010808157026950982,-23.879208553953934,-31.517821869510886,30.15673280426633,52.54619,-1.444906,37.64975242503124,0.0
2020-01-08T10:18:35.600000,0.14059987304506377,0.18711419883859742,-0.2541283122568983,-24.49571331172139,-31.62,30.22142787731869,52.54619,-1.444906,37.52314232536513,0.0
2020-01-08T10:18:35.700000,0.0767940805665461,0.1676970595466516,-0.07808417259987174,-23.759504956517993,-31.650099028973642,29.729603985491636,52.54619,-1.444906,37.0824158203031,0.0
2020-01-08T10:18:35.800000,0.178104675328,0.34858470425599997,-0.13848475033600002,-23.8009999616,-31.8385001216,29.8454995968,52.54619,-1.444906,36.8784998912,0.0
2020-01-08T10:18:35.900000,-0.24575148854853265,0.01989114111279766,0.12793309741698752,-23.72121201699425,-32.00909094200181,29.320606099002116,52.54619,-1.444906,36.77551530180829,0.0
2020-01-08T10:18:36.000000,-0.1471583794429335,0.2874256846737012,-0.18350293639790027,-23.639207970983268,-32.001386101472384,29.38,52.54619,-1.444906,36.993108901455145,0.0
2020-01-08T10:18:36.100000,0.157339997184,-0.179759922176,0.076954898688,-24.0419999232,-31.6990000384,29.3694999552,52.54619,-1.444906,36.90484996096,0.0
2020-01-08T10:18:36.200000,0.148829979648,-0.032344812032,-0.082680107008,-23.9955002368,-31.7785001216,29.179499443199997,52.54619,-1.444906,36.8762500992,0.0
2020-01-08T10:18:36.300000,0.124065009664,0.19413990118399999,-0.198504887808,-24.1689993984,-31.8829997568,28.570500556800003,52.54619,-1.444906,37.02315006464,0.0
2020-01-08T10:18:36.400000,0.10089984639999999,0.108665195264,-0.0633750592,-23.418000204800002,-31.6170002432,29.197499519999997,52.54619,-1.444906,37.137050119680005,0.0
2020-01-08T10:18:36.500000,-0.118205064448,0.38525007359999996,-0.148465027584,-23.6794999552,-31.97750016,28.6080002048,52.54619,-1.444906,37.30890005504,0.0
2020-01-08T10:18:36.600000,-0.170889859584,0.38269457203199997,-0.135884790016,-23.714500403200002,-32.1794999552,28.84249984,52.54619,-1.444906,37.458200325119996,0.0
2020-01-08T10:18:36.700000,-0.005445530734202352,-0.1507604795730233,0.11680293546476898,-24.259090942001816,-32.054848248986985,28.50575712597519,52.54619,-1.444906,37.88454543479891,0.0
2020-01-08T10:18:36.800000,-0.06446431915362799,-0.01588419693256042,-0.003698003198734697,-24.349603985491633,-31.797722840537247,27.90980204343892,52.54619,-1.444906,37.93669312170653,0.0
2020-01-08T10:18:36.900000,0.231614929664,-0.367345121792,0.1508750656,-24.6065001984,-32.164499123199995,28.47750016,52.54619,-1.444906,38.38680004608,0.0
2020-01-08T10:18:37.000000,0.127654955008,-0.420454536448,0.17832974540799998,-24.8805000448,-31.1965008384,28.6614998784,52.54619,-1.444906,38.48790017024,0.0
2020-01-08T10:18:37.100000,0.06558180978953711,0.13088158533715696,-0.10537556054913258,-24.768787258965812,-32.27212107499244,28.5,52.54619,-1.444906,38.781727517913524,0.0
2020-01-08T10:18:37.200000,0.03577622696315372,-0.10584645642547733,0.11073459728132896,-23.91930699995691,-32.020396014508364,28.5,52.54619,-1.444906,39.201396065201465,0.0
2020-01-08T10:18:37.300000,-0.06019093295131608,0.5144241136328963,-0.3249665387529447,-24.584848792016942,-31.753939190988806,28.56666690801331,52.54619,-1.444906,39.45418195640762,0.0
2020-01-08T10:18:37.400000,-0.11651958347346389,0.3417725156737058,-0.1474293862533192,-25.001960857147157,-31.488627389957788,28.900784362937273,52.54619,-1.444906,39.7872155366707,0.0
2020-01-08T10:18:37.500000,-0.22847974337889626,0.48783836051075974,-0.23803346779824056,-24.663131506679285,-31.723131506679284,28.557071664623834,52.54619,-1.444906,40.45911088700293,0.0
2020-01-08T10:18:37.600000,-0.24953989350400002,0.44794974592,-0.097519884032,-24.57500032,-31.447499519999997,27.8445004032,52.54619,-1.444906,40.68355015168,0.0
2020-01-08T10:18:37.700000,-0.103719981312,0.179845295872,-0.015125305599999993,-25.0,-30.8009999616,28.276499558399998,52.54619,-1.444906,40.9352502144,0.0
2020-01-08T10:18:37.800000,-0.046930187293616296,0.4462389357647284,-0.3238481331406008,-24.953030132990623,-30.796969867009377,27.585454166979126,52.54619,-1.444906,41.319848846319935,0.0
2020-01-08T10:18:37.900000,0.12913762188522573,-0.1644722151111066,0.13977222626358893,-24.699504956517995,-31.208910985448544,27.009504956517993,52.54619,-1.444906,41.92747527824176,0.0
2020-01-08T10:18:38.000000,0.111029989888,0.276709660416,-0.223209725696,-24.7680000768,-31.96249984,27.1080002048,52.54619,-1.444906,42.23360020736,0.0
2020-01-08T10:18:38.100000,0.0979750016,-0.08333961190400001,0.08919977856000001,-24.955500364800002,-31.8340003584,27.3890000384,52.54619,-1.444906,42.540800135679994,0.0
2020-01-08T10:18:38.200000,0.0940999744,0.312804491008,-0.138569716992,-25.3829997568,-32.263499801600005,27.4580000768,52.54619,-1.444906,42.81340039424,0.0
2020-01-08T10:18:38.300000,0.06603941544118598,-0.2758057442225492,0.18461799109948052,-25.12666690801331,-31.990909057998184,27.597878925007564,52.54619,-1.444906,43.41169724011492,0.0
2020-01-08T10:18:38.400000,0.053692050307833854,0.16167125422336903,-0.05889897726667866,-25.53009902897364,-31.791089014551456,27.770396014508364,52.54619,-1.444906,43.817485140584644,0.0
2020-01-08T10:18:38.500000,-0.18958485205019665,-0.06412406114000088,0.15695736671847,-25.538484299969745,-31.189394625037817,27.446363224977308,52.54619,-1.444906,43.866606479123085,0.0
2020-01-08T10:18:38.600000,-0.2119554562252396,0.11784449206779696,-0.11293461958629358,-24.788217884019254,-32.09158405803346,26.781485130446022,52.54619,-1.444906,44.50148514058465,0.0
2020-01-08T10:18:38.700000,-0.29602497664,-0.36679983616,0.21751019801600002,-25.3565001984,-31.2680000768,26.6014998784,52.54619,-1.444906,44.56295054592,0.0
2020-01-08T10:18:38.800000,-0.22524228031206123,-0.20859415441185977,0.485833352641065,-25.639697041003934,-31.456363949017245,26.553636775022692,52.54619,-1.444906,45.30709097820381,0.0
2020-01-08T10:18:38.900000,-0.02153070506500123,-0.4852791724858123,0.4229949907611823,-25.759504956517993,-31.860792029016732,27.220099028973642,52.54619,-1.444906,45.50746540576026,0.0
2020-01-08T10:18:39.000000,-0.113504963328,-0.13097475584,-0.08033004620800001,-25.8009999616,-31.4490000384,27.4640003584,52.54619,-1.444906,46.05755022848,0.0
2020-01-08T10:18:39.100000,-0.0757545851121874,0.14789074470093272,-0.10874533524341963,-25.712121074992435,-31.415151207983058,27.806666183973377,52.54619,-1.444906,46.37509096010281,0.0
2020-01-08T10:18:39.200000,-0.1216861288466559,-0.06289898233598881,0.025059373788118046,-25.549108942009628,-31.068316912992895,26.961782115980746,52.54619,-1.444906,46.55950501734971,0.0
2020-01-08T10:18:39.300000,-0.037375748799515926,0.07765421766191988,-0.1540754302219441,-25.74333309198669,-31.645454166979125,26.524848792016943,52.54619,-1.444906,47.16212136460841,0.0
2020-01-08T10:18:39.400000,-0.0045841462394590055,-0.3438395497438731,0.2894563958218746,-25.430198057947287,-31.129703014465274,27.02059407245565,52.54619,-1.444906,47.4013267347813,0.0
2020-01-08T10:18:39.500000,0.097154998528,0.024104630527999993,0.006825218559999999,-25.82500032,-31.46249984,27.09249984,52.54619,-1.444906,47.5022503552,0.0
2020-01-08T10:18:39.600000,0.08663496345600001,-0.375339610624,0.24938479641599998,-26.21249984,-31.25,26.9265001984,52.54619,-1.444906,47.989000063999995,0.0
2020-01-08T10:18:39.700000,0.028829960448,0.10459984128000001,-0.024420014592,-25.9804999168,-31.25,27.1059996416,52.54619,-1.444906,48.143150295039995,0.0
2020-01-08T10:18:39.800000,-0.010469943551999998,-0.039059713536000004,-0.077670144512,-25.87,-31.36250048,26.6014998784,52.54619,-1.444906,48.58735022336,0.0
2020-01-08T10:18:39.900000,0.062534991616,0.341129998848,-0.258754953728,-25.90750016,-31.9429997568,26.47750016,52.54619,-1.444906,48.888950021119996,0.0
2020-01-08T10:18:40.000000,0.038904946688,0.323009929216,-0.223745112832,-26.0734998016,-31.5269996032,26.72750016,52.54619,-1.444906,48.947150128640004,0.0
2020-01-08T10:18:40.100000,-0.022209958656,0.22960000256000002,-0.328719808512,-25.8295000832,-31.0930003968,26.9955002368,52.54619,-1.444906,49.167200209920004,0.0
2020-01-08T10:18:40.200000,0.031439994624,0.212134910976,-0.07366499686399999,-25.86499968,-31.5179995648,27.207999564799998,52.54619,-1.444906,49.480500147200004,0.0
2020-01-08T10:18:40.300000,0.006209922816,0.100785029376,-0.06679998848,-25.552500480000003,-30.9670001152,26.6765001984,52.54619,-1.444906,49.72460020736,0.0
2020-01-08T10:18:40.400000,-0.08231994035199999,0.06847469568,0.006775248640000002,-26.283000396800002,-31.1485001216,26.8184994816,52.54619,-1.444906,50.0157500672,0.0
2020-01-08T10:18:40.500000,-0.004190913040217833,-0.2942150013317163,0.2952119699316558,-26.60242349095855,-31.37666690801331,26.10121201699425,52.54619,-1.444906,50.156818369410345,0.0
2020-01-08T10:18:40.600000,-0.032620806223085136,-0.07191188753228517,0.07528317724082519,-25.40990097102636,-31.710396014508365,26.01920797098327,52.54619,-1.444906,50.467435656513686,0.0
2020-01-08T10:18:40.700000,-0.145154974208,-0.11570995993599999,0.12128487705600001,-25.2965001984,-31.5,26.506000281600002,52.54619,-1.444906,50.61770017792,0.0
2020-01-08T10:18:40.800000,-0.11307500928,-0.060654992128,-0.025289928704,-25.5314998784,-31.4159996416,26.8604999168,52.54619,-1.444906,50.8945001728,0.0
2020-01-08T10:18:40.900000,-0.11297571259751914,-0.05216970410039331,0.07205152475052946,-25.43666690801331,-31.08090960102814,26.77878798300575,52.54619,-1.444906,51.15066676320533,0.0
2020-01-08T10:18:41.000000,-0.0523029759385194,-0.0712158466635068,0.10863466723780894,-25.740296985534723,-31.860495043482008,26.959009913035985,52.54619,-1.444906,51.319960408687784,0.0
2020-01-08T10:18:41.100000,-0.09812999372799999,-0.093219912192,0.187484843776,-25.418000204800002,-31.697499519999997,27.02249984,52.54619,-1.444906,51.47130019328,0.0
2020-01-08T10:18:41.200000,-0.09488502169600001,-0.016410169855999992,-0.0009649187840000024,-25.6704999168,-31.0885001216,26.7919999232,52.54619,-1.444906,51.74585007616,0.0
2020-01-08T10:18:41.300000,-0.10742721381675066,-0.20269682741215198,0.09755148130813329,-25.437272282975492,-31.22121201699425,26.567272282975495,52.54619,-1.444906,51.9026062619111,0.0
2020-01-08T10:18:41.400000,-0.042771303902608415,0.014057423624506057,0.035045538119944944,-24.848217884019252,-31.020396014508364,26.078019927458172,52.54619,-1.444906,52.24774259563887,0.0
2020-01-08T10:18:41.500000,-0.15617488384,-0.015205049088000001,-0.020280005888,-25.3234998016,-30.92250048,27.0069994752,52.54619,-1.444906,52.42639999744,0.0
2020-01-08T10:18:41.600000,5.000832000000028e-05,-0.0631499264,-0.02104996992,-25.1545004032,-31.5690000384,26.3205000448,52.54619,-1.444906,52.47535022336,0.0
2020-01-08T10:18:41.700000,-0.014294031325070658,0.01961509726700783,0.021521221610523403,-25.64151497599032,-31.6775759660115,26.38,52.54619,-1.444906,52.7900303683036,0.0
2020-01-08T10:18:41.800000,-0.10664650306313066,-0.04684256319528757,0.022813852903827585,-25.439703014465277,-31.97940592754435,26.438613898527617,52.54619,-1.444906,52.917772294192346,0.0
2020-01-08T10:18:41.900000,0.14060902722648747,0.0903698579588797,-0.06446672519322816,-25.71606026598124,-31.860909057998185,26.656060265981242,52.54619,-1.444906,53.085151606205024,0.0
2020-01-08T10:18:42.000000,0.060555457239101614,0.26919005452043054,-0.16846535506715568,-25.178910884062343,-31.849603985491633,26.11891088406234,52.54619,-1.444906,53.32358422025139,0.0
2020-01-08T10:18:42.100000,0.14202492928,-0.096404968448,-0.17911474022399998,-25.214500403200002,-32.02249984,26.1080002048,52.54619,-1.444906,53.82954994688,0.0
2020-01-08T10:18:42.200000,0.037134953215999994,-0.040684941056,0.154409950976,-25.891000601600002,-31.8295000832,26.3694999552,52.54619,-1.444906,53.75254997248,0.0
2020-01-08T10:18:42.300000,-0.042265073664,-0.043280345088,0.085414983424,-26.6614998784,-31.816999475200003,26.433000524799997,52.54619,-1.444906,53.8180004352,0.0
2020-01-08T10:18:42.400000,-0.09179679483035486,-0.37328135364437753,-0.008266926114310402,-26.4424240339885,-31.253333816026625,27.025454166979124,52.54619,-1.444906,54.37084839379498,0.0
2020-01-08T10:18:42.500000,0.1146524346629289,0.2583138062661743,-0.3419247095918952,-26.040792029016732,-32.00950495651799,26.52871292750126,52.54619,-1.444906,54.28877231446958,0.0
2020-01-08T10:18:42.600000,-0.202094899712,-0.16122981836800002,0.019685008896,-25.6109999616,-31.94749952,26.92499968,52.54619,-1.444906,54.655600232960005,0.0
2020-01-08T10:18:42.700000,-0.07893033934200286,0.06683328566737089,0.04157579405201192,-25.60696986700938,-31.367575966011497,26.509090942001816,52.54619,-1.444906,54.91045434798911,0.0
2020-01-08T10:18:42.800000,-0.119196,-0.03314,0.09112,-25.87,-31.749200000000002,26.5104,52.54619,-1.444906,54.65396,126.6001745431414
2020-01-08T10:18:42.900000,-0.03452772202944762,-0.16581484826287415,0.06822773115420588,-25.920693101429293,-31.950693000043092,26.259504956517993,52.546089405876856,-1.4446832671855951,54.901811875365944,126.59959489998363
2020-01-08T10:18:43.000000,-0.023829980927999997,-0.140345006592,0.144230024448,-26.1419997952,-31.3609999616,26.3205000448,52.545555,-1.4435,54.84444996352,0.0
2020-01-08T10:18:43.100000,0.005257589360750312,-0.15140303864045987,0.17069997827880193,-25.88060609900212,-31.291818115996367,26.35121201699425,52.545555,-1.4435,54.779030241596615,0.0
2020-01-08T10:18:43.200000,0.02194356159592022,-0.15305246812037585,0.12472771493241341,-25.949504956517995,-31.16940592754435,26.16940592754435,52.545555,-1.4435,54.685108911593765,0.0
2020-01-08T10:18:43.300000,0.017709159363775765,-0.07134537506561611,0.05407573974901672,-26.084848792016942,-31.097878925007564,25.99484824898699,52.545555,-1.4435,54.66872719209555,0.0
2020-01-08T10:18:43.400000,0.09079205841873009,0.06772674289219352,0.025882177826330503,-26.51089105799037,-31.319504956517992,25.688613898527617,52.545555,-1.4435,54.538297026089204,0.0
2020-01-08T10:18:43.500000,-0.07185995033600001,0.148764980224,0.0012699089919999997,-26.1284994816,-31.3805000448,25.9159996416,52.545555,-1.4435,54.53110009856,0.0
2020-01-08T10:18:43.600000,0.0016150320640000004,0.09476488166399999,-0.101719923712,-25.524000358400002,-31.542000435200002,25.506000281600002,52.545555,-1.4435,54.6199998208,0.0
2020-01-08T10:18:43.700000,0.061420073472,-0.058184982015999996,-0.0020800071680000002,-26.0,-31.9609993216,25.8980000768,52.545555,-1.4435,54.3699999488,0.0
2020-01-08T10:18:43.800000,0.13754537687571597,-0.010587792945265163,-0.02202428016208151,-25.848484299969744,-31.003939190988806,25.906060265981242,52.545555,-1.4435,54.29169693239794,0.0
2020-01-08T10:18:43.900000,0.011703999999999999,0.12140000000000001,-0.075712,-25.0592,-30.878800000000002,25.419999999999998,52.545555,-1.4435,54.167120000000004,0.0
2020-01-08T10:18:44.000000,0.009665364191913942,0.12491485637377037,-0.08202279187186812,-25.430198057947287,-31.80188114495439,25.80742585500252,52.545555,-1.4435,53.858297056505066,0.0
2020-01-08T10:18:44.100000,0.16142728622074426,0.1405362718149354,-0.19778467285031248,-25.730302958996067,-31.32636322497731,26.75,52.545555,-1.4435,54.03496952309041,0.0
2020-01-08T10:18:44.200000,0.16745642623773543,-0.0012306928986568861,0.08253366883717628,-25.580396014508366,-30.797722840537247,26.71990097102636,52.545555,-1.4435,53.732415820303096,0.0
2020-01-08T10:18:44.300000,0.07599994624,-0.0029200133119999996,0.08020479436799999,-25.482500480000002,-31.40750016,26.5044997632,52.545555,-1.4435,53.557750016,0.0
2020-01-08T10:18:44.400000,0.00219998976,-0.029060036096,-0.1651498816,-26.1485001216,-31.5269996032,26.1329997568,52.545555,-1.4435,53.523949765119994,0.0
2020-01-08T10:18:44.500000,-0.020220037631999997,-0.084620032512,0.023975135999999998,-26.206499558399997,-31.0465001984,25.88500032,52.545555,-1.4435,53.177349852160006,0.0
2020-01-08T10:18:44.600000,-0.067394988032,-0.160830140928,0.223155079168,-25.705500364800002,-31.3760002816,26.3205000448,52.545555,-1.4435,53.00320009472,0.0
2020-01-08T10:18:44.700000,-0.061070040831999996,-0.31403985510399995,0.284934814976,-26.11499968,-31.7409999616,26.3890000384,52.545555,-1.4435,53.078749785599996,0.0
2020-01-08T10:18:44.800000,-0.11504242330994857,-0.05520582024674246,0.019790838826124396,-25.614242149984875,-31.699090942001817,26.411212016994252,52.545555,-1.4435,52.76733323679467,0.0
2020-01-08T10:18:44.900000,-0.09137424334209479,0.32448911390993357,-0.1161633836124411,-25.32782186951089,-31.78009902897364,26.259504956517993,52.545555,-1.4435,52.59233661740142,0.0
2020-01-08T10:18:45.000000,0.028380007168,0.352944942592,-0.259829995008,-26.0795000832,-31.86499968,26.2829998848,52.545555,-1.4435,52.43979993088,0.0
2020-01-08T10:18:45.100000,0.03497574698941609,0.2970182553740571,-0.26632125962262004,-26.12333309198669,-31.420302958996068,26.110302958996066,52.545555,-1.4435,52.339212089398245,0.0
2020-01-08T10:18:45.200000,0.02693267854743987,0.40270494536550994,-0.3120613685616593,-25.740495043482007,-31.270396014508364,26.039603985491635,52.545555,-1.4435,52.235188084079574,0.0
2020-01-08T10:18:45.300000,0.069069990912,0.34577994060800005,-0.144284912896,-25.7080000768,-31.1065001984,26.2695000832,52.545555,-1.4435,51.9057498368,0.0
2020-01-08T10:18:45.400000,0.049559968256,0.273365027584,-0.08515024128000001,-25.7919999232,-31.3805000448,26.322999756799998,52.545555,-1.4435,51.72305014527999,0.0
2020-01-08T10:18:45.500000,0.009718190210462895,0.2956363116371319,-0.37203927244329865,-25.71727282600545,-31.277878200967628,25.98181811599637,52.545555,-1.4435,51.89251506649531,0.0
2020-01-08T10:18:45.600000,0.0389693172399634,0.24696239636429076,-0.19268614405458634,-25.850990086964018,-30.57910904339583,25.86891088406234,52.545555,-1.4435,51.65264349569489,0.0
2020-01-08T10:18:45.700000,0.119309974016,0.39262990156800004,-0.244030024448,-25.8340003584,-31.5579994368,25.88500032,52.545555,-1.4435,51.09860009216,0.0
2020-01-08T10:18:45.800000,0.093131702878347,0.28667233583080715,-0.2811930804091937,-26.235742398588705,-30.875346689241937,26.255049374955643,52.545555,-1.4435,51.23273270102298,0.0
2020-01-08T10:18:45.900000,0.13729396537011465,0.42666365103253534,-0.2877930755744496,-25.77464671931485,-31.293838068049585,25.886263013358572,52.545555,-1.4435,51.268464873628844,0.0
2020-01-08T10:18:46.000000,0.108634971136,0.439185106176,-0.21067019699200001,-25.6920005632,-31.5795000832,25.683000524799997,52.545555,-1.4435,51.018049748479996,0.0
2020-01-08T10:18:46.100000,0.065034977536,0.542654839808,-0.447084892416,-26.4490000384,-31.7365001984,26.3604999168,52.545555,-1.4435,50.65009985536,0.0
2020-01-08T10:18:46.200000,0.028029969408000004,0.364265146624,-0.308865019904,-26.4429997568,-31.9714998784,26.1659996416,52.545555,-1.4435,50.50540020224,0.0
2020-01-08T10:18:46.300000,-0.02941824270335825,0.47951486376412855,-0.2924816631714501,-26.14878798300575,-31.81,25.727878925007566,52.545555,-1.4435,50.67975723458118,0.0
2020-01-08T10:18:46.400000,-0.12795643840407978,0.11224559388235653,-0.07193169535473765,-26.359108942009627,-31.800495043482005,26.01920797098327,52.545555,-1.4435,50.05837617829778,0.0
2020-01-08T10:18:46.500000,-0.14616497894400002,0.407389494784,-0.11357474176000001,-26.62,-31.71249984,26.533000396800002,52.545555,-1.4435,49.54914994944001,0.0
2020-01-08T10:18:46.600000,-0.10202993100800001,-0.16809459251199999,0.165094725632,-26.5179995648,-31.5090000384,26.8724992,52.545555,-1.4435,49.51440013824,0.0
2020-01-08T10:18:46.700000,-0.008359991296,0.239584430336,-0.124779682048,-25.9670001152,-31.6635004416,25.8385001216,52.545555,-1.4435,49.7422501888,0.0
2020-01-08T10:18:46.800000,-0.009481864092532303,-0.4504997592567213,0.25889379963229114,-26.110909057998185,-32.1924240339885,26.09545489101906,52.545555,-1.4435,49.90739362948291,0.0
2020-01-08T10:18:46.900000,-0.05649998479206958,-0.1351614222963468,0.07534952563930337,-26.029900971026358,-31.762277159462755,26.55079202901673,52.545555,-1.4435,49.52384164488975,0.0
2020-01-08T10:18:47.000000,0.049324907519999996,-0.408854874368,0.259180044288,-25.90750016,-31.2455002368,26.09249984,52.545555,-1.4435,49.953649661440004,0.0
2020-01-08T10:18:47.100000,-0.060944946432,-0.23142495488,0.29854491699200003,-26.1305000448,-31.5690000384,25.9640003584,52.545555,-1.4435,49.48119990272,0.0
2020-01-08T10:18:47.200000,-0.011250091520000002,-0.16492997196800002,0.166909908736,-26.2365001984,-31.723500441600002,26.4114998784,52.545555,-1.4435,49.34554997247999,0.0
2020-01-08T10:18:47.300000,-0.10470898921439081,-0.09685140347384019,0.03269995293740416,-26.47121201699425,-32.31,26.212121074992435,52.545555,-1.4435,49.309,0.0
2020-01-08T10:18:47.400000,0.013281163203905398,0.06142078290425847,-0.031450489568627046,-26.279900971026358,-32.24029698553473,26.02059407245565,52.545555,-1.4435,49.24230688843209,0.0
2020-01-08T10:18:47.500000,-0.174389909504,0.039595235072,-0.024305165567999998,-26.1395000832,-31.83249984,26.1765001984,52.545555,-1.4435,48.879299962880005,0.0
2020-01-08T10:18:47.600000,-0.07291218895373644,0.307163474771087,-0.22035142881523795,-26.259090942001816,-31.695757850015127,26.317272282975495,52.545555,-1.4435,48.82454543479891,0.0
2020-01-08T10:18:47.700000,-0.15423859899475578,0.10241190983724979,-0.10349704028327306,-26.26089105799037,-32.15009902897364,25.61891088406234,52.545555,-1.4435,48.84200003041586,0.0
2020-01-08T10:18:47.800000,-0.03949397521197562,0.32690297347686564,-0.1785635869972771,-26.104545833020875,-32.24333309198669,25.617575966011497,52.545555,-1.4435,49.08927269929846,0.0
2020-01-08T10:18:47.900000,-0.07596929493499877,0.23977623811563603,-0.14418022462113245,-26.541089014551456,-31.850990086964018,25.970099028973642,52.545555,-1.4435,48.979940552199956,0.0
2020-01-08T10:18:48.000000,0.01732496896,0.223454912768,-0.308669750272,-25.8535004416,-31.8340003584,26.0069994752,52.545555,-1.4435,48.673850191359996,0.0
2020-01-08T10:18:48.100000,-0.0023599080960000005,0.109610008576,0.006079927807999999,-26.3079994368,-32.3009999616,25.433000524799997,52.545555,-1.4435,48.87504977408,0.0
2020-01-08T10:18:48.200000,0.111644965632,0.08739985664,-0.07115492044800001,-25.6170002432,-32.2034998016,26.2140003584,52.545555,-1.4435,48.64085028096,0.0
2020-01-08T10:18:48.300000,0.06881819202056273,-0.09090904713758569,0.029393920908980426,-25.89151497599032,-31.89151497599032,26.59454510898094,52.545555,-1.4435,48.98839384669489,0.0
2020-01-08T10:18:48.400000,0.07276632913509964,-0.03332277869166174,0.011683175213101128,-25.72930699995691,-31.670693101429293,26.09009902897364,52.545555,-1.4435,48.915653510117075,0.0
2020-01-08T10:18:48.500000,-0.003915058943999999,-0.050559844096,0.06477497984000001,-26.225999641599998,-31.9490000384,26.2034998016,52.545555,-1.4435,49.227849730559996,0.0
2020-01-08T10:18:48.600000,-0.07837498368,0.187970134272,0.003064850943999997,-25.7785001216,-31.9534998016,25.9490000384,52.545555,-1.4435,48.90345014272,0.0
2020-01-08T10:18:48.700000,-0.076440084224,0.315764784384,-0.154384827136,-25.9294999552,-31.7080000768,25.9339997184,52.545555,-1.4435,49.1297501568,0.0
2020-01-08T10:18:48.800000,-0.17710764455384614,0.10587148012307691,0.012863195569230775,-25.771922658461538,-31.81,25.596057846153844,52.545555,-1.4435,49.31824030030769,0.0
2020-01-08T10:18:48.900000,-0.1095885352,0.4399628456,-0.3055288672,-25.26104208,-31.77447896,25.796249919999998,52.545555,-1.4435,49.223687632,0.0
2020-01-08T10:18:49.000000,-0.08110991513600001,-0.40333465369599997,0.104665053184,-25.7919999232,-31.6590006784,25.7080000768,52.545555,-1.4435,49.459450257920004,0.0
2020-01-08T10:18:49.100000,0.016630248837010857,-0.011097214773517716,0.20125463941518262,-25.78393973401876,-32.39939335796793,25.896363949017243,52.545555,-1.4435,49.79063632249773,0.0
2020-01-08T10:18:49.200000,-0.042328697111253616,-0.36914652131264714,0.2917405592969881,-26.25138610147238,-31.558613898527618,26.329306898570707,52.545555,-1.4435,49.75202971883071,0.0
2020-01-08T10:18:49.300000,0.099805042688,-0.25215497804799997,0.0031800122879999996,-25.90249984,-31.75749952,26.0705000448,52.545555,-1.4435,49.93960023296,0.0
2020-01-08T10:18:49.400000,0.1285756564844241,-0.2537728386761447,0.06213651798851362,-25.661212016994252,-31.18666690801331,26.016363224977308,52.545555,-1.4435,50.262636413002724,0.0
2020-01-08T10:18:49.500000,-0.043815851732816935,-0.36564847654556926,0.2639257191450102,-25.60930699995691,-31.599603985491633,25.47821788401925,52.545555,-1.4435,50.353257434776985,0.0
2020-01-08T10:18:49.600000,-0.132980017408,-0.07322512256,0.08445007232,-26.19,-31.81,25.9339997184,52.545555,-1.4435,50.46185014016,0.0
2020-01-08T10:18:49.700000,-0.12923488537599997,-0.12486452582399998,0.11704972928,-26.2455002368,-31.7634998016,25.5885001216,52.545555,-1.4435,50.663750067200006,0.0
2020-01-08T10:18:49.800000,0.015094966272,0.464444827392,-0.24283000140799998,-26.5134998016,-31.4339997184,25.82500032,52.545555,-1.4435,50.831750336,0.0
2020-01-08T10:18:49.900000,-0.0113666002963392,0.24909398969277433,-0.25526064429210876,-26.174242149984874,-31.12666690801331,26.156060265981242,52.545555,-1.4435,51.30527282600544,0.0
2020-01-08T10:18:50.000000,0.08645247217582396,0.29466235580980965,-0.27633264914544103,-25.878316912992894,-31.57920797098327,25.72821788401925,52.545555,-1.4435,51.46782178840193,0.0
2020-01-08T10:18:50.100000,0.06324546376050827,0.1032181087559701,-0.059630250647110694,-26.569090942001814,-31.9424240339885,26.22121201699425,52.545555,-1.4435,51.51454543479891,0.0
2020-01-08T10:18:50.200000,0.08801881854657809,0.01825546332227379,-0.003297045352583197,-26.55188114495439,-31.580396014508366,26.08059407245565,52.545555,-1.4435,51.58142580430942,0.0
2020-01-08T10:18:50.300000,0.125794922752,0.10917475200000001,-0.096459837696,-26.1044996352,-31.3519999232,26.2080000768,52.545555,-1.4435,52.04184975616,0.0
2020-01-08T10:18:50.400000,0.033805045248,-0.15164970752,0.079364830464,-25.6019999232,-31.3160002816,26.2454997248,52.545555,-1.4435,51.8162504192,0.0
2020-01-08T10:18:50.500000,0.08062494335999999,0.192894812672,-0.12149989632000001,-25.5465001984,-31.6329997568,25.8694999552,52.545555,-1.4435,52.35304991488,0.0
2020-01-08T10:18:50.600000,0.008990922090717033,-0.038505997636526776,-0.009239486035079732,-25.867575966011497,-31.443333816026623,25.791818115996367,52.545555,-1.4435,52.287878961209564,0.0
2020-01-08T10:18:50.700000,0.0009019623299563323,0.06349406231702959,-0.14783465101601648,-26.19,-32.11079202901673,25.76920797098327,52.545555,-1.4435,52.62728717388494,0.0
2020-01-08T10:18:50.800000,-0.11946428680056372,0.0525682332485071,-0.07220085975282106,-26.207821824338712,-31.60534633439113,26.16178211146371,52.545555,-1.4435,52.92847506412661,0.0
2020-01-08T10:18:50.900000,0.03612029696057592,-0.14623841093509998,0.24201718383938683,-26.212424945308985,-31.235958760647293,26.0,52.545555,-1.4435,52.51454523451197,0.0
2020-01-08T10:18:51.000000,-0.046960013056,-0.082959827456,0.168604730368,-25.58249984,-31.9294999552,25.8784994816,52.545555,-1.4435,52.7,0.0
2020-01-08T10:18:51.100000,-0.04955752238705623,0.14350302053946146,-0.18772726630964603,-25.304848248986993,-31.87,25.199090942001817,52.545555,-1.4435,52.73000010860599,0.0
2020-01-08T10:18:51.200000,0.01346731435552593,0.14587327839890907,-0.15644553102291076,-25.02871292750126,-31.860495043482008,25.398910985448545,52.545555,-1.4435,52.88833662754004,0.0
2020-01-08T10:18:51.300000,-0.07309492659200001,0.168004698368,-0.048430023168,-25.6035004416,-31.8295000832,26.15249984,52.545555,-1.4435,52.8542500736,0.0
2020-01-08T10:18:51.400000,0.025540004864,-0.231414994944,-0.019079743488000005,-26.066999475200003,-31.8364995584,25.8829997568,52.545555,-1.4435,52.976300103679996,0.0
2020-01-08T10:18:51.500000,0.01766661477713792,-0.218730281418808,0.29687263775506245,-25.360909057998185,-31.354545833020875,25.60848502400968,52.545555,-1.4435,53.09824236719685,0.0
2020-01-08T10:18:51.600000,-0.06302772304330966,-0.18501485130446021,0.15447128463922988,-25.349603985491633,-31.860792029016732,25.88,52.545555,-1.4435,53.054990127518494,0.0
2020-01-08T10:18:51.700000,-0.076655048448,-0.12154973567999999,0.116469926912,-25.56,-31.533000396800002,25.9070001152,52.545555,-1.4435,53.305400048639996,0.0
2020-01-08T10:18:51.800000,-0.14007352662145678,0.2255293998062434,-0.009894205873937724,-25.62470607723159,-31.940881994187304,26.12470607723159,52.545555,-1.4435,53.38058826718335,121.35981120136404
2020-01-08T10:18:51.900000,-0.12266499976247405,0.19321241072983802,-0.17473404221627525,-26.025463808965814,-31.36659744105398,26.441031179237065,52.545474185911544,-1.4432819493832243,53.4245773938655,121.35916361529087
2020-01-08T10:18:52.000000,-0.03788217377088239,0.11588513754305746,-0.09702571407569999,-26.129801942052715,-32.07089105799037,26.031485130446022,52.544952,-1.441873,53.3474851710005,0.0
2020-01-08T10:18:52.100000,0.015960070655999997,0.041900076800000005,0.140009991936,-25.743999718399998,-31.7544997632,25.822999756799998,52.544952,-1.441873,53.564500121600005,0.0
2020-01-08T10:18:52.200000,0.100259959296,0.18462517375999998,0.03853461273600001,-25.40750016,-31.4580000768,25.57500032,52.544952,-1.441873,53.748200094720005,0.0
2020-01-08T10:18:52.300000,0.050115016703999996,0.36042476544,-0.450869893632,-25.6395000832,-31.52249984,25.96249984,52.544952,-1.441873,53.8972500992,0.0
2020-01-08T10:18:52.400000,0.064529966848,0.071445096192,-0.24874474035199998,-25.7034998016,-31.3565001984,25.7785001216,52.544952,-1.441873,54.01984996096,0.0
2020-01-08T10:18:52.500000,0.04433341961475904,0.11976031847413754,0.11740310742425379,-25.524848792016943,-31.62,25.84454510898094,52.544952,-1.441873,53.940121111194436,0.0
2020-01-08T10:18:52.600000,0.186888,-0.267868,0.195932,-26.0896,-31.6504,25.349999999999998,52.544952,-1.441873,53.8912,0.0
2020-01-08T10:18:52.700000,0.1615860923476229,0.044544562024276924,0.008133679989658606,-26.50138610147238,-31.81,25.650297086920926,52.544952,-1.441873,54.42770295363355,0.0
2020-01-08T10:18:52.800000,-0.19898488345600002,0.100154966528,0.093544769792,-26.1614998784,-31.7814998784,26.017499519999998,52.544952,-1.441873,54.30690008064,0.0
2020-01-08T10:18:52.900000,-0.07306374085576349,0.017533195162378883,-0.15656343494889055,-26.037878925007565,-31.62,25.36939390099788,52.544952,-1.441873,54.4320303683036,0.0
2020-01-08T10:18:53.000000,-0.23783663565093743,-0.1289999574177948,0.14451286464181523,-26.180296985534724,-31.62,25.40980204343892,52.544952,-1.441873,54.54614852318323,0.0
2020-01-08T10:18:53.100000,-0.21333318430177986,0.18781803635197653,0.05181501762261488,-25.753939190988806,-31.657878925007566,26.044545833020877,52.544952,-1.441873,54.679788109712746,0.0
2020-01-08T10:18:53.200000,0.01536,-0.021151999999999997,-0.135764,-25.5792,-31.830000000000002,26.4892,52.544952,-1.441873,55.0266,0.0
2020-01-08T10:18:53.300000,0.030254471004813308,0.03841879624161346,-0.0047960216053998285,-26.22128707249874,-31.69920797098327,25.819703014465276,52.544952,-1.441873,54.94126730725849,0.0
2020-01-08T10:18:53.400000,0.12010894396189481,-0.04315436609010677,0.09578163601995249,-25.796969867009377,-32.139697041003934,26.152121074992436,52.544952,-1.441873,54.83800021721198,0.0
2020-01-08T10:18:53.500000,-0.10178217478474443,0.17502075451612167,-0.1751485079752922,-26.09009902897364,-32.16128707249874,26.01920797098327,52.544952,-1.441873,55.201247542018244,0.0
2020-01-08T10:18:53.600000,-0.062469955072,-0.114864893184,-0.08427485824,-26.2034998016,-31.65249984,26.2989993984,52.544952,-1.441873,55.337449963519994,0.0
2020-01-08T10:18:53.700000,0.0018350197760000002,-0.006765144063999997,0.137330142208,-25.9670001152,-31.4114998784,25.5090000384,52.544952,-1.441873,55.29980004608,0.0
2020-01-08T10:18:53.800000,0.02022869425040301,-0.16625834051483784,0.24245227712834447,-26.14821788853629,-31.258910912169355,25.579306976366937,52.544952,-1.441873,55.4175842922754,0.0
2020-01-08T10:18:53.900000,-0.02427778225994135,-0.005208935968845519,-0.19874068468496425,-26.239293438629698,-31.424544629419884,25.698484787364436,52.544952,-1.441873,55.73139401579445,0.0
2020-01-08T10:18:54.000000,-0.021985006336,-0.147410049536,0.050385053696,-25.84750016,-32.0179995648,25.6944997632,52.544952,-1.441873,55.69835013376,0.0
2020-01-08T10:18:54.100000,-0.024354974208,-0.164329791488,0.10474992768000001,-26.1635004416,-31.570500556800003,25.45500032,52.544952,-1.441873,55.908850140160006,0.0
2020-01-08T10:18:54.200000,0.0003599592959999988,0.07539984128,0.0007799662079999992,-26.75,-32.2814998784,25.8514998784,52.544952,-1.441873,56.10370003712,0.0
2020-01-08T10:18:54.300000,-0.03653327118657216,-0.08917255992076933,-0.05291821374176081,-26.63636322497731,-32.14878798300575,25.73696986700938,52.544952,-1.441873,56.179212216105235,0.0
2020-01-08T10:18:54.400000,0.06013861420268623,0.11998907741090054,-0.06999898943302302,-25.97940592754435,-32.23079202901673,25.91128707249874,52.544952,-1.441873,56.31681187536594,0.0
2020-01-08T10:18:54.500000,0.044151446916236334,-0.08308462759781651,0.06556956653280546,-25.945757850015127,-31.856969867009376,25.420302958996068,52.544952,-1.441873,56.30784862910796,0.0
2020-01-08T10:18:54.600000,-0.05602969956733438,0.20115837944293352,-0.11956632609351356,-26.439703014465277,-32.051881144954386,25.321089115937657,52.544952,-1.441873,56.57139606520147,0.0
2020-01-08T10:18:54.700000,-0.03642503808,-0.046714755584000005,-0.049770079232,-26.706499558399997,-31.6794999552,25.3890000384,52.544952,-1.441873,56.79365003264,0.0
2020-01-08T10:18:54.800000,-0.08502940582976523,0.27307645606091785,-0.1308087506713717,-26.083235183391142,-31.60235288802775,25.44,52.544952,-1.441873,56.85229416370929,0.0
2020-01-08T10:18:54.900000,-0.04698361862836693,0.2656452732339947,-0.04117297984196608,-25.962473832560054,-31.608556238222672,25.34752616743995,52.544952,-1.441873,56.969010189862395,0.0
2020-01-08T10:18:55.000000,0.118045540147669,0.3713742403005087,-0.3470237487041576,-26.42217813048911,-32.23079202901673,24.82920797098327,52.544952,-1.441873,57.21447528838038,0.0
2020-01-08T10:18:55.100000,0.063339924224,0.194259856896,-0.174184751616,-25.7080000768,-31.7814998784,25.28750016,52.544952,-1.441873,57.58235010816,0.0
2020-01-08T10:18:55.200000,-0.018309918976,0.028965105664,0.111959813376,-25.8940003584,-31.5554997248,25.4339997184,52.544952,-1.441873,57.736800046080006,0.0
2020-01-08T10:18:55.300000,0.047779822848,0.174115020544,-0.151830067968,-26.3429998848,-31.19,25.1455003648,52.544952,-1.441873,57.84765021184,0.0
2020-01-08T10:18:55.400000,-0.164594902272,0.213820052992,-0.21520488524800002,-26.15249984,-31.292000435200002,25.6194999552,52.544952,-1.441873,58.129,0.0
2020-01-08T10:18:55.500000,-0.031994988031999995,0.232284778496,-0.022464827903999993,-25.9490000384,-31.8519999232,25.63500032,52.544952,-1.441873,58.189000256,0.0
2020-01-08T10:18:55.600000,0.00025006975999999903,0.0016852712960000044,0.128519668992,-26.0,-31.7590000384,26.0885001216,52.544952,-1.441873,58.551050094080004,0.0
2020-01-08T10:18:55.700000,0.07506492390399999,0.292669704192,-0.268979820288,-25.9339997184,-31.77249984,26.090999321600002,52.544952,-1.441873,58.67494999552,0.0
2020-01-08T10:18:55.800000,-0.0083749248,-0.087044943872,-0.03247500928,-25.6815005184,-31.5795000832,25.283000396800002,52.544952,-1.441873,58.7057501568,0.0
2020-01-08T10:18:55.900000,0.088304986368,-0.019865031424,-0.022389904384,-26.219999360000003,-31.6239997184,25.7634998016,52.544952,-1.441873,58.90859997696,0.0
2020-01-08T10:18:56.000000,0.0727606153305113,-0.04759994931720448,0.07243321688357696,-25.4275759660115,-31.203030132990623,25.443939190988807,52.544952,-1.441873,58.89436369560327,0.0
2020-01-08T10:18:56.100000,0.08399504753745586,0.02660197753788676,-0.10800099028973642,-25.66128707249874,-31.157029840494157,25.29792089848453,52.544952,-1.441873,59.032732702880125,0.0
2020-01-08T10:18:56.200000,0.062969980672,-0.004130035968,-0.097569948672,-25.22750016,-32.2544997632,26.11499968,52.544952,-1.441873,59.207049684480005,0.0
2020-01-08T10:18:56.300000,0.02094993024,-0.022529874688,-0.055650112,-25.4294999552,-31.8454995968,25.65249984,52.544952,-1.441873,58.833300193279996,0.0
2020-01-08T10:18:56.400000,-0.07001817572966418,0.13962725725914682,-0.14877858651889356,-25.332121074992436,-31.40545489101906,25.420302958996068,52.544952,-1.441873,59.07257569449652,0.0
2020-01-08T10:18:56.500000,-0.03745543087868887,0.1093316791329452,0.14395939406535863,-25.12,-31.84019795656108,25.389207970983268,52.544952,-1.441873,58.94078215653523,0.0
2020-01-08T10:18:56.600000,0.051404854528000005,0.080165019904,0.009599851520000001,-25.168000204800002,-31.3190000384,25.716999603199998,52.544952,-1.441873,58.776850076159995,0.0
2020-01-08T10:18:56.700000,-0.131014953984,0.07847488,-0.16773991526399998,-25.47750016,-31.427000243200002,25.2455002368,52.544952,-1.441873,58.88670003712,0.0
2020-01-08T10:18:56.800000,-0.08383944440278342,-0.081490911230118,-0.0015785937592929233,-25.679393900997884,-31.76818188400363,25.664545833020874,52.544952,-1.441873,58.91418173919565,0.0
2020-01-08T10:18:56.900000,-0.12078,-0.113968,0.286828,-25.540000000000003,-31.87,26.1604,52.544952,-1.441873,58.75904,0.0
2020-01-08T10:18:57.000000,0.08033563420871871,-0.29037130187488436,0.19774354740185182,-25.080396014508366,-31.80188114495439,25.629801942052715,52.544952,-1.441873,58.560336617401425,0.0
2020-01-08T10:18:57.100000,0.0017636358699727708,-0.37533319335227905,0.04599390461808186,-24.88060609900212,-31.553636775022692,25.320606099002116,52.544952,-1.441873,58.429000018101,0.0
2020-01-08T10:18:57.200000,-0.014540603906917329,-0.21248716273245954,0.07305549677972074,-24.99861389852762,-32.04108901455145,25.289702913079072,52.544952,-1.441873,58.450663362321336,0.0
2020-01-08T10:18:57.300000,-0.09604999552,-0.394109558016,0.41889964288000003,-25.27249984,-31.28750016,24.8955003648,52.544952,-1.441873,58.36134976256,0.0
2020-01-08T10:18:57.400000,-0.097870033152,0.119039684864,-0.044059951616,-25.13500032,-31.5465001984,25.34249984,52.544952,-1.441873,58.08230015488,0.0
2020-01-08T10:18:57.500000,-0.09550480204799999,-0.196014558464,-0.041210262016000004,-25.5885001216,-31.8190000384,25.09249984,52.544952,-1.441873,58.21344968192,0.0
2020-01-08T10:18:57.600000,0.16097997260799998,0.35732485888000004,-0.32022970572799997,-25.82500032,-31.7679995648,24.8980000768,52.544952,-1.441873,57.7774999424,0.0
2020-01-08T10:18:57.700000,0.10527991756800001,0.20095013248,0.016914770943999992,-26.1464995584,-31.3490006784,25.0195000832,52.544952,-1.441873,57.70910003456,0.0
2020-01-08T10:18:57.800000,0.0024060845213190974,0.37306665278923457,-0.2844515048394312,-25.60696986700938,-32.14545416697912,25.13,52.544952,-1.441873,57.78772739120654,0.0
2020-01-08T10:18:57.900000,0.036659404203978896,0.32243562508396045,-0.20855540755986224,-25.860495043482008,-31.66930699995691,25.19811885504561,52.544952,-1.441873,57.904782136257985,0.0
2020-01-08T10:18:58.000000,0.026357591170850153,0.18096974573268965,0.03693003886542942,-25.791818115996367,-32.11666618397338,25.408484299969743,52.544952,-1.441873,57.51815138899304,0.0
2020-01-08T10:18:58.100000,0.03098414623945901,0.19737422002326815,-0.3129435271246112,-25.65990097102636,-31.38108911593766,24.739010014422185,52.544952,-1.441873,57.35769309129067,0.0
2020-01-08T10:18:58.200000,-0.059159949056,-0.05222472704,0.000835006976,-25.5660002816,-31.55250048,25.6704999168,52.544952,-1.441873,57.49564980224,0.0
2020-01-08T10:18:58.300000,-0.0004394263017850168,0.1866480372053093,0.061251700330213925,-26.015757850015127,-32.10363605098275,25.56,52.544952,-1.441873,57.25527280790445,0.0
2020-01-08T10:18:58.400000,-0.059624758257272564,-0.4529207585715698,0.30507027001680476,-26.360792029016732,-31.69920797098327,25.48079202901673,52.544952,-1.441873,57.381742575361635,0.0
2020-01-08T10:18:58.500000,-0.10937500544,-0.23620027391999998,0.152340314624,-25.8544996352,-32.007499519999996,25.0509999616,52.544952,-1.441873,57.41530010368,0.0
2020-01-08T10:18:58.600000,-0.119795013632,-0.57164987904,0.5191697822720001,-25.436000281600002,-31.37,25.0840003584,52.544952,-1.441873,57.5432499584,0.0
2020-01-08T10:18:58.700000,-0.14908185866223278,-0.46200018463018366,0.2668183151073519,-25.829697041003932,-31.4275759660115,25.446363224977308,52.544952,-1.441873,57.4323937380889,0.0
2020-01-08T10:18:58.800000,-0.2176881226063351,-0.7208752305902452,0.47711881449112997,-25.959009913035985,-31.680296985534724,24.889207970983268,52.544952,-1.441873,57.23220799126051,0.0
2020-01-08T10:18:58.900000,-0.214639851264,-0.518959744256,0.443094761472,-26.02249984,-31.3760002816,25.3295000832,52.544952,-1.441873,57.79704988928,0.0
2020-01-08T10:18:59.000000,-0.026175038720000002,-0.228635210496,0.152235110656,-25.8009999616,-31.7965001984,25.44,52.544952,-1.441873,57.65930003968,0.0
2020-01-08T10:18:59.100000,-0.054978705985483003,-0.36583584825157284,0.21832091932385014,-25.703030132990623,-32.01303013299062,25.411212016994252,52.544952,-1.441873,57.73048491540369,0.0
2020-01-08T10:18:59.200000,0.049030678704588486,0.2984890246900751,-0.13852073119729502,-25.49861389852762,-31.808613898527618,25.230990086964017,52.544952,-1.441873,57.821960388410545,0.0
2020-01-08T10:18:59.300000,-0.03199483187200001,-0.347764744704,0.302284702976,-25.8385001216,-32.0929998848,25.1945002752,52.544952,-1.441873,57.8120002304,0.0
2020-01-08T10:18:59.400000,0.140614783744,0.010170080512,-0.08795498188800001,-25.9909999616,-31.8919997952,25.4954997248,52.544952,-1.441873,58.14230010368,0.0
2020-01-08T10:18:59.500000,-0.08016471654400001,0.125155034368,-0.088620105472,-25.97750016,-31.6109999616,25.1480000768,52.544952,-1.441873,58.304900106240005,0.0
2020-01-08T10:18:59.600000,0.28305752781735577,0.13417865530268747,-0.19338169032294766,-26.12333309198669,-31.550909057998183,25.259090942001816,52.544952,-1.441873,58.48584862910796,0.0
2020-01-08T10:18:59.700000,0.161284,-0.050516000000000005,0.011968,-25.75,-31.58,25.23,52.544952,-1.441873,58.734280000000005,0.0
2020-01-08T10:18:59.800000,-0.10479505970380021,0.017307895957478635,0.06161683796710525,-25.759504956517993,-32.0,24.91930699995691,52.544952,-1.441873,58.8641485130446,0.0
2020-01-08T10:18:59.900000,-0.16825446564559796,-0.18871817391956433,0.11566364130027229,-25.800909057998183,-32.0,25.509090942001816,52.544952,-1.441873,58.89096984890838,0.0
2020-01-08T10:19:00.000000,-0.053481193619766255,-0.14247225566558774,0.09099898943302301,-25.689801942052714,-32.049108942009624,25.59009902897364,52.544952,-1.441873,59.18873271301875,0.0
2020-01-08T10:19:00.100000,-0.09970606099002118,0.07593649988751522,-0.08396364854067165,-25.35181811599637,-32.24333309198669,25.75,52.544952,-1.441873,59.556394063906865,0.0
2020-01-08T10:19:00.200000,-0.07452572624204434,0.2008385594541367,-0.0863247420354801,-25.378316912992894,-31.920693101429293,25.759504956517993,52.544952,-1.441873,59.75707921304029,0.0
2020-01-08T10:19:00.300000,0.067245020672,-0.20770479692800004,0.009225034239999999,-26.0044997632,-32.1419997952,25.8385001216,52.544952,-1.441873,59.89390040064,0.0
2020-01-08T10:19:00.400000,0.09091998387200001,0.04114991104,0.04667496576,-25.6704999168,-31.87,25.9819999232,52.544952,-1.441873,60.44820009472,0.0
2020-01-08T10:19:00.500000,0.07649002982400001,-0.044494861312,-0.010305049088000002,-25.5795000832,-31.8429998848,25.91750016,52.544952,-1.441873,60.64840031744,0.0
2020-01-08T10:19:00.600000,0.06559981717991617,0.12277569630662057,-0.04439382678378874,-25.62333309198669,-31.661212016994252,26.0724240339885,52.544952,-1.441873,61.050454474696096,0.0
2020-01-08T10:19:00.700000,-0.2075049443516479,0.0799921121534176,0.07475046016662822,-25.319703014465276,-31.60930699995691,25.759504956517993,52.544952,-1.441873,61.055534726041806,0.0
2020-01-08T10:19:00.800000,-0.153254988288,0.27047463424,-0.163759769856,-25.61499968,-32.095499596799996,25.8205000448,52.544952,-1.441873,61.65379995648,121.211930077354
2020-01-08T10:19:00.900000,-0.1275749568,-0.14845971481599998,0.11345987865599999,-25.274000358400002,-31.6170002432,25.804999679999998,52.54484819955712,-1.44159129879808,61.696950430719994,121.21120812573486
2020-01-08T10:19:01.000000,-0.063269970432,0.132094580992,0.005970228992000004,-25.6554995968,-31.9490000384,25.3980000768,52.54426,-1.439995,62.29120009472,0.0
2020-01-08T10:19:01.100000,-0.002579908608,-0.368104759808,0.26088479001599996,-25.168000204800002,-31.96249984,25.53750016,52.54426,-1.439995,62.46995022592,0.0
2020-01-08T10:19:01.200000,0.068834786816,-0.077990123264,0.02436018073600001,-25.552500480000003,-31.63749952,25.6839997184,52.54426,-1.439995,62.79745011712,0.0
2020-01-08T10:19:01.300000,-0.188664890624,-0.198184814336,0.213369782272,-26.039999360000003,-31.2160009216,25.225999641599998,52.54426,-1.439995,62.9957501824,0.0
2020-01-08T10:19:01.400000,-0.031564949504,0.07631511910399999,-0.110330147328,-25.274000358400002,-32.3739997184,24.7965001984,52.54426,-1.439995,63.305500288,0.0
2020-01-08T10:19:01.500000,0.046697010232235804,0.2591516043949224,-0.2697574445527631,-25.740909057998184,-31.85757524197156,25.079697041003932,52.54426,-1.439995,63.70587885260357,0.0
2020-01-08T10:19:01.600000,0.10887722739151043,0.3964396034785606,-0.09835645563973427,-25.709009913035985,-31.14871292750126,25.10128707249874,52.54426,-1.439995,63.808376239129494,0.0
2020-01-08T10:19:01.700000,0.13512512384,0.448920241152,-0.29312011571200003,-25.81,-31.5929998848,24.6765001984,52.54426,-1.439995,63.84800011520001,0.0
2020-01-08T10:19:01.800000,0.224854681088,0.688754656768,-0.36518465177599996,-25.7814998784,-31.533000396800002,25.061500518400003,52.54426,-1.439995,64.01180004608001,0.0
2020-01-08T10:19:01.900000,-0.18069993483640576,0.2893699014012759,0.007633008722095366,-25.800303683036002,-31.966060265981245,25.712121074992435,52.54426,-1.439995,64.08436367750228,0.0
2020-01-08T10:19:02.000000,-0.08021683188393307,0.4797543757017827,-0.3701434855562681,-26.711782115980746,-31.479603985491636,25.460396014508365,52.54426,-1.439995,64.1422970260892,0.0
2020-01-08T10:19:02.100000,-0.059174903040000004,-0.11835969945599999,0.19226458086399997,-26.2365001984,-31.57749952,25.21249984,52.54426,-1.439995,64.09744993791999,0.0
2020-01-08T10:19:02.200000,0.044159891455999994,0.196619640832,-0.285154661888,-26.4534998016,-31.0045002752,25.0570002432,52.54426,-1.439995,64.01770001152,0.0
2020-01-08T10:19:02.300000,-0.092544968192,-0.18679960063999998,0.121959821056,-26.2365001984,-31.3519999232,25.3980000768,52.54426,-1.439995,64.00929989888,0.0
2020-01-08T10:19:02.400000,-0.063755057408,0.202104396288,-0.046684705536,-26.4159996416,-31.1284994816,25.46249984,52.54426,-1.439995,63.900950110720004,0.0
2020-01-08T10:19:02.500000,-0.141290005504,-0.513434631936,0.305744835072,-25.8364995584,-30.617000755200003,25.25,52.54426,-1.439995,64.04259997696,0.0
2020-01-08T10:19:02.600000,-0.13946496102400002,-0.09961532006400002,0.116205125888,-25.3160002816,-31.5179995648,25.1839997184,52.54426,-1.439995,63.9962499328,0.0
2020-01-08T10:19:02.700000,-0.099715051264,-0.5073449259520001,0.289910027776,-25.6794999552,-30.9955002368,24.734999679999998,52.54426,-1.439995,63.89619995392,0.0
2020-01-08T10:19:02.800000,-0.140454883328,-0.400134962176,0.31299994111999996,-25.5929998848,-31.3385001216,24.31,52.54426,-1.439995,63.83770001152,0.0
2020-01-08T10:19:02.900000,-0.005606133394014777,-0.4048547444009733,0.2531940059836729,-25.496060809011194,-31.537878925007565,24.37666690801331,52.54426,-1.439995,63.848151497599034,0.0
2020-01-08T10:19:03.000000,-0.0941524600094796,-0.5615662409291031,0.30268709480370365,-25.870198057947285,-31.72940592754435,24.66128707249874,52.54426,-1.439995,63.81751484927674,0.0
2020-01-08T10:19:03.100000,0.028769979392,0.16113466009599997,0.012879976448,-26.0579994368,-31.5269996032,24.3775008,52.54426,-1.439995,63.77964991744,0.0
2020-01-08T10:19:03.200000,0.0028550062080000002,-0.16800447820800002,-0.07288023244799999,-25.3760002816,-31.1215005184,25.4309999616,52.54426,-1.439995,63.62889982464,0.0
2020-01-08T10:19:03.300000,0.024330056448,0.5221199877120001,-0.35257487616,-25.7785001216,-31.81,25.34249984,52.54426,-1.439995,63.40245002752,0.0
2020-01-08T10:19:03.400000,0.06687564019352554,0.5155576110819484,-0.2196001140362899,-26.00515175101301,-31.725151207983057,25.11939390099788,52.54426,-1.439995,63.47400012670698,0.0
2020-01-08T10:19:03.500000,-0.109884,0.5899920000000001,-0.38616,-26.360400000000002,-31.2404,25.130399999999998,52.54426,-1.439995,63.6308,0.0
2020-01-08T10:19:03.600000,-0.06978810942612874,0.604363309600513,-0.23937122684909426,-26.240296985534723,-31.150396014508367,25.569703014465276,52.54426,-1.439995,63.39585146667815,0.0
2020-01-08T10:19:03.700000,0.027290078464,0.211170351872,0.11745436620800001,-25.83249984,-31.070500556800003,25.789999360000003,52.54426,-1.439995,63.251350044160006,0.0
2020-01-08T10:19:03.800000,0.10850490188800001,0.48360416844799997,-0.5620293076480001,-25.65750016,-31.697499519999997,25.052500480000003,52.54426,-1.439995,63.25704977408,0.0
2020-01-08T10:19:03.900000,0.009881932876326223,-0.49408742006469814,0.26889361862230715,-25.85181811599637,-31.088787983005748,25.60515120798306,52.54426,-1.439995,62.95366665459934,0.0
2020-01-08T10:19:04.000000,0.145012,0.04577200000000001,-0.147876,-25.8092,-31.3892,25.3188,52.54426,-1.439995,62.947160000000004,0.0
2020-01-08T10:19:04.100000,-0.053592,-0.771588,0.296956,-26.1008,-32.011199999999995,26.090799999999998,52.54426,-1.439995,63.00412,0.0
2020-01-08T10:19:04.200000,0.03495542378165468,-0.3659702852247352,0.4283564262377354,-26.039603985491635,-31.479603985491636,24.85128707249874,52.54426,-1.439995,62.953108901455145,0.0
2020-01-08T10:19:04.300000,-0.134764945664,-0.307620173312,0.325019895552,-26.1659996416,-31.765000320000002,24.4820004352,52.54426,-1.439995,62.850749900800004,0.0
2020-01-08T10:19:04.400000,-0.08878191296522799,-0.4287086959782167,0.18531514794980333,-25.679393900997884,-32.17939390099788,24.975151207983057,52.54426,-1.439995,62.66506041078923,0.0
2020-01-08T10:19:04.500000,-0.21082968740099003,0.13157026494749463,0.13553858581454942,-25.62,-32.131089115937655,24.618811956474904,52.54426,-1.439995,62.410841614473895,0.0
2020-01-08T10:19:04.600000,-0.085220020992,-0.06920970905599999,-0.12163509401599999,-25.5734998016,-32.1704999168,25.2034998016,52.54426,-1.439995,62.68285007616,0.0
2020-01-08T10:19:04.700000,-0.118560023296,0.302454937088,-0.231259934976,-25.2544997632,-32.1170002432,24.9490000384,52.54426,-1.439995,62.723549742079996,0.0
2020-01-08T10:19:04.800000,-0.1281138107935478,0.24787531607068627,-0.1924694194640739,-24.986039712875,-32.40287119929435,24.934653310758062,52.54426,-1.439995,62.39005942737218,0.0
2020-01-08T10:19:04.900000,-0.017442763549731982,0.40684291323156013,-0.37697211999623836,-25.25857136139933,-32.13571471113758,24.631428011661075,52.54426,-1.439995,62.41785733205856,0.0
2020-01-08T10:19:05.000000,-0.07812177522171895,0.2901415374203802,0.1963762654899108,-25.34009902897364,-31.800495043482005,24.98079202901673,52.54426,-1.439995,62.289475257964526,0.0
2020-01-08T10:19:05.100000,-0.01372497408,-0.09427496832,0.31629951487999997,-25.5090000384,-31.7680000768,24.6260002816,52.54426,-1.439995,62.33544982272,0.0
2020-01-08T10:19:05.200000,0.019004992768,-0.084705138688,-0.279639793664,-25.475999641599998,-31.87,25.0840003584,52.54426,-1.439995,62.084849935360005,0.0
2020-01-08T10:19:05.300000,0.006414987264,-0.23919987327999997,0.036805180928,-25.07500032,-31.7769996032,25.382999244799997,52.54426,-1.439995,62.00770003712,0.0
2020-01-08T10:19:05.400000,-0.028485076736000002,-0.04842990412800001,0.223339770624,-25.5285001216,-31.1554995968,24.4730003968,52.54426,-1.439995,62.03854992128,0.0
2020-01-08T10:19:05.500000,-0.11217492223999999,0.12615020159999998,-0.075884976896,-25.72750016,-30.5554997248,24.840999321600002,52.54426,-1.439995,61.9092498944,0.0
2020-01-08T10:19:05.600000,0.016090106623999997,0.323279698688,0.028720315392000005,-25.8829997568,-30.066999475200003,24.015000320000002,52.54426,-1.439995,61.86185039616,0.0
2020-01-08T10:19:05.700000,0.099859753216,-0.057639917824,0.3069744,-25.5795000832,-29.5020005632,24.524000358400002,52.54426,-1.439995,62.29619960832,0.0
2020-01-08T10:19:05.800000,-0.18522481792,-0.05336544742399999,-0.392204583168,-25.6794999552,-30.409000678399998,24.96249984,52.54426,-1.439995,61.75919992832,0.0
2020-01-08T10:19:05.900000,0.073055070208,-0.579214708224,0.176880066048,-25.6109999616,-31.31,24.7319999232,52.54426,-1.439995,61.6429999104,0.0
2020-01-08T10:19:06.000000,0.128289837824,-0.182339960064,0.23114985728,-25.5690000384,-31.3940003584,24.6194999552,52.54426,-1.439995,61.50344991232,0.0
2020-01-08T10:19:06.100000,-0.08315498316799999,-0.124394979072,0.045320015872,-25.677000243200002,-31.90750016,24.6545004032,52.54426,-1.439995,61.445350248960004,0.0
2020-01-08T10:19:06.200000,-0.042964923904,-0.125145121792,0.095545124352,-26.03750016,-32.0554997248,25.0489993984,52.54426,-1.439995,61.699799674880005,0.0
2020-01-08T10:19:06.300000,0.073985067776,-0.326545169152,0.253919971072,-26.1554995968,-31.6614998784,24.28750016,52.54426,-1.439995,61.29935013376,0.0
2020-01-08T10:19:06.400000,0.130564857344,-0.448029559808,0.183714864384,-25.714500403200002,-31.57500032,24.4534998016,52.54426,-1.439995,61.489450053119995,0.0
2020-01-08T10:19:06.500000,-0.032169885952,0.09593482649599999,0.011085031936,-26.17499968,-31.88749952,24.265000320000002,52.54426,-1.439995,61.51784982016,0.0
2020-01-08T10:19:06.600000,0.081334838016,-0.03356456934400001,-0.045740423424,-25.8715005184,-31.2590000384,24.5954995968,52.54426,-1.439995,61.277949995520004,0.0
2020-01-08T10:19:06.700000,-0.124269662468097,0.5210211492065298,-0.5073723626198867,-26.597878925007564,-31.28121201699425,24.088787983005748,52.54426,-1.439995,61.25563630439673,0.0
2020-01-08T10:19:06.800000,-0.019161353353728865,0.4054663250796515,0.021975225520934984,-26.711782115980746,-31.159603985491636,24.28009902897364,52.54426,-1.439995,61.180475257964524,0.0
2020-01-08T10:19:06.900000,0.21063923081100228,0.27428169394314733,-0.17210609538191815,-26.246060809011194,-31.49424287402481,24.544545833020877,52.54426,-1.439995,61.24784841189598,0.0
2020-01-08T10:19:07.000000,-0.023624741021618073,0.0886108952148247,-0.18178116016231932,-26.45069300004309,-32.04108901455145,25.079306898570707,52.54426,-1.439995,61.15036634637075,0.0
2020-01-08T10:19:07.100000,0.06332420956818775,0.11774543479891084,0.012084701811909945,-25.766969323979428,-31.334848792016942,24.74484824898699,52.54426,-1.439995,61.19063621389174,0.0
2020-01-08T10:19:07.200000,-0.004434664196222855,0.058146516243337026,-0.22362376796753614,-25.229603985491636,-31.83059407245565,24.44811885504561,52.54426,-1.439995,60.963594062317036,0.0
2020-01-08T10:19:07.300000,-0.097745014272,-0.06762487807999999,-0.178729608448,-25.4204999168,-31.8919997952,24.734999679999998,52.54426,-1.439995,60.95439985664,0.0
2020-01-08T10:19:07.400000,-0.079739842304,0.129970152192,0.275089717504,-25.225999641599998,-31.5734998016,24.34750016,52.54426,-1.439995,60.802400163840005,0.0
2020-01-08T10:19:07.500000,0.119304955648,0.34770006656,-0.09394997376,-24.8535004416,-31.3009999616,24.5134998016,52.54426,-1.439995,60.959999744,0.0
2020-01-08T10:19:07.600000,0.061735005696,0.405934871296,-0.115815241984,-25.3919997952,-31.3340003584,24.25,52.54426,-1.439995,60.64055008768,0.0
2020-01-08T10:19:07.700000,0.059834959616,0.22056993843199998,-0.371484719616,-25.214500403200002,-31.8295000832,24.1944997632,52.54426,-1.439995,60.76030001408,0.0
2020-01-08T10:19:07.800000,-0.0010150307840000004,0.141785012736,-0.032715143424000004,-25.7034998016,-31.8829997568,23.9070001152,52.54426,-1.439995,60.7692499584,0.0
2020-01-08T10:19:07.900000,-0.03289996741820288,0.1369120423356494,-0.22023029227940702,-25.48696986700938,-31.53121201699425,24.050909057998183,52.54426,-1.439995,60.685060501294224,0.0
2020-01-08T10:19:08.000000,0.033579218109603556,0.038092093903901086,-0.16990492914371746,-25.82920797098327,-31.420693101429293,24.0,52.54426,-1.439995,60.503039591312216,0.0
2020-01-08T10:19:08.100000,0.10164492595199999,0.128269859072,-0.008195073792000001,-26.2590000384,-31.7080000768,24.0840003584,52.54426,-1.439995,60.357099829759996,0.0
2020-01-08T10:19:08.200000,0.004380004608,-0.035304899328,-0.06940484300800001,-26.3009999616,-31.8385001216,24.5705000448,52.54426,-1.439995,60.19955029248,0.0
2020-01-08T10:19:08.300000,0.02235005056,0.078614915584,0.126964948224,-26.2034998016,-32.0,24.563999718399998,52.54426,-1.439995,60.6382502144,0.0
2020-01-08T10:19:08.400000,0.093790018304,-0.026044968192,0.044129939968000007,-25.94,-32.0,24.293500441600003,52.54426,-1.439995,60.89164986624,0.0
2020-01-08T10:19:08.500000,0.11368998118399999,0.012299983359999999,-0.007564880384000005,-25.9580000768,-31.9909999616,24.84249984,52.54426,-1.439995,60.729600066559996,0.0
2020-01-08T10:19:08.600000,0.08571514070940399,-0.014451531990928815,0.09384524654852748,-26.079697041003932,-31.967272826005445,24.63,52.54426,-1.439995,60.81254543479891,0.0
2020-01-08T10:19:08.700000,0.0474237487041576,-0.024484148267183065,-0.1907673032030436,-26.16940592754435,-32.051881144954386,24.69811885504561,52.54426,-1.439995,60.87277233474682,0.0
2020-01-08T10:19:08.800000,-0.04860589660661238,0.08676837873733943,-0.017574314377540985,-26.013960287125,-31.707821824338712,25.022871199294354,52.54426,-1.439995,61.286534491498784,0.0
2020-01-08T10:19:08.900000,0.03755730306259992,0.18285756559355507,-0.14202867778439546,-25.75,-31.837142644431207,24.85571392746309,52.54426,-1.439995,60.94385675213943,0.0
2020-01-08T10:19:09.000000,-0.07564256826459771,-0.12628909971586516,-0.024956413057529075,-25.799108942009628,-31.950891057990372,25.079306898570707,52.54426,-1.439995,61.23903960145084,0.0
2020-01-08T10:19:09.100000,-0.02254998784,-0.040514962944000005,0.134594872832,-26.13500032,-31.80250048,24.725999641599998,52.54426,-1.439995,61.2547501568,0.0
2020-01-08T10:19:09.200000,-0.021535064576,0.007574995199999999,-0.027339970303999997,-26.456499558399997,-32.3919997952,24.2965001984,52.54426,-1.439995,61.42564984064,0.0
2020-01-08T10:19:09.300000,-0.08334489779200001,0.032715134464,-0.01055009664,-25.9930005248,-32.0734998016,24.475999641599998,52.54426,-1.439995,61.24265012224,0.0
2020-01-08T10:19:09.400000,0.010639821824000001,0.18071486950399998,-0.112979889408,-26.511499238400003,-31.8670002432,24.11250048,52.54426,-1.439995,61.45690022144,0.0
2020-01-08T10:19:09.500000,-0.18492982476800002,0.017600043519999997,0.027014970624,-25.5930003968,-32.1794999552,24.8160002816,52.54426,-1.439995,61.73584993536,0.0
2020-01-08T10:19:09.600000,0.02694991104,0.063189947904,-0.016935021056,-26.1305000448,-32.08249984,25.1434998016,52.54426,-1.439995,61.73265035264,0.0
2020-01-08T10:19:09.700000,-0.02804973056,0.033330167808,-0.09860022912,-26.0579994368,-31.8519999232,24.9070001152,52.54426,-1.439995,62.15344979712,0.0
2020-01-08T10:19:09.800000,0.29432484863999997,0.24904496947199997,-0.370169860352,-25.42250048,-31.8055002368,25.0509999616,52.54426,-1.439995,61.91040011264,120.6265511182113
2020-01-08T10:19:09.900000,0.11986511334399999,0.202214973184,-0.190220023552,-25.8814992384,-32.08249984,25.0570002432,52.5441534995456,-1.43969919873792,62.11355022848,120.62580008702315
2020-01-08T10:19:10.000000,0.27196000665599995,0.174505033728,-0.22648002124799999,-24.8895000832,-31.83249984,25.41750016,52.54355,-1.438023,62.41639999744,0.0
2020-01-08T10:19:10.100000,0.225029762048,0.204389936384,-0.24059993984,-25.07500032,-31.761000601600003,25.6570001152,52.54355,-1.438023,62.35689976064,0.0
2020-01-08T10:19:10.200000,-0.062769879552,0.138980081408,-0.15336496870400002,-25.5555002368,-32.5314998784,25.707999564799998,52.54355,-1.438023,62.142050439680006,0.0
2020-01-08T10:19:10.300000,0.07239687990504733,0.25017576871061414,-0.11642122885092276,-25.73818134097368,-32.27606026598124,25.10121201699425,52.54355,-1.438023,62.6949392814938,0.0
2020-01-08T10:19:10.400000,-0.054964000000000006,0.300584,-0.154204,-25.1296,-31.7196,24.930400000000002,52.54355,-1.438023,62.54292,0.0
2020-01-08T10:19:10.500000,0.02090297999396752,0.399995992203401,-0.17780888624721505,-25.770396014508364,-31.66930699995691,24.899009913035982,52.54355,-1.438023,62.666554460866195,0.0
2020-01-08T10:19:10.600000,0.096034973696,0.058805239808,-0.015240187903999995,-25.493999718399998,-32.2034998016,25.0,52.54355,-1.438023,62.75415017984,0.0
2020-01-08T10:19:10.700000,0.059509993216,0.280039585024,-0.19692471039999998,-25.1395000832,-31.9294999552,24.9714998784,52.54355,-1.438023,62.96644988672,0.0
2020-01-08T10:19:10.800000,0.05895590782003725,-0.21595277508671362,0.13468513445002736,-25.15735266214568,-31.943529633217715,25.00411823169477,52.54355,-1.438023,62.816588237065744,0.0
2020-01-08T10:19:10.900000,0.08761129823516504,0.05408895567537069,-0.12663690166452463,-24.64520399047052,-32.34612253534372,26.013265728347072,52.54355,-1.438023,62.84626521112191,0.0
2020-01-08T10:19:11.000000,-0.06791220162443531,-0.24926658581554048,0.1638363224977309,-24.85696986700938,-32.1324240339885,25.22121201699425,52.54355,-1.438023,63.00163630439673,0.0
2020-01-08T10:19:11.100000,-0.170796,-0.178312,0.117464,-25.110400000000002,-31.93,25.099999999999998,52.54355,-1.438023,62.93416,0.0
2020-01-08T10:19:11.200000,-0.06409406333089161,-0.4803010014422187,0.24510596404338317,-25.06,-32.55049504348201,25.22128707249874,52.54355,-1.438023,63.051336627540046,0.0
2020-01-08T10:19:11.300000,-0.05849986062231233,-0.507505814816443,0.3949119518306574,-25.069090942001814,-32.5,24.81666690801331,52.54355,-1.438023,62.99621210749925,0.0
2020-01-08T10:19:11.400000,0.1431593971069447,-0.1773435960672292,0.15365248839761642,-24.982178130489114,-32.390693000043086,25.229603985491636,52.54355,-1.438023,62.98814852318323,0.0
2020-01-08T10:19:11.500000,0.07300910506078057,-0.356290594462646,0.2151877024402732,-24.354545833020875,-31.92363677502269,25.430909057998186,52.54355,-1.438023,63.06345456520109,0.0
2020-01-08T10:19:11.600000,0.07576335421044228,0.08062571103411392,-0.03605543189255089,-24.900396014508367,-32.422178130489115,25.359405927544348,52.54355,-1.438023,63.06485146667816,0.0
2020-01-08T10:19:11.700000,-0.03344548186150668,-0.10686032752463674,0.031536193980642266,-24.699090942001817,-31.69,25.27878798300575,52.54355,-1.438023,62.943333454006655,0.0
2020-01-08T10:19:11.800000,-0.055327709863103286,0.22300983699633237,-0.16821481176384112,-24.878316912992894,-31.76920797098327,25.479603985491636,52.54355,-1.438023,63.14584159419665,0.0
2020-01-08T10:19:11.900000,0.057970021632000004,-0.29647492736000003,0.161394985472,-25.56,-32.039999359999996,25.6614998784,52.54355,-1.438023,63.186349813759996,0.0
2020-01-08T10:19:12.000000,0.04415439143150453,-0.23271223963653195,0.16861524750529455,-25.522121074992434,-31.19,25.462121074992435,52.54355,-1.438023,62.94930306760205,0.0
2020-01-08T10:19:12.100000,-0.18285246812037584,-0.43790397433915207,0.3152465334789915,-25.34009902897364,-31.099702913079074,25.40841594196654,52.54355,-1.438023,63.044702994188036,0.0
2020-01-08T10:19:12.200000,-0.11556966970849636,-0.4716178806833902,0.25964225859086315,-25.727273550045382,-30.695757850015127,26.212121074992435,52.54355,-1.438023,63.23575754229815,0.0
2020-01-08T10:19:12.300000,-0.08585149303856986,-0.061118846934714886,0.050607950706028165,-26.62297005811964,-30.95207910151547,25.752871130532203,52.54355,-1.438023,63.16799998986138,0.0
2020-01-08T10:19:12.400000,-0.13863631525733155,-0.2665451343223374,0.23824825622738993,-24.62,-30.211515700030255,24.60060664203207,52.54355,-1.438023,63.077999981899,0.0
2020-01-08T10:19:12.500000,-0.07530099738677062,0.17582570900638986,-0.08439800015714863,-24.659603985491636,-31.099603985491633,25.52059407245565,52.54355,-1.438023,63.076930710134306,0.0
2020-01-08T10:19:12.600000,-0.10072984780799998,-0.061379811327999995,0.0334248,-24.8609999616,-31.4045004032,25.4889993984,52.54355,-1.438023,63.20589993984,0.0
2020-01-08T10:19:12.700000,0.085544932352,0.133714763264,-0.184514796544,-24.8190000384,-31.9580000768,24.793500441600003,52.54355,-1.438023,63.135750041600005,0.0
2020-01-08T10:19:12.800000,0.039845188352,-0.10599968128000001,0.039364802303999996,-24.8985001216,-32.0885001216,25.4070001152,52.54355,-1.438023,63.176899939840006,0.0
2020-01-08T10:19:12.900000,0.273679930368,0.2902998848,-0.208934939136,-25.02249984,-32.28750016,25.710000639999997,52.54355,-1.438023,63.11860009216,0.0
2020-01-08T10:19:13.000000,0.15399201484290248,0.17301790627883162,-0.1555307579613314,-24.801089087830643,-32.47178211146371,26.47683148641935,52.54355,-1.438023,63.22392075167541,0.0
2020-01-08T10:19:13.100000,0.007361548725427831,0.337596249204847,-0.28146285200068266,-24.670808651265265,-32.372221774005865,25.983030425271128,52.54355,-1.438023,63.13618174483733,0.0
2020-01-08T10:19:13.200000,0.08817010227199999,0.125930138368,-0.118095114752,-24.22750016,-32.71249984,25.84249984,52.54355,-1.438023,63.24390019584,0.0
2020-01-08T10:19:13.300000,0.215164962304,0.278304866048,-0.24697989964800002,-24.4865001984,-32.4534998016,25.7695005952,52.54355,-1.438023,63.541200158719995,0.0
2020-01-08T10:19:13.400000,0.135039871744,0.10671502694400001,-0.097694931712,-24.71249984,-32.1704999168,26.484999679999998,52.54355,-1.438023,63.778550113280005,0.0
2020-01-08T10:19:13.500000,-0.019999934719999998,0.156480059648,-0.035110119936,-24.4804999168,-32.1260002816,25.957999564799998,52.54355,-1.438023,63.88744982272,0.0
2020-01-08T10:19:13.600000,0.02378481689599999,0.1749497408,-0.14092477184,-24.3429998848,-32.4159996416,25.4445002752,52.54355,-1.438023,63.63579993088,0.0
2020-01-08T10:19:13.700000,-0.2224303140006051,-0.11746647901964993,0.13791809427517138,-24.227878925007566,-31.94,25.867575966011497,52.54355,-1.438023,63.602788091611735,0.0
2020-01-08T10:19:13.800000,-0.21288117131480164,0.09997619147798273,0.032092097959349204,-24.468514869553978,-31.959009913035985,26.229603985491636,52.54355,-1.438023,63.95322773622352,0.0
2020-01-08T10:19:13.900000,-0.076920020992,-0.246444827392,0.166004900608,-24.58249984,-32.09750016,26.515000320000002,52.54355,-1.438023,64.05519995392,0.0
2020-01-08T10:19:14.000000,-0.06308482201599999,-0.060835186176,0.05927510784000001,-24.29499968,-32.243999718400005,26.90249984,52.54355,-1.438023,63.9474998016,0.0
2020-01-08T10:19:14.100000,0.176060011776,-0.270614840064,0.181814911744,-23.79499968,-31.8895000832,26.6704999168,52.54355,-1.438023,63.744000256,0.0
2020-01-08T10:19:14.200000,0.14447255630056968,-0.11479111396130007,0.08647886708436875,-23.483636775022692,-31.980302958996067,26.49484824898699,52.54355,-1.438023,64.17278820021774,0.0
2020-01-08T10:19:14.300000,-0.09344948812640831,-0.4153989995716433,0.21503564738892506,-24.12,-31.94920797098327,26.13,52.54355,-1.438023,64.6785544608662,0.0
2020-01-08T10:19:14.400000,0.012751388993041457,-0.3703910596583048,0.2749485856655608,-24.168485024009684,-32.40787892500756,26.21484879201694,52.54355,-1.438023,64.7120302596976,0.0
2020-01-08T10:19:14.500000,-0.15013067262141633,-0.6292643728883155,0.43622277565007567,-24.428910884062343,-32.48217813048911,26.69,52.54355,-1.438023,64.68729705650506,0.0
2020-01-08T10:19:14.600000,-0.014295151871999999,-0.691284676096,0.43526487526400004,-24.3805000448,-31.8160002816,26.61499968,52.54355,-1.438023,64.96105020927999,0.0
2020-01-08T10:19:14.700000,-0.2095692754181547,-0.22515922981970998,0.24816920191315767,-24.402871105185653,-32.19891093475544,26.236039829569794,52.54355,-1.438023,65.19786118454569,0.0
2020-01-08T10:19:14.800000,-0.13723303199480757,-0.061241772191177574,0.15434671143646936,-24.19,-32.143938492807436,26.570707671461708,52.54355,-1.438023,65.10553657306727,0.0
2020-01-08T10:19:14.900000,0.036130151091619496,-0.2796604705225241,0.3050332404148749,-24.132424033988503,-31.575757850015126,26.924242149984874,52.54355,-1.438023,65.91654523568793,0.0
2020-01-08T10:19:15.000000,-0.19446435362493694,-0.09826140404683029,0.162123762898226,-23.81,-32.0,26.480990086964017,52.54355,-1.438023,65.61443566665231,0.0
2020-01-08T10:19:15.100000,-0.16461209844874444,-0.2045210532712383,0.14139384850498682,-23.800909057998183,-32.10454583302088,26.445151751013007,52.54355,-1.438023,65.8686062800121,0.0
2020-01-08T10:19:15.200000,-0.12304752072714184,0.032471281597643786,0.0008950495651799225,-23.799108942009628,-32.550593971069446,26.781485130446022,52.54355,-1.438023,66.22510892173239,0.0
2020-01-08T10:19:15.300000,-0.0775120785376462,0.017281931066226382,-0.019024316364078312,-24.079697041003932,-31.81,26.68606080901119,52.54355,-1.438023,66.30933330919866,0.0
2020-01-08T10:19:15.400000,-0.019148,0.153164,-0.09811999999999999,-24.0988,-31.8404,26.9904,52.54355,-1.438023,66.32159999999999,0.0
2020-01-08T10:19:15.500000,-0.044948,-0.038664000000000004,0.082652,-23.610400000000002,-32.0496,26.8792,52.54355,-1.438023,66.62584,0.0
2020-01-08T10:19:15.600000,0.022144,-0.009220000000000002,0.06881999999999999,-23.670399999999997,-32.3308,26.5904,52.54355,-1.438023,66.85712000000001,0.0
2020-01-08T10:19:15.700000,-0.008843556526610077,-0.14970889638583534,0.09706533276219106,-24.101089014551455,-32.36079202901673,26.75,52.54355,-1.438023,66.9018119057818,0.0
2020-01-08T10:19:15.800000,0.04620905256788521,-0.03526669261143104,0.005009175654674326,-23.40545489101906,-31.920302958996068,26.72121201699425,52.54355,-1.438023,67.06103013299062,0.0
2020-01-08T10:19:15.900000,0.007129715789126835,-0.07199405724771944,0.11659899754391922,-23.949504956517995,-31.879703014465274,26.61069310142929,52.54355,-1.438023,66.84932676519716,0.0
2020-01-08T10:19:16.000000,0.10778179349863853,-0.06352124695192117,0.025212165422438516,-23.990909057998184,-32.25,26.86939390099788,52.54355,-1.438023,67.13563641300273,0.0
2020-01-08T10:19:16.100000,0.06525940319011687,-0.09327325203849635,0.07202374870415759,-23.91940592754435,-32.21039601450837,26.84009902897364,52.54355,-1.438023,67.17207918262443,0.0
2020-01-08T10:19:16.200000,0.048560027136,0.032994991872,-0.027524935679999994,-23.7634998016,-31.9804999168,27.0570002432,52.54355,-1.438023,66.92114983424,0.0
2020-01-08T10:19:16.300000,0.06640296442636642,0.026821228850922765,0.053551499409131696,-23.52878798300575,-31.93666690801331,27.331514975990316,52.54355,-1.438023,66.71357580310251,0.0
2020-01-08T10:19:16.400000,-0.0355316831883933,0.05236732652187027,0.029865346956259458,-23.718514869553978,-32.26089105799038,27.01089105799037,52.54355,-1.438023,66.80110892173238,0.0
2020-01-08T10:19:16.500000,-0.050415062784,0.022744881151999997,0.048145062912000006,-23.8609999616,-31.9909999616,26.8445004032,52.54355,-1.438023,66.86379987968,0.0
2020-01-08T10:19:16.600000,-0.1304666545993344,-0.14511518777199983,0.13948790698155508,-23.791818115996367,-31.949090942001817,27.275454166979124,52.54355,-1.438023,66.70793940820079,0.0
2020-01-08T10:19:16.700000,-0.08667523160410714,-0.20474851710005043,0.1781415810164474,-23.74861389852762,-31.97940592754435,26.69,52.54355,-1.438023,66.70829701595059,0.0
2020-01-08T10:19:16.800000,0.03007718816217696,-0.24733272941104903,0.15867625389068565,-24.022871199294354,-31.91752486490323,26.856337027161295,52.54355,-1.438023,66.61111885474436,0.0
2020-01-08T10:19:16.900000,-0.0594788334134951,-0.35499010364141315,0.1940838673141669,-23.828383705956277,-32.215454362093304,27.713839076536388,52.54355,-1.438023,66.66720236451368,0.0
2020-01-08T10:19:17.000000,-0.036372782563049655,-0.22603046061869211,0.18545763280314648,-23.94,-32.25636322497731,27.13,52.54355,-1.438023,66.3715454347989,0.0
2020-01-08T10:19:17.100000,-0.08155145958112289,-0.3990989651003343,0.21678115205142306,-23.83069300004309,-31.610495043482008,27.19811885504561,52.54355,-1.438023,66.34147524782591,0.0
2020-01-08T10:19:17.200000,0.11466492262399999,-0.12067041459200001,0.0028103772160000123,-23.2965001984,-31.5044997632,27.5329998848,52.54355,-1.438023,66.32359991295999,0.0
2020-01-08T10:19:17.300000,0.016595020032000002,-0.520369356032,0.39900955289600004,-23.6260002816,-31.2545002752,27.4070001152,52.54355,-1.438023,66.22570007552,0.0
2020-01-08T10:19:17.400000,0.037589976064000004,0.232659563776,-0.12317469439999999,-23.88749952,-31.5644997632,27.6170002432,52.54355,-1.438023,66.33740004864,0.0
2020-01-08T10:19:17.500000,-0.0016700318719999998,-0.209719415552,0.176664547584,-23.2785001216,-31.2965001984,27.8364995584,52.54355,-1.438023,66.31664963584,0.0
2020-01-08T10:19:17.600000,-0.0473939516806777,0.47451481851163246,-0.3418057623235476,-23.37333309198669,-31.541818115996367,27.3075759660115,52.54355,-1.438023,65.87224256630783,0.0
2020-01-08T10:19:17.700000,-0.03219799812942456,0.055130753730378596,0.04376628858061851,-23.148910985448545,-31.449504956517995,27.44148502905982,52.54355,-1.438023,66.13540596809884,0.0
2020-01-08T10:19:17.800000,0.12371488998399999,0.53167486336,-0.326189859584,-23.9580000768,-31.4534998016,26.561500518400003,52.54355,-1.438023,66.30989976064,0.0
2020-01-08T10:19:17.900000,-0.0072349352959999984,0.33944495411200004,-0.132709970176,-24.0509999616,-31.2365001984,27.2590000384,52.54355,-1.438023,65.96979990528,0.0
2020-01-08T10:19:18.000000,0.08670002896159744,0.309439505946178,-0.13008498237738514,-23.980302958996067,-31.490909057998184,27.320606099002116,52.54355,-1.438023,65.84127271739945,0.0
2020-01-08T10:19:18.100000,0.10845048044386879,0.38562271076290583,-0.272186097416933,-23.930198057947287,-31.428910884062343,27.329306898570707,52.54355,-1.438023,65.80889107826762,0.0
2020-01-08T10:19:18.200000,-0.01520000512,-0.06495472204799999,0.039239855104,-24.3340003584,-31.3519999232,27.1080002048,52.54355,-1.438023,65.77260023296,0.0
2020-01-08T10:19:18.300000,-0.018819986432,0.22688967014400002,-0.092779742208,-24.7919999232,-31.2034998016,27.4265001984,52.54355,-1.438023,66.05169987072,0.0
2020-01-08T10:19:18.400000,0.016840075264,-0.147539728384,0.184184720896,-24.6794999552,-31.0045002752,27.6434998016,52.54355,-1.438023,65.88330001407999,0.0
2020-01-08T10:19:18.500000,0.097359917056,0.137734678016,-0.12147472256000001,-24.668000204800002,-31.29499968,27.41750016,52.54355,-1.438023,65.93485014016001,0.0
2020-01-08T10:19:18.600000,-0.006694973952,-0.21453967846400002,0.197334788096,-24.8829997568,-30.955500364800002,27.572999756799998,52.54355,-1.438023,66.09894990592001,0.0
2020-01-08T10:19:18.700000,0.005834905856000001,0.130044648192,-0.035229791488,-24.59750016,-31.542000435200002,27.3160002816,52.54355,-1.438023,66.02575022079999,0.0
2020-01-08T10:19:18.800000,-0.09759990784,-0.285614779904,0.215254887168,-24.88500032,-32.1109999616,27.6704999168,52.54355,-1.438023,66.30069992192,0.0
2020-01-08T10:19:18.900000,-0.008845143551999998,-0.066245311232,0.118470226432,-25.2919999232,-32.013499801600005,27.6260002816,52.54355,-1.438023,66.24560020736,121.9063337377296
2020-01-08T10:19:19.000000,-0.17506051758511995,-0.4300543660901068,0.37366953214090853,-25.208181884003633,-31.740909057998184,27.924242149984874,52.54343181775398,-1.4377108776579377,66.53781824270337,121.90553547582624
2020-01-08T10:19:19.100000,-0.07210101158083901,-0.2205921222920379,0.14539308622136157,-25.33059407245565,-31.709009913035985,27.480990086964017,52.54277,-1.435963,66.61045543189256,0.0
2020-01-08T10:19:19.200000,-0.23392992204799998,-0.554439883264,0.303310068736,-25.3544996352,-31.8295000832,27.3604999168,52.54277,-1.435963,66.52510012416,0.0
2020-01-08T10:19:19.300000,-0.11395992985599998,-0.4159000704,0.40802505728,-24.964500403200002,-31.9670001152,27.3160002816,52.54277,-1.435963,66.7072500736,0.0
2020-01-08T10:19:19.400000,-0.024265014784,-0.5122950123519999,0.4480998464,-25.5,-32.0179995648,27.783000396800002,52.54277,-1.435963,66.80560000256,0.0
2020-01-08T10:19:19.500000,-0.034369662468096994,-0.4887150067620158,0.23122116549742838,-25.453030132990623,-31.48696986700938,28.16909039897186,52.54277,-1.435963,66.84824256630783,0.0
2020-01-08T10:19:19.600000,0.022488,-0.30108799999999997,0.18942,-25.2988,-31.71,27.4392,52.54277,-1.435963,67.08752,0.0
2020-01-08T10:19:19.700000,-0.007136664039074238,-0.3849702294623236,0.3060019532051981,-25.87,-31.39069300004309,27.631188043525096,52.54277,-1.435963,67.22992081737556,0.0
2020-01-08T10:19:19.800000,-0.22314149270528116,0.15602964271592673,0.05976925978120912,-25.777920574249997,-30.967426114991937,26.934653310758062,52.54277,-1.435963,67.4473465473016,0.0
2020-01-08T10:19:19.900000,-0.024126099638496268,0.020210027461871442,-0.05911006780134361,-25.206161931950415,-31.76394015794455,26.657575054691016,52.54277,-1.435963,67.51985828433122,0.0
2020-01-08T10:19:20.000000,-0.16553031762080478,0.09556368474266844,-0.05988778027456629,-25.024848792016943,-31.271515700030253,27.287878925007565,52.54277,-1.435963,67.768999981899,0.0
2020-01-08T10:19:20.100000,-0.1512841350869767,0.1294019542190601,0.08899900768253952,-25.460396014508365,-32.012277159462755,27.450891057990372,52.54277,-1.435963,67.79185151737126,0.0
2020-01-08T10:19:20.200000,0.037315126228605264,-0.05767261603386439,0.04873325489567361,-25.325757850015126,-31.429393900997884,27.274848792016943,52.54277,-1.435963,68.06896972220139,0.0
2020-01-08T10:19:20.300000,0.0013207940567407884,0.09271285754478102,-0.05457226580420803,-25.710396014508365,-31.330396014508366,27.59158405803346,52.54277,-1.435963,68.15710894200963,0.0
2020-01-08T10:19:20.400000,0.016939995904,-0.009659945215999999,0.026529937408000002,-25.5180000768,-31.12,26.8070002432,52.54277,-1.435963,68.41319997952,0.0
2020-01-08T10:19:20.500000,0.014980014848,0.03116486374400001,-0.030649889280000002,-25.6019999232,-31.1395000832,27.1855002368,52.54277,-1.435963,68.42425016320001,0.0
2020-01-08T10:19:20.600000,0.046070048512,-0.11738486169599999,0.08879988224,-25.5660002816,-31.3055002368,27.4534998016,52.54277,-1.435963,68.67340013824,0.0
2020-01-08T10:19:20.700000,0.066864813824,0.030629847807999995,-0.04113988710399999,-25.8829997568,-31.54499968,27.283000396800002,52.54277,-1.435963,68.84454994688,0.0
2020-01-08T10:19:20.800000,-0.17411497318400002,-0.12465480012800001,0.09882495744,-25.6065001984,-31.1485001216,27.7454997248,52.54277,-1.435963,68.83880027648,0.0
2020-01-08T10:19:20.900000,-0.13717999436800002,0.075504721408,0.06559509939199999,-25.87,-31.3009999616,27.304999679999998,52.54277,-1.435963,69.20329998848,0.0
2020-01-08T10:19:21.000000,-0.159790128384,-0.243859783936,0.206780039168,-25.87,-31.2590000384,26.8980000768,52.54277,-1.435963,69.26315032064,0.0
2020-01-08T10:19:21.100000,-0.290819831552,-0.09833560345600001,0.34343036108799996,-25.936000281600002,-31.3295000832,27.0465001984,52.54277,-1.435963,69.64039979264,0.0
2020-01-08T10:19:21.200000,-0.07226668537103169,-0.7980723589996872,0.7135602098681472,-26.26303013299062,-31.37333309198669,27.31,52.54277,-1.435963,69.45439426301785,0.0
2020-01-08T10:19:21.300000,-0.08906533884536323,-0.32440006083172174,0.14556339476492342,-26.10930699995691,-31.058613898527618,27.281485130446022,52.54277,-1.435963,69.91333660726279,0.0
2020-01-08T10:19:21.400000,-0.02163029227940701,-0.8044301945340157,0.41494556693619916,-26.500605374962184,-31.332121074992436,27.13,52.54277,-1.435963,69.75427295271243,0.0
2020-01-08T10:19:21.500000,-0.015265353039431627,-0.593003932770809,0.5515247288552737,-25.538217884019254,-31.040792029016732,27.179108942009627,52.54277,-1.435963,70.11329703622783,0.0
2020-01-08T10:19:21.600000,-0.0761750272,-0.387935113216,0.34322495616,-26.0314998784,-30.714500403200002,27.4580000768,52.54277,-1.435963,70.17385002496,0.0
2020-01-08T10:19:21.700000,-0.11060302415966114,-0.4727240050269058,0.2535604922437222,-25.842727173994554,-31.334848792016942,27.53272717399455,52.54277,-1.435963,70.25336380420926,0.0
2020-01-08T10:19:21.800000,-0.08210592855821215,-0.010228652501324348,0.039923738565537305,-25.610792029016732,-31.73079202901673,27.310296985534723,52.54277,-1.435963,70.52266337245996,0.0
2020-01-08T10:19:21.900000,0.013669978112,0.4538998208,-0.170980048128,-25.311500518400003,-31.2919999232,26.90249984,52.54277,-1.435963,70.55734992896,0.0
2020-01-08T10:19:22.000000,-0.017665009664,0.14484469683200002,-0.16799971456,-25.88749952,-31.2170001152,26.765000320000002,52.54277,-1.435963,70.49855015168,0.0
2020-01-08T10:19:22.100000,-0.03598486834109521,-0.15289052929905175,0.15513010040882397,-25.306060809011193,-31.35181811599637,27.067272282975495,52.54277,-1.435963,70.65863621389174,0.0
2020-01-08T10:19:22.200000,-0.07354356869295442,0.3672573830700249,-0.13886236392070583,-25.659603985491636,-31.319703014465276,26.46871292750126,52.54277,-1.435963,70.43951485941535,0.0
2020-01-08T10:19:22.300000,-0.1074605972295129,0.041560722126401856,-0.050115204062898384,-25.88060609900212,-31.699090942001817,26.85515120798306,52.54277,-1.435963,70.49236358699727,0.0
2020-01-08T10:19:22.400000,-0.11734060897622747,0.19871582740012825,-0.11061582841399027,-25.959009913035985,-31.66128707249874,26.389504956517992,52.54277,-1.435963,70.43374258550026,0.0
2020-01-08T10:19:22.500000,-0.191414782464,0.07156496486399999,-0.029210123775999994,-26.0419999232,-31.22750016,26.4580000768,52.54277,-1.435963,70.52034996736,0.0
2020-01-08T10:19:22.600000,0.0661210985237343,0.0014453696353165998,-0.13408463302811602,-25.94,-31.458181884003633,26.597878925007564,52.54277,-1.435963,70.45472719209556,0.0
2020-01-08T10:19:22.700000,-0.07262571914501015,-0.10425245899561757,0.16599601856381374,-25.91940592754435,-31.59009902897364,26.821089115937657,52.54277,-1.435963,70.32081187536593,0.0
2020-01-08T10:19:22.800000,0.087979847168,-0.014710199296000002,0.014560106495999998,-25.9135004416,-31.63749952,26.8980000768,52.54277,-1.435963,70.30230012927998,0.0
2020-01-08T10:19:22.900000,-0.09542417155609112,-0.22436949774901155,0.13977266852675974,-26.43333309198669,-31.01818188400363,26.962121074992435,52.54277,-1.435963,70.46793937199878,0.0
2020-01-08T10:19:23.000000,-0.016919999999999998,0.043176,0.049524,-26.0104,-31.1312,26.7404,52.54277,-1.435963,70.42648,0.0
2020-01-08T10:19:23.100000,-0.14294552088429047,-0.10758906930000431,0.003912840309126531,-25.759504956517993,-31.150396014508367,26.65990097102636,52.54277,-1.435963,70.40585149709402,0.0
2020-01-08T10:19:23.200000,0.047534966016,0.18564983424,-0.19308473241600002,-25.8009999616,-31.0045002752,26.5465001984,52.54277,-1.435963,70.5255000832,0.0
2020-01-08T10:19:23.300000,-0.004590029824000001,-0.020279939328000002,0.12499484083199999,-25.8340003584,-31.3429998848,26.7544997632,52.54277,-1.435963,70.62999997440001,0.0
2020-01-08T10:19:23.400000,-0.049285021696000006,0.056669984512,-0.048044836352,-26.38500032,-31.1704999168,26.552500480000003,52.54277,-1.435963,70.64790022144,0.0
2020-01-08T10:19:23.500000,-0.05911508278620911,-0.013930484149990041,0.1994213211660146,-26.76303013299062,-31.050909057998183,27.180909057998186,52.54277,-1.435963,70.9365454347989,0.0
2020-01-08T10:19:23.600000,0.049291090433958296,-0.24277323480284185,0.28244450017869316,-26.381188043525096,-30.97940592754435,26.83217802910291,52.54277,-1.435963,70.8785940420398,0.0
2020-01-08T10:19:23.700000,0.072340050944,-0.05398035788800001,-0.126039801344,-25.9180007168,-30.8805000448,25.40000064,52.54277,-1.435963,70.7540000896,0.0
2020-01-08T10:19:23.800000,0.146060025856,-0.520929964288,0.166570122752,-26.719999360000003,-30.9204999168,26.2590000384,52.54277,-1.435963,70.88545005312001,0.0
2020-01-08T10:19:23.900000,0.13627862815118988,-0.44424231832415784,0.3140090344668868,-25.93666690801331,-30.885757850015125,26.329697041003932,52.54277,-1.435963,70.9675151932023,0.0
2020-01-08T10:19:24.000000,-0.09654256522301162,-0.3319802307043046,0.2435554562252396,-26.319504956517992,-31.23079202901673,26.41940592754435,52.54277,-1.435963,70.99493066957983,0.0
2020-01-08T10:19:24.100000,-0.035800064,-0.5082595829759999,0.291069820672,-26.37,-30.9135004416,26.31,52.54277,-1.435963,70.805500032,0.0
2020-01-08T10:19:24.200000,-0.12207500544000001,-0.0059252198400000025,0.080515117824,-26.3985001216,-31.4054995968,26.3385001216,52.54277,-1.435963,70.85715003904,0.0
2020-01-08T10:19:24.300000,-0.132855015168,-0.22091967155199999,0.169244710912,-26.5419999232,-30.936000281600002,26.46249984,52.54277,-1.435963,70.90794999552,0.0
2020-01-08T10:19:24.400000,-0.142169953792,0.171514813184,-0.156019749632,-26.4204999168,-31.243999718399998,26.2034998016,52.54277,-1.435963,70.86584984576,0.0
2020-01-08T10:19:24.500000,-0.096595067392,-0.056109912576,0.156789915904,-26.34750016,-30.8895000832,25.94,52.54277,-1.435963,70.72955029248,0.0
2020-01-08T10:19:24.600000,-0.17618495769599998,0.078240077824,0.016104876288000003,-26.5885001216,-31.03750016,25.9490000384,52.54277,-1.435963,71.06069975551999,0.0
2020-01-08T10:19:24.700000,-0.08497485056,0.143709838336,-0.128969917952,-26.71249984,-31.2965001984,26.0285001216,52.54277,-1.435963,70.74140002304,0.0
2020-01-08T10:19:24.800000,0.08859989376,-0.017629772287999994,-0.031520049152,-26.5090000384,-31.52249984,26.2365001984,52.54277,-1.435963,70.73044982271999,0.0
2020-01-08T10:19:24.900000,-0.004590735650433518,0.22222401588750487,-0.07445143424553746,-26.503939190988806,-31.253939190988806,26.395454166979125,52.54277,-1.435963,70.51090914850317,0.0
2020-01-08T10:19:25.000000,0.2555415789887233,-0.08199006972836102,0.026589093632692996,-26.120296985534726,-30.979603985491636,25.83059407245565,52.54277,-1.435963,70.54914848262874,0.0
2020-01-08T10:19:25.100000,0.167034807296,0.130259858176,-0.065409846016,-25.6929997568,-31.1614998784,25.9955002368,52.54277,-1.435963,70.28665003264,0.0
2020-01-08T10:19:25.200000,-0.062859888896,-0.026689865984000007,0.098119825152,-25.3519999232,-30.9804999168,26.2829998848,52.54277,-1.435963,70.33810003456,0.0
2020-01-08T10:19:25.300000,0.048954847488000004,0.11963486489599999,-0.113669912832,-25.2304999168,-30.918000204800002,26.09249984,52.54277,-1.435963,70.33479979008,0.0
2020-01-08T10:19:25.400000,-0.14399995904,-0.037104903168,-0.0024600194560000003,-25.232500480000002,-31.283000396800002,25.794499635199998,52.54277,-1.435963,70.06890005504,0.0
2020-01-08T10:19:25.500000,-0.08104996352,0.070619910912,-0.004674899199999999,-25.8985001216,-31.743999718399998,25.34750016,52.54277,-1.435963,70.10314983424,0.0
2020-01-08T10:19:25.600000,-0.03052078716048381,-0.013719721594192609,0.09440288797866841,-26.125346689241937,-31.41752486490323,25.56,52.54277,-1.435963,69.89369309460322,0.0
2020-01-08T10:19:25.700000,-0.021541392953004515,0.12022165066017099,-0.06370837897382589,-26.46464671931485,-31.64474780072301,25.622221774005865,52.54277,-1.435963,69.9361920546755,0.0
2020-01-08T10:19:25.800000,-0.025617789178064135,-0.16565227712834446,0.12535727849705472,-26.25,-31.30613846278629,26.08316851358065,52.54277,-1.435963,69.81457423985887,0.0
2020-01-08T10:19:25.900000,0.05438989185918421,0.26221956852279954,-0.18917505236373794,-26.364544629419886,-31.027676136099174,26.56989891859184,52.54277,-1.435963,69.75927281895333,0.0
2020-01-08T10:19:26.000000,0.032454880768,-0.0030297774079999992,0.03937487871999999,-26.966999603199998,-31.6260002816,26.563999718399998,52.54277,-1.435963,69.68079999488,0.0
2020-01-08T10:19:26.100000,-0.11325494604800002,0.272664914944,-0.12215000192,-26.4294999552,-31.88749952,26.1809999616,52.54277,-1.435963,69.66379995647999,0.0
2020-01-08T10:19:26.200000,-0.038119985152,0.172345053952,-0.132155031808,-26.464500403200002,-31.2965001984,26.1765001984,52.54277,-1.435963,69.61470003712,0.0
2020-01-08T10:19:26.300000,-0.0175666636498336,0.24177271920955526,-0.17344545108980938,-26.895454166979125,-31.51303013299062,26.420302958996068,52.54277,-1.435963,69.67536367750228,0.0
2020-01-08T10:19:26.400000,0.004937635065432119,0.2144405846435388,-0.16184257029232177,-26.279900971026358,-31.21990097102636,26.349603985491633,52.54277,-1.435963,69.74185148695538,0.0
2020-01-08T10:19:26.500000,0.08906495462399999,0.140135019776,-0.137615038464,-26.186000281600002,-31.17250048,26.5044997632,52.54277,-1.435963,69.75219997952,0.0
2020-01-08T10:19:26.600000,0.035265027584,0.145294909952,-0.17047492224,-26.5314998784,-31.7919999232,26.274000358400002,52.54277,-1.435963,69.64834967296,0.0
2020-01-08T10:19:26.700000,0.07153999846400001,0.027995009792,-0.05755495884799999,-26.2859996416,-31.7455002368,26.78750016,52.54277,-1.435963,69.29980036607999,0.0
2020-01-08T10:19:26.800000,0.050044508430241406,-0.0002723748643962895,0.022837684649153936,-25.958515202822582,-32.04217817566129,26.953960287125,52.54277,-1.435963,69.77263363174596,0.0
2020-01-08T10:19:26.900000,-0.057243465005507886,-0.21737084774952292,0.15806877569701952,-26.703940157944547,-31.913131506679285,26.592424945308984,52.54277,-1.435963,69.67507085783438,0.0
2020-01-08T10:19:27.000000,-0.039635035136,-0.148570212352,0.112570125312,-26.0314998784,-31.7214998784,25.9714998784,52.54277,-1.435963,69.60200023040001,0.0
2020-01-08T10:19:27.100000,-0.085054994688,-0.412134921216,0.266894948352,-25.8805000448,-31.5419999232,25.8580002048,52.54277,-1.435963,69.9140000256,0.0
2020-01-08T10:19:27.200000,-0.08546972401149154,-0.3252273369035398,0.20130001086059904,-25.87333309198669,-31.50515175101301,26.10121201699425,52.54277,-1.435963,69.92951508459632,0.0
2020-01-08T10:19:27.300000,-0.13198911188220952,-0.43999307912432734,0.24634556245263362,-25.57920797098327,-31.841485130446024,25.98910894200963,52.54277,-1.435963,69.83281188550457,0.0
2020-01-08T10:19:27.400000,-0.1313702366347977,-0.46455728914257904,0.3450285913436679,-25.906435422221772,-31.782079425750005,26.306435777072583,52.54277,-1.435963,69.87598021453266,0.0
2020-01-08T10:19:27.500000,0.012652542162506011,-0.18575214885265234,0.08473611701549967,-25.476059842055452,-32.266161931950414,26.514041239352707,52.54277,-1.435963,69.93424229283353,0.0
2020-01-08T10:19:27.600000,-0.001780000768,-0.36859942656,0.209844646912,-26.168000204800002,-32.0180000768,25.8385001216,52.54277,-1.435963,70.0472500096,0.0
2020-01-08T10:19:27.700000,-0.012190040064,0.327944722432,-0.20791978163199998,-26.36499968,-32.0554997248,26.0195000832,52.54277,-1.435963,70.07395005952,0.0
2020-01-08T10:19:27.800000,-0.048614928384,0.04115534924799999,0.030634780416000006,-25.9294999552,-31.6614998784,26.1390000384,52.54277,-1.435963,70.17685010176001,121.22634655616531
2020-01-08T10:19:27.900000,0.047970006272,0.514285039616,-0.273285052416,-25.955500364800002,-31.4804999168,26.1704999168,52.542646999475195,-1.4356293985766402,70.3255000576,121.22549142149114
2020-01-08T10:19:28.000000,0.0409969142969443,0.5730666889912314,-0.33106662382763713,-26.288484299969745,-31.360909057998185,26.146363949017243,52.54195,-1.433739,70.39321208939825,0.0
2020-01-08T10:19:28.100000,-0.01919503334338746,0.6334693233231355,-0.3237307304115519,-25.468514869553978,-31.438316912992892,26.55079202901673,52.54195,-1.433739,70.38455448114343,0.0
2020-01-08T10:19:28.200000,0.067354791168,0.67497459072,-0.548554623488,-25.714500403200002,-32.1485001216,26.09249984,52.54195,-1.433739,70.56054983167999,0.0
2020-01-08T10:19:28.300000,-0.164894807552,0.19372526592,-0.0905001792,-26.2214998784,-32.263499801600005,25.8694999552,52.54195,-1.433739,70.39745025792,0.0
2020-01-08T10:19:28.400000,0.080904958208,0.41753944806400006,-0.264869728512,-26.0795000832,-32.03750016,25.9135004416,52.54195,-1.433739,70.7227499264,0.0
2020-01-08T10:19:28.500000,0.03464245770184553,-0.23424213007377448,0.06513928330389765,-26.132424033988503,-32.17424214998487,26.395454166979125,52.54195,-1.433739,70.66045467380708,0.0
2020-01-08T10:19:28.600000,0.07014652435423326,0.16511679639876206,-0.04699006161746479,-25.779900971026358,-31.759504956517993,25.870198057947285,52.54195,-1.433739,70.87436634637075,0.0
2020-01-08T10:19:28.700000,-0.007669666088296671,-0.07298766985847605,0.18215120979315733,-25.582121074992436,-31.800909057998183,26.21878798300575,52.54195,-1.433739,70.96039395530087,0.0
2020-01-08T10:19:28.800000,0.025858406817208277,0.17671084452172325,-0.22876629770537676,-25.37,-31.838712927501263,26.389504956517992,52.54195,-1.433739,71.0295148796926,0.0
2020-01-08T10:19:28.900000,-0.039389955584,-0.159009766656,0.08592995020800001,-25.3234998016,-32.263499801600005,26.243499161600003,52.54195,-1.433739,71.29240011264001,0.0
2020-01-08T10:19:29.000000,0.010644961792,0.07244966528,0.05115013376000001,-25.13500032,-31.96249984,25.16750016,52.54195,-1.433739,71.43554997247999,0.0
2020-01-08T10:19:29.100000,-0.013369885951999998,-0.320529779968,0.20734990848,-25.493999718399998,-31.7965001984,25.3980000768,52.54195,-1.433739,71.41415006464,0.0
2020-01-08T10:19:29.200000,0.098964833024,-0.08648524825600001,0.127545178112,-25.1485001216,-32.013499801600005,25.5465001984,52.54195,-1.433739,71.51830007808,0.0
2020-01-08T10:19:29.300000,-0.09330987417600001,-0.369369800192,0.30979976832,-25.38500032,-31.6929997568,25.707999564799998,52.54195,-1.433739,71.57234978816,0.0
2020-01-08T10:19:29.400000,0.049454896128000005,-0.131105115648,0.04755019392,-25.77249984,-31.464500403200002,25.24250048,52.54195,-1.433739,71.28829998847999,0.0
2020-01-08T10:19:29.500000,-0.045696814741453096,-0.23982104965103862,0.24182704366736568,-25.64484879201694,-31.915151207983058,25.92696986700938,52.54195,-1.433739,71.27890911230118,0.0
2020-01-08T10:19:29.600000,0.135312,-0.021812,-0.075908,-26.080000000000002,-31.52,26.0892,52.54195,-1.433739,71.24928,0.0
2020-01-08T10:19:29.700000,-0.151584,-0.147244,0.091128,-25.830000000000002,-31.959200000000003,25.6208,52.54195,-1.433739,70.97936,0.0
2020-01-08T10:19:29.800000,0.004520000000000003,0.07600000000000001,-0.035076,-25.580000000000002,-32.06,26.060000000000002,52.54195,-1.433739,71.14923999999999,0.0
2020-01-08T10:19:29.900000,0.2214623649345679,-0.1085257384083887,-0.0069485150723263825,-25.430198057947287,-31.950693000043092,26.610792029016732,52.54195,-1.433739,70.07945523925876,0.0
2020-01-08T10:19:30.000000,0.0706557135614575,-0.08842357405669138,0.01890596579643508,-25.81470607723159,-31.38029414865048,26.014999472941838,52.54195,-1.433739,68.52676523825538,0.0
2020-01-08T10:19:30.100000,-0.2613377300084637,-0.19322340130403437,0.1867765046550265,-26.197959154885428,-31.514285445597316,25.183060562364815,52.54195,-1.433739,69.6708567129557,0.0
2020-01-08T10:19:30.200000,-0.27420986137599995,-0.278454838528,0.203384870656,-26.1179994368,-32.0465001984,26.276499558399998,52.54195,-1.433739,70.48970017792,0.0
2020-01-08T10:19:30.300000,-0.120040127744,-0.11110020096,0.067555153408,-25.418000204800002,-32.263499801600005,25.72750016,52.54195,-1.433739,70.71894996992,0.0
2020-01-08T10:19:30.400000,-0.240679790848,-0.268694533632,0.193389667584,-25.802500480000003,-32.0555002368,25.94,52.54195,-1.433739,70.65784990976,0.0
2020-01-08T10:19:30.500000,0.00016984243200000165,0.277934689536,-0.183794725632,-26.3079994368,-32.2484994816,26.061500518400003,52.54195,-1.433739,70.4397495808,0.0
2020-01-08T10:19:30.600000,-0.143144718592,-0.054494659072000004,0.10507467776,-25.5509999616,-31.6170002432,26.6194994432,52.54195,-1.433739,69.9122501248,0.0
2020-01-08T10:19:30.700000,0.203914886144,0.351364799744,-0.286584845056,-25.5660002816,-31.9670001152,25.8890000384,52.54195,-1.433739,70.0412498432,0.0
2020-01-08T10:19:30.800000,0.061076257439193773,0.12264761286790427,-0.10542382062798455,-25.986039712875,-32.09326726349193,25.986039712875,52.54195,-1.433739,69.8105742043738,0.0
2020-01-08T10:19:30.900000,0.11952214714598235,0.32244050315733946,-0.24367274835926955,-26.223131506679284,-31.83394015794455,26.33909026732658,52.54195,-1.433739,69.66715162211224,0.0
2020-01-08T10:19:31.000000,0.14486483814399997,0.242065013504,-0.225869999872,-25.90999936,-31.3295005952,26.7194993152,52.54195,-1.433739,69.55644991232,0.0
2020-01-08T10:19:31.100000,-0.055819939071999995,0.26973504153600003,-0.217989967104,-25.1065001984,-32.04499968,25.8760002816,52.54195,-1.433739,69.35479963648,0.0
2020-01-08T10:19:31.200000,0.009394932992000001,0.312629947648,-0.16558496281600002,-25.33249984,-31.6109999616,26.3340003584,52.54195,-1.433739,68.92480022528,0.0
2020-01-08T10:19:31.300000,-0.055554897408,0.236664972544,-0.12494503731199999,-25.223500441600002,-31.447499519999997,26.9135004416,52.54195,-1.433739,69.18034981375999,0.0
2020-01-08T10:19:31.400000,0.03064478643199999,0.164634848256,-0.142159862016,-26.006500838399997,-30.8760002816,27.4159996416,52.54195,-1.433739,68.91079990528,0.0
2020-01-08T10:19:31.500000,-0.245259966976,-0.0017848501760000038,0.041340001024,-27.0554997248,-31.2680000768,26.752499200000003,52.54195,-1.433739,68.78394999552,0.0
2020-01-08T10:19:31.600000,-0.16418774407256947,0.11854820011429487,0.08026074203750011,-26.54757524197156,-31.4275759660115,25.746060809011194,52.54195,-1.433739,68.67163597857876,0.0
2020-01-08T10:19:31.700000,0.034232,-0.22945200000000002,0.21532,-25.83,-31.7404,25.9208,52.54195,-1.433739,68.11632,0.0
2020-01-08T10:19:31.800000,0.013424772451340963,0.09957514846742083,-0.09259697438224121,-26.121683087007106,-31.699504956517995,25.19,52.54195,-1.433739,68.34114852318322,0.0
2020-01-08T10:19:31.900000,0.17579392090898044,-0.6494603112337382,0.3415483775040792,-25.449090942001817,-31.730302958996067,25.294545833020877,52.54195,-1.433739,68.36948469819171,0.0
2020-01-08T10:19:32.000000,0.126384145225597,-0.227301011580839,0.1869059478215907,-25.490495043482007,-31.689703014465277,25.987722840537245,52.54195,-1.433739,68.16155447100482,0.0
2020-01-08T10:19:32.100000,0.035285083136,-0.42979509555199996,0.241469974272,-25.3739997184,-32.02249984,26.4954997248,52.54195,-1.433739,68.22824972800001,0.0
2020-01-08T10:19:32.200000,0.08901475814399999,-0.45499956608,0.19067992908800002,-25.1680007168,-31.8760002816,26.1104999168,52.54195,-1.433739,67.90810017536,0.0
2020-01-08T10:19:32.300000,-0.23524501299199999,0.07431979955200001,0.10227502464,-25.9894994432,-32.2785001216,25.9339997184,52.54195,-1.433739,68.09074978560001,0.0
2020-01-08T10:19:32.400000,-0.195169755392,-0.158794858752,0.08899480371200001,-25.2965001984,-32.3739997184,25.63500032,52.54195,-1.433739,67.81515003903999,0.0
2020-01-08T10:19:32.500000,0.10955491404800001,-0.018330201087999994,-0.10220470348799998,-25.59750016,-32.11250048,26.0329998848,52.54195,-1.433739,67.8805000576,0.0
2020-01-08T10:19:32.600000,0.013820078591999997,-0.20432465408,0.222014703104,-25.8190000384,-32.6659996416,25.813999718399998,52.54195,-1.433739,67.91754983167999,0.0
2020-01-08T10:19:32.700000,0.1142757433692164,0.20214526283942605,-0.1429514089041397,-25.88060609900212,-32.14151497599032,25.591515700030257,52.54195,-1.433739,67.70066669080133,0.0
2020-01-08T10:19:32.800000,0.078092,0.01627200000000001,-0.018536,-25.8888,-31.8812,26.3504,52.54195,-1.433739,67.74888,0.0
2020-01-08T10:19:32.900000,0.010042578403217997,0.5826782085564887,-0.2561445721628972,-25.69920797098327,-32.02871292750126,25.859405927544348,52.54195,-1.433739,67.79459405217841,0.0
2020-01-08T10:19:33.000000,0.049075018240000004,0.506710007296,-0.402259990016,-26.0554997248,-32.4159996416,25.75,52.54195,-1.433739,67.75935010815999,0.0
2020-01-08T10:19:33.100000,0.031164820223999995,0.543070113792,-0.38026996275200003,-25.5864995584,-32.09000064,25.7409999616,52.54195,-1.433739,67.90945002752001,0.0
2020-01-08T10:19:33.200000,-0.1179746176,0.619964683264,-0.273334754816,-25.15000064,-32.770499276799995,25.69,52.54195,-1.433739,67.86229964288,0.0
2020-01-08T10:19:33.300000,0.430145171712,0.228460124416,-0.06053048140799999,-25.9429997568,-31.8940003584,25.756000281600002,52.54195,-1.433739,67.4577502976,0.0
2020-01-08T10:19:33.400000,0.49529031932747036,0.35723017100271776,-0.6218542629144158,-25.64878798300575,-32.351818115996366,26.043636050982755,52.54195,-1.433739,67.84754543479892,0.0
2020-01-08T10:19:33.500000,-0.3646910559626493,0.22941985040465768,-0.18175841391424247,-25.859108942009627,-32.28960398549163,25.639207970983268,52.54195,-1.433739,67.83458416955828,0.0
2020-01-08T10:19:33.600000,-0.075189950464,0.5034594370559999,-0.096794706432,-26.1395000832,-32.4429997568,26.1080002048,52.54195,-1.433739,67.92694999552,0.0
2020-01-08T10:19:33.700000,-0.01945450471572576,-0.14418960892806904,0.19705497489424154,-26.230692974696538,-32.16752498536236,26.426039829569792,52.54195,-1.433739,67.97446560853267,0.0
2020-01-08T10:19:33.800000,-0.04291401781026245,0.3137562381632808,-0.27845655398327646,-26.111428504256647,-32.404285434402695,26.707142991486705,52.54195,-1.433739,68.21628520713769,0.0
2020-01-08T10:19:33.900000,0.171213867097896,-0.3165633268361675,0.12837620972749925,-26.06,-32.21851486955397,26.800495043482005,52.54195,-1.433739,67.92827729126482,0.0
2020-01-08T10:19:34.000000,0.19282717761475385,-0.024006200367708848,-0.07462110033383412,-25.91757524197156,-32.332121074992436,26.656060265981242,52.54195,-1.433739,68.45175754229815,0.0
2020-01-08T10:19:34.100000,0.08653142378845338,-0.2107097669142173,0.0786137007858206,-25.159215735486413,-32.11058822348326,26.158235329550216,52.54195,-1.433739,68.35482347271966,0.0
2020-01-08T10:19:34.200000,0.21385642075896064,-0.06115721305180336,-0.0034998142696303428,-25.441429131194607,-32.06,26.28428551276994,52.54195,-1.433739,68.14542883339907,0.0
2020-01-08T10:19:34.300000,-0.3080138417513453,-0.10816732246642216,0.13306039246599125,-25.988811956474905,-32.15980204343892,26.158514869553976,52.54195,-1.433739,68.3152673072585,0.0
2020-01-08T10:19:34.400000,-0.134894963712,-0.072640001024,0.09942498431999999,-26.54499968,-32.7170001152,26.31,52.54195,-1.433739,68.19295017472,0.0
2020-01-08T10:19:34.500000,-0.091170019072,-0.088730062848,0.082860018176,-26.12,-32.7769996032,26.234999679999998,52.54195,-1.433739,68.413749952,0.0
2020-01-08T10:19:34.600000,-0.11562120893982453,-0.14212413354399447,0.10074240158875049,-26.082121074992436,-32.25,25.847878925007564,52.54195,-1.433739,68.30363619579073,0.0
2020-01-08T10:19:34.700000,-0.09629999087524174,-0.010024775492927043,0.06978713130273666,-25.860495043482008,-32.180296985534724,26.00138610147238,52.54195,-1.433739,68.09405943766143,0.0
2020-01-08T10:19:34.800000,-0.046545114112000005,-0.13842472448,0.075809933056,-25.8670002432,-31.8760002816,25.7185001216,52.54195,-1.433739,68.356249984,0.0
2020-01-08T10:19:34.900000,-0.174384898816,0.226194994432,-0.025610053376000003,-26.19,-32.2785001216,25.8890000384,52.54195,-1.433739,68.30259986176,0.0
2020-01-08T10:19:35.000000,-0.066085111296,0.228820042752,-0.116135083776,-26.1329997568,-32.3364995584,25.9114998784,52.54195,-1.433739,68.0822498432,0.0
2020-01-08T10:19:35.100000,-0.200564943104,0.31233011404800004,-0.200864886784,-25.88500032,-31.71249984,25.7214998784,52.54195,-1.433739,67.94645030912,0.0
2020-01-08T10:19:35.200000,-0.111259941376,0.371534606336,-0.016599855360000006,-26.188499481599997,-31.4804999168,25.56,52.54195,-1.433739,68.2759996544,0.0
2020-01-08T10:19:35.300000,-0.044455047168,-0.07749968512,0.12791979699199998,-25.5555002368,-31.445000320000002,25.5419999232,52.54195,-1.433739,67.89575033599999,0.0
2020-01-08T10:19:35.400000,-0.089114923264,0.194359375616,-0.06584467635199999,-25.75749952,-31.8805000448,25.4955002368,52.54195,-1.433739,68.28154974208,0.0
2020-01-08T10:19:35.500000,0.009334985216,-0.573444737792,0.337284886016,-25.195000320000002,-31.789999360000003,25.716999603199998,52.54195,-1.433739,67.92879995647999,0.0
2020-01-08T10:19:35.600000,-0.024955062528,-0.284495252992,0.212210112256,-25.686000281600002,-31.1170007552,25.2455002368,52.54195,-1.433739,68.00060055296001,0.0
2020-01-08T10:19:35.700000,-0.11539396616147642,-0.6338182300326595,0.38158795223405106,-25.975151207983057,-31.93060537496218,25.570606099002116,52.54195,-1.433739,68.68045434798911,0.0
2020-01-08T10:19:35.800000,-0.14900593565524636,-0.6230613320626263,0.4490217529167543,-25.598217884019252,-31.118713028887463,25.590396014508364,52.54195,-1.433739,68.389257434777,0.0
2020-01-08T10:19:35.900000,-0.13199402770487098,-0.22635172024131214,0.24410923719806887,-26.00636322497731,-32.41121201699425,25.445151751013007,52.54195,-1.433739,68.43333321869368,0.0
2020-01-08T10:19:36.000000,-0.19595044901414593,-0.39186921078445036,0.35307715337958234,-25.469802043438918,-32.18980194205272,25.928811956474902,52.54195,-1.433739,68.25251484927674,0.0
2020-01-08T10:19:36.100000,0.167394903552,0.32919463731200005,-0.220429787648,-25.9909999616,-31.8895000832,26.447499519999997,52.54195,-1.433739,68.22979998208,0.0
2020-01-08T10:19:36.200000,0.04976973487209059,-0.11496956110250595,0.036433242224974724,-25.864242149984875,-31.980302958996067,25.791818115996367,52.54195,-1.433739,68.16660591799213,0.0
2020-01-08T10:19:36.300000,0.11324752782417605,0.11422575463018116,-0.12450793347037369,-25.479603985491636,-31.87,25.680495043482008,52.54195,-1.433739,67.96437624926811,0.0
2020-01-08T10:19:36.400000,0.17065013504,0.189064888064,-0.22688498329600001,-25.7455002368,-31.8895000832,25.6945002752,52.54195,-1.433739,68.133250304,0.0
2020-01-08T10:19:36.500000,0.25545459660799996,0.093935228416,-0.19898497561599998,-26.06,-32.0465001984,26.06,52.54195,-1.433739,68.48404977407999,0.0
2020-01-08T10:19:36.600000,-0.242934840576,0.400645014272,-0.170605017088,-26.02249984,-32.168999398400004,26.0509999616,52.54195,-1.433739,68.255250304,0.0
2020-01-08T10:19:36.700000,-0.03518021752409823,0.36968391381158894,-0.18504253379328875,-25.77287110518565,-31.40712889481435,25.945049235674762,52.54195,-1.433739,68.65796039094519,120.4226556858315
2020-01-08T10:19:36.800000,-0.05655756350218117,0.11773665452175869,-0.12666960325197366,-25.568484920575404,-31.665252909735493,25.690808597457067,52.54183969603252,-1.4334301488910552,68.64337366408168,120.42181175616611
2020-01-08T10:19:36.900000,-0.05467627131961747,0.24252038496341227,-0.009516585768925646,-25.602178130489115,-31.8375242503124,25.9857422103713,52.54117,-1.431555,68.59798023222511,0.0
2020-01-08T10:19:37.000000,-0.09500505819470986,-0.19387844869272003,0.21931465120669014,-25.562222750886303,-31.418284258078863,25.649091666041752,52.54117,-1.431555,68.64662633591833,0.0
2020-01-08T10:19:37.100000,-0.094634974976,-0.03767536768,-0.07251471974399999,-25.9294999552,-32.36499968,26.0864995584,52.54117,-1.431555,68.69254997248,0.0
2020-01-08T10:19:37.200000,-0.05291512079830575,-0.46922706719866364,0.29483634602902886,-25.983636775022692,-31.87333309198669,25.56666690801331,52.54117,-1.431555,68.64615147949804,0.0
2020-01-08T10:19:37.300000,-0.034104968684336594,-0.21609212026431385,0.2816831772408252,-26.482178130489114,-31.509504956517993,25.979603985491636,52.54117,-1.431555,68.6028811956475,0.0
2020-01-08T10:19:37.400000,-0.20584508211199998,-0.5282748633600001,0.34344994432,-25.6929997568,-31.6635004416,26.1434998016,52.54117,-1.431555,68.68340007424,0.0
2020-01-08T10:19:37.500000,-0.259759764736,-0.317834876416,0.23579485619200002,-25.455500364800002,-32.2785001216,25.831999795199998,52.54117,-1.431555,68.75604988927999,0.0
2020-01-08T10:19:37.600000,0.02656354174478109,-0.20683655600061027,0.08681530361838957,-25.929393900997884,-32.3824240339885,25.570606099002116,52.54117,-1.431555,68.62475763280314,0.0
2020-01-08T10:19:37.700000,-0.1035306827600366,-0.4027286484458762,0.2615059021977994,-25.841485130446024,-32.09960398549163,25.609405927544348,52.54117,-1.431555,68.75402972896934,0.0
2020-01-08T10:19:37.800000,-0.009434967296,0.046814613504,-0.0010897469439999988,-25.6614998784,-32.2544997632,25.641000601600002,52.54117,-1.431555,68.96779998208,0.0
2020-01-08T10:19:37.900000,-0.03212028211199999,-0.365054567168,0.302419860992,-25.5,-31.9204999168,26.3739997184,52.54117,-1.431555,69.01150028800001,0.0
2020-01-08T10:19:38.000000,-0.356969787392,0.162039796224,0.10881496166400001,-25.65000064,-31.8940003584,25.9819999232,52.54117,-1.431555,69.38154994688,0.0
2020-01-08T10:19:38.100000,-0.07226665821953408,-0.06944834311218223,0.03196051215482043,-26.339393357967932,-32.37,25.889090942001815,52.54117,-1.431555,69.3655456520109,0.0
2020-01-08T10:19:38.200000,-0.09148516897278035,0.14218019319140954,-0.09498711710866826,-25.479603985491636,-32.4888119564749,25.930495043482008,52.54117,-1.431555,69.6738514869554,0.0
2020-01-08T10:19:38.300000,-0.1787768150031303,0.11739809672750684,-0.04047248682613028,-25.661782039941095,-32.99970238080151,25.897821869510885,52.54117,-1.431555,69.69865351265172,0.0
2020-01-08T10:19:38.400000,0.27881493668529345,0.17860783618079276,-0.24880473703128111,-25.47313108484455,-32.22232248738749,25.98303015884919,52.54117,-1.431555,69.82668748626263,0.0
2020-01-08T10:19:38.500000,0.14134551263320394,0.07099721296341786,-0.06363347391775424,-25.37666690801331,-31.708181884003633,25.766363224977308,52.54117,-1.431555,70.25830299519806,0.0
2020-01-08T10:19:38.600000,0.185344,0.31512399999999996,-0.182876,-25.7404,-31.819599999999998,25.209999999999997,52.54117,-1.431555,70.24015999999999,0.0
2020-01-08T10:19:38.700000,-0.08600595998793503,-0.37594851304460236,0.31380592855821215,-25.729603985491636,-31.830396014508366,25.579306898570707,52.54117,-1.431555,70.41289107826762,0.0
2020-01-08T10:19:38.800000,-0.199849792,-0.36522501888000003,0.204514964224,-25.9580000768,-31.6109999616,25.31,52.54117,-1.431555,70.40630035968,0.0
2020-01-08T10:19:38.900000,0.06212722105715002,-0.3970727517913524,0.19406074022740027,-26.088787983005748,-31.588787983005748,25.434242874024807,52.54117,-1.431555,70.93248502400968,0.0
2020-01-08T10:19:39.000000,-0.018211881449112996,-0.3559662865528944,0.3127128149625758,-26.308613898527618,-31.799108942009628,26.079306898570707,52.54117,-1.431555,71.1949702913079,0.0
2020-01-08T10:19:39.100000,-0.020730001408,-0.015480338688,-0.08850469708799999,-26.50749952,-31.98499968,25.7454997248,52.54117,-1.431555,71.21180027647999,0.0
2020-01-08T10:19:39.200000,-0.032230041088,-0.352409518336,0.246284711936,-25.8054997248,-31.5795000832,25.38,52.54117,-1.431555,71.59415006463999,0.0
2020-01-08T10:19:39.300000,-0.10643643472392099,0.19601179073177163,-0.08252707805926268,-25.477878925007566,-31.78393973401876,25.389090942001815,52.54117,-1.431555,71.72030317620805,0.0
2020-01-08T10:19:39.400000,-0.18123166088342868,-0.23363163148142985,0.155233623213385,-25.76920797098327,-32.22128707249874,25.44,52.54117,-1.431555,72.03946540576025,0.0
2020-01-08T10:19:39.500000,-0.013687948613851399,0.12118456424432208,-0.11164217170607081,-26.152121074992436,-31.730302958996067,25.524848792016943,52.54117,-1.431555,72.51963630439673,0.0
2020-01-08T10:19:39.600000,-0.09598909261883097,-0.25152173973654796,0.2514989924746091,-25.959009913035985,-31.738811956474905,26.02059407245565,52.54117,-1.431555,72.51069312170652,0.0
2020-01-08T10:19:39.700000,0.063595098112,0.112595035392,0.051069768192,-26.0044997632,-32.3985001216,26.13,52.54117,-1.431555,72.97385010176001,0.0
2020-01-08T10:19:39.800000,0.16917989452799997,0.15851999539199998,-0.23902492415999999,-25.7080000768,-32.438499481600005,26.044499635199998,52.54117,-1.431555,73.14575015679999,0.0
2020-01-08T10:19:39.900000,0.0696001728,0.22522531072000002,-0.160680095488,-25.8940003584,-31.78750016,25.56,52.54117,-1.431555,73.42960032256,0.0
2020-01-08T10:19:40.000000,0.21750879553370792,0.49720252095190565,-0.1783329381282016,-26.37,-32.01818188400363,25.617575966011497,52.54117,-1.431555,73.85739393719989,0.0
2020-01-08T10:19:40.100000,-0.19762571610342405,-0.1544781315029744,0.2925009010698779,-26.30188114495439,-32.091485130446024,25.890891057990373,52.54117,-1.431555,73.95380204343891,0.0
2020-01-08T10:19:40.200000,-0.03886526950399999,0.34196403046400004,-0.292979313408,-25.9865001984,-31.8544996352,25.7230003968,52.54117,-1.431555,74.5072500992,0.0
2020-01-08T10:19:40.300000,-0.38059993088,-0.845484572416,0.577304822528,-26.2034998016,-31.427000243200002,26.2214998784,52.54117,-1.431555,74.63629998848,0.0
2020-01-08T10:19:40.400000,-0.2630574825648598,-0.3733427708491178,0.39294867074025325,-26.071818659026324,-31.665151207983058,26.079697041003932,52.54117,-1.431555,74.69130328481404,0.0
2020-01-08T10:19:40.500000,-0.14408813477267945,-0.9202564424595279,0.6553118652273205,-26.870198057947285,-31.120296985534726,26.10128707249874,52.54117,-1.431555,75.13458418983552,0.0
2020-01-08T10:19:40.600000,-0.25119988608,-0.90224967936,0.49403488281599994,-27.029499315200002,-30.8535004416,25.544499635199998,52.54117,-1.431555,75.3964999936,0.0
2020-01-08T10:19:40.700000,-0.106740029184,-0.536985258496,0.392460230656,-26.0644997632,-31.4955002368,25.220500684799998,52.54117,-1.431555,75.35934987776001,0.0
2020-01-08T10:19:40.800000,-0.144494995712,-0.747414433024,0.603054591488,-25.7785001216,-31.77249984,26.13,52.54117,-1.431555,75.34055061248,0.0
2020-01-08T10:19:40.900000,-0.13329998008890176,-0.07144573346538444,0.07522732604294075,-25.949090942001817,-31.65545489101906,26.281515700030255,52.54117,-1.431555,76.17430310380405,0.0
2020-01-08T10:19:41.000000,-0.10375148594153565,-0.3685791228065729,0.09431778161918836,-26.049108942009628,-32.19950495651799,27.02069300004309,52.54117,-1.431555,76.2884752478259,0.0
2020-01-08T10:19:41.100000,-0.13947586283580585,0.23318141337767212,-0.1510814875917656,-26.16757524197156,-32.16515120798306,26.44,52.54117,-1.431555,76.31933343590566,0.0
2020-01-08T10:19:41.200000,-0.25102075958543185,-0.2729999239603479,0.2605296397494747,-25.509406028930552,-31.66940592754435,26.40990097102636,52.54117,-1.431555,76.4865544608662,0.0
2020-01-08T10:19:41.300000,-0.018350169600000004,0.23944446643199999,-0.185844643072,-26.17499968,-31.5690000384,26.2214998784,52.54117,-1.431555,76.5147499264,0.0
2020-01-08T10:19:41.400000,-0.156209627136,-0.304379296768,0.18109954304000003,-25.8340003584,-31.5734998016,26.02249984,52.54117,-1.431555,76.48345028352,0.0
2020-01-08T10:19:41.500000,0.293489805824,0.51514951168,-0.370719764992,-26.216999603199998,-31.197499519999997,25.88500032,52.54117,-1.431555,76.79309971456,0.0
2020-01-08T10:19:41.600000,0.084815209984,0.055705806848,-0.179560516096,-25.829500595200003,-30.67250048,26.38500032,52.54117,-1.431555,76.43770010112,0.0
2020-01-08T10:19:41.700000,0.333414870784,1.015714523904,-0.799629721088,-26.5734998016,-31.197499519999997,26.7544997632,52.54117,-1.431555,76.58115003904,0.0
2020-01-08T10:19:41.800000,0.16965645422931475,0.4877764845437126,-0.4620515628643558,-26.272871199294354,-30.579306976366937,26.448910912169357,52.54117,-1.431555,76.64859409629636,0.0
2020-01-08T10:19:41.900000,0.19092845406730485,1.0659213581989977,-0.6526484686515756,-25.945455370580113,-30.760706561370302,26.526868493320716,52.54117,-1.431555,76.75214131227406,0.0
2020-01-08T10:19:42.000000,0.011499850239999998,0.66447381248,-0.4847992256,-25.3160002816,-31.19,26.69,52.54117,-1.431555,76.74739961344001,0.0
2020-01-08T10:19:42.100000,-0.169519923712,-0.7684593845759999,0.418134464256,-25.7365001984,-31.22750016,26.5954995968,52.54117,-1.431555,76.26640013824,0.0
2020-01-08T10:19:42.200000,-0.09265010432,-0.085470573312,-0.12329927424,-26.0930003968,-31.4204999168,26.183000524799997,52.54117,-1.431555,76.4304999168,0.0
2020-01-08T10:19:42.300000,-0.2020938340241881,-0.6783084805763357,0.7166753089452549,-26.544242149984875,-31.40545489101906,26.793636050982755,52.54117,-1.431555,76.36969714960992,0.0
2020-01-08T10:19:42.400000,-0.034300000000000004,0.185576,0.025308,-26.171200000000002,-31.82,26.2908,52.54117,-1.431555,76.55232,0.0
2020-01-08T10:19:42.500000,-0.016228717388494185,-0.12960389323018978,-0.001665372302810171,-26.400396014508367,-31.27871292750126,26.16940592754435,52.54117,-1.431555,76.11162380142498,0.0
2020-01-08T10:19:42.600000,-0.068920063232,0.396779843328,-0.19387989836800001,-26.1239997184,-31.6659996416,26.1080002048,52.54117,-1.431555,76.40659986176,0.0
2020-01-08T10:19:42.700000,-0.127114889984,0.225360156416,-0.088465126144,-25.7680000768,-31.283000396800002,26.3604999168,52.54117,-1.431555,76.21219995392,0.0
2020-01-08T10:19:42.800000,0.011363608718475172,0.29349343399212346,-0.15715115730026197,-25.93666690801331,-31.753939190988806,26.165151207983058,52.54117,-1.431555,76.14387876209858,0.0
2020-01-08T10:19:42.900000,-0.0246514808722255,-0.43985640494663286,0.37064156783624097,-26.240296985534723,-31.508118855045613,25.838910985448546,52.54117,-1.431555,76.0982970260892,0.0
2020-01-08T10:19:43.000000,0.005487858108859404,-0.2428790064620564,0.2526334015137606,-25.89878798300575,-31.832121074992436,26.581514975990316,52.54117,-1.431555,76.03042410639249,0.0
2020-01-08T10:19:43.100000,0.0072584372330691364,-0.5274554116153103,0.32057126334812724,-26.15980204343892,-31.80851497094018,26.270396014508364,52.54117,-1.431555,75.8147722739151,0.0
2020-01-08T10:19:43.200000,0.127859749376,-0.26268008396799997,0.139815079424,-26.57749952,-32.5939990784,26.1635004416,52.54117,-1.431555,75.78159997696,0.0
2020-01-08T10:19:43.300000,-0.174579870208,-0.345309876736,0.224779912448,-25.9114998784,-31.427000243200002,26.67499968,52.54117,-1.431555,75.70734981376,0.0
2020-01-08T10:19:43.400000,-0.021412190763836277,-0.1734484553383723,0.10513635145932834,-25.77878798300575,-31.72121201699425,26.18333309198669,52.54117,-1.431555,75.4790909782038,0.0
2020-01-08T10:19:43.500000,-0.1286198017392803,-0.10657226377648397,0.08745643637635572,-25.91940592754435,-31.609108942009627,25.90980204343892,52.54117,-1.431555,75.5169306493026,0.0
2020-01-08T10:19:43.600000,-0.12290998425599999,-0.028915149823999998,0.10830006272,-25.8385001216,-31.7859996416,26.4114998784,52.54117,-1.431555,75.18135013376,0.0
2020-01-08T10:19:43.700000,-0.09853498521599999,-0.201439887104,0.17824994304,-25.9804999168,-31.3565001984,26.2214998784,52.54117,-1.431555,75.31414980864,0.0
2020-01-08T10:19:43.800000,-0.064514938624,-0.10895024512,0.154980223488,-25.90750016,-31.65750016,26.238500761599997,52.54117,-1.431555,75.00539976704,0.0
2020-01-08T10:19:43.900000,0.002659938816000001,-0.373689740544,0.357614598144,-26.168000204800002,-31.83249984,27.1464995584,52.54117,-1.431555,74.7252501248,0.0
2020-01-08T10:19:44.000000,-0.09141005465600001,-0.079395214592,-0.13244981376,-26.289999360000003,-31.695000320000002,26.5885001216,52.54117,-1.431555,74.87854994688,0.0
2020-01-08T10:19:44.100000,-0.19166676682552447,-0.3274453207626209,0.13858190391472877,-25.6187885260357,-32.092727173994554,26.674242149984874,52.54117,-1.431555,74.84784862910796,0.0
2020-01-08T10:19:44.200000,-0.320872,-0.149892,0.252928,-26.6312,-31.9496,26.33,52.54117,-1.431555,75.00588,0.0
2020-01-08T10:19:44.300000,-0.20248119868907638,-0.31316634231530605,0.19131289302995202,-26.610792029016732,-31.96990097102636,26.75,52.54117,-1.431555,74.67477228405373,0.0
2020-01-08T10:19:44.400000,-0.259914866944,-0.34062491392,0.35883993702399997,-26.0954995968,-31.7634998016,26.7319999232,52.54117,-1.431555,74.70769989632,0.0
2020-01-08T10:19:44.500000,-0.111745121792,-0.3016753216,0.297235094016,-25.59750016,-31.5555002368,26.6480000768,52.54117,-1.431555,74.56414997504,0.0
2020-01-08T10:19:44.600000,-0.227719804672,-0.618534529536,0.36521975731199996,-25.77249984,-31.87,26.7214998784,52.54117,-1.431555,74.55095008512001,0.0
2020-01-08T10:19:44.700000,0.012394917632,-0.083385382656,0.106635271936,-25.56,-31.7394994432,26.6455003648,52.54117,-1.431555,74.60294973952,0.0
2020-01-08T10:19:44.800000,-0.066939871744,-0.433829326848,0.358479533568,-25.6815005184,-31.1305005568,27.081999795199998,52.54117,-1.431555,74.32450028800001,0.0
2020-01-08T10:19:44.900000,0.086584928256,0.382664669184,-0.22831486054400002,-26.2769996032,-31.87,26.8760002816,52.54117,-1.431555,74.65899979519999,0.0
2020-01-08T10:19:45.000000,0.000405038848,0.08146558950399999,-0.12530035072,-25.7965001984,-31.8985001216,27.13749952,52.54117,-1.431555,74.39510003456,0.0
2020-01-08T10:19:45.100000,0.059620032512,0.8013547310079999,-0.549909824256,-25.966999603199998,-31.9939997184,26.4909999616,52.54117,-1.431555,74.44205000448001,0.0
2020-01-08T10:19:45.200000,0.101644995072,0.48115015808,-0.340065100544,-25.5045002752,-31.5359996416,26.47750016,52.54117,-1.431555,74.56035047936001,0.0
2020-01-08T10:19:45.300000,0.07805448374659638,0.6730393285563937,-0.4701302904693072,-25.82303013299062,-31.088787983005748,26.75666690801331,52.54117,-1.431555,75.12927248208648,0.0
2020-01-08T10:19:45.400000,-0.018350495651799224,0.5116544172701257,-0.41218908450793473,-25.50138610147238,-31.299108942009628,27.079306898570707,52.54117,-1.431555,74.7916633927372,0.0
2020-01-08T10:19:45.500000,-0.03312730794194234,0.20590308208285601,-0.1744332132633773,-25.28393973401876,-31.60696986700938,26.791818115996367,52.54117,-1.431555,74.98360595419413,0.0
2020-01-08T10:19:45.600000,-0.08747326724642676,0.17281180946490896,0.06303864664627114,-25.770396014508364,-31.732178130489114,26.699504956517995,52.54117,-1.431555,74.86509903911227,0.0
2020-01-08T10:19:45.700000,-0.08169392090898042,-0.3108632104965104,0.23547538677954793,-25.579697041003932,-31.104545833020875,26.693939190988807,52.54117,-1.431555,75.12212125600242,0.0
2020-01-08T10:19:45.800000,-0.05376534695625946,0.30348016987258286,-0.2589078706109279,-25.620296985534726,-31.73910894200963,26.319801942052713,52.54117,-1.431555,75.142633633352,120.28608505170467
2020-01-08T10:19:45.900000,-0.041564932863999995,0.07138501657600001,0.155739974144,-25.25,-31.84999936,26.0570002432,52.541042499456005,-1.43119604846848,74.89580002048001,120.28517865573173
2020-01-08T10:19:46.000000,0.007372581641967427,0.11412734776413881,0.05673309922708736,-25.296969867009377,-31.16060664203207,26.360302958996066,52.54032,-1.429162,74.97587897931056,0.0
2020-01-08T10:19:46.100000,-0.199507909137685,0.14779202698900717,-0.22619202901673124,-25.599603985491633,-31.990296985534727,26.259504956517993,52.54032,-1.429162,75.34502974924656,0.0
2020-01-08T10:19:46.200000,-0.11045154647172753,-0.24463619941094178,0.170781731955244,-25.791818115996367,-31.724545833020876,26.291818115996367,52.54032,-1.429162,75.66269671518596,0.0
2020-01-08T10:19:46.300000,-0.13509008392242944,-0.0545841989602845,0.03998217985405456,-25.709009913035985,-32.24029698553473,26.259703014465277,52.54032,-1.429162,75.36135649416649,0.0
2020-01-08T10:19:46.400000,-0.0010549678079999998,-0.392624992,0.115020261632,-25.77249984,-31.8234998016,26.6480000768,52.54032,-1.429162,75.76829964288001,0.0
2020-01-08T10:19:46.500000,0.030548444477773266,-0.25660560665496135,0.36513601116055844,-25.597878925007564,-31.484242149984873,26.674242149984874,52.54032,-1.429162,75.32839406390687,0.0
2020-01-08T10:19:46.600000,0.0022227938995921723,0.35704548844070555,-0.11994946683530572,-25.740296985534723,-31.09009902897364,26.35930699995691,52.54032,-1.429162,75.5512574449156,0.0
2020-01-08T10:19:46.700000,0.17489390823828155,-0.045020964576346134,0.10793300148169602,-25.46545489101906,-31.334848792016942,26.882424033988503,52.54032,-1.429162,75.70487876209859,0.0
2020-01-08T10:19:46.800000,0.09430393986784308,0.25633163148142984,-0.33970490886647686,-26.019009913035983,-31.70069300004309,26.56,52.54032,-1.429162,75.65359405217842,0.0
2020-01-08T10:19:46.900000,-0.0464335096608378,-0.11873733825732324,-0.00409610524901719,-25.981880511290623,-31.204653880176718,26.513960170430206,52.54032,-1.429162,75.59032671957337,0.0
2020-01-08T10:19:47.000000,0.09669971239221237,0.16144243507926845,-0.02519956349444768,-25.322858184021964,-31.6542854344027,26.258571495743354,52.54032,-1.429162,75.58271434616901,0.0
2020-01-08T10:19:47.100000,-0.08196334001637387,-0.09968015872010058,0.22025538931034572,-26.040792029016732,-31.479603985491636,26.281485130446022,52.54032,-1.429162,75.63406931014292,0.0
2020-01-08T10:19:47.200000,0.09654982016,0.148244652032,-0.18474971648,-25.6019999232,-31.7080000768,26.1855002368,52.54032,-1.429162,75.66865003264,0.0
2020-01-08T10:19:47.300000,-0.13214153437879406,-0.27763249554534375,0.18388411962558077,-25.491089065244555,-31.75504923567476,26.388613315556952,52.54032,-1.429162,75.68630680478847,0.0
2020-01-08T10:19:47.400000,-0.09198702235990473,-0.09661133975832581,0.15941532921837304,-25.571516268918778,-31.465454761726217,25.741515079424595,52.54032,-1.429162,75.58990952345243,0.0
2020-01-08T10:19:47.500000,-0.1675119970831534,-0.2488029897677642,0.26333931045539527,-26.266969323979428,-31.639697041003934,25.803636775022692,52.54032,-1.429162,75.90490911230118,0.0
2020-01-08T10:19:47.600000,0.019620788987430644,-0.1429474974083152,0.10684156682237898,-25.788217884019254,-31.66128707249874,26.430495043482008,52.54032,-1.429162,75.93578217681247,0.0
2020-01-08T10:19:47.700000,-0.036600129280000004,0.028069751552000005,-0.013824894719999998,-26.2919999232,-31.2455002368,26.3890000384,52.54032,-1.429162,75.8872498432,0.0
2020-01-08T10:19:47.800000,-0.170694839552,-0.269154860288,0.11051993395200001,-26.1704999168,-31.6260002816,26.4114998784,52.54032,-1.429162,75.7097501312,0.0
2020-01-08T10:19:47.900000,0.017394893312,-0.1124751232,0.0805502464,-26.1170002432,-31.9714998784,26.2319999232,52.54032,-1.429162,75.87754997248,0.0
2020-01-08T10:19:48.000000,-0.075144790272,-0.251889896704,0.348309746176,-26.2989993984,-31.7919999232,26.16750016,52.54032,-1.429162,75.82974995200001,0.0
2020-01-08T10:19:48.100000,0.188069934592,-0.154480169728,0.041560129536,-25.5090000384,-31.6990000384,26.3604999168,52.54032,-1.429162,75.74589991424,0.0
2020-01-08T10:19:48.200000,0.076509894656,-0.35072487552000003,0.249570153472,-25.59750016,-31.7785001216,26.25,52.54032,-1.429162,75.59959986176,0.0
2020-01-08T10:19:48.300000,-0.030189858304,-0.18843001292800002,0.374514663424,-25.8295000832,-31.8364995584,26.2785001216,52.54032,-1.429162,75.42035001856,0.0
2020-01-08T10:19:48.400000,0.0889997056,-0.215230041088,-0.049009899775999996,-25.97750016,-31.2590000384,26.44,52.54032,-1.429162,75.42669992191999,0.0
2020-01-08T10:19:48.500000,-0.275989889024,-0.278185035776,0.127420184832,-26.2455002368,-31.31,26.3364995584,52.54032,-1.429162,75.3672501888,0.0
2020-01-08T10:19:48.600000,-0.13635503308799998,-0.30985993241599996,0.35671493094400003,-26.6065001984,-31.38500032,25.86250048,52.54032,-1.429162,75.52784961536,0.0
2020-01-08T10:19:48.700000,-0.194820061952,-0.20148492057599998,0.22928484761600001,-26.79499968,-31.8009999616,26.3784994816,52.54032,-1.429162,75.04070010112,0.0
2020-01-08T10:19:48.800000,-0.250504886528,-0.072404899328,0.018304963328000003,-26.3805000448,-31.7214998784,25.91500096,52.54032,-1.429162,75.1539999104,0.0
2020-01-08T10:19:48.900000,-0.132635140096,0.049104947968,-0.016479940608000003,-26.4490000384,-31.56,27.002499200000003,52.54032,-1.429162,74.99989985024,0.0
2020-01-08T10:19:49.000000,-0.26310976281599996,-0.04526010777600001,0.083835091456,-26.5465001984,-31.5419999232,25.9685001216,52.54032,-1.429162,74.8145000576,0.0
2020-01-08T10:19:49.100000,0.021194868992,-0.203445064192,0.195444957952,-26.6419992832,-31.3919997952,26.1480000768,52.54032,-1.429162,74.88559997696001,0.0
2020-01-08T10:19:49.200000,-0.09047473408,-0.278829957888,0.123189929984,-25.7545002752,-31.232500480000002,26.1659996416,52.54032,-1.429162,74.81494982912001,0.0
2020-01-08T10:19:49.300000,0.24694236719685353,-0.2454152330244958,0.04932128134381812,-26.139697041003934,-31.776060265981243,25.75666690801331,52.54032,-1.429162,74.62027284410645,0.0
2020-01-08T10:19:49.400000,0.1275,-0.289276,0.118928,-26.3604,-31.2692,26.169999999999998,52.54032,-1.429162,74.77396,0.0
2020-01-08T10:19:49.500000,-0.030105936669108383,0.09785343711900965,-0.04961780392415298,-26.74198007254183,-31.30188114495439,26.538415941966537,52.54032,-1.429162,74.58922769566904,0.0
2020-01-08T10:19:49.600000,-0.0038300282879999994,-0.08821978419200001,0.081019918592,-25.820500556800003,-30.8364995584,27.1819991552,52.54032,-1.429162,74.40250017279999,0.0
2020-01-08T10:19:49.700000,-0.038954989568,0.167154866688,-0.042430065408,-26.475999641599998,-30.3805005568,25.9954997248,52.54032,-1.429162,74.64010003456,0.0
2020-01-08T10:19:49.800000,-0.040100064,0.027240158464,-0.14190005376,-26.0285001216,-31.2430005248,25.6570001152,52.54032,-1.429162,74.68104997888001,0.0
2020-01-08T10:19:49.900000,-0.11497495679999999,0.17322972492799998,-0.16634979968,-26.1419997952,-31.9114998784,25.8385001216,52.54032,-1.429162,74.55744959232001,0.0
2020-01-08T10:19:50.000000,-0.05159997827880192,-0.1243573305164732,0.055654386001205,-25.88060609900212,-31.68333309198669,26.019697041003933,52.54032,-1.429162,73.96524224048987,0.0
2020-01-08T10:19:50.100000,-0.04605546332227379,0.24722177724944303,-0.15926928682410255,-25.928910884062343,-31.33059407245565,26.149009913035982,52.54032,-1.429162,73.72488121592473,0.0
2020-01-08T10:19:50.200000,-0.14308466017961363,0.20267271558935557,0.008254541669791244,-25.88060609900212,-31.411212016994252,26.27878798300575,52.54032,-1.429162,73.90133312818868,0.0
2020-01-08T10:19:50.300000,0.16266337550154486,0.19351881753271605,-0.05455053113697022,-25.949504956517995,-31.308613898527618,26.291089014551456,52.54032,-1.429162,73.55770295363355,0.0
2020-01-08T10:19:50.400000,0.195354811648,0.23204996224000002,-0.32025984281599995,-26.0930003968,-31.6485001216,25.5,52.54032,-1.429162,73.47095022592,0.0
2020-01-08T10:19:50.500000,-0.053284993536000004,0.25675031936,-0.137105109248,-26.50749952,-32.0635010816,25.5570002432,52.54032,-1.429162,73.6802496128,0.0
2020-01-08T10:19:50.600000,-0.034214955264,0.612454707968,-0.258784900096,-25.945000320000002,-33.1714985984,25.88,52.54032,-1.429162,73.1682500096,0.0
2020-01-08T10:19:50.700000,0.029415017984,0.23450004223999998,-0.132040025344,-26.473500441600002,-31.2919999232,25.7569994752,52.54032,-1.429162,73.08859960576,0.0
2020-01-08T10:19:50.800000,0.06702505856,0.202984626176,-0.10895475788799999,-27.0795000832,-31.1990000384,25.220500684799998,52.54032,-1.429162,72.57265003264,0.0
2020-01-08T10:19:50.900000,0.15980006400000002,-0.281664949504,0.183679876608,-27.1990000384,-31.1929997568,26.1194999552,52.54032,-1.429162,72.60834996736,0.0
2020-01-08T10:19:51.000000,0.21577487616,-0.21186998835200002,0.007889949184000003,-27.2304999168,-30.973500441600002,26.0134998016,52.54032,-1.429162,72.5342498688,0.0
2020-01-08T10:19:51.100000,0.09840020095999999,-0.227045130752,-0.031699880959999996,-26.894999040000002,-31.456499558399997,25.8715005184,52.54032,-1.429162,72.34004991488,0.0
2020-01-08T10:19:51.200000,0.276004619008,-0.38659993984,0.13480003584,-25.723500441600002,-30.83249984,26.484999679999998,52.54032,-1.429162,72.1977498752,0.0
2020-01-08T10:19:51.300000,-0.22878787439975798,-0.2986999710384025,0.20761221248503436,-26.291818115996367,-30.71545489101906,26.117575966011497,52.54032,-1.429162,72.0189696497974,0.0
2020-01-08T10:19:51.400000,-0.19573463682194808,-0.2628188175327161,0.3347168227591748,-26.19,-31.289603985491635,26.360792029016732,52.54032,-1.429162,71.92318810435681,0.0
2020-01-08T10:19:51.500000,-0.05927501312,-0.278804866048,0.23951491302400002,-26.22750016,-31.4714998784,26.061500518400003,52.54032,-1.429162,71.74739976704,0.0
2020-01-08T10:19:51.600000,-0.066784957696,-0.127390113024,0.152005119488,-26.561500518400003,-31.27249984,26.7965001984,52.54032,-1.429162,71.44835004416001,0.0
2020-01-08T10:19:51.700000,-0.044590145023999994,-0.217169742592,0.23865469260799999,-27.108999398399998,-31.0885001216,26.9009993216,52.54032,-1.429162,71.41954962688,0.0
2020-01-08T10:19:51.800000,-0.208159876096,0.09229986175999999,-0.14814990848,-26.234999679999998,-31.2785001216,25.96249984,52.54032,-1.429162,70.91799997439999,0.0
2020-01-08T10:19:51.900000,-0.070315113984,-0.06327988044800001,-0.010399930879999998,-25.8385001216,-31.4670001152,25.8535004416,52.54032,-1.429162,70.86569992192,0.0
2020-01-08T10:19:52.000000,-0.16741476838400002,0.083184947456,0.07262496256,-26.0180000768,-31.62,26.3739997184,52.54032,-1.429162,70.77970007552,0.0
2020-01-08T10:19:52.100000,0.066519685632,0.060230199808,-0.013700156160000001,-26.177000243200002,-31.6019999232,25.9534998016,52.54032,-1.429162,70.81909974016,0.0
2020-01-08T10:19:52.200000,-0.271964662784,0.298614884864,-0.203834926336,-26.46249984,-31.61250048,25.765000320000002,52.54032,-1.429162,70.45509991936,0.0
2020-01-08T10:19:52.300000,0.098994671872,0.15720504908799998,-0.119440057344,-26.1464995584,-32.2034998016,26.1614998784,52.54032,-1.429162,70.29129975808,0.0
2020-01-08T10:19:52.400000,-0.372512250497131,0.17149072478983446,-0.11058454071302419,-25.635757850015125,-31.815757125975193,25.962121074992435,52.54032,-1.429162,70.01469713150892,0.0
2020-01-08T10:19:52.500000,-0.5466465182710611,-0.11847921101256936,0.3510841492810451,-26.069504956517992,-31.091485130446024,25.78009902897364,52.54032,-1.429162,70.18626727684263,0.0
2020-01-08T10:19:52.600000,-0.415735027456,-0.13367495424,0.263939954944,-26.168000204800002,-30.9955002368,26.043500441600003,52.54032,-1.429162,69.76259997696,0.0
2020-01-08T10:19:52.700000,-0.358584600576,-0.076740016384,0.191289945344,-26.4580000768,-31.2919999232,26.554999679999998,52.54032,-1.429162,69.732,0.0
2020-01-08T10:19:52.800000,0.16064254762604807,-0.11991589224701672,0.09565044052193485,-26.551089087830643,-31.124653310758063,26.13,52.54032,-1.429162,69.70096032261007,0.0
2020-01-08T10:19:52.900000,0.08310010187768409,-0.20555743393624024,-0.040599967869345784,-26.428571988338923,-30.892856023322153,26.14714272279866,52.54032,-1.429162,69.50142874047835,0.0
2020-01-08T10:19:53.000000,0.044444,-0.059724,-0.017727999999999994,-26.0304,-31.71,26.41,52.54032,-1.429162,69.29024,0.0
2020-01-08T10:19:53.100000,0.12559794033928895,-0.3812167791631076,0.21439107826761397,-26.218514869553978,-31.460396014508365,27.200891057990372,52.54032,-1.429162,68.82282175798606,0.0
2020-01-08T10:19:53.200000,-0.5194499097599999,0.001364753664000011,0.150215113984,-26.3519999232,-31.25,26.9114998784,52.54032,-1.429162,68.59404988928,0.0
2020-01-08T10:19:53.300000,-0.352889800704,-0.278279797248,0.26507484416,-26.1464995584,-31.2214998784,26.7319999232,52.54032,-1.429162,68.4740001152,0.0
2020-01-08T10:19:53.400000,-0.112485103616,-0.033600104959999995,0.07547007411199999,-25.59750016,-30.956499558399997,26.7230003968,52.54032,-1.429162,68.58919983871999,0.0
2020-01-08T10:19:53.500000,-0.178954696448,-0.136144842752,0.141604862208,-25.697499519999997,-30.52000064,27.13749952,52.54032,-1.429162,68.42570021632,0.0
2020-01-08T10:19:53.600000,0.198759891456,0.068919983872,-0.050865040384,-25.1065001984,-31.3429998848,26.3784994816,52.54032,-1.429162,68.66544979712,0.0
2020-01-08T10:19:53.700000,0.03726660391653888,-0.0031213953801080413,-0.06056044699122619,-25.342727173994554,-31.265757850015127,25.69,52.54032,-1.429162,68.34418163058966,0.0
2020-01-08T10:19:53.800000,-0.03153859595316971,-0.19650885380363015,0.1293890733554524,-25.24861389852762,-31.599702913079074,25.640891057990373,52.54032,-1.429162,68.0506732652187,0.0
2020-01-08T10:19:53.900000,0.08291805264287505,0.21335732689627354,-0.10798765899787699,-25.569090942001814,-31.168485024009684,25.549697584033883,52.54032,-1.429162,68.06239404580587,0.0
2020-01-08T10:19:54.000000,-0.08455146465043306,-0.1066969885763096,0.16557619553343084,-25.710297086920928,-31.38930689857071,26.480990086964017,52.54032,-1.429162,68.16775243770452,0.0
2020-01-08T10:19:54.100000,0.04333014385122014,0.13053900454852232,-0.10978456786452179,-26.132424033988503,-31.12,26.455757850015125,52.54032,-1.429162,67.84421208939825,0.0
2020-01-08T10:19:54.200000,-0.20450000101386204,-0.3959979717690118,0.27498511726581687,-25.83059407245565,-31.110495043482008,26.899009913035982,52.54032,-1.429162,67.82525744491561,0.0
2020-01-08T10:19:54.300000,-0.187439890944,-0.028415149823999997,0.030430074368,-26.024000358400002,-30.993999718399998,27.0,52.54032,-1.429162,67.95029984768,0.0
2020-01-08T10:19:54.400000,-0.09765023487999999,-0.210764929024,0.11388493465600001,-26.5465001984,-30.668000204800002,26.92499968,52.54032,-1.429162,67.74860000256,0.0
2020-01-08T10:19:54.500000,-0.31978149302206516,-0.05616644824795266,-0.015703185258546908,-26.819090942001814,-31.024848792016943,26.5,52.54032,-1.429162,67.8256366302147,0.0
2020-01-08T10:19:54.600000,0.15577820044559237,0.21817520727141848,-0.20792274219262874,-26.850990086964018,-31.41128707249874,26.539603985491635,52.54032,-1.429162,68.19459403190116,0.0
2020-01-08T10:19:54.700000,0.032180094208,-0.03694964864,-0.005230211328000001,-26.78750016,-30.9865001984,26.5819992832,52.54032,-1.429162,67.9429999104,0.0
2020-01-08T10:19:54.800000,0.149634967296,0.36815473740800003,-0.258419882752,-26.9054995968,-31.1839997184,25.6945002752,52.54032,-1.429162,67.80569992192,120.42835622418755
2020-01-08T10:19:54.900000,0.091484937216,0.08306027161599999,-0.113560046336,-26.3519999232,-30.8295000832,25.929499443199997,52.54019894948352,-1.42882314855424,67.72735010816,120.42749864935968
2020-01-08T10:19:55.000000,-6.003481600000242e-05,0.43244495155199997,-0.18773005388800001,-26.17499968,-31.1740009984,25.283000396800002,52.539513,-1.426903,67.87415001344,0.0
2020-01-08T10:19:55.100000,-0.032544941312,0.295439689984,-0.21836482534399998,-25.75,-32.3784994816,25.88500032,52.539513,-1.426903,67.8649998848,0.0
2020-01-08T10:19:55.200000,0.031569940992,-0.06483478041599999,0.007689974783999999,-25.71249984,-31.774000358400002,26.207999564799998,52.539513,-1.426903,67.76330021888,0.0
2020-01-08T10:19:55.300000,-0.032909940736,0.112919514112,0.035295260672000006,-25.5,-32.1839997184,25.66750016,52.539513,-1.426903,67.99729975808,0.0
2020-01-08T10:19:55.400000,0.03729996922830272,-0.4563542701548152,0.3182270436673657,-25.453030132990623,-31.81,25.983030676020572,52.539513,-1.426903,67.78736403952225,0.0
2020-01-08T10:19:55.500000,0.010167339702076644,-0.10436935373899643,0.018347559253898936,-25.26920797098327,-31.691188043525095,26.531485130446022,52.539513,-1.426903,68.30771280583782,0.0
2020-01-08T10:19:55.600000,0.10887995724800001,-0.48277494016,0.28487490303999996,-25.6990000384,-31.1260002816,26.3604999168,52.539513,-1.426903,67.71579981568,0.0
2020-01-08T10:19:55.700000,0.034324924160000006,-0.266559416576,0.101619767552,-25.7409999616,-31.5840003584,26.2214998784,52.539513,-1.426903,67.52875024640001,0.0
2020-01-08T10:19:55.800000,-0.051924938239999996,0.36174937472,-0.129414668544,-25.69,-32.0795000832,26.0044997632,52.539513,-1.426903,67.82479986688001,0.0
2020-01-08T10:19:55.900000,-0.034612355482921714,-0.37991179978227085,0.2507543280780101,-25.614242149984875,-32.152121074992436,25.812727717024508,52.539513,-1.426903,67.60315135279104,0.0
2020-01-08T10:19:56.000000,-0.24538010194382698,0.08789800117101065,-0.06214949015413238,-25.26920797098327,-31.90990097102636,26.5,52.539513,-1.426903,67.38859408259427,0.0
2020-01-08T10:19:56.100000,0.4750239344330121,-0.01575435522950773,0.03303625914423651,-25.71727282600545,-31.881818659026322,26.56666690801331,52.539513,-1.426903,67.59830308570305,0.0
2020-01-08T10:19:56.200000,-0.063208,0.15491600000000003,-0.052823999999999996,-25.8412,-32.5304,26.7896,52.539513,-1.426903,67.71679999999999,0.0
2020-01-08T10:19:56.300000,-0.2498464473007191,-0.33088999571643296,0.21316625309544746,-25.650396014508367,-31.980792029016733,26.03009902897364,52.539513,-1.426903,67.74357416527472,0.0
2020-01-08T10:19:56.400000,0.47109995136,0.505594874112,-0.4354497792,-25.47750016,-31.5314998784,26.0954995968,52.539513,-1.426903,67.04600032,0.0
2020-01-08T10:19:56.500000,0.306509573376,0.35872508672,-0.172485129216,-25.811500518400003,-31.2769996032,25.67250048,52.539513,-1.426903,67.43154983168,0.0
2020-01-08T10:19:56.600000,-0.226514856704,0.500780114688,-0.3335999552,-26.3679994368,-30.7590000384,26.179499443199997,52.539513,-1.426903,67.12114962944,0.0
2020-01-08T10:19:56.700000,-0.052115067904,0.561479609088,-0.223954786048,-25.6305000448,-30.9045004032,25.6275008,52.539513,-1.426903,66.78290065664,0.0
2020-01-08T10:19:56.800000,-0.148360025856,0.12610535756799998,-0.0020652656639999975,-25.765000320000002,-31.40249984,26.5309993216,52.539513,-1.426903,67.54204951808,0.0
2020-01-08T10:19:56.900000,-0.155429883648,0.450729358848,-0.27016463846399996,-26.1239997184,-31.2545002752,25.817500799999998,52.539513,-1.426903,66.89179995648,0.0
2020-01-08T10:19:57.000000,-0.004006071850620217,-0.348390719359535,0.19187872227638156,-25.81666690801331,-31.57303013299062,26.804242149984873,52.539513,-1.426903,66.8094544565951,0.0
2020-01-08T10:19:57.100000,-0.005944,-0.07633999999999999,0.101296,-26.119600000000002,-31.2396,26.4488,52.539513,-1.426903,66.5816,0.0
2020-01-08T10:19:57.200000,0.07816237811477425,-0.19425445883846898,0.1441475156578317,-25.789603985491635,-30.94920797098327,26.65158405803346,52.539513,-1.426903,66.15547527824175,0.0
2020-01-08T10:19:57.300000,0.096540011264,-0.22285000064000002,0.075385031936,-25.96249984,-31.3144997632,25.92250048,52.539513,-1.426903,66.36439979264,0.0
2020-01-08T10:19:57.400000,0.12260610081221765,-0.21180601754762501,0.10949693963834205,-25.740909057998184,-31.01818188400363,26.522121074992434,52.539513,-1.426903,66.00490878648321,0.0
2020-01-08T10:19:57.500000,0.13963561494534016,-0.09555244378768715,0.03285344624376792,-25.65990097102636,-31.13108911593766,26.321089115937657,52.539513,-1.426903,65.67720801153774,0.0
2020-01-08T10:19:57.600000,-0.032259709696000005,0.23361527910399998,-0.19349528243199998,-25.4909999616,-31.19,26.4265001984,52.539513,-1.426903,66.37319972352,0.0
2020-01-08T10:19:57.700000,0.3033301221300221,0.563860459661925,-0.5224028630607754,-25.515757850015127,-31.161212016994252,26.556666183973377,52.539513,-1.426903,66.04145467380708,0.0
2020-01-08T10:19:57.800000,0.049923779120018455,0.40789509417510916,-0.3051257688242496,-25.900396014508367,-30.97940592754435,25.879703014465274,52.539513,-1.426903,66.12657418555196,0.0
2020-01-08T10:19:57.900000,0.19067878925007564,0.7958697457326896,-0.5202302850390077,-25.8687885260357,-30.729090398971863,26.334848792016942,52.539513,-1.426903,65.60081845991535,0.0
2020-01-08T10:19:58.000000,0.1430415526283106,0.7937395548131833,-0.4578336414629015,-26.909603985491636,-29.849702913079074,26.76089105799037,52.539513,-1.426903,65.88842565223013,0.0
2020-01-08T10:19:58.100000,-0.095769891072,0.481315425024,-0.30562513408,-27.15750016,-29.436000281600002,26.358999398399998,52.539513,-1.426903,65.14285005056,0.0
2020-01-08T10:19:58.200000,0.063060060416,0.824609056256,-0.369159511296,-27.2859996416,-29.8760002816,25.5795000832,52.539513,-1.426903,65.1657498112,0.0
2020-01-08T10:19:58.300000,0.13069994624,-0.33699960832000003,0.210059702016,-26.7634998016,-30.3340003584,25.69,52.539513,-1.426903,64.9555001728,0.0
2020-01-08T10:19:58.400000,0.054844980992,0.0830745728,-0.08527457152000001,-26.5,-30.743999718399998,25.783000396800002,52.539513,-1.426903,65.16879993088,0.0
2020-01-08T10:19:58.500000,0.011104921088,-0.414189700864,0.39076960307200004,-26.46249984,-30.5395007232,26.34750016,52.539513,-1.426903,64.98744961791999,0.0
2020-01-08T10:19:58.600000,-0.09781001753600001,-0.044665118464,-0.07219972608,-26.17499968,-31.4339997184,26.5134998016,52.539513,-1.426903,64.49995008512,0.0
2020-01-08T10:19:58.700000,-0.095914892544,-0.140979739648,0.21548967526400004,-25.8430003968,-31.0885001216,26.2695000832,52.539513,-1.426903,64.62590005504,0.0
2020-01-08T10:19:58.800000,0.031244933632,0.187489926144,-0.203709948416,-26.418000204800002,-31.2785001216,26.276499558399998,52.539513,-1.426903,64.6472497792,0.0
2020-01-08T10:19:58.900000,-0.0244604886235225,0.11314251019474088,-0.12245752962745558,-26.556666183973377,-31.48696986700938,25.803636775022692,52.539513,-1.426903,64.30763619579074,0.0
2020-01-08T10:19:59.000000,0.094144,0.22466000000000003,-0.031324000000000005,-25.8996,-31.7196,26.4096,52.539513,-1.426903,64.04736,0.0
2020-01-08T10:19:59.100000,-0.24496337144609676,0.1978663909806834,0.022472245526967458,-26.262277159462755,-31.609108942009627,26.17079202901673,52.539513,-1.426903,63.99837620871364,0.0
2020-01-08T10:19:59.200000,-0.199693620432407,0.39666573687871554,-0.10249645996188445,-25.746060809011194,-31.81393919098881,25.665151207983058,52.539513,-1.426903,63.764787910601754,0.0
2020-01-08T10:19:59.300000,0.24710800000000002,-0.932736,0.603488,-26.0904,-31.42,25.340400000000002,52.539513,-1.426903,63.70967999999999,0.0
2020-01-08T10:19:59.400000,-0.0024425773893559694,-0.20107316586022395,0.07168607612583042,-26.180296985534724,-30.97940592754435,26.109405927544348,52.539513,-1.426903,63.138554440588955,0.0
2020-01-08T10:19:59.500000,-0.018518144957966897,0.638327231917749,-0.45373030857030555,-25.867575966011497,-30.974545833020876,25.98181811599637,52.539513,-1.426903,63.005818152198366,0.0
2020-01-08T10:19:59.600000,0.03441286869726333,0.6219643860685219,-0.46293366376786615,-26.150396014508367,-31.56,25.86891088406234,52.539513,-1.426903,62.93148513044603,0.0
2020-01-08T10:19:59.700000,0.021145036032,0.7262643850239999,-0.402939729664,-26.015000320000002,-31.5795000832,25.8580002048,52.539513,-1.426903,62.78930003968,0.0
2020-01-08T10:19:59.800000,0.08480201758032302,0.06422313830056878,-0.10327637808846937,-26.328613597883063,-31.624653310758063,26.13,52.539513,-1.426903,62.822693023633065,0.0
2020-01-08T10:19:59.900000,0.15035573596263943,0.6945503343521636,-0.28469508479046746,-25.698484787364436,-31.28535328068515,26.22616092346361,52.539513,-1.426903,62.74707045443967,0.0
2020-01-08T10:20:00.000000,0.017095080191999998,-0.669404168448,0.5350793786879999,-25.7965001984,-31.5285001216,26.7829998848,52.539513,-1.426903,62.8984997376,0.0
2020-01-08T10:20:00.100000,0.09744839017477808,0.12287765793767569,-0.08131136535830927,-26.041818115996367,-31.670302958996068,26.543636050982755,52.539513,-1.426903,62.576666763205324,0.0
2020-01-08T10:20:00.200000,-0.022544537691588245,-1.5311860791674166,0.9977613290210402,-25.949504956517995,-31.599603985491633,26.00138610147238,52.539513,-1.426903,62.73629703622783,0.0
2020-01-08T10:20:00.300000,0.08099988856484572,-0.9995793117122362,0.5186058814671292,-25.91764681079616,-31.818823555986125,25.670882295363395,52.539513,-1.426903,62.84555898784754,0.0
2020-01-08T10:20:00.400000,-0.13500611736309207,-0.8781344362245698,0.5549845561267672,-25.55540774583869,-31.779796244631832,25.7178565718943,52.539513,-1.426903,62.99870467226732,0.0
2020-01-08T10:20:00.500000,-0.13509599499152158,-1.063161000529743,0.6283357728543512,-26.36643592011781,-31.207821869510887,26.721782039941093,52.539513,-1.426903,62.07639675209299,0.0
2020-01-08T10:20:00.600000,-0.07589994052529098,0.4042634388276759,-0.2790880417047003,-26.671616005419956,-31.26616124369374,26.507676323118336,52.539513,-1.426903,62.88652505307471,0.0
2020-01-08T10:20:00.700000,-0.0485818731430315,-0.16186559207072837,0.1419053930631802,-26.53121201699425,-31.0,26.132424033988503,52.539513,-1.426903,62.7374848248987,0.0
2020-01-08T10:20:00.800000,-0.12963960145083656,1.4105940024991699,-0.8420346226278798,-26.439703014465277,-31.049108942009628,25.879703014465274,52.539513,-1.426903,62.709554460866194,0.0
2020-01-08T10:20:00.900000,-0.090494922752,0.96335012736,-0.5914650339840001,-26.734999679999998,-31.2919999232,26.1194994432,52.539513,-1.426903,62.74959997696,0.0
2020-01-08T10:20:01.000000,0.0028599605759999994,1.167960151296,-0.6828151971840001,-26.3190000384,-31.1704999168,25.41750016,52.539513,-1.426903,62.71254997248,0.0
2020-01-08T10:20:01.100000,-0.010304832768000004,1.192919249152,-0.83377452672,-26.37,-30.929499443199997,25.7230003968,52.539513,-1.426903,62.68035001856,0.0
2020-01-08T10:20:01.200000,0.195014928384,0.305920470272,-0.269730275328,-26.418000204800002,-30.367000755200003,26.1944997632,52.539513,-1.426903,62.73845014272,0.0
2020-01-08T10:20:01.300000,0.095804982528,0.733279158528,-0.513884481536,-26.5954995968,-31.3234998016,25.88,52.539513,-1.426903,62.93880004608,0.0
2020-01-08T10:20:01.400000,0.088155066368,-0.287714587904,0.116694752512,-26.06,-31.2475008,25.8694999552,52.539513,-1.426903,62.9534998016,0.0
2020-01-08T10:20:01.500000,0.12449776595502002,0.15727276589165362,-0.13144514981078798,-26.068910934755444,-32.27287110518565,25.81,52.539513,-1.426903,62.71257436804712,0.0
2020-01-08T10:20:01.600000,-0.14735635202821687,-0.3764116710065965,0.2785854183528609,-26.040807407962888,-31.972322487387483,25.784545238273783,52.539513,-1.426903,62.86844466912668,0.0
2020-01-08T10:20:01.700000,-0.009115061504000002,-0.029529892608,-0.027419963391999997,-25.6635004416,-31.47750016,25.7230003968,52.539513,-1.426903,63.006349903360004,0.0
2020-01-08T10:20:01.800000,-0.064579888128,0.07330483020800001,0.019369992192,-26.2034998016,-31.7365001984,26.0534991616,52.539513,-1.426903,62.86059992576,0.0
2020-01-08T10:20:01.900000,0.082739994624,-0.199885203456,0.033915106304,-25.9670001152,-31.9429997568,25.09000064,52.539513,-1.426903,62.75389996544,0.0
2020-01-08T10:20:02.000000,0.057884924416,-0.325139381504,0.09904967552,-26.0734998016,-31.714500403200002,25.86499968,52.539513,-1.426903,62.72420006912,0.0
2020-01-08T10:20:02.100000,-0.05427505024,0.410694634752,-0.24399962495999997,-25.88500032,-32.1464995584,25.4204999168,52.539513,-1.426903,62.7852498688,0.0
2020-01-08T10:20:02.200000,-0.08994986751999999,-0.08160003072,0.219029850368,-26.206499558399997,-31.6545004032,25.3670002432,52.539513,-1.426903,62.64985016576,0.0
2020-01-08T10:20:02.300000,0.08422999244799999,-0.19687531776,0.071660219136,-25.6485001216,-32.095499596799996,25.7185001216,52.539513,-1.426903,62.842999884799994,0.0
2020-01-08T10:20:02.400000,0.041259859456,-0.43115919897599997,0.274604624128,-25.88500032,-31.5419999232,25.767499519999998,52.539513,-1.426903,62.71160009216,0.0
2020-01-08T10:20:02.500000,-0.16541522397399663,0.5364572273407824,-0.18778168489264813,-26.319090942001814,-31.477878925007566,25.18606080901119,52.539513,-1.426903,62.79036347839129,0.0
2020-01-08T10:20:02.600000,-0.1855078625000317,0.04521488172032109,0.0024791978323629796,-26.469802043438918,-31.650396014508367,25.60930699995691,52.539513,-1.426903,62.55059406231704,0.0
2020-01-08T10:20:02.700000,0.26278982758400005,0.26715486540800004,-0.104630096128,-26.9534998016,-31.4955002368,26.002499200000003,52.539513,-1.426903,62.56479995648,0.0
2020-01-08T10:20:02.800000,0.037265014783999996,0.08055496652800001,-0.213909921536,-26.6990000384,-31.84750016,24.9955002368,52.539513,-1.426903,62.49934996736,0.0
2020-01-08T10:20:02.900000,0.068420049152,0.08290019968000001,-0.10329497267200001,-26.71249984,-32.0419999232,25.3760002816,52.539513,-1.426903,62.421499852800004,0.0
2020-01-08T10:20:03.000000,0.11079082615542553,0.24423598762926052,-0.02093922719080263,-26.604545833020875,-31.864242149984875,25.787878925007565,52.539513,-1.426903,62.24721219800424,0.0
2020-01-08T10:20:03.100000,0.002618824629750261,-0.26067915930560587,0.18239402480413452,-27.129801942052715,-31.508118855045613,26.03009902897364,52.539513,-1.426903,62.32782175798607,0.0
2020-01-08T10:20:03.200000,0.081764881664,0.066634657536,-0.043034724095999996,-26.725999641599998,-31.918000204800002,26.256000281600002,52.539513,-1.426903,62.10504991488,0.0
2020-01-08T10:20:03.300000,-0.05951493222399999,-0.33967479295999997,0.27502479360000004,-26.28750016,-32.039999359999996,26.6014998784,52.539513,-1.426903,61.988249984,0.0
2020-01-08T10:20:03.400000,0.02104995968,-0.11384020966399999,0.03438014284799999,-26.4339997184,-31.274000358400002,26.4204999168,52.539513,-1.426903,61.9227498112,0.0
2020-01-08T10:20:03.500000,-0.034015006464,-0.39890002816,0.23179503283199998,-26.0509999616,-31.71249984,26.3385001216,52.539513,-1.426903,61.66119995392,0.0
2020-01-08T10:20:03.600000,-0.02750903627698665,-0.4237393484674919,0.23032407924099926,-26.084848792016942,-31.556060809011193,26.415151207983058,52.539513,-1.426903,61.62060613520411,0.0
2020-01-08T10:20:03.700000,0.063688,-0.463256,0.08182,-26.5104,-31.8012,26.060000000000002,52.539513,-1.426903,61.76144,0.0
2020-01-08T10:20:03.800000,0.081648,-0.6978880000000001,0.4043279999999999,-26.3204,-31.529600000000002,26.6404,52.539513,-1.426903,61.8022,0.0
2020-01-08T10:20:03.900000,-0.015338618258134342,0.8913721461684887,-0.6398454641080169,-26.65990097102636,-31.930296985534724,26.44811885504561,52.539513,-1.426903,61.301376228990875,121.36609022373273
2020-01-08T10:20:04.000000,-0.024389881344000004,0.06198614937599997,-0.11465063680000001,-26.57500032,-31.6065001984,26.65999936,52.53940304953088,-1.42660644873472,61.27055017728,121.36532839593917
2020-01-08T10:20:04.100000,0.11042990284800001,1.49632460672,-0.918969823232,-26.8304992768,-31.8234998016,25.8760002816,52.53878,-1.424926,61.457399792640004,0.0
2020-01-08T10:20:04.200000,0.047157813813130466,0.9522574970456584,-0.6964879232724537,-25.842727173994554,-31.49333309198669,26.22121201699425,52.53878,-1.424926,61.20275765090415,0.0
2020-01-08T10:20:04.300000,0.3837168116066925,0.8197118743520788,-0.7292603732026127,-25.74861389852762,-31.140594072455652,26.071089115937657,52.53878,-1.424926,61.30078216667385,0.0
2020-01-08T10:20:04.400000,0.238920100352,0.642444488192,-0.47409472819199994,-26.1065001984,-31.28750016,26.09249984,52.53878,-1.424926,61.159599810559996,0.0
2020-01-08T10:20:04.500000,0.35817494015999995,-0.016344910592000002,-0.115860011776,-26.33249984,-31.4909999616,25.822999756799998,52.53878,-1.424926,60.92690008064,0.0
2020-01-08T10:20:04.600000,0.20162396339460953,0.10085453985969141,-0.12760604650922247,-26.168485024009684,-31.48696986700938,25.5575759660115,52.53878,-1.424926,61.00399989139401,0.0
2020-01-08T10:20:04.700000,-0.1879405674078843,0.09991485637377037,-0.08013661740142093,-26.44,-31.72940592754435,25.908514869553976,52.53878,-1.424926,60.78990096088774,0.0
2020-01-08T10:20:04.800000,0.01832492672,0.09694981248,0.057220004352,-26.3739997184,-31.7055003648,26.0134998016,52.53878,-1.424926,60.53854997248,0.0
2020-01-08T10:20:04.900000,-0.09313641481282275,-0.14826665278923457,0.0738333725521632,-26.180303683036,-32.1324240339885,25.75,52.53878,-1.424926,60.51396974030239,0.0
2020-01-08T10:20:05.000000,-0.144268,-0.13144,0.13237200000000002,-27.018800000000002,-31.720399999999998,25.7404,52.53878,-1.424926,60.59252,0.0
2020-01-08T10:20:05.100000,-0.010913870139482069,-0.1777881327449554,0.14900199781512732,-26.189703014465277,-31.22940592754435,25.680495043482008,52.53878,-1.424926,60.625594042039786,0.0
2020-01-08T10:20:05.200000,-0.072494949632,-0.26831988787199995,0.264119860992,-26.5419999232,-31.27000064,25.7230003968,52.53878,-1.424926,60.48705003008,0.0
2020-01-08T10:20:05.300000,0.012945521683703151,-0.14691525112549422,0.10175765633444439,-26.449090942001817,-32.092727173994554,26.156060265981242,52.53878,-1.424926,60.528060609900216,0.0
2020-01-08T10:20:05.400000,0.1079603904382672,-0.23286530336019223,0.1797148219024614,-26.5,-31.90990097102636,25.649009913035982,52.53878,-1.424926,60.51182176812468,0.0
2020-01-08T10:20:05.500000,0.054489972224,0.09815486796799999,-0.067939998464,-26.5090000384,-31.7214998784,25.6944997632,52.53878,-1.424926,60.4225001216,0.0
2020-01-08T10:20:05.600000,0.029705051647999997,-0.063984943616,-0.0812750656,-26.5509999616,-31.5885001216,25.41750016,52.53878,-1.424926,60.590600028160004,0.0
2020-01-08T10:20:05.700000,0.105215029504,-0.084665407744,-0.098184700416,-26.4714998784,-31.7965001984,25.6194999552,52.53878,-1.424926,60.6084999168,0.0
2020-01-08T10:20:05.800000,0.097659800576,-0.430209163776,0.20866461158400001,-26.31,-31.9669996032,25.5795000832,52.53878,-1.424926,60.47309989376,0.0
2020-01-08T10:20:05.900000,-0.180340056064,0.619679740928,-0.276989871104,-26.2919999232,-31.40249984,25.793500441600003,52.53878,-1.424926,60.38180021248,0.0
2020-01-08T10:20:06.000000,-0.180804684288,0.23443982438400002,-0.10491499622400001,-26.2170001152,-31.22750016,26.41750016,52.53878,-1.424926,60.64239990784,0.0
2020-01-08T10:20:06.100000,0.18586477542399998,-0.005445028352,-0.08819995008,-26.436000281600002,-31.4670001152,26.6104999168,52.53878,-1.424926,60.51189996544,0.0
2020-01-08T10:20:06.200000,-0.117635022336,-0.018544895231999998,-0.030420036352,-26.697499519999997,-31.6485001216,26.4069996032,52.53878,-1.424926,60.4675000064,0.0
2020-01-08T10:20:06.300000,-0.1334363134472317,0.0727361903604426,-0.06541207310734669,-26.050909057998183,-31.772121074992434,25.92696986700938,52.53878,-1.424926,60.52675775951014,0.0
2020-01-08T10:20:06.400000,-0.05332871130532202,-0.21659110260030265,0.03648516593119425,-26.0,-31.50138610147238,26.120296985534726,52.53878,-1.424926,60.802445539133814,0.0
2020-01-08T10:20:06.500000,-0.035519980032,-0.233489589504,0.124254751488,-26.11250048,-31.2455002368,25.78750016,52.53878,-1.424926,60.72189985024,0.0
2020-01-08T10:20:06.600000,-0.003224975359999999,0.272054830848,-0.19174494003200002,-26.6659996416,-31.6260002816,25.9069996032,52.53878,-1.424926,60.518199979520006,0.0
2020-01-08T10:20:06.700000,0.04547506816,0.135690376704,-0.165635228416,-26.2080000768,-31.92499968,25.45500032,52.53878,-1.424926,60.524450142720006,0.0
2020-01-08T10:20:06.800000,0.16229511219200002,0.542609601536,-0.437124864,-26.188499481599997,-31.53750016,25.9355002368,52.53878,-1.424926,60.61514957824,0.0
2020-01-08T10:20:06.900000,0.22607241873298184,0.24138567383552398,-0.3433033445473328,-25.669697584033884,-31.843939734018758,26.22121201699425,52.53878,-1.424926,60.10742443221047,0.0
2020-01-08T10:20:07.000000,-0.28045942448121947,1.5613950769394547,-0.8533208072369471,-26.41247511602384,-32.35099008696401,25.952277159462753,52.53878,-1.424926,60.43806933042017,0.0
2020-01-08T10:20:07.100000,-0.32359656313757534,1.4440654092506446,-0.7862629335512349,-25.39484879201694,-32.18333309198669,25.43606080901119,52.53878,-1.424926,60.584242240489864,0.0
2020-01-08T10:20:07.200000,0.313956,-0.303944,0.16602,-25.9404,-31.750799999999998,25.6396,52.53878,-1.424926,60.28736,0.0
2020-01-08T10:20:07.300000,0.284984,0.46431200000000006,-0.36355600000000005,-26.3308,-31.499200000000002,25.18,52.53878,-1.424926,60.243399999999994,0.0
2020-01-08T10:20:07.400000,-0.06433759755253707,-0.773066234845931,0.46948310221503503,-26.400396014508367,-31.790990086964015,25.821089115937657,52.53878,-1.424926,60.310782146396605,0.0
2020-01-08T10:20:07.500000,0.132659902976,-0.07415565900800002,-0.003969655552000004,-26.1704999168,-31.61499968,25.831999795199998,52.53878,-1.424926,60.00784984576,0.0
2020-01-08T10:20:07.600000,0.04664863996855598,-0.9087937923918918,0.43109082796552534,-25.99333309198669,-31.21727282600545,25.617575966011497,52.53878,-1.424926,59.825878870704564,0.0
2020-01-08T10:20:07.700000,0.2149801526369284,-0.5021682032590595,0.21234053496429936,-25.659603985491636,-31.360495043482008,25.979603985491636,52.53878,-1.424926,59.91930690870932,0.0
2020-01-08T10:20:07.800000,-0.155329956608,0.363089629184,-0.22579975552,-25.8985001216,-31.3295000832,26.0864995584,52.53878,-1.424926,59.728549972479996,0.0
2020-01-08T10:20:07.900000,-0.087844957952,-0.025269555712,0.047914782464,-26.0134998016,-31.4955002368,25.53750016,52.53878,-1.424926,59.71405009408,0.0
2020-01-08T10:20:08.000000,-0.051939466123981495,0.5636636322497731,-0.24743941725128582,-25.76818188400363,-31.856969867009376,25.693939190988807,52.53878,-1.424926,59.8144544565951,0.0
2020-01-08T10:20:08.100000,-0.12276037016102663,0.5211177988548429,-0.3070564505704241,-25.860495043482008,-32.091485130446024,25.329306898570707,52.53878,-1.424926,59.643891068128994,0.0
2020-01-08T10:20:08.200000,0.10387504128000001,0.343735063296,-0.39220982937599996,-25.77249984,-31.9670001152,25.1170002432,52.53878,-1.424926,59.44969992192,0.0
2020-01-08T10:20:08.300000,0.12198774588266934,0.36611795851768336,-0.10378159438765613,-25.550909057998183,-32.016969323979424,25.53393973401876,52.53878,-1.424926,59.36509097820381,0.0
2020-01-08T10:20:08.400000,-0.08304554420311712,0.08493766446743095,0.12723161019032725,-25.509504956517993,-31.568316912992895,25.91267317397112,52.53878,-1.424926,59.50796041882641,0.0
2020-01-08T10:20:08.500000,-0.100665087744,0.35167968204800004,-0.42474974464,-25.5885001216,-32.13749952,25.13,52.53878,-1.424926,59.639599746559995,0.0
2020-01-08T10:20:08.600000,-0.16220976537600001,-0.0447248896,-0.107530093568,-25.7214998784,-31.5840003584,25.1570001152,52.53878,-1.424926,59.32895011072,0.0
2020-01-08T10:20:08.700000,0.114044849152,0.0602748224,-0.14430462668800004,-25.6920005632,-31.9384994816,25.27249984,52.53878,-1.424926,59.45109989376,0.0
2020-01-08T10:20:08.800000,-0.079594971392,-0.10367469312000001,0.264889630464,-26.4865001984,-31.3430003968,25.1080002048,52.53878,-1.424926,59.31270001152,0.0
2020-01-08T10:20:08.900000,-0.026809936896,0.175079450368,-0.151034680576,-26.8430003968,-31.8054997248,25.41750016,52.53878,-1.424926,59.3760002048,0.0
2020-01-08T10:20:09.000000,0.04342494208,-0.48798471449599995,0.255319923712,-27.29499968,-31.36499968,25.66750016,52.53878,-1.424926,59.589799751680005,0.0
2020-01-08T10:20:09.100000,-0.022489953024000003,-0.164705238528,0.16169503283199999,-26.8054997248,-30.8739997184,25.84249984,52.53878,-1.424926,59.23179987968,0.0
2020-01-08T10:20:09.200000,0.044824260250983274,-0.4800151461397035,0.20964850059086831,-26.315757125975193,-30.480302958996067,25.592121074992434,52.53878,-1.424926,59.06003025969761,0.0
2020-01-08T10:20:09.300000,0.05868117942569786,-0.35789398729123945,0.17182174277813406,-25.540792029016732,-30.499901072412563,25.319801942052713,52.53878,-1.424926,58.979851476816776,0.0
2020-01-08T10:20:09.400000,-0.032860079616,0.163029643008,-0.10223475993600001,-25.2805006848,-31.1704999168,25.0660002816,52.53878,-1.424926,58.941950136319996,0.0
2020-01-08T10:20:09.500000,-0.12644994816,-0.18584946559999999,0.162989771264,-26.2080000768,-31.0885001216,25.47750016,52.53878,-1.424926,59.04409966336,0.0
2020-01-08T10:20:09.600000,-0.066780039168,0.502779909888,-0.159535079936,-26.3009999616,-31.3160002816,25.6329997568,52.53878,-1.424926,58.61485007616,0.0
2020-01-08T10:20:09.700000,-0.06583477401599999,0.332954786048,-0.23892488575999998,-26.21249984,-31.6044996352,25.3385001216,52.53878,-1.424926,58.69109989376,0.0
2020-01-08T10:20:09.800000,0.195734835456,0.06269005926400001,-0.0954500352,-25.9909999616,-30.9984994816,25.5195000832,52.53878,-1.424926,58.57970012672,0.0
2020-01-08T10:20:09.900000,-0.021164993024,0.07506971699199999,-0.09509979903999999,-26.024000358400002,-30.4510006016,25.63,52.53878,-1.424926,58.7209998848,0.0
2020-01-08T10:20:10.000000,0.0011800558079999995,-0.30263000780800003,0.17678002124800002,-26.4054995968,-31.21249984,25.581999795199998,52.53878,-1.424926,58.51669978112,0.0
2020-01-08T10:20:10.100000,0.05854492851200001,-0.281589865984,0.18504991488,-25.90750016,-31.0555002368,25.2919999232,52.53878,-1.424926,58.29515029504,0.0
2020-01-08T10:20:10.200000,-0.011844895232,-0.128485106176,0.075390014464,-26.12,-31.3805000448,25.2365001984,52.53878,-1.424926,58.60659965696,0.0
2020-01-08T10:20:10.300000,0.109554924288,-0.18939965824000002,0.048069801472,-26.04499968,-31.542000435200002,25.4069996032,52.53878,-1.424926,58.15535001856,0.0
2020-01-08T10:20:10.400000,-0.02942438152767255,0.24593932674629382,-0.1845089783537918,-25.68666690801331,-32.07303013299062,24.983030676020572,52.53878,-1.424926,58.177727264499545,0.0
2020-01-08T10:20:10.500000,-0.23072276348373133,0.0936672961060094,0.005615851732816937,-26.06,-31.81,25.61069310142929,52.53878,-1.424926,58.09545540147669,0.0
2020-01-08T10:20:10.600000,-0.16428790517145525,-0.15156965522769764,0.10316974211248994,-26.088787983005748,-31.81,25.793636050982755,52.53878,-1.424926,57.797969957514375,0.0
2020-01-08T10:20:10.700000,-0.15936531755426064,-0.15822380750815523,0.18819208883459093,-26.240495043482007,-31.870198057947285,25.43990107241256,52.53878,-1.424926,58.17644552899519,0.0
2020-01-08T10:20:10.800000,0.07996998451199999,-0.510964890624,0.25554994304,-26.1044996352,-32.1044996352,26.063999718399998,52.53878,-1.424926,58.05305003008001,0.0
2020-01-08T10:20:10.900000,0.028021098523734286,-0.3297150212428146,0.15562718485515323,-25.76242475802844,-31.71545489101906,25.567272282975495,52.53878,-1.424926,57.98284808607801,0.0
2020-01-08T10:20:11.000000,-0.1420762340601879,-0.18157033084852647,0.059208935926454445,-26.441188043525095,-32.25,25.08752488397616,52.53878,-1.424926,57.41225745505424,0.0
2020-01-08T10:20:11.100000,-0.133665091584,-0.398454715648,0.236204859648,-25.9045004032,-32.2680000768,26.0309993216,52.53878,-1.424926,57.60234976256,0.0
2020-01-08T10:20:11.200000,-0.23554491571200004,-0.053470139392,0.090255172608,-26.3544996352,-32.2769996032,25.24250048,52.53878,-1.424926,57.32315015424,0.0
2020-01-08T10:20:11.300000,-0.103934916096,-0.20526985779200002,0.28057483392,-25.8429998848,-31.7034998016,25.9070001152,52.53878,-1.424926,57.502049889279995,0.0
2020-01-08T10:20:11.400000,-0.009585072896000003,-0.041000104960000006,0.051344963072,-25.774000358400002,-31.4580000768,25.947499519999997,52.53878,-1.424926,57.33339990784,0.0
2020-01-08T10:20:11.500000,-0.09483495065599999,-0.10541468006400001,-0.04582020531200001,-26.2304999168,-31.456499558399997,25.3009999616,52.53878,-1.424926,57.14034969856001,0.0
2020-01-08T10:20:11.600000,-0.037587908791654925,0.2551512821971509,-0.2496209627662463,-26.082121074992436,-30.945757850015127,25.325757850015126,52.53878,-1.424926,56.73833332729967,0.0
2020-01-08T10:20:11.700000,-0.060855430878688874,-0.022475195105074133,0.061391041768580915,-25.890594072455652,-31.360495043482008,25.691386101472382,52.53878,-1.424926,56.67656432320908,0.0
2020-01-08T10:20:11.800000,0.0729676797895783,0.3797204759586184,-0.3071763852845361,-26.220588899653144,-31.318823555986125,25.406470667958377,52.53878,-1.424926,56.40476472625603,0.0
2020-01-08T10:20:11.900000,0.13758143655682412,0.20288849186869568,-0.16210507276210986,-27.28154732308277,-31.361958797168693,25.417938749980205,52.53878,-1.424926,56.46289682665358,0.0
2020-01-08T10:20:12.000000,0.11197599999999999,0.492216,-0.314552,-25.7404,-31.3996,24.4104,52.53878,-1.424926,56.471560000000004,0.0
2020-01-08T10:20:12.100000,-0.042516000000000005,0.567976,-0.426664,-25.1096,-31.790000000000003,24.1096,52.53878,-1.424926,55.8776,0.0
2020-01-08T10:20:12.200000,0.12477029130790737,0.03233367998965861,-0.1956059163918678,-25.44920797098327,-31.420693101429293,25.148910985448545,52.53878,-1.424926,55.857009882620126,0.0
2020-01-08T10:20:12.300000,0.06548995174399999,0.15900994585599998,0.01562503552,-25.83249984,-31.6614998784,25.8739997184,52.53878,-1.424926,55.710050030080005,0.0
2020-01-08T10:20:12.400000,0.030335123455999997,0.096910041856,0.007959766015999993,-25.695000320000002,-31.46249984,25.5465001984,52.53878,-1.424926,55.78930016768,0.0
2020-01-08T10:20:12.500000,0.18687496832,0.133764920064,-0.25707980492800003,-26.0929998848,-31.36250048,25.81,52.53878,-1.424926,55.96234978816,0.0
2020-01-08T10:20:12.600000,0.146855008768,0.073590196224,-0.040855182848,-25.8739997184,-31.9714998784,25.7919999232,52.53878,-1.424926,55.67829998848,0.0
2020-01-08T10:20:12.700000,0.11742409372179799,0.2674118794266638,-0.24135136184154388,-25.40454510898094,-31.5736355079528,25.746060809011194,52.53878,-1.424926,55.657090887698814,0.0
2020-01-08T10:20:12.800000,-0.10490098522042629,-0.07399799914328659,-0.0080019826071969,-25.08861399991382,-30.308613898527618,26.15980204343892,52.53878,-1.424926,55.65013863042448,0.0
2020-01-08T10:20:12.900000,-0.065365005824,0.06670986137599999,0.0007351234560000058,-26.2785001216,-30.7610006016,26.6329997568,52.53878,-1.424926,55.74369980672,121.01802593097261
2020-01-08T10:20:13.000000,-0.073640002304,-0.09969992448000001,0.138539888384,-26.515000320000002,-31.493999718399998,26.1224992,52.5386794995712,-1.42465119882752,55.4772499584,121.01732389742426
2020-01-08T10:20:13.100000,-0.05759387022618491,-0.03364254820683752,0.024648609196858698,-26.902121074992436,-31.1775759660115,25.15545489101906,52.53811,-1.423094,55.43396974030239,0.0
2020-01-08T10:20:13.200000,0.011223999999999998,-0.229672,0.194024,-26.6388,-31.5592,25.6996,52.53811,-1.423094,55.50276,0.0
2020-01-08T10:20:13.300000,-0.13780986842605525,-0.20649205030783385,0.04139997972275943,-26.37,-31.790792029016732,25.71990097102636,52.53811,-1.423094,55.45671283625368,0.0
2020-01-08T10:20:13.400000,0.12367995084799999,0.000684850176,-0.07555977369599999,-26.3609999616,-31.3805000448,25.710000639999997,52.53811,-1.423094,55.2147502208,0.0
2020-01-08T10:20:13.500000,0.047149952,-0.131009712896,0.185519831552,-26.216999603199998,-31.4670001152,26.382999244799997,52.53811,-1.423094,55.449199749120005,0.0
2020-01-08T10:20:13.600000,0.007112207054734834,0.2356484318070744,-0.062215238454795346,-25.71727282600545,-31.657878925007566,25.35121201699425,52.53811,-1.423094,55.1835760022135,0.0
2020-01-08T10:20:13.700000,0.140892,0.146112,-0.166412,-25.8812,-31.8108,25.27,52.53811,-1.423094,55.49528,0.0
2020-01-08T10:20:13.800000,0.14534615384615385,0.12098461538461538,-0.044399999999999995,-25.88153846153846,-31.45230769230769,25.805384615384618,52.53811,-1.423094,55.141615384615385,0.0
2020-01-08T10:20:13.900000,0.1271958670488195,0.12485974489715128,-0.17881954205000714,-25.590927855457554,-31.204845370619626,26.385566974394706,52.53811,-1.423094,55.156402083894164,0.0
2020-01-08T10:20:14.000000,0.03818185504203311,-0.34860284314967716,0.2720453153323214,-25.81,-31.329697041003932,26.019697041003933,52.53811,-1.423094,55.32209065238584,0.0
2020-01-08T10:20:14.100000,0.09383762289908779,-0.08687031462673403,0.06313168724384143,-25.90980204343892,-31.40990097102636,26.149009913035982,52.53811,-1.423094,54.95921784346477,0.0
2020-01-08T10:20:14.200000,0.06996492902399999,-0.1440246144,0.042009764096,-26.4294999552,-31.2680000768,26.2409999616,52.53811,-1.423094,55.14595002112001,0.0
2020-01-08T10:20:14.300000,-0.034710044416,0.341984888576,-0.23741485542399998,-26.445000320000002,-31.445000320000002,26.22750016,52.53811,-1.423094,55.19170007552,0.0
2020-01-08T10:20:14.400000,-0.095545007872,0.191869990912,-0.07045010688,-26.75749952,-31.8609999616,26.4204999168,52.53811,-1.423094,55.265599887360004,0.0
2020-01-08T10:20:14.500000,-0.09728496281599999,0.15869490995199997,-0.17534984192,-26.0929998848,-31.7814998784,26.2544997632,52.53811,-1.423094,55.11494999552001,0.0
2020-01-08T10:20:14.600000,-0.026494908672,0.054610066176000005,0.021039942144,-25.9204999168,-31.686000281600002,25.9955002368,52.53811,-1.423094,55.14305014528,0.0
2020-01-08T10:20:14.700000,0.08776496998399999,0.13526996915199999,-0.07468508057600001,-25.81,-32.0690000384,26.27249984,52.53811,-1.423094,55.294899824640005,0.0
2020-01-08T10:20:14.800000,0.07767283505594502,0.07907267214695941,-0.16285144691623635,-25.76303013299062,-32.082121074992436,26.06,52.53811,-1.423094,55.10396984890838,0.0
2020-01-08T10:20:14.900000,0.21612275435897307,0.013142586514114228,-0.06569604492422648,-25.549108942009628,-31.850990086964018,26.040990086964015,52.53811,-1.423094,55.275158375387484,0.0
2020-01-08T10:20:15.000000,0.059944974592,0.11492499584,-0.111035003136,-25.8670002432,-31.78750016,25.9865001984,52.53811,-1.423094,54.984000204800004,0.0
2020-01-08T10:20:15.100000,0.027010003456000003,0.076969861632,-0.09787492608000001,-26.0579994368,-31.9429997568,26.2034998016,52.53811,-1.423094,55.2117498112,0.0
2020-01-08T10:20:15.200000,0.00332717037435451,-0.05554223867976489,-0.006684873771394735,-25.367575966011497,-31.71545489101906,25.98696986700938,52.53811,-1.423094,55.007969867009386,0.0
2020-01-08T10:20:15.300000,-0.12854453769158825,0.23392376391208802,-0.05346733159118042,-25.650396014508367,-32.1311880435251,26.200891057990372,52.53811,-1.423094,55.28002970869209,0.0
2020-01-08T10:20:15.400000,0.005669972992,0.19509477939199998,-0.064169871872,-25.5045002752,-31.5285001216,25.9580000768,52.53811,-1.423094,55.2724997632,0.0
2020-01-08T10:20:15.500000,-0.01294236176655401,-0.0542634783912867,0.056014970560019035,-25.766969323979428,-31.57636322497731,26.01303013299062,52.53811,-1.423094,54.97815158810402,0.0
2020-01-08T10:20:15.600000,0.068244,0.14545999999999998,-0.173612,-25.119600000000002,-30.9896,25.8908,52.53811,-1.423094,55.07596,0.0
2020-01-08T10:20:15.700000,-0.032628,-0.06147600000000001,0.070224,-24.7804,-31.2196,26.609199999999998,52.53811,-1.423094,54.99076,0.0
2020-01-08T10:20:15.800000,-0.12549108232306205,-0.006418868225817484,-0.0019415627669308669,-25.008118855045613,-31.08059407245565,26.490495043482007,52.53811,-1.423094,54.96766337245996,0.0
2020-01-08T10:20:15.900000,-0.05819087140792151,-0.481784859290596,0.21218800472694643,-25.456363949017245,-31.085454166979126,26.402121074992436,52.53811,-1.423094,54.9453633697853,0.0
2020-01-08T10:20:16.000000,0.019315853760540992,-0.38623062192831487,0.3111583551102448,-25.99861389852762,-30.539603985491635,26.229603985491636,52.53811,-1.423094,54.57577230433097,0.0
2020-01-08T10:20:16.100000,0.12315758212035095,0.1451997646870208,-0.15963622475233957,-26.329697041003932,-30.63636322497731,26.317272282975495,52.53811,-1.423094,54.797999981899,0.0
2020-01-08T10:20:16.200000,0.11261186826890662,-0.0898494232392385,-0.01212677533577844,-26.459009913035985,-30.07920797098327,25.599900971026358,52.53811,-1.423094,54.71075243770452,0.0
2020-01-08T10:20:16.300000,-0.011465067264,0.5556448312319999,-0.34360988825600003,-26.466999603199998,-30.6785007616,25.515000320000002,52.53811,-1.423094,54.4192500992,0.0
2020-01-08T10:20:16.400000,-0.057029813248,0.35077508224000004,-0.227045135872,-25.9670001152,-31.69,25.9490000384,52.53811,-1.423094,54.49264975104,0.0
2020-01-08T10:20:16.500000,0.16332488192,0.44754994688,-0.38213489177599996,-26.0929998848,-31.6614998784,26.07500032,52.53811,-1.423094,54.20685019136,0.0
2020-01-08T10:20:16.600000,0.029990100223999998,0.342094851072,-0.22113492633600002,-25.9294999552,-31.4159996416,26.46249984,52.53811,-1.423094,54.41824981760001,0.0
2020-01-08T10:20:16.700000,0.15896362138917405,0.15046668899123136,-0.1246636413002723,-25.9275759660115,-30.996060809011194,26.203030132990623,52.53811,-1.423094,54.13296954119141,0.0
2020-01-08T10:20:16.800000,0.1252494982650286,0.1510197804481777,-0.0945177978409808,-26.09158405803346,-31.191188043525095,25.979603985491636,52.53811,-1.423094,53.923366356509376,0.0
2020-01-08T10:20:16.900000,0.049804917248,-0.007044904192,0.06028480409600001,-25.2409999616,-30.6635004416,26.15249984,52.53811,-1.423094,54.067799905280005,0.0
2020-01-08T10:20:17.000000,-0.06270607004052038,0.08095743369216407,-0.14439979907891776,-25.23696986700938,-31.15454510898094,26.044545833020877,52.53811,-1.423094,53.909272608793465,0.0
2020-01-08T10:20:17.100000,-0.06877722232220028,-0.096297002770378,0.1201583865399677,-25.509504956517993,-30.63108911593766,26.679108942009627,52.53811,-1.423094,53.78762380142499,0.0
2020-01-08T10:20:17.200000,-0.033835044095999994,0.060394705152,-0.093084861696,-25.59750016,-30.6614998784,26.8934998016,52.53811,-1.423094,54.05889976064,0.0
2020-01-08T10:20:17.300000,-0.074759924736,-0.255719677952,0.079079950848,-25.8760002816,-30.5555002368,26.563999718399998,52.53811,-1.423094,53.77985016576,0.0
2020-01-08T10:20:17.400000,0.005369915392000005,0.08463962726399998,0.054015171584,-26.2304999168,-30.982500480000002,26.265000320000002,52.53811,-1.423094,54.004350018560004,0.0
2020-01-08T10:20:17.500000,-0.127430087168,-0.33772468992,0.23230978841599997,-26.0929998848,-31.5929998848,26.5579994368,52.53811,-1.423094,54.03215001344,0.0
2020-01-08T10:20:17.600000,-0.195469796352,-0.03795047808000003,0.010355251968000002,-25.9114998784,-31.5045002752,25.8385001216,52.53811,-1.423094,54.03379993088,0.0
2020-01-08T10:20:17.700000,0.0742499968,-0.6780000217600001,0.35289003366399996,-25.6929997568,-31.8234998016,25.9714998784,52.53811,-1.423094,53.95820006912,0.0
2020-01-08T10:20:17.800000,0.038964867584,-0.612159595776,0.362184848896,-25.33249984,-31.5134998016,25.8385001216,52.53811,-1.423094,54.049549998079996,0.0
2020-01-08T10:20:17.900000,-0.16060010112,-0.13852526976,0.187810112256,-25.214500403200002,-31.2214998784,26.0945004032,52.53811,-1.423094,54.07565012224,0.0
2020-01-08T10:20:18.000000,-0.26047485312,-0.37847949516800006,0.262619683072,-25.6839997184,-31.0795000832,26.544499635199998,52.53811,-1.423094,54.22329993728,0.0
2020-01-08T10:20:18.100000,-0.07755005184,0.207789640704,-0.097204739328,-25.3670002432,-31.22750016,26.06,52.53811,-1.423094,54.15410006016,0.0
2020-01-08T10:20:18.200000,-0.103589817344,-0.167204563968,0.192254757888,-25.6990000384,-31.3739997184,26.0419999232,52.53811,-1.423094,54.315000345600005,0.0
2020-01-08T10:20:18.300000,0.09978773683217013,0.34544521396673034,-0.12939090942001816,-25.825757850015126,-31.084848792016942,25.958181884003633,52.53811,-1.423094,54.73854532619292,0.0
2020-01-08T10:20:18.400000,-0.08326928378251647,0.06537134547095157,-0.1400703034742517,-26.180296985534724,-31.48079202901673,26.129703014465274,52.53811,-1.423094,54.554257434776986,0.0
2020-01-08T10:20:18.500000,0.086454896128,0.434544488192,-0.120089684224,-25.8190000384,-31.13500032,26.4339997184,52.53811,-1.423094,54.69540027904,0.0
2020-01-08T10:20:18.600000,-0.05780002688,-0.24955001856,0.263539847424,-25.918000204800002,-31.5314998784,26.0134998016,52.53811,-1.423094,55.054599951360004,0.0
2020-01-08T10:20:18.700000,-0.105365050624,-0.241514860544,0.045479934208000006,-26.1419997952,-31.3609999616,25.7409999616,52.53811,-1.423094,55.0207501312,0.0
2020-01-08T10:20:18.800000,-0.166854975488,-0.06959005670400001,0.004960199935999998,-25.8429998848,-31.3940003584,25.802500480000003,52.53811,-1.423094,55.21285007616,0.0
2020-01-08T10:20:18.900000,-0.12222494848,-0.157980055808,0.256444940032,-25.69,-31.8429998848,26.4685001216,52.53811,-1.423094,55.40250037759999,0.0
2020-01-08T10:20:19.000000,-0.038830248837010854,-0.24373640576232355,0.1701939154786809,-25.73696986700938,-31.73696986700938,26.63,52.53811,-1.423094,55.9024848429997,0.0
2020-01-08T10:20:19.100000,0.04173663159548933,-0.2543415495867245,0.09793661131824877,-26.03009902897364,-31.939801942052714,26.590396014508364,52.53811,-1.423094,55.90936634637075,0.0
2020-01-08T10:20:19.200000,0.004899916800000001,0.009969891071999998,-0.059804873728,-26.1239997184,-31.5644997632,26.4070001152,52.53811,-1.423094,56.02010012416001,0.0
2020-01-08T10:20:19.300000,-0.105840001024,-0.07967976524799998,0.071959846656,-25.7214998784,-31.2965001984,26.4954997248,52.53811,-1.423094,56.19640004864,0.0
2020-01-08T10:20:19.400000,-0.097689959424,0.20307487616,-0.11651993523200001,-25.59750016,-31.5419999232,26.2605005568,52.53811,-1.423094,56.34035033856,0.0
2020-01-08T10:20:19.500000,-0.039089979904,0.05307506176,-0.043490055424,-25.7814998784,-31.4490000384,26.84999936,52.53811,-1.423094,56.78834999296,0.0
2020-01-08T10:20:19.600000,0.0007061080526170153,0.12925149397883218,-0.11741818297006353,-25.60181811599637,-31.56666690801331,26.09545489101906,52.53811,-1.423094,56.784454565201095,0.0
2020-01-08T10:20:19.700000,0.08042079608446484,0.10017524985362367,-0.12346138883889986,-25.509504956517993,-31.711881043568187,26.599900971026358,52.53811,-1.423094,56.80755445072757,0.0
2020-01-08T10:20:19.800000,0.08669687085454814,0.0729119518306574,-0.11732716856425468,-25.49333309198669,-30.56666690801331,26.430909057998186,52.53811,-1.423094,56.81603047690959,0.0
2020-01-08T10:20:19.900000,-0.046366324065789506,-0.20592377303684628,0.07782774433441225,-25.100990086964018,-30.979603985491636,26.349900971026358,52.53811,-1.423094,57.003415789887235,0.0
2020-01-08T10:20:20.000000,0.08074250295434153,-0.2320724983773748,0.20011493978832173,-25.084848792016942,-31.293030676020575,26.14303013299062,52.53811,-1.423094,56.596212216105236,0.0
2020-01-08T10:20:20.100000,0.20083663260935136,0.09613067667686442,-0.1079465223265092,-25.629703014465274,-31.860495043482008,25.938613898527617,52.53811,-1.423094,56.73618811449544,0.0
2020-01-08T10:20:20.200000,0.16942490368000002,0.013855235328000003,-0.034285126656,-25.9909999616,-31.7814998784,26.2695000832,52.53811,-1.423094,56.6902499584,0.0
2020-01-08T10:20:20.300000,0.021030228925912615,0.2920210876631353,-0.18527266490656008,-25.920302958996068,-31.592727173994554,26.407272826005446,52.53811,-1.423094,56.60499989139401,0.0
2020-01-08T10:20:20.400000,-0.08000791217927108,0.11863664578955774,-0.09859010521353202,-25.72128707249874,-31.379801942052715,26.531485130446022,52.53811,-1.423094,56.42907920290167,0.0
2020-01-08T10:20:20.500000,-0.023678845363170678,0.19136050129422139,-0.12620597229512903,-25.31666690801331,-31.050909057998183,26.407272826005446,52.53811,-1.423094,56.34503015109162,0.0
2020-01-08T10:20:20.600000,-0.08001384073748324,0.051715855788265055,-0.0200158608575752,-25.678910884062343,-31.03009902897364,26.452277159462753,52.53811,-1.423094,56.1464356666523,0.0
2020-01-08T10:20:20.700000,0.100315030784,0.17087500032,-0.166059933696,-25.6485001216,-31.19,25.95500032,52.53811,-1.423094,56.25689964544,0.0
2020-01-08T10:20:20.800000,0.12174491699199999,0.154364927744,-0.06119992832,-25.725999641599998,-31.265000320000002,26.4070001152,52.53811,-1.423094,55.86310032896,0.0
2020-01-08T10:20:20.900000,0.045205143808,0.097520166912,-0.00897518336,-25.2214998784,-31.7170001152,26.5795000832,52.53811,-1.423094,56.214199633919996,0.0
2020-01-08T10:20:21.000000,0.202419855872,0.26647477504,-0.21267483008,-25.09750016,-31.8519999232,26.5579994368,52.53811,-1.423094,55.67129975808,0.0
2020-01-08T10:20:21.100000,0.028984913593591215,0.027897187622020127,-0.023333464867255037,-25.443333816026623,-31.65454510898094,25.867575966011497,52.53811,-1.423094,55.33742419689749,0.0
2020-01-08T10:20:21.200000,0.11035741348588578,0.29939995843165684,-0.19318413711470075,-26.08069300004309,-31.219802043438918,26.120296985534726,52.53811,-1.423094,55.28696040868778,0.0
2020-01-08T10:20:21.300000,-0.013055088127999999,-0.024259894015999997,-0.015035001856000001,-25.5285001216,-31.7214998784,25.90000064,52.53811,-1.423094,55.31529966848,0.0
2020-01-08T10:20:21.400000,-0.09167561847232744,0.07219680931115358,0.00028794318355188087,-25.699090942001817,-31.569090942001814,26.796969867009377,52.53811,-1.423094,54.87818182970064,0.0
2020-01-08T10:20:21.500000,0.0850366092905247,-0.17048217478474442,0.10590396420053177,-25.808613898527618,-31.53128707249874,26.92217813048911,52.53811,-1.423094,54.84530689857071,0.0
2020-01-08T10:20:21.600000,-0.095134896896,-0.15700006528,0.140785012736,-26.15750016,-31.1170002432,26.22750016,52.53811,-1.423094,54.57434999296,0.0
2020-01-08T10:20:21.700000,0.0025725852621671028,-0.2593212686731192,0.1737152094931979,-26.342727173994554,-31.477878925007566,26.48696986700938,52.53811,-1.423094,54.527878653492586,0.0
2020-01-08T10:20:21.800000,-0.15761481379156517,-0.22405932816432678,0.16223557946016917,-26.15990097102636,-31.629801942052715,26.789603985491635,52.53811,-1.423094,54.31097029130791,121.36505157835683
2020-01-08T10:20:21.900000,0.1486878436280607,0.3811513455506453,-0.32845740654066646,-26.009090942001816,-31.300909057998183,26.953030132990623,52.53801393904618,-1.4228349081529483,54.192545199485934,121.36439471797155
2020-01-08T10:20:22.000000,0.09346039550757734,0.15232081332011932,-0.09979309027680969,-26.06,-31.319703014465276,26.69,52.537476,-1.421384,53.82714853332185,0.0
2020-01-08T10:20:22.100000,0.121415138304,0.26141470566400005,-0.228109797376,-26.0134998016,-31.6704999168,26.65249984,52.537476,-1.421384,53.95439988224,0.0
2020-01-08T10:20:22.200000,0.326910093056,-0.083689804544,-0.016390244863999995,-25.7590000384,-31.5419999232,26.3934998016,52.537476,-1.421384,53.78179993088,0.0
2020-01-08T10:20:22.300000,0.39642404665920217,0.18144547462110733,-0.3180544602152985,-25.753939190988806,-31.335454166979126,26.139090942001815,52.537476,-1.421384,53.60333301958269,0.0
2020-01-08T10:20:22.400000,0.11861387723651627,0.23912971984457496,-0.19668713535818477,-25.48910894200963,-30.75,26.199504956517995,52.537476,-1.421384,53.17677231446959,0.0
2020-01-08T10:20:22.500000,0.216534850816,0.304204674048,-0.19430475212800002,-25.7590000384,-30.6179994368,26.3445004032,52.537476,-1.421384,53.427949739519995,0.0
2020-01-08T10:20:22.600000,0.05552134650741236,-0.0562451922455323,0.07479372179799804,-25.74333309198669,-29.842727173994554,26.831514975990316,52.537476,-1.421384,53.029121020689445,0.0
2020-01-08T10:20:22.700000,0.22200591436414377,0.24953954061911482,-0.19673857263434302,-25.350990086964018,-29.610792029016732,26.50138610147238,52.537476,-1.421384,52.73870297391079,0.0
2020-01-08T10:20:22.800000,0.018975072,-0.21012969548799998,0.10073479449600001,-25.25,-29.22750016,26.1329997568,52.537476,-1.421384,52.75444993792,0.0
2020-01-08T10:20:22.900000,0.10309995836770368,0.11590577680434631,-0.12089678396975581,-25.165151207983058,-29.44,25.85848502400968,52.537476,-1.421384,52.616848285188986,0.0
2020-01-08T10:20:23.000000,0.04031584260805868,-0.29650196334381834,0.15279207058507444,-24.74861389852762,-29.468514869553978,26.011188043525095,52.537476,-1.421384,52.3108514869554,0.0
2020-01-08T10:20:23.100000,0.03259691067674461,-0.16053335264106497,0.09012124695192117,-25.069090942001814,-29.782121799032375,25.417878925007564,52.537476,-1.421384,52.29660595419413,0.0
2020-01-08T10:20:23.200000,-0.04973365768469398,-0.21620595694634898,0.1485148543460463,-25.249901072412563,-30.74861389852762,25.590396014508364,52.537476,-1.421384,52.13643564637506,0.0
2020-01-08T10:20:23.300000,-0.007020020992,-0.28294969984,0.13372483456,-25.94,-31.0509999616,25.331999795199998,52.537476,-1.421384,52.10014974464,0.0
2020-01-08T10:20:23.400000,-0.032634990336,0.052489730304000004,-0.046369830912,-25.9204999168,-30.9804999168,25.183000524799997,52.537476,-1.421384,51.738799905280004,0.0
2020-01-08T10:20:23.500000,-0.0175499904,-0.22969467571200003,0.13079979776,-25.8385001216,-30.918000204800002,25.8604999168,52.537476,-1.421384,51.59139990784,0.0
2020-01-08T10:20:23.600000,-0.0081750144,0.188039944704,-0.124539943424,-26.0090000384,-31.2545002752,25.8340003584,52.537476,-1.421384,51.43884987136,0.0
2020-01-08T10:20:23.700000,-0.034695031552,0.160185194496,-0.093605188608,-26.0690000384,-31.6019999232,26.3205000448,52.537476,-1.421384,51.23334985216,0.0
2020-01-08T10:20:23.800000,-0.069954971648,0.398084912896,-0.30916485094400004,-26.0644997632,-31.57500032,26.4070001152,52.537476,-1.421384,51.03594999552,0.0
2020-01-08T10:20:23.900000,-0.042935045376,0.272244956672,-0.101734959616,-25.75,-31.9534998016,26.484999679999998,52.537476,-1.421384,51.01859995136,0.0
2020-01-08T10:20:24.000000,-0.094379962368,0.245720132352,-0.08752016819200001,-25.7590000384,-31.7080000768,26.0885001216,52.537476,-1.421384,50.9254998784,0.0
2020-01-08T10:20:24.100000,-0.050550026240000004,0.330644612352,-0.25922477952,-25.743999718399998,-31.7814998784,26.3160002816,52.537476,-1.421384,50.73579987968,0.0
2020-01-08T10:20:24.200000,-0.09075502284800001,-0.146564839424,0.042060036095999995,-25.33249984,-31.6395000832,26.65249984,52.537476,-1.421384,50.5204997632,0.0
2020-01-08T10:20:24.300000,-0.083914841344,0.045114907903999996,0.090810003456,-25.2430005248,-31.7680000768,26.3934998016,52.537476,-1.421384,50.246950174720006,0.0
2020-01-08T10:20:24.400000,0.09279987691321087,-0.017230085928025267,0.0771878128563634,-25.87333309198669,-31.889697041003934,26.043636050982755,52.537476,-1.421384,50.4659696497974,0.0
2020-01-08T10:20:24.500000,-0.07627721421130407,0.2970554318925509,-0.06006338868175125,-25.490495043482007,-32.00950495651799,25.540990086964015,52.537476,-1.421384,50.281792008739494,0.0
2020-01-08T10:20:24.600000,-0.021635250175999994,0.202415084544,-0.222034891776,-25.59000064,-32.02249984,25.4204999168,52.537476,-1.421384,49.6212497024,0.0
2020-01-08T10:20:24.700000,-0.33859993472,0.292079903488,-0.08568003148799999,-26.316999475200003,-31.81,25.31,52.537476,-1.421384,49.30550033920001,0.0
2020-01-08T10:20:24.800000,-0.21071803273177683,0.1987334594369555,-0.15468191658542765,-25.60181811599637,-31.847878925007564,25.31,52.537476,-1.421384,49.65887843628061,0.0
2020-01-08T10:20:24.900000,0.022371288694677985,0.35791878914457925,-0.2653158152337839,-25.57920797098327,-32.001386101472384,25.389207970983268,52.537476,-1.421384,49.14002971883072,0.0
2020-01-08T10:20:25.000000,0.018159926015999996,0.202355149568,-0.039914980864,-25.9159996416,-31.7455002368,25.734999679999998,52.537476,-1.421384,49.235799841280006,0.0
2020-01-08T10:20:25.100000,-0.083970016512,0.39042495488,-0.07283524889599999,-25.552500480000003,-31.9759996416,25.3205000448,52.537476,-1.421384,49.01464995584,0.0
2020-01-08T10:20:25.200000,-0.07639989320410945,0.2488027345436868,-0.33121792050558674,-26.161212016994252,-31.546969867009377,25.304242149984873,52.537476,-1.421384,48.93099990949501,0.0
2020-01-08T10:20:25.300000,0.085936,-0.15558,0.044264,-25.8992,-31.880399999999998,24.9488,52.537476,-1.421384,48.75692,0.0
2020-01-08T10:20:25.400000,0.02659106103195947,0.07393759248322693,-0.10473069188479486,-25.488811956474905,-32.200891057990376,25.34009902897364,52.537476,-1.421384,48.586554460866196,0.0
2020-01-08T10:20:25.500000,-0.19127992524800003,-0.161194884352,-0.030629726207999988,-26.12,-31.9490000384,25.5660002816,52.537476,-1.421384,48.569449733119995,0.0
2020-01-08T10:20:25.600000,-0.073804922368,-0.067600256,0.342690041344,-26.0929998848,-31.9909999616,25.7989993984,52.537476,-1.421384,48.215,0.0
2020-01-08T10:20:25.700000,0.020059960576,-0.38022488320000003,0.346239780864,-25.9114998784,-31.8919997952,24.8964995584,52.537476,-1.421384,48.1857498752,0.0
2020-01-08T10:20:25.800000,-0.04424121243455695,-0.22136469463254005,0.056376474131483445,-25.914706378407683,-31.703823781868195,24.329117704636605,52.537476,-1.421384,47.982941064858274,0.0
2020-01-08T10:20:25.900000,-0.1091622605874424,-0.19219186389141404,0.08657338484687001,-26.795714554402682,-32.10642887370302,24.50632629071189,52.537476,-1.421384,47.752346995391996,0.0
2020-01-08T10:20:26.000000,-0.068589947904,-0.137084974336,0.19909482803200002,-26.479500723199997,-31.5134998016,24.94,52.537476,-1.421384,47.6635000576,0.0
2020-01-08T10:20:26.100000,-0.004440021504,-0.069954859008,-0.029540001024,-27.4114998784,-31.1659996416,24.82749952,52.537476,-1.421384,47.6859997696,0.0
2020-01-08T10:20:26.200000,-0.031544993792,0.123720027392,-0.056190107904,-27.3535004416,-30.7545002752,24.3310006016,52.537476,-1.421384,47.36529993728,0.0
2020-01-08T10:20:26.300000,-0.028040020224,0.143329928448,-0.15734982016000001,-27.8454995968,-31.1109999616,25.2605005568,52.537476,-1.421384,47.26534992896,0.0
2020-01-08T10:20:26.400000,-0.057285010176,0.058710044416,0.045244845312,-27.3760002816,-31.1260002816,26.0,52.537476,-1.421384,47.12614980864001,0.0
2020-01-08T10:20:26.500000,-0.038129860608,0.081954847488,-0.137699904,-27.59999936,-31.53750016,26.0090000384,52.537476,-1.421384,46.879500032,0.0
2020-01-08T10:20:26.600000,0.128819922432,-0.115394977792,0.007605075967999999,-26.7965001984,-31.71249984,26.1080002048,52.537476,-1.421384,46.861549742079994,0.0
2020-01-08T10:20:26.700000,0.018314968064,-0.09737504896,0.112220015872,-26.947499519999997,-31.5465001984,26.322999756799998,52.537476,-1.421384,46.457499737599996,0.0
2020-01-08T10:20:26.800000,-0.03677505408,-0.14937994444799998,0.121554949888,-26.3190000384,-31.8190000384,26.0285001216,52.537476,-1.421384,46.01614960384,0.0
2020-01-08T10:20:26.900000,-0.123135062016,-0.081090023424,0.077440095744,-26.3895000832,-31.8805000448,26.1434998016,52.537476,-1.421384,45.3954995968,0.0
2020-01-08T10:20:27.000000,-0.182444901632,-0.08599488819199999,0.177494884352,-26.5090000384,-31.94,25.8694999552,52.537476,-1.421384,44.69139928064,0.0
2020-01-08T10:20:27.100000,-0.07331009177600001,0.04427492224,0.042020077312,-26.6260002816,-31.8454995968,25.7634998016,52.537476,-1.421384,43.61404947968,0.0
2020-01-08T10:20:27.200000,-0.1865749632,-0.017644823551999998,0.116559879936,-27.03750016,-31.3670002432,25.641000601600002,52.537476,-1.421384,42.769099343360004,0.0
2020-01-08T10:20:27.300000,-0.12595753324765527,0.1227602659812422,0.010797164090722199,-27.15454510898094,-31.632424033988503,26.32636322497731,52.537476,-1.421384,41.758969197272435,0.0
2020-01-08T10:20:27.400000,-0.08567328346821923,-0.37277324798304823,0.28439503232952545,-26.591485130446024,-31.40980204343892,25.808811956474905,52.537476,-1.421384,40.816019694269905,0.0
2020-01-08T10:20:27.500000,-0.178654819328,-0.20999999744,0.13837499136,-26.59000064,-31.9114998784,26.3364995584,52.537476,-1.421384,39.78174944,0.0
2020-01-08T10:20:27.600000,0.054894972672,-0.22250006784,0.13210502220800002,-27.289999360000003,-31.7304999168,25.71249984,52.537476,-1.421384,38.848999193599994,0.0
2020-01-08T10:20:27.700000,0.004694940671999999,-0.276734846976,0.139459905536,-26.4490000384,-31.6109999616,25.5465001984,52.537476,-1.421384,37.55239903744,0.0
2020-01-08T10:20:27.800000,-0.0633272337278489,-0.08906066239310714,0.03457583206410856,-26.509090942001816,-31.693333816026623,25.829697041003932,52.537476,-1.421384,36.23354530809192,0.0
2020-01-08T10:20:27.900000,-0.017130702023415142,-0.13558215247977978,0.11618413711470074,-26.599603985491633,-32.31009892758744,25.91940592754435,52.537476,-1.421384,35.81658403775622,0.0
2020-01-08T10:20:28.000000,-0.086229974528,0.06714994431999999,-0.043454919168,-26.7634998016,-31.5644997632,25.9045004032,52.537476,-1.421384,34.60564914944,0.0
2020-01-08T10:20:28.100000,-0.046759975936,0.006040054783999999,0.055394963712,-26.4804999168,-31.3160002816,26.3934998016,52.537476,-1.421384,33.31129929728,0.0
2020-01-08T10:20:28.200000,-0.012943559964717691,0.06279006113572536,0.0005316673932659463,-26.295742398588708,-31.66178211146371,26.08247513509677,52.537476,-1.421384,32.262009626595564,0.0
2020-01-08T10:20:28.300000,-0.0020171737545187965,-0.018945526973143223,-0.03601718383938684,-25.940706561370302,-31.437778225994133,25.801515212635564,52.537476,-1.421384,31.47227362574279,0.0
2020-01-08T10:20:28.400000,-0.002160007936,0.036999978239999995,-0.025394998272,-26.3895000832,-31.229500723199997,25.7409999616,52.537476,-1.421384,30.65994976512,0.0
2020-01-08T10:20:28.500000,-0.015055010048,0.008190000384,-0.026610014975999997,-26.4804999168,-32.1239997184,25.783000396800002,52.537476,-1.421384,30.22859949056,0.0
2020-01-08T10:20:28.600000,-0.023074977280000002,0.010380007168,-0.038954967808,-26.2859996416,-31.7409999616,26.207999564799998,52.537476,-1.421384,29.40679938048,0.0
2020-01-08T10:20:28.700000,0.004234987776000001,0.021565007104,0.0006199864320000003,-25.9510006016,-31.7455002368,25.6570001152,52.537476,-1.421384,28.5104996864,0.0
2020-01-08T10:20:28.800000,-0.011459997696,0.0336250112,-0.022695022592,-26.590999321600002,-32.013499801600005,25.7919999232,52.537476,-1.421384,27.966649456640003,0.0
2020-01-08T10:20:28.900000,-0.010521219800423563,0.04922727536014522,-0.049290896749319274,-25.632424033988503,-31.825757850015126,25.821818659026324,52.537476,-1.421384,27.145151153680064,0.0
2020-01-08T10:20:29.000000,-0.023017822173669496,0.05581881347726794,-0.031102970869209264,-25.449406028930554,-32.25,26.491881144954387,52.537476,-1.421384,26.422356331948567,0.0
2020-01-08T10:20:29.100000,-0.01887573069851753,0.06189694325854173,-0.03383938647958854,-26.246060809011194,-32.17424214998487,26.11939390099788,52.537476,-1.421384,25.414363134472318,0.0
2020-01-08T10:20:29.200000,0.02083069188479486,0.028746539562163685,-0.026925745505422895,-26.50138610147238,-31.819703014465276,26.040990086964015,52.537476,-1.421384,24.555306878293468,0.0
2020-01-08T10:20:29.300000,0.009490903989718634,0.058915111747806545,-0.04204542031811212,-26.152121074992436,-32.14151497599032,25.949090942001817,52.537476,-1.421384,24.011908714079215,0.0
2020-01-08T10:20:29.400000,0.004372278984414405,0.008758423039000738,-0.0007118885461471977,-26.047722840537247,-31.860495043482008,26.03009902897364,52.537476,-1.421384,23.262980092819067,0.0
2020-01-08T10:20:29.500000,0.017104991487999998,0.053694934272,-0.049469944832,-26.5554997248,-31.7634998016,26.2365001984,52.537476,-1.421384,22.20879926528,0.0
2020-01-08T10:20:29.600000,0.006670003712,-0.022319951871999998,0.012324951040000002,-26.2170001152,-31.5465001984,26.5660002816,52.537476,-1.421384,21.11959951616,0.0
2020-01-08T10:20:29.700000,0.007504982527999999,0.025054929408,-0.042184955136,-26.3805000448,-31.8760002816,26.761499238400003,52.537476,-1.421384,20.26414909184,0.0
2020-01-08T10:20:29.800000,-0.011019980031999999,-0.058859958016,0.015449991679999999,-26.44,-32.1554995968,25.82500032,52.537476,-1.421384,18.92629943808,0.0
2020-01-08T10:20:29.900000,0.0132499904,-0.010135030016,0.005990006784,-26.4294999552,-31.6109999616,26.2319999232,52.537476,-1.421384,17.9714991104,0.0
2020-01-08T10:20:30.000000,0.00282500992,-0.047569989632,0.0161250048,-26.3234998016,-31.5419999232,26.044499635199998,52.537476,-1.421384,16.60639921664,0.0
2020-01-08T10:20:30.100000,0.010674977280000001,-0.030184984575999996,0.020864993023999998,-26.1065001984,-31.4865001984,25.5134998016,52.537476,-1.421384,15.4504995072,0.0
2020-01-08T10:20:30.200000,-0.015239981824,-0.00902499712,0.010564995584,-26.33249984,-31.6929997568,25.409000678399998,52.537476,-1.421384,14.60969920512,0.0
2020-01-08T10:20:30.300000,0.005521199889325324,-0.001548471629270866,0.003972724639854778,-26.157878925007566,-31.483636775022692,26.206969323979425,52.537476,-1.421384,13.355514432960367,0.0
2020-01-08T10:20:30.400000,-0.014429703622782494,0.014670294349493448,0.0022287143469081013,-26.311386101472383,-32.0011880435251,25.590396014508364,52.537476,-1.421384,12.101425652230118,0.0
2020-01-08T10:20:30.500000,-0.018909995776,-0.0028199787519999995,0.011929988608,-26.0,-31.3805000448,25.41750016,52.537476,-1.421384,11.13444910592,0.0
2020-01-08T10:20:30.600000,-0.014755006208,0.020524979199999998,-0.0032,-25.9429997568,-31.47750016,25.6390000384,52.537476,-1.421384,9.854599605759999,0.0
2020-01-08T10:20:30.700000,-0.022909999616,-0.004594989312,-0.002329996288,-25.6019999232,-31.6614998784,25.7365001984,52.537476,-1.421384,9.21759951616,0.0
2020-01-08T10:20:30.800000,-0.02262500096,0.007889992703999999,0.001954997248,-25.5180000768,-31.5285001216,25.9909999616,52.537476,-1.421384,8.47239956224,121.42797027015428
2020-01-08T10:20:30.900000,-0.022909995776,0.0021150167039999993,-0.001684999936,-25.58249984,-31.7455002368,25.94,52.53742559978496,-1.42124839942144,7.81704968448,121.42762158522379
2020-01-08T10:20:31.000000,-0.016129995007999998,0.022724993279999998,-0.001885001216,-25.418000204800002,-32.1260002816,25.9955002368,52.53714,-1.42048,7.33319972352,0.0
2020-01-08T10:20:31.100000,-0.010640004864,0.013064996863999999,-0.00560000896,-25.6614998784,-32.3679994368,26.3205000448,52.53714,-1.42048,6.90179972608,0.0
2020-01-08T10:20:31.200000,-0.015779994368,0.007894995712,-0.013614983424000002,-25.4909999616,-31.65750016,26.2569994752,52.53714,-1.42048,6.47319972352,0.0
2020-01-08T10:20:31.300000,-0.009830308570305571,0.0026242439600847127,0.006384841189597614,-25.477878925007566,-31.85181811599637,25.579697041003932,52.53714,-1.42048,6.048727065388563,0.0
2020-01-08T10:20:31.400000,-0.016023760870501936,0.005316831883933075,-0.002206928986568862,-25.718514869553978,-31.689801942052714,25.59019795656108,52.53714,-1.42048,5.631524691342379,0.0
2020-01-08T10:20:31.500000,-0.003490000384,0.0062499968,0.009294988031999999,-25.8519999232,-31.29499968,25.09750016,52.53714,-1.42048,5.0942498944,0.0
2020-01-08T10:20:31.600000,-0.004420001792,0.001639998464,-0.005594995712,-25.71249984,-30.918000204800002,25.3580002048,52.53714,-1.42048,4.8588995942399995,0.0
2020-01-08T10:20:31.700000,-0.007355002368,0.002165010944,0.002110008576,-25.4429997568,-31.1419997952,25.563999718399998,52.53714,-1.42048,4.2734998016,0.0
2020-01-08T10:20:31.800000,-0.009030297709706531,0.016048482489869904,0.01149999275960064,-25.253333816026625,-30.945757850015127,25.19,52.53714,-1.42048,3.8960601935772483,0.0
2020-01-08T10:20:31.900000,-0.0015920797098326874,0.012384158405803345,-0.002187130288874639,-25.939801942052714,-31.400099028973642,25.259703014465277,52.53714,-1.42048,3.2231484927673617,0.0
2020-01-08T10:20:32.000000,-0.005724242149984873,0.013557580310251113,-0.014475754229815448,-25.668485024009684,-31.597878925007564,25.64818188400363,52.53714,-1.42048,2.9589088045842074,0.0
2020-01-08T10:20:32.100000,-0.006979208984845298,0.01819207768210863,-0.007699998986137971,-25.968514869553978,-31.83059407245565,25.680296985534724,52.53714,-1.42048,2.4488316406061883,0.0
2020-01-08T10:20:32.200000,-0.014129992448000001,0.005910002176,-0.00347501824,-26.0644997632,-31.8829997568,25.34750016,52.53714,-1.42048,2.06109986816,0.0
2020-01-08T10:20:32.300000,-0.005360005376,0.0072249932800000005,-0.021354972928,-25.8160002816,-31.5885001216,25.5044997632,52.53714,-1.42048,1.8217997260799998,0.0
2020-01-08T10:20:32.400000,-0.007639979264000001,0.003145020671999999,0.01077498368,-26.07749952,-31.7214998784,25.19,52.53714,-1.42048,1.4525999769600002,0.0
2020-01-08T10:20:32.500000,0.01599998336,0.025994980352,-0.009039992064,-25.524000358400002,-31.438499481599997,25.1329997568,52.53714,-1.42048,1.4084999424,0.0
2020-01-08T10:20:32.600000,-0.004206053749621819,0.006506084521319097,-0.0010454637605082757,-26.009090942001816,-30.901515700030256,24.838787983005748,52.53714,-1.42048,1.279575567789532,0.0
2020-01-08T10:20:32.700000,0.0040160000000000005,0.035724,-0.010211999999999999,-26.0408,-31.6092,25.04,52.53714,-1.42048,0.95272,0.0
2020-01-08T10:20:32.800000,-0.004292000000000001,3.9999999999996635e-06,0.007636000000000002,-26.0488,-31.0012,25.29,52.53714,-1.42048,0.75656,0.0
2020-01-08T10:20:32.900000,0.013380195219133605,0.02185742261064403,-0.02994949927889063,-26.512277159462755,-31.729603985491636,25.52059407245565,52.53714,-1.42048,0.5996435362493695,0.0
2020-01-08T10:20:33.000000,-0.0076099893759999995,0.00011501926399999987,0.012859979776000001,-25.97750016,-31.8454995968,25.63,52.53714,-1.42048,0.31584979456,0.0
2020-01-08T10:20:33.100000,0.004045445659509877,0.019033309198668802,-0.009878772959177076,-26.14151497599032,-31.338787983005748,25.581514975990316,52.53714,-1.42048,0.05178791060175474,0.0
2020-01-08T10:20:33.200000,-0.005739601450836563,-0.013658412900380452,0.008542571306183798,-25.988811956474905,-31.460396014508365,25.300495043482005,52.53714,-1.42048,0.10844554927242717,0.0
2020-01-08T10:20:33.300000,0.010154978048,0.007099983359999999,-0.01177498112,-26.6019999232,-31.2590000384,25.2409999616,52.53714,-1.42048,0.13119992832,0.0
2020-01-08T10:20:33.400000,-0.015069983232,-0.007544968191999999,0.011334991616,-26.38749952,-31.27249984,25.265000320000002,52.53714,-1.42048,0.047400048639999984,0.0
2020-01-08T10:20:33.500000,0.004289987584,0.026869966592,0.000485001216,-25.82500032,-31.1440003584,25.6704999168,52.53714,-1.42048,0.10599997439999992,0.0
2020-01-08T10:20:33.600000,-0.009064986624,-0.012684979456,0.0014699973119999999,-26.2409999616,-31.5929998848,25.63500032,52.53714,-1.42048,0.0659999744,0.0
2020-01-08T10:20:33.700000,0.004244980991999999,0.009289977344,-0.00023999206400000003,-26.2080000768,-31.4114998784,25.947499519999997,52.53714,-1.42048,0.03320000512,0.0
2020-01-08T10:20:33.800000,-0.016679981568,-0.01599997952,0.009414996224000001,-26.31,-31.32500032,25.27249984,52.53714,-1.42048,0.043750016,0.0
2020-01-08T10:20:33.900000,0.0045149859839999995,0.008169987072,0.0028249932800000002,-26.3385001216,-31.6839997184,25.09750016,52.53714,-1.42048,0.06334999296,0.0
2020-01-08T10:20:34.000000,-0.012509993216,-0.005354984448,-0.004089991424,-26.46249984,-31.243999718399998,25.3385001216,52.53714,-1.42048,0.04919997952,0.0
2020-01-08T10:20:34.100000,-0.007015164240701905,0.012981809789537106,0.008284852050196655,-26.296969867009377,-30.956363949017245,25.453030132990623,52.53714,-1.42048,0.032303067602057305,0.0
2020-01-08T10:20:34.200000,-0.023100000000000002,0.0025919999999999997,0.010424,-26.500799999999998,-31.499200000000002,25.2204,52.53714,-1.42048,0.08424,0.0
2020-01-08T10:20:34.300000,-0.006322773622351603,0.012429700581196407,-0.004955444058895245,-26.26920797098327,-31.770396014508364,25.389504956517992,52.53714,-1.42048,0.06144554927242724,0.0
2020-01-08T10:20:34.400000,-0.016414994944000002,-0.004794988032,0.006254994688,-26.65249984,-31.5419999232,25.3934998016,52.53714,-1.42048,0.09724998399999991,0.0
2020-01-08T10:20:34.500000,-0.011065005824,0.008819990272,0.0016600104959999997,-26.40249984,-31.4490000384,25.1765001984,52.53714,-1.42048,0.07104997888,0.0
2020-01-08T10:20:34.600000,-0.017542419689748887,-0.004054545289990924,0.012827262689446341,-26.227878925007566,-31.509090942001816,25.524848792016943,52.53714,-1.42048,0.046787892500756365,0.0
2020-01-08T10:20:34.700000,-0.011519609122646744,-0.006043140069822833,0.0009235339589445763,-26.45882355303348,-31.608627512003153,25.912156752510434,52.53714,-1.42048,0.0640784264513587,0.0
2020-01-08T10:20:34.800000,-0.016264640216798246,-0.015017145524269561,0.01748684393577766,-26.51616124369374,-31.817676323118338,25.502222750886304,52.53714,-1.42048,0.043565661371693654,0.0
2020-01-08T10:20:34.900000,-0.013495007231999999,0.002679995648,0.0018700088319999995,-26.2965001984,-31.4909999616,25.794499635199998,52.53714,-1.42048,0.04745000192,0.0
2020-01-08T10:20:35.000000,-0.021104991487999998,-0.005380009728,0.011469990912,-26.484999679999998,-31.4490000384,25.2829998848,52.53714,-1.42048,0.05810003456,0.0
2020-01-08T10:20:35.100000,-0.011615007743999999,-0.015944989952,0.0007350056960000001,-26.0314998784,-31.3964995584,25.1945002752,52.53714,-1.42048,0.09109994496,0.0
2020-01-08T10:20:35.200000,-0.02032499328,-0.003110002176,0.009425004800000001,-25.927000243200002,-30.9315005184,25.4954997248,52.53714,-1.42048,0.024450027519999997,0.0
2020-01-08T10:20:35.300000,-0.011975759660114967,-0.00483332910976704,0.011951501219231537,-26.230302958996067,-31.56393919098881,25.223939734018757,52.53714,-1.42048,0.0660000181009984,0.0
2020-01-08T10:20:35.400000,-0.01616633724599588,0.0008445539133806975,-0.00440395710349757,-26.159603985491636,-31.22940592754435,25.740495043482007,52.53714,-1.42048,0.08592078695970659,0.0
2020-01-08T10:20:35.500000,-0.020939998464,-0.002364994304,0.020334987776,-26.3429998848,-31.232500480000002,25.6704999168,52.53714,-1.42048,0.0490000256,0.0
2020-01-08T10:20:35.600000,-0.017536358699727708,0.004412118359842676,0.00406969685999395,-26.25515175101301,-31.718484299969745,25.62666690801331,52.53714,-1.42048,0.08739395530087737,0.0
2020-01-08T10:20:35.700000,-0.0099,0.0034851507232638245,0.0015237608705019373,-26.610495043482008,-31.068019927458174,25.91128707249874,52.53714,-1.42048,0.10106930000430883,0.0
2020-01-08T10:20:35.800000,-0.008804995328000002,0.01847498496,-0.009719994112,-26.5795000832,-32.007499519999996,25.44,52.53714,-1.42048,0.04735001856,0.0
2020-01-08T10:20:35.900000,-0.0009030241596611492,0.0021666799407321596,-0.003809097820381207,-26.57636322497731,-31.38060609900212,25.571818659026324,52.53714,-1.42048,0.06821210749924363,0.0
2020-01-08T10:20:36.000000,0.005289106812899366,0.018581185508870026,-0.01158514666781571,-26.068316912992895,-31.379801942052715,26.241881144954387,52.53714,-1.42048,0.04589108840623424,0.0
2020-01-08T10:20:36.100000,-0.009959990016,0.0009000179200000001,0.0021749926399999998,-26.75,-31.1065001984,25.8694999552,52.53714,-1.42048,0.04315001344,0.0
2020-01-08T10:20:36.200000,0.0016199928319999997,0.019089976063999998,-0.00624999424,-26.75,-31.3054997248,25.8009999616,52.53714,-1.42048,0.07015003904,0.0
2020-01-08T10:20:36.300000,-0.007354543479891084,-0.008790894939219432,3.6358699727709375e-05,-26.674242149984874,-30.977878925007566,25.703030132990623,52.53714,-1.42048,0.122,0.0
2020-01-08T10:20:36.400000,-0.006628714346908101,0.009995047537455866,-0.003924750146376331,-26.417920898484528,-31.23910894200963,25.41940592754435,52.53714,-1.42048,0.11629702608920464,0.0
2020-01-08T10:20:36.500000,-0.01622498816,-0.004264990464,0.010784979455999998,-27.225999641599998,-31.4429997568,25.3760002816,52.53714,-1.42048,0.08494999551999999,0.0
2020-01-08T10:20:36.600000,-0.0039200145920000005,0.006059990015999999,-0.013229986048,-26.7304999168,-31.214500403200002,25.71249984,52.53714,-1.42048,0.07359997696,0.0
2020-01-08T10:20:36.700000,-0.021239386479588538,-0.006942423309948567,0.005254545289990924,-26.64878798300575,-31.68333309198669,25.537878925007565,52.53714,-1.42048,0.04360606280012101,0.0
2020-01-08T10:20:36.800000,-0.011664357680385064,-0.00820891260762779,0.006726733767435259,-26.632574144997477,-31.389207970983268,25.700891057990372,52.53714,-1.42048,0.051594062317029586,0.0
2020-01-08T10:20:36.900000,-0.01894998656,-0.020544991231999998,0.01274998656,-25.765000320000002,-31.7544997632,25.4865001984,52.53714,-1.42048,0.07104997888,0.0
2020-01-08T10:20:37.000000,-0.0031000072403993594,-0.006187868969458444,-0.004660604469912262,-26.274848792016943,-31.44,25.73181811599637,52.53714,-1.42048,0.04087878019957642,0.0
2020-01-08T10:20:37.100000,-0.013650494637937197,0.006718810435681859,0.00041386304244786856,-26.710396014508365,-31.479603985491636,25.63,52.53714,-1.42048,0.028366336232133766,0.0
2020-01-08T10:20:37.200000,-0.011235004416,-0.005084998656,0.012094990592000001,-26.4429997568,-31.69,25.6194999552,52.53714,-1.42048,0.03205003008,0.0
2020-01-08T10:20:37.300000,-0.01723636413002723,-0.006209101440580887,0.0019333417804659194,-26.18666690801331,-31.64151497599032,25.570606099002116,52.53714,-1.42048,0.07139393719987898,0.0
2020-01-08T10:20:37.400000,-0.01850693101429292,-0.01755742261064403,0.014778217681246847,-26.540990086964015,-31.409603985491636,25.72821788401925,52.53714,-1.42048,0.06356435362493695,0.0
2020-01-08T10:20:37.500000,-0.021215000064,0.006224989439999999,0.012234994175999998,-26.3919997952,-31.6109999616,26.09999936,52.53714,-1.42048,0.04645002752,0.0
2020-01-08T10:20:37.600000,-0.020254541669791244,-0.007739393719987898,0.004515151570003025,-26.139697041003934,-31.455454166979123,25.296969867009377,52.53714,-1.42048,0.08512121980042356,0.0
2020-01-08T10:20:37.700000,-0.016221783332615182,-0.00790693101429292,0.004378217681246847,-26.240495043482007,-30.939703014465277,25.571089115937657,52.53714,-1.42048,0.08733662754004114,0.0
2020-01-08T10:20:37.800000,-0.025314997504,-0.007884988416,0.001579993088,-26.2365001984,-31.2919999232,25.6014998784,52.53714,-1.42048,0.03870001152,0.0
2020-01-08T10:20:37.900000,-0.0208749952,0.005669992192,-0.00467498752,-26.4339997184,-31.2545002752,25.533000396800002,52.53714,-1.42048,0.05189999104,0.0
2020-01-08T10:20:38.000000,-0.012424234909585514,0.0018909329513160725,0.00470300424856291,-26.097878925007564,-31.56393919098881,25.99484824898699,52.53714,-1.42048,0.04757578500151273,0.0
2020-01-08T10:20:38.100000,-0.004976000000000001,0.032832,-0.027248,-26.3596,-31.2292,25.609199999999998,52.53714,-1.42048,0.07848,0.0
2020-01-08T10:20:38.200000,-0.02026237203160208,0.006173270288012856,0.01165742261064403,-26.52178211598075,-31.150099028973642,25.549108942009628,52.53714,-1.42048,0.02544554927242726,0.0
2020-01-08T10:20:38.300000,0.011669985792,0.026319980032,-0.015410003456,-26.0840003584,-31.31,25.7829998848,52.53714,-1.42048,0.06545000192,0.0
2020-01-08T10:20:38.400000,-0.004409988096,0.008035035135999999,-0.01819999232,-26.5419999232,-31.3565001984,25.581999795199998,52.53714,-1.42048,0.06694999552,0.0
2020-01-08T10:20:38.500000,0.009044989952000001,0.048309972736,-0.011195013632,-26.4294999552,-31.6485001216,25.4045004032,52.53714,-1.42048,0.053949969919999986,0.0
2020-01-08T10:20:38.600000,-0.003009994496,0.015460014336,-0.028279995648,-26.37,-31.7634998016,25.8829997568,52.53714,-1.42048,0.014600002559999915,0.0
2020-01-08T10:20:38.700000,0.005545005312,0.035955006208000004,-0.022139998464,-26.40750016,-31.4054995968,25.6080002048,52.53714,-1.42048,0.027150039039999997,0.0
2020-01-08T10:20:38.800000,0.011114993664000001,0.040644984832000006,-0.022605010688,-26.6485001216,-30.918000204800002,25.822999756799998,52.53714,-1.42048,0.08170001151999999,0.0
2020-01-08T10:20:38.900000,0.001289993984,0.018039989504,-0.0334249856,-26.8295000832,-31.1990000384,25.3964995584,52.53714,-1.42048,0.0911499750399999,0.0
2020-01-08T10:20:39.000000,-0.0061090887698820075,0.005281822460235986,-0.013299996379800321,-26.911212016994252,-31.240909057998184,24.961515700030255,52.53714,-1.42048,0.0743636956032674,0.0
2020-01-08T10:20:39.100000,-0.0016435636236442764,0.01734950840364889,-0.009664357680385064,-26.72940592754435,-31.209009913035985,25.73079202901673,52.53714,-1.42048,0.14192077682108628,0.0
2020-01-08T10:20:39.200000,0.0034799956479999996,0.038529966848,-0.016229983488,-26.58249984,-31.3009999616,25.31,52.53714,-1.42048,0.024800046079999916,0.0
2020-01-08T10:20:39.300000,-0.001954998528,-0.0014799828480000004,0.000569978112,-26.29499968,-31.2785001216,25.3385001216,52.53714,-1.42048,0.07909997056,0.0
2020-01-08T10:20:39.400000,-0.000645002752,0.019424992,-0.021959972096,-25.945000320000002,-31.3454995968,25.4534998016,52.53714,-1.42048,0.04420001792,0.0
2020-01-08T10:20:39.500000,-0.00227499136,0.010060005376,0.008409971456,-26.3895000832,-30.8760002816,25.19,52.53714,-1.42048,0.06649999359999999,0.0
2020-01-08T10:20:39.600000,0.006289987584,0.013989986304,-0.025119981312,-26.34999936,-31.2304999168,25.2365001984,52.53714,-1.42048,0.060100008959999916,0.0
2020-01-08T10:20:39.700000,-0.007808899173955913,-0.0003831496130849033,0.00033861699080680604,-25.592079659139586,-31.1942577896287,25.537128894814348,52.53714,-1.42048,0.06992078189039642,0.0
2020-01-08T10:20:39.800000,0.0034252314988402434,0.017455521192390338,0.001383816155916828,-26.094545238273785,-31.505453572232035,25.66232248738748,52.53714,-1.42048,0.06408085974570674,0.0
2020-01-08T10:20:39.900000,-0.011765000704,-0.005734994176,-0.009939980544,-26.052500480000003,-30.92250048,25.2320004352,52.53714,-1.42048,0.08794994431999989,0.0
2020-01-08T10:20:40.000000,-0.009594986752,0.003335005696,0.013754990848000002,-26.65249984,-31.56,25.7454997248,52.53714,-1.42048,0.0129499955199999,0.0
2020-01-08T10:20:40.100000,0.004609985536,0.006039979264000001,0.0005649955840000003,-26.4204999168,-31.5134998016,25.3514998784,52.53714,-1.42048,0.022750067199999904,0.0
2020-01-08T10:20:40.200000,-0.012709991936,-0.013789967104,-0.004459996416,-26.4135004416,-31.17499968,25.320500556800003,52.53714,-1.42048,0.11079999487999992,0.0
2020-01-08T10:20:40.300000,-0.002015000064,0.02517497984,-6.000153599999998e-05,-26.84999936,-30.82500032,26.02249984,52.53714,-1.42048,0.09439995904,0.0
2020-01-08T10:20:40.400000,-0.002310000896,0.0015800135679999996,-0.0040800084479999995,-26.0555002368,-31.28750016,25.8295000832,52.53714,-1.42048,0.0377499904,0.0
2020-01-08T10:20:40.500000,-0.003109998336,0.020230002688,-0.013664993024,-26.33249984,-31.5180000768,25.94,52.53714,-1.42048,0.023349992959999986,0.0
2020-01-08T10:20:40.600000,-0.0012750016,0.021714991104000003,-0.006065007104,-26.232500480000002,-31.668000204800002,25.8364995584,52.53714,-1.42048,0.015650007039999914,0.0
2020-01-08T10:20:40.700000,-0.003294999552,0.011355006208,-0.015515000063999999,-26.79499968,-31.8454995968,25.3535004416,52.53714,-1.42048,0.03040002304,0.0
2020-01-08T10:20:40.800000,-0.005565012224,0.02057500416,-0.013709991936,-26.3895000832,-31.442000563199997,25.9580000768,52.53714,-1.42048,0.05784998656,0.0
2020-01-08T10:20:40.900000,-0.018739382859388858,0.02476666183973376,-0.0052575839304507925,-26.5,-32.08545416697912,25.956969323979425,52.53714,-1.42048,0.041060609900211785,0.0
2020-01-08T10:20:41.000000,-0.004229704636644523,0.014305938696832441,-0.014383166088342867,-26.509504956517993,-31.430296985534724,25.38,52.53714,-1.42048,0.049217823187531526,0.0
2020-01-08T10:20:41.100000,-0.017130687829346743,0.0023059597344695345,0.005131687243841422,-26.52287110518565,-31.097128894814347,25.50029761919849,52.53714,-1.42048,0.054613830091931936,0.0
2020-01-08T10:20:41.200000,-0.012100008620396903,0.0188713828945203,0.009114279556859355,-26.318571495743353,-31.328571574110597,26.01142717201349,52.53714,-1.42048,0.020571448723005748,0.0
2020-01-08T10:20:41.300000,-0.018034653043740544,-0.011014848262874147,0.003829702608920465,-26.38108911593766,-31.370296985534726,25.02871292750126,52.53714,-1.42048,0.04518812463405917,0.0
2020-01-08T10:20:41.400000,-0.012654992128000002,0.013539989504,0.002570007552,-26.4294999552,-31.07500032,25.5,52.53714,-1.42048,0.08154994688,0.0
2020-01-08T10:20:41.500000,-0.002064999424,0.00500002304,0.01079999232,-26.3805000448,-31.5555002368,25.5285001216,52.53714,-1.42048,0.023900055039999986,0.0
2020-01-08T10:20:41.600000,-0.001164999424,0.034354994688,-0.004455021568,-26.44,-31.8054997248,25.61499968,52.53714,-1.42048,0.09384998655999992,0.0
2020-01-08T10:20:41.700000,-0.00287501056,0.025229991168000003,-0.026154970367999998,-26.4294999552,-31.4204999168,25.3490006784,52.53714,-1.42048,0.07645000192,0.0
2020-01-08T10:20:41.800000,-0.015369993471999998,0.016470012672,0.008654980608,-26.436000281600002,-31.3385001216,26.090999321600002,52.53714,-1.42048,0.07254997248,0.0
2020-01-08T10:20:41.900000,-0.007960005376000001,0.025274965760000004,-0.014714989824,-26.8009999616,-31.5090000384,25.19,52.53714,-1.42048,0.036,0.0
2020-01-08T10:20:42.000000,-0.014589997824,-0.014799976959999999,-0.0008399984639999999,-26.6659996416,-31.5419999232,25.274000358400002,52.53714,-1.42048,0.03434999296,0.0
2020-01-08T10:20:42.100000,-0.009987872589658124,0.012512109309343478,6.363224977309098e-05,-26.265757850015127,-31.411212016994252,25.693939190988807,52.53714,-1.42048,0.0283333454006656,0.0
2020-01-08T10:20:42.200000,-0.0019049514486821064,-0.007119802753142338,-0.004557424638368088,-26.69,-31.21990097102636,25.44811885504561,52.53714,-1.42048,0.045257424638368085,0.0
2020-01-08T10:20:42.300000,-0.009119996672,-0.010494986751999998,0.00297499264,-26.6239997184,-31.09750016,25.716999603199998,52.53714,-1.42048,0.032249983999999995,0.0
2020-01-08T10:20:42.400000,-0.003754995968,0.006514997504,-0.0041899888639999995,-26.28750016,-31.243999718399998,25.311500518400003,52.53714,-1.42048,0.013700011519999986,0.0
2020-01-08T10:20:42.500000,0.00039999488000000004,0.004910007296,0.007419986432,-26.5180000768,-30.8985001216,25.9534998016,52.53714,-1.42048,0.030650007039999917,0.0
2020-01-08T10:20:42.600000,-0.006129998848,0.013939997184,-0.009279994368,-26.6395000832,-31.17250048,25.65249984,52.53714,-1.42048,0.041500006400000004,0.0
2020-01-08T10:20:42.700000,-0.005185002496,0.011715006464,-0.001394998272,-26.6554995968,-31.8190000384,25.552500480000003,52.53714,-1.42048,0.04684998655999999,0.0
2020-01-08T10:20:42.800000,-0.007659996416000001,0.018964994303999998,-0.0019350120960000001,-26.1485001216,-31.8054997248,26.1329997568,52.53714,-1.42048,0.034400023039999915,0.0
2020-01-08T10:20:42.900000,-0.0033848502400968144,0.01273333816026624,-0.01516665640943424,-26.31,-31.496060809011194,25.78272717399455,52.53714,-1.42048,0.06121210749924364,0.0
2020-01-08T10:20:43.000000,-0.005561385797313773,0.019962376087050194,-0.002008912607627791,-26.34009902897364,-31.779900971026358,25.609405927544348,52.53714,-1.42048,0.041108911593765764,0.0
2020-01-08T10:20:43.100000,-0.006360015615999999,0.018339998464,-0.014779993088000001,-26.57500032,-31.58249984,25.5840003584,52.53714,-1.42048,0.04429998847999998,0.0
2020-01-08T10:20:43.200000,-0.024234987776,0.01795000704,-0.00379999232,-26.96249984,-31.418000204800002,26.0134998016,52.53714,-1.42048,0.034400023039999915,0.0
2020-01-08T10:20:43.300000,-0.007893939009978822,0.022784832139098418,0.004839388289688379,-26.712121074992435,-31.652121074992436,25.740909057998184,52.53714,-1.42048,0.06272726449954619,0.0
2020-01-08T10:20:43.400000,-0.009375248839761641,-0.0024841584058033464,-0.0025376228990877775,-26.41128707249874,-31.321188043525098,25.650396014508367,52.53714,-1.42048,0.051267327535732286,0.0
2020-01-08T10:20:43.500000,-0.016874984960000002,0.00036001177599999986,0.003769996032,-25.97750016,-30.802500480000003,25.4490000384,52.53714,-1.42048,0.05304997887999992,0.0
2020-01-08T10:20:43.600000,0.0005158354708870256,0.010712858779515985,-0.002094060811290339,-26.227128800705646,-31.41178211146371,25.48217817566129,52.53714,-1.42048,0.02930694088185496,0.0
2020-01-08T10:20:43.700000,-0.011302041797899245,-0.011143495260112019,-0.006023228554140226,-26.50080764277846,-31.28535328068515,25.43232285541402,52.53714,-1.42048,0.04834347509037592,0.0
2020-01-08T10:20:43.800000,0.005369691429694429,0.03563937742908934,-0.008821210749924363,-26.842727173994554,-31.462121074992435,25.68333309198669,52.53714,-1.42048,0.014606062800120933,0.0
2020-01-08T10:20:43.900000,-0.00243960347856062,0.012713863042447869,-0.007412871738849419,-26.65990097102636,-31.240495043482007,25.349603985491633,52.53714,-1.42048,0.020851486955397673,0.0
2020-01-08T10:20:44.000000,0.0009249971200000001,0.026419999232,-0.01089999872,-26.5660002816,-31.2545002752,25.5795000832,52.53714,-1.42048,0.03434999296,0.0
2020-01-08T10:20:44.100000,-0.0022849973759999998,0.026045002751999998,-0.010160004096,-26.8919997952,-31.6305000448,25.7185001216,52.53714,-1.42048,0.03145002752,0.0
2020-01-08T10:20:44.200000,0.0005484824898699054,0.02776059903961274,-0.016145456520108917,-26.554848248986993,-31.661212016994252,25.831514975990316,52.53714,-1.42048,0.06527271739945542,0.0
2020-01-08T10:20:44.300000,-0.0030524752174100386,0.018658416955828566,-0.01904158405803346,-26.199504956517995,-31.450891057990372,25.639207970983268,52.53714,-1.42048,0.04889108840623424,0.0
2020-01-08T10:20:44.400000,-0.003739397340187578,0.026196963169639972,-0.016578782009676277,-26.1924240339885,-31.19,26.03272717399455,52.53714,-1.42048,0.042545452899909235,0.0
2020-01-08T10:20:44.500000,-0.008343999999999999,0.015396,-0.006012,-25.95,-31.23,25.8496,52.53714,-1.42048,0.04448,0.0
2020-01-08T10:20:44.600000,-0.0039019795656108137,0.013901981593334872,0.0024653469562594572,-26.390594072455652,-31.360792029016732,25.58069300004309,52.53714,-1.42048,0.06403960145083656,0.0
2020-01-08T10:20:44.700000,0.0008848466198971345,0.019190885888720234,0.004530297709706531,-26.480302958996067,-30.996060809011194,25.046969867009377,52.53714,-1.42048,0.04406060990021178,0.0
2020-01-08T10:20:44.800000,-0.003314852318322261,-0.013389106812899367,-0.002701979565610814,-26.232178130489114,-31.191188043525095,25.321089115937657,52.53714,-1.42048,0.05459406231702959,0.0
2020-01-08T10:20:44.900000,-0.010390000384,0.0015599887359999997,0.006695017472,-25.5840003584,-30.67250048,25.3980000768,52.53714,-1.42048,0.07089996544,0.0
2020-01-08T10:20:45.000000,-0.007794986752,-0.012409995776,0.02157496448,-26.0690000384,-31.2919999232,25.53750016,52.53714,-1.42048,0.025,0.0
2020-01-08T10:20:45.100000,0.007489990144,-0.005194993152,-0.019644974592,-26.1109999616,-31.22750016,25.82500032,52.53714,-1.42048,0.02605000448,0.0
2020-01-08T10:20:45.200000,-0.004054539859691403,0.004657578500151273,0.008948466198971345,-26.03121201699425,-31.306666183973377,26.18333309198669,52.53714,-1.42048,0.032606062800121016,0.0
2020-01-08T10:20:45.300000,0.0021128697111253616,0.009676238115636034,-0.018791088406234238,-25.939703014465277,-30.59009902897364,25.75138610147238,52.53714,-1.42048,0.030930689857070797,0.0
2020-01-08T10:20:45.400000,-0.0076349852159999995,0.013709999616,-0.011774995199999999,-26.2919999232,-30.8160002816,25.4865001984,52.53714,-1.42048,0.00820001792,0.0
2020-01-08T10:20:45.500000,0.014166674510432641,0.016184859290596015,-0.00906667994073216,-26.114242149984875,-31.227878925007566,25.703030132990623,52.53714,-1.42048,0.03093939009978822,0.0
2020-01-08T10:20:45.600000,0.024256434348631666,0.026848511016878268,-0.02519603681333026,-25.69,-31.300593971069446,25.379801942052715,52.53714,-1.42048,0.0313366376786615,0.0
2020-01-08T10:20:45.700000,0.02330004224,0.0018400304640000002,-0.002790004224,-25.7170001152,-30.6260002816,25.1455003648,52.53714,-1.42048,0.06004997888,0.0
2020-01-08T10:20:45.800000,0.07197496832,0.038264982784,-0.010830010368,-25.8429998848,-31.0,25.6570001152,52.53714,-1.42048,0.04130003968,0.0
2020-01-08T10:20:45.900000,0.018960566457815624,0.01323332548956736,-0.023448480679770067,-25.652121074992436,-31.02878798300575,25.90545489101906,52.53714,-1.42048,0.08521208939824523,0.0
2020-01-08T10:20:46.000000,-0.042426732753573226,0.005709903911226241,-0.0208019826071969,-25.428910884062343,-31.199504956517995,26.321188043525098,52.53714,-1.42048,0.03251484927673616,0.0
2020-01-08T10:20:46.100000,-0.04129696316963997,0.026442410639249687,-0.0384393846694887,-25.38060609900212,-31.22121201699425,25.680909057998186,52.53714,-1.42048,0.017333345400665515,0.0
2020-01-08T10:20:46.200000,-0.03089900971026358,0.015285154778711939,-0.02899505260676601,-25.468514869553978,-31.099603985491633,25.658514869553976,52.53714,-1.42048,0.041702973910795346,0.0
2020-01-08T10:20:46.300000,-0.027360599039612743,0.05666359604777629,-0.04930300967886243,-25.63060609900212,-31.319090942001814,25.85848502400968,52.53714,-1.42048,0.07412121980042356,0.0
2020-01-08T10:20:46.400000,-0.01353762188522575,-0.00044059072671095555,-0.017083168116066923,-25.709009913035985,-31.320891057990373,26.011188043525095,52.53714,-1.42048,0.0826732652187027,0.0
2020-01-08T10:20:46.500000,0.002605001728,0.020794971391999997,-0.012654988288000001,-25.725999641599998,-31.1065001984,25.5015005184,52.53714,-1.42048,0.06710000896,0.0
2020-01-08T10:20:46.600000,0.0016449861120000002,-0.016554997248,0.002644998912,-25.2590000384,-31.33249984,26.19,52.53714,-1.42048,0.07689999104,0.0
