timestamp,gyro_x,gyro_y,gyro_z,mag_x,mag_y,mag_z,gps_lat,gps_lon,vehicle_speed,heading,gnss_available
2020-01-08 10:15:46.700,-0.02157499648,0.043839998464,-0.01667499008,-1.1170002432,-32.13749952,31.66750016,52.554695,-1.463064,0.007083342222222222,0.0,True
2020-01-08 10:15:46.800,-0.0108099740159999,0.038919987712,-0.002359995136,-1.32749952,-31.5555002368,31.9445002752,52.554695,-1.463064,0.02026389475555553,0.0,True
2020-01-08 10:15:46.900,0.0187499788799999,0.022539999744,-0.003865033984,-0.7455002368,-31.8895000832,32.2829998848,52.554695,-1.463064,0.024430540088888834,0.0,True
2020-01-08 10:15:47.000,-0.0065272626894463,0.022245454710009,-0.046075746989416,-1.0509090579981848,-31.97121201699425,32.13,52.554695,-1.463064,0.005572396667002778,0.0,True
2020-01-08 10:15:47.100,0.0089683168116066,0.0236564363763557,-0.0246782146396607,-0.9603960145083656,-31.681683087007105,32.06029698553473,52.554695,-1.463064,0.014515951288435556,0.0,True
2020-01-08 10:15:47.200,0.004554981888,0.026634986496,-0.00040001024,-0.7965001984,-31.07500032,31.7365001984,52.554695,-1.463064,0.012861115022222222,0.0,True
2020-01-08 10:15:47.300,-0.0164999891394009,0.0082909076099183,-0.0121818115996369,-1.06,-31.546969867009377,31.962121074992435,52.554695,-1.463064,0.016245784694083054,0.0,True
2020-01-08 10:15:47.400,-9.902897364212453e-07,0.0107524782589961,-0.0024118814491129,-1.0695049565179924,-31.67217813048911,31.77059407245565,52.554695,-1.463064,0.006419142109379361,0.0,True
2020-01-08 10:15:47.500,-0.0030393991502874,0.0359090905799818,-0.0082818315107351,-1.0821210749924364,-31.1187885260357,31.88909094200181,52.554695,-1.463064,0.007592590916574195,0.0,True
2020-01-08 10:15:47.600,-0.0126843117373342,0.0276196176067543,-0.0238490259463203,-0.87,-31.93490219306392,31.90078436293728,52.554695,-1.463064,0.007832240454530471,0.0,True
2020-01-08 10:15:47.700,-0.0221898918591842,-0.0088687252726793,0.0030171737545187,-0.9322217740058648,-31.02767613609917,31.646161931950413,52.554695,-1.463064,0.02234848994185253,0.0,True
2020-01-08 10:15:47.800,-0.023414979584,0.0183099778559999,0.003070007552,-1.2544997632,-31.5690000384,31.45500032,52.554695,-1.463064,0.016263881244444445,0.0,True
2020-01-08 10:15:47.900,0.0035960390945198,-0.0108772266311139,0.0105752351526242,-0.9771288948143492,-31.63039609054801,31.83247501463763,52.554695,-1.463064,0.008338844799972055,0.0,True
2020-01-08 10:15:48.000,0.0043714393189363,-0.005985685961553,-0.006600021159156,-1.1442853560354531,-31.698571495743355,31.47142787731869,52.554695,-1.463064,0.02123015966310211,0.0,True
2020-01-08 10:15:48.100,0.01255247521741,0.0122148492767361,-0.0189029678276231,-0.8303960145083656,-31.710396014508365,30.99861389852762,52.554695,-1.463064,0.01877612560511367,0.0,True
2020-01-08 10:15:48.200,0.007979981568,0.00105003136,-0.000855011328,-0.6395000832,-31.5555002368,31.42250048,52.554695,-1.463064,0.0034444508444444167,0.0,True
2020-01-08 10:15:48.300,-0.015929997568,0.036639974144,-0.013619990272,-0.7409999616,-31.8054997248,31.9669996032,52.554695,-1.463064,0.014361121422222196,0.0,True
2020-01-08 10:15:48.400,-0.0131242439600847,0.0085121437012404,0.0030878925007563,-0.7278789250075636,-31.48696986700938,31.562727717024508,52.554695,-1.463064,0.02788720477774411,0.0,True
2020-01-08 10:15:48.500,-0.014572,0.044916,0.0123479999999999,-0.9496,-31.7596,32.120400000000004,52.554695,-1.463064,0.025344444444444416,0.0,True
2020-01-08 10:15:48.600,-0.0079415830441714,0.045986133915966,-0.0469782156535227,-0.97940592754435,-31.75138610147238,31.588910985448543,52.554695,-1.463064,0.0193206835739425,0.0,True
2020-01-08 10:15:48.700,-0.002395016192,0.007320003072,-0.023339976704,-0.8985001216,-31.47750016,32.26749952,52.554695,-1.463064,0.03136110862222222,0.0,True
2020-01-08 10:15:48.800,-0.0193999808,0.009479991808,0.00744999936,-1.0509999616,-31.6704999168,31.6570001152,52.554695,-1.463064,0.025805545955555526,0.0,True
2020-01-08 10:15:48.900,0.006084999936,-0.0008899978239999,0.007980005888,-1.0,-31.5509999616,31.8385001216,52.554695,-1.463064,0.014263894044444444,0.0,True
2020-01-08 10:15:49.000,0.0016782075978627,0.0068118925714517,0.0127405868218547,-1.0178218243387105,-31.425742398588707,31.934653310758065,52.554695,-1.463064,0.019460942190860166,0.0,True
2020-01-08 10:15:49.100,-0.0197626503033217,0.0289838773990349,-0.0022687051029432,-1.0846467193148497,-31.016969574728872,31.49919235722154,52.554695,-1.463064,0.011846226880224499,0.0,True
2020-01-08 10:15:49.200,-0.003430016768,-0.0031499968,0.011179991808,-0.8144997632,-31.27000064,31.1945002752,52.554695,-1.463064,0.02318055608888889,0.0,True
2020-01-08 10:15:49.300,-0.021679982848,0.000739998464,8.999910399999997e-05,-0.5840003584,-32.08249984,31.5795000832,52.554695,-1.463064,0.021513878755555528,0.0,True
2020-01-08 10:15:49.400,0.0052212270408229,0.0004424305503479,-0.000524240339885,-1.0221210749924363,-31.794242149984875,31.72787892500757,52.554695,-1.463064,0.007887204777744138,0.0,True
2020-01-08 10:15:49.500,0.0228029668137611,0.0123227736223516,-0.0033039642005317,-0.8400990289736422,-31.38108911593766,31.930495043482008,52.554695,-1.463064,0.008220572865841528,0.0,True
2020-01-08 10:15:49.600,-0.007195003392,0.020464986624,-0.026784964096,-0.92499968,-31.40249984,31.88,52.554695,-1.463064,0.01379166151111111,0.0,True
2020-01-08 10:15:49.700,-0.011189997824,0.00975003008,0.018034987776,-0.6035004416,-31.2365001984,31.8694999552,52.554695,-1.463064,0.006944444444444445,0.0,True
2020-01-08 10:15:49.800,-0.0097697022902934,0.0474727192095552,-0.0007000090504992,-1.1793939009978822,-31.51818188400363,31.81,52.554695,-1.463064,0.008922566083728305,0.0,True
2020-01-08 10:15:49.900,-0.01795247521741,0.0316891068128993,-0.0138445539133806,-1.14059407245565,-31.600990086964018,31.781485130446026,52.554695,-1.463064,0.018723871578602887,0.0,True
2020-01-08 10:15:50.000,-0.016004992768,0.01762501504,-0.0115050094079999,-1.1929997568,-31.4714998784,31.7605005568,52.554695,-1.463064,0.011944444444444443,0.0,True
2020-01-08 10:15:50.100,-0.003759988736,0.032319977472,-0.021809990656,-0.87,-31.3190000384,32.42499968,52.554695,-1.463064,0.014361121422222196,0.0,True
2020-01-08 10:15:50.200,0.007329983488,0.00300000256,-0.007254990848,-0.8609999616,-31.40750016,32.0285001216,52.554695,-1.463064,0.02609721386666664,0.0,True
2020-01-08 10:15:50.300,-0.0124484770595703,0.0045060537496218,0.0046727264499546,-0.7630301329906212,-31.6775759660115,32.16121201699425,52.554695,-1.463064,0.015294613861169917,0.0,True
2020-01-08 10:15:50.400,0.0032910914478203,-0.0018702943494934,0.0019108901455145,-0.5586138985276189,-31.97940592754435,31.990495043482007,52.554695,-1.463064,0.01602035144963964,0.0,True
2020-01-08 10:15:50.500,0.017364976384,0.021470003712,-0.006120000512,-0.8895000832,-31.8429998848,31.97750016,52.554695,-1.463064,0.011694446933333333,0.0,True
2020-01-08 10:15:50.600,-0.010609985536,0.021419978752,-0.0019999795199999,-0.9909999616,-31.6419997952,32.1990000384,52.554695,-1.463064,0.013208325688888889,0.0,True
2020-01-08 10:15:50.700,0.0055554306252233,-0.0064732657256337,0.0194227439668872,-0.9117820399410944,-31.463564814932163,32.195049235674766,52.554695,-1.463064,0.0051182719341305,0.0,True
2020-01-08 10:15:50.800,-0.0115181785741067,0.0003495370023195,-0.0130636309568446,-0.7061612436937414,-31.946262169689103,31.90545476172621,52.554695,-1.463064,0.016944444444444443,0.0,True
2020-01-08 10:15:50.900,-0.0101150039039999,0.02499997696,-0.007309991936,-0.5420004352000001,-31.62,31.9669996032,52.554695,-1.463064,0.01590277333333333,0.0,True
2020-01-08 10:15:51.000,-0.0118302904693071,0.0043848846319937,0.0012787801995764,-1.0260602659812423,-31.58212107499244,31.53393973401876,52.554695,-1.463064,0.011052192361321196,0.0,True
2020-01-08 10:15:51.100,0.0088990107241256,0.0469772192806142,-0.0082396024646985,-0.6093069999569108,-31.43970301446528,32.03148513044602,52.554695,-1.463064,0.01646039573288,0.0,True
2020-01-08 10:15:51.200,0.01287498752,-0.020409985536,0.003339995904,-1.26500032,-31.73499968,31.88,52.554695,-1.463064,0.012722217244444445,0.0,True
2020-01-08 10:15:51.300,-0.005815009024,-0.0032100085759999,0.004335027456,-1.61499968,-31.4045004032,31.91750016,52.554695,-1.463064,0.005777776355555528,0.0,True
2020-01-08 10:15:51.400,-0.0155499904,-0.013909997056,0.033944970752,-1.1614998784,-31.9670001152,32.1480000768,52.554695,-1.463064,0.004513891555555528,0.0,True
2020-01-08 10:15:51.500,-0.004615007744,-0.007344988672,-0.00399999616,-1.0660002816,-32.08249984,32.2590000384,52.554695,-1.463064,0.00818055608888886,0.0,True
2020-01-08 10:15:51.600,-0.01354999424,0.009545007872,0.001009999616,-1.4294999552,-31.8985001216,32.263499801600005,52.554695,-1.463064,0.011305565866666666,0.0,True
2020-01-08 10:15:51.700,-0.005329997568,0.021710007296,-0.00415001984,-1.3519999232000002,-31.9669996032,32.0570002432,52.554695,-1.463064,0.024999999999999998,0.0,True
2020-01-08 10:15:51.800,-0.0049950123519999,0.027484983296,-0.025354978048,-1.25,-31.4865001984,32.41750016,52.554695,-1.463064,0.025291667911111083,0.0,True
2020-01-08 10:15:51.900,-0.019329991168,0.007010007296,0.004310002176,-1.25,-31.6554995968,32.66750016,52.554695,-1.463064,0.027236112355555526,0.0,True
2020-01-08 10:15:52.000,-0.0069333309198668,0.0180030350202601,0.0040787765793767,-1.2590909420018153,-31.15787892500757,32.860302958996066,52.554695,-1.463064,0.02846801194436039,0.0,True
2020-01-08 10:15:52.100,-0.00304,0.021316,-0.00836,-1.19,-31.3012,32.71,52.554695,-1.463064,0.025933333333333333,0.0,True
2020-01-08 10:15:52.200,-0.0028811885504561,0.0026653479701214,0.0130148482628741,-0.6788119564749031,-30.88930689857071,32.53960398549163,52.554695,-1.463064,0.022315729872233667,0.0,True
2020-01-08 10:15:52.300,-0.004084989696,0.011234985216,-0.011389988864,-1.2919999232,-30.5734998016,32.7214998784,52.554695,-1.463064,0.00938889457777775,0.0,True
2020-01-08 10:15:52.400,0.006464986624,-0.008430000128,0.0052300078079999,-1.1794999552,-30.3670002432,32.6170002432,52.554695,-1.463064,0.01606944071111111,0.0,True
2020-01-08 10:15:52.500,-0.011735001856,-0.0078499968,0.0129449886719999,-1.12,-30.7080000768,32.9955002368,52.554695,-1.463064,0.010944443733333333,0.0,True
2020-01-08 10:15:52.600,-0.013989999104,-0.006480012288,0.002655020288,-1.08249984,-30.81,33.27249984,52.554695,-1.463064,0.010916670577777749,0.0,True
2020-01-08 10:15:52.700,-0.011194993152,-0.020444989952,0.025639983104,-0.9645004032,-30.7814998784,33.13500032,52.554695,-1.463064,0.015944443733333306,0.0,True
2020-01-08 10:15:52.800,-0.004065008384,-0.009515010304,0.006620014592,-1.4159996416,-30.65750016,33.52249984,52.554695,-1.463064,0.015,0.0,True
2020-01-08 10:15:52.900,-0.0131242349095855,-0.0165484607686718,0.0198787657187777,-0.9672728260054456,-30.88060609900212,33.29181811599637,52.554695,-1.463064,0.0131902291385275,0.0,True
2020-01-08 10:15:53.000,-0.0015475247825899,0.012002964786037,-0.0074613817418656,-1.1104950434820078,-31.038217884019254,33.15990097102635,52.554695,-1.463064,0.0035396042671199724,0.0,True
2020-01-08 10:15:53.100,-0.001589999104,-0.0229799521279999,0.022469970432,-1.0044997632,-31.5419999232,32.9534998016,52.554695,-1.463064,0.007152782222222222,0.0,True
2020-01-08 10:15:53.200,-0.000670001152,0.033639970304,-0.012434981376,-0.72750016,-31.40249984,32.61499968,52.554695,-1.463064,0.013513890844444416,0.0,True
2020-01-08 10:15:53.300,-0.0024121219800423,0.0016242693014824,0.003390876838221,-0.996060809011194,-31.132424033988503,32.19909094200181,52.554695,-1.463064,0.0182154958337535,0.0,True
2020-01-08 10:15:53.400,-0.0024752468120375,0.0393188094218198,-0.0381039550757735,-1.2608910579903734,-30.870198057947285,32.299108942009624,52.554695,-1.463064,0.02652365016240097,0.0,True
2020-01-08 10:15:53.500,0.0038181829700635,0.0259424504614461,0.001166647358935,-1.0,-31.199090942001817,32.597878925007564,52.554695,-1.463064,0.008350169416725471,0.0,True
2020-01-08 10:15:53.600,0.0062019805794728,0.0659138610147238,-0.0324702994188035,-0.9508910579903732,-31.240495043482007,32.672178130489115,52.554695,-1.463064,0.011100110708100946,0.0,True
2020-01-08 10:15:53.700,0.0074302958996066,0.0489211618772286,-0.043575725268218,-0.7460608090111941,-31.21727282600545,31.9960608090112,52.554695,-1.463064,0.016186865944293166,0.0,True
2020-01-08 10:15:53.800,-0.0022376228990877,-0.023857422610644,0.0044039591312216,-1.0108910579903734,-31.43970301446528,32.32108911593766,52.554695,-1.463064,0.012252475442712693,0.0,True
2020-01-08 10:15:53.900,0.001654985728,0.003480004608,-0.006515001344,-0.7214998784,-31.7919999232,32.38,52.554695,-1.463064,0.012847217777777777,0.0,True
2020-01-08 10:15:54.000,-0.012829980928,0.01770003456,-0.013910023936,-0.6170002432,-31.65249984,32.41750016,52.554695,-1.463064,0.008319450311111082,0.0,True
2020-01-08 10:15:54.100,0.011389995264,0.052334951936,-0.0366549614079999,-0.97750016,-31.36499968,32.7140003584,52.554695,-1.463064,0.015361107911111083,0.0,True
2020-01-08 10:15:54.200,0.00269998976,-0.007104981248,0.00964997888,-1.1044996352,-30.816999475200003,33.30250048,52.554695,-1.463064,0.011527779555555555,0.0,True
2020-01-08 10:15:54.300,-0.010359997696,0.009159963136,-0.013359978496,-0.65750016,-30.2145004032,33.8829997568,52.554695,-1.463064,0.013013885155555526,0.0,True
2020-01-08 10:15:54.400,-0.00647499648,-0.03664998656,0.01242498816,-0.9180002048,-30.7965001984,33.59750016,52.554695,-1.463064,0.008055555555555528,0.0,True
2020-01-08 10:15:54.500,-0.0056465535027665,-0.0227059597344695,-0.0029584141677079,-1.0875242503123963,-30.9857422103713,33.71792034086042,52.554695,-1.463064,0.007766775262555027,0.0,True
2020-01-08 10:15:54.600,-0.0226142458589441,-0.0422142630997379,-0.0018571495743352,-0.5442860613406546,-30.640000626937955,33.11857086880539,52.554695,-1.463064,0.007103182377702833,0.0,True
2020-01-08 10:15:54.700,0.00780495043482,-0.0277039621728077,-0.0077445549272427,-0.7402969855347236,-31.13108911593766,32.69,52.554695,-1.463064,0.012879537842259389,0.0,True
2020-01-08 10:15:54.800,0.00399998592,-0.0438750054399999,-0.00742498176,-0.3609999616,-31.1794999552,32.6239997184,52.554695,-1.463064,0.010444438044444415,0.0,True
2020-01-08 10:15:54.900,-0.010484982016,-0.052390005504,0.016469998592,-0.2634998015999999,-31.1305000448,32.1089993984,52.554695,-1.463064,0.0033194503111110833,0.0,True
2020-01-08 10:15:55.000,0.00867497984,-0.062565012224,0.013894996992,0.03750016,-31.22750016,31.2454997248,52.554695,-1.463064,0.010944443733333333,0.0,True
2020-01-08 10:15:55.100,-0.0166302977097065,-0.0747999855192012,0.0094757560399152,0.2696970410039331,-31.524848792016943,30.97393973401876,52.554695,-1.463064,0.011978121639283862,0.0,True
2020-01-08 10:15:55.200,-0.0095199999999999,-0.0544,0.006204,0.4392,-31.8704,31.2504,52.554695,-1.463064,0.02114444444444444,0.0,True
2020-01-08 10:15:55.300,-0.0157326734781297,-0.0679891108683474,0.002688119564749,0.889406028930553,-31.178910884062343,30.07782186951089,52.554695,-1.463064,0.011243124396083222,0.0,True
2020-01-08 10:15:55.400,-0.012369978112,-0.078579975168,0.008459997696,1.5354995967999998,-31.1109999616,30.8009999616,52.554695,-1.463064,0.01181944391111111,0.0,True
2020-01-08 10:15:55.500,0.0130849845759999,-0.04987501824,0.005640001024,1.0,-31.13500032,30.8445004032,52.554695,-1.463064,0.010652775822222195,0.0,True
2020-01-08 10:15:55.600,-0.007670001152,-0.069359979776,0.007510002176,1.07500032,-31.4759996416,31.2014992384,52.554695,-1.463064,0.013305577955555526,0.0,True
2020-01-08 10:15:55.700,-0.007339992064,-0.042304999168,0.0123050081279999,1.4909999616,-31.1305005568,30.11499968,52.554695,-1.463064,0.045597233066666666,0.0,True
2020-01-08 10:15:55.800,4.9986559999999625e-05,-0.040794998272,0.018614980864,1.4955002368,-31.8609999616,29.7365001984,52.554695,-1.463064,0.06133333902222222,0.0,True
2020-01-08 10:15:55.900,-0.018235001856,-0.036279990528,-0.005209993216,1.7634998016,-31.8670002432,29.9714998784,52.554695,-1.463064,0.07459724657777778,0.0,True
2020-01-08 10:15:56.000,-0.018434990336,-0.021179989248,0.004355002368,1.5,-32.15249984,29.84750016,52.554695,-1.463064,0.11340280533333333,0.0,True
2020-01-08 10:15:56.100,-0.003829992448,-0.0078450040319999,0.006629996288,1.53750016,-31.9580000768,30.02249984,52.554695,-1.463064,0.14954166471111113,0.0,True
2020-01-08 10:15:56.200,0.0048363586997277,-0.012018177539764,-0.0005121292204417,1.75,-32.07969704100393,29.74484824898699,52.554695,-1.463064,0.15452022944595717,0.0,True
2020-01-08 10:15:56.300,-0.003568,-0.005464,-0.00866,1.7804,-32.1692,29.3688,52.554695,-1.463064,0.19965555555555556,0.0,True
2020-01-08 10:15:56.400,-0.0052237608705019,-0.0046118804352509,0.0075168278284849,1.930495043482008,-32.001386101472384,29.19118804352509,52.554695,-1.463064,0.21485698631201772,0.0,True
2020-01-08 10:15:56.500,0.00432498688,-0.000310008576,-0.0231049927679999,1.8604999168,-31.76500032,28.5885001216,52.554695,-1.463064,0.2367917383111111,0.0,True
2020-01-08 10:15:56.600,-0.01370000256,-0.010004992768,-0.009704983808,1.7590000384,-32.0579994368,28.7034998016,52.554695,-1.463064,0.33481945671111113,0.0,True
2020-01-08 10:15:56.700,-0.016664998144,-0.004465017344,0.0114249983999999,1.84750016,-31.38500032,28.36499968,52.554695,-1.463064,0.3514027790222222,0.0,True
2020-01-08 10:15:56.800,-0.0127606008497125,-0.0234090760991831,0.0078302977097065,2.0887879830057483,-31.82969704100393,28.015757850015127,52.554695,-1.463064,0.3644192330578246,0.0,True
2020-01-08 10:15:56.900,-0.0041138610147238,-0.0033673285495943,0.0030059427522805,2.210396014508365,-31.96851486955397,28.311683087007104,52.554695,-1.463064,0.4376925253585199,0.0,True
2020-01-08 10:15:57.000,-0.0017121237901421,-0.0167363568896278,0.0158878599189592,2.0575759660114965,-32.00636322497731,27.65727282600545,52.554695,-1.463064,0.491919202889494,0.0,True
2020-01-08 10:15:57.100,-0.0055415840580334,-0.0035277210155855,-0.0114465334789915,2.329306898570708,-31.360495043482008,27.75138610147238,52.554695,-1.463064,0.5044884460564851,0.0,True
2020-01-08 10:15:57.200,-0.00635000704,0.0088749900799999,-0.002005001728,2.0419999232,-31.4315005184,27.40249984,52.554695,-1.463064,0.4964028430222222,0.0,True
2020-01-08 10:15:57.300,-0.013464990464,-0.002214991104,-0.007360013056,2.0615005184,-32.1109999616,27.1990000384,52.554695,-1.463064,0.585430565688889,0.0,True
2020-01-08 10:15:57.400,-0.001010000896,0.0086399959039999,-0.02192498816,2.6944997632,-32.013499801600005,27.2590000384,52.554695,-1.463064,0.5970972145777778,0.0,True
2020-01-08 10:15:57.500,-0.0018249984,0.008360022016,-0.0083000089599999,2.4070001152,-31.82500032,27.2919999232,52.554695,-1.463064,0.5917361315555556,0.0,True
2020-01-08 10:15:57.600,0.001230003968,0.035304990208,-0.021520005632,2.4954997248,-32.2409999616,27.2740003584,52.554695,-1.463064,0.6138055338666667,0.0,True
2020-01-08 10:15:57.700,0.004669992192,0.022194999552,-0.028744998912,2.1855002368,-32.15249984,27.7319999232,52.554695,-1.463064,0.5724166129777778,0.0,True
2020-01-08 10:15:57.800,-0.00329998976,0.020984997376,-0.026504996608,2.5090000384,-31.9204999168,27.63,52.554695,-1.463064,0.5090278115555555,0.0,True
2020-01-08 10:15:57.900,0.007179986688,0.016989997824,-0.022270001152,2.4759996416,-31.7634998016,27.5729997568,52.554695,-1.463064,0.5473055274666666,0.0,True
2020-01-08 10:15:58.000,-0.009764996864,0.013379996928,-0.022764995584,1.9909999616,-31.5,27.2319999232,52.554695,-1.463064,0.5008332942222222,0.0,True
2020-01-08 10:15:58.100,-0.005194998272,0.0056999846399999,-0.0144999897599999,1.8934998016,-31.6305005568,27.13,52.554695,-1.463064,0.4480138851555555,0.0,True
2020-01-08 10:15:58.200,-0.002915000064,-0.01567500416,-0.001110000896,1.70500032,-32.2859996416,27.09249984,52.554695,-1.463064,0.43509718826666666,0.0,True
2020-01-08 10:15:58.300,-0.000359988736,-0.020029995008,-0.003065003264,2.1480000768,-31.7634998016,26.8980000768,52.554695,-1.463064,0.3898333326222222,0.0,True
2020-01-08 10:15:58.400,0.01429999872,-0.017945019392,-0.005434991616,2.1089993984,-31.61250048,26.9534998016,52.554695,-1.463064,0.39084723057777776,0.0,True
2020-01-08 10:15:58.500,0.011759996416,-0.03604996736,0.002744987392,1.2829998848,-32.2034998016,26.72750016,52.554695,-1.463064,0.3874027157333333,0.0,True
2020-01-08 10:15:58.600,0.003879986688,0.00399998592,-0.011194988032,1.1480000767999998,-31.8919997952,26.9580000768,52.554695,-1.463064,0.3045416647111111,0.0,True
2020-01-08 10:15:58.700,-0.013004996608,-0.012659991296,0.004639999744,1.2409999616,-31.6860002816,27.0795000832,52.554695,-1.463064,0.31048614755555554,0.0,True
2020-01-08 10:15:58.800,-0.006534991616,-0.002465005824,-0.0021800276479999,1.1239997184,-31.98499968,27.1434998016,52.554695,-1.463064,0.3493055146666667,0.0,True
2020-01-08 10:15:58.900,0.004254998528,-0.009044995072,-0.03807499648,0.6839997184,-31.6260002816,26.9265001984,52.554695,-1.463064,0.28945830968888886,0.0,True
2020-01-08 10:15:59.000,0.0048350108159999,-0.00295000192,-0.02979998464,0.3295000832,-31.9429997568,27.0579994368,52.554695,-1.463064,0.25805555555555554,0.0,True
2020-01-08 10:15:59.100,0.01717499136,-0.003939993344,-0.0124000128,0.3934998016,-31.6485001216,26.3205000448,52.554695,-1.463064,0.25488887537777777,0.0,True
2020-01-08 10:15:59.200,0.001829983488,0.00625000576,-0.0252749824,0.0354995968,-31.81,26.3694999552,52.554695,-1.463064,0.24190279893333333,0.0,True
2020-01-08 10:15:59.300,-0.01919999616,0.01299999616,-0.007705024768,-0.42499968,-31.7439997184,26.4135004416,52.554695,-1.463064,0.27120833848888887,0.0,True
2020-01-08 10:15:59.400,-0.011984990976,0.00557499008,-0.0343449733119999,-0.0180000768,-31.5395007232,26.96249984,52.554695,-1.463064,0.2771388849777778,0.0,True
2020-01-08 10:15:59.500,0.004395018752,-0.011545016832,4.995328000000033e-06,-0.1109999616,-32.5285001216,26.7409999616,52.554695,-1.463064,0.27315278293333334,0.0,True
2020-01-08 10:15:59.600,0.029585001216,-0.034170001152,-0.008345009152,-0.13500032,-32.5294993152,26.61499968,52.554695,-1.463064,0.27999999999999997,0.0,True
2020-01-08 10:15:59.700,0.027269983232,-0.03299998848,-0.017154985728,-0.5885001216000001,-31.5929998848,26.2365001984,52.554695,-1.463064,0.28916670577777775,0.0,True
2020-01-08 10:15:59.800,0.004189996544,-0.02287502208,-0.000465009664,-0.6554995968,-31.4490000384,26.4909999616,52.554695,-1.463064,0.34048610844444444,0.0,True
2020-01-08 10:15:59.900,-0.006415025664,-0.053985007616,-0.010779989248,-0.1680002048,-31.5090000384,26.4685001216,52.554695,-1.463064,0.33590277333333335,0.0,True
2020-01-08 10:16:00.000,-0.034139972864,-0.059239979264,0.001444991232,-0.5045002752,-31.6440003584,26.70500032,52.554695,-1.463064,0.34333339022222226,0.0,True
2020-01-08 10:16:00.100,0.0015515138899304,-0.0393818459915339,-0.007821203509525,-0.7184842999697455,-32.063939190988805,27.08151497599032,52.554695,-1.463064,0.4202777828058329,0.0,True
2020-01-08 10:16:00.200,-0.0018257434776988,-0.0791207900012926,0.0053732672464267,0.13,-31.81970301446528,26.821089115937657,52.554695,-1.463064,0.4250192500011969,0.0,True
2020-01-08 10:16:00.300,-0.01030000384,-0.069755034368,0.006740008704,0.2140003583999999,-32.15249984,26.8514998784,52.554695,-1.463064,0.41413891128888886,0.0,True
2020-01-08 10:16:00.400,-0.0150212107499243,-0.1157484861100695,0.0196181865902632,0.6809090579981847,-31.90212107499244,26.7460608090112,52.554695,-1.463064,0.443594275027719,0.0,True
2020-01-08 10:16:00.500,-0.00878118550887,-0.115640592754435,0.0225326704365436,0.579306898570708,-31.65990097102636,27.020396014508364,52.554695,-1.463064,0.44955721054450304,0.0,True
2020-01-08 10:16:00.600,0.010009986816,-0.107880013568,0.00285001728,0.3580002048,-31.5180000768,26.7259996416,52.554695,-1.463064,0.4970416967111111,0.0,True
2020-01-08 10:16:00.700,-0.0037499839999999,-0.123919991552,0.022019983872,0.7605005568000001,-31.6680002048,26.3340003584,52.554695,-1.463064,0.5316944220444444,0.0,True
2020-01-08 10:16:00.800,0.016269994752,-0.114185006336,0.0051000192,1.3784994816,-31.9114998784,26.7829998848,52.554695,-1.463064,0.5096111438222222,0.0,True
2020-01-08 10:16:00.900,0.0076949931519999,-0.118489982464,0.0282449899519999,0.7080000768,-31.7409999616,26.6480000768,52.554695,-1.463064,0.5542638940444444,0.0,True
2020-01-08 10:16:01.000,-0.002720005632,-0.0982000128,0.009079975168,0.8580002048,-31.69,26.7319999232,52.554695,-1.463064,0.5696528142222222,0.0,True
2020-01-08 10:16:01.100,-0.012555010048,-0.112409988096,-0.020719986432,1.2140003584,-31.76500032,26.6104999168,52.554695,-1.463064,0.6085971818666667,0.0,True
2020-01-08 10:16:01.200,-0.024009991936,-0.094334990336,-0.0071100188159999,1.5684994816,-32.1044996352,26.5660002816,52.554695,-1.463064,0.5735834126222221,0.0,True
2020-01-08 10:16:01.300,-0.014545005312,-0.086210020096,-0.030869994752,0.99250048,-31.65750016,26.9685001216,52.554695,-1.463064,0.6628471537777778,0.0,True
2020-01-08 10:16:01.400,-0.018434986496,-0.107154975488,-0.024605003008,1.6014998784,-31.83249984,27.0639997184,52.554695,-1.463064,0.5909861923555556,0.0,True
2020-01-08 10:16:01.500,-0.0017750054399999,-0.08555004672,-0.026259990016,1.40249984,-31.6109999616,26.61499968,52.554695,-1.463064,0.6951388728888889,0.0,True
2020-01-08 10:16:01.600,-0.009285001216,-0.141644974592,-0.00879998208,1.2080000768,-31.6545004032,26.1329997568,52.554695,-1.463064,0.6788472433777778,0.0,True
2020-01-08 10:16:01.700,-0.0102849973759999,-0.1229450641919999,0.019065017344,1.3295000832,-32.3490006784,25.8009999616,52.554695,-1.463064,0.7086111182222222,0.0,True
2020-01-08 10:16:01.800,-0.005659995136,-0.204269983232,0.039939990784,1.5060002816,-33.1179994368,25.7319999232,52.554695,-1.463064,0.7174305528888889,0.0,True
2020-01-08 10:16:01.900,-0.000820006912,-0.183905008128,0.02897500544,1.99250048,-32.342999884799994,25.5819997952,52.554695,-1.463064,0.7165972337777778,0.0,True
2020-01-08 10:16:02.000,-0.0066249856,-0.19590000512,0.03087497728,2.5639997184,-32.2455002368,25.27249984,52.554695,-1.463064,0.7333194503111111,0.0,True
2020-01-08 10:16:02.100,0.0074696787589955,-0.1984272572591468,0.0035939498705778,2.1521210749924364,-32.56,24.92818134097368,52.554695,-1.463064,0.7424579173336023,0.0,True
2020-01-08 10:16:02.200,-0.016945542175393,-0.1779534675348705,0.0192138610147238,1.9590099130359844,-32.58059407245565,24.34841594196654,52.554695,-1.463064,0.75,0.0,True
2020-01-08 10:16:02.300,-0.0020151696710014,-0.1899514921687323,0.0140393864795885,2.2221217990323723,-32.64151497599032,24.953635507952804,52.554695,-1.463064,0.753619541722945,0.0,True
2020-01-08 10:16:02.400,-0.0262279999999999,-0.154944,-0.000236,3.2196,-32.4708,23.59,52.554695,-1.463064,0.7794888888888889,0.0,True
2020-01-08 10:16:02.500,-0.0068346540576025,-0.1595901001442218,-0.0109881165231629,3.7090099130359846,-33.00950495651799,23.408514869553976,52.554695,-1.463064,0.80334433092006,0.0,True
2020-01-08 10:16:02.600,-0.010884996096,-0.16519998336,0.00654999296,3.7079995648,-33.0419999232,23.6545004032,52.554695,-1.463064,0.7809722524444443,0.0,True
2020-01-08 10:16:02.700,-0.006195002112,-0.143445001472,-0.0009249919999999,3.2230003968,-32.9490000384,24.1059996416,52.554695,-1.463064,0.8170277603555556,0.0,True
2020-01-08 10:16:02.800,-0.0066899901439999,-0.137239965184,0.00512498048,3.6284994816,-32.8679994368,23.7515005184,52.554695,-1.463064,0.7968889016888889,0.0,True
2020-01-08 10:16:02.900,0.0045666600296339,-0.104151562762626,-0.0186636286295734,3.071818659026321,-32.14878798300575,24.37333309198669,52.554695,-1.463064,0.8175505183062868,0.0,True
2020-01-08 10:16:03.000,-0.0032920776821086,-0.1649366255123171,-0.0084108921732386,3.81,-32.34009902897365,23.95089105799037,52.554695,-1.463064,0.839771728260193,0.0,True
2020-01-08 10:16:03.100,0.0024049697279999,-0.11152506368,-0.010059968256,3.7259996416,-32.38749952,23.6059996416,52.554695,-1.463064,0.8383888440888889,0.0,True
2020-01-08 10:16:03.200,-0.036254993408,-0.185284953856,0.0237449643519999,3.2785001216,-31.7304999168,23.0639997184,52.554695,-1.463064,0.7948056234666667,0.0,True
2020-01-08 10:16:03.300,-0.028205003008,-0.1405000704,-0.009814941184,3.4114998784,-31.6770002432,22.7830003968,52.554695,-1.463064,0.8739166193777776,0.0,True
2020-01-08 10:16:03.400,-0.0264727065388563,-0.2292121038790439,0.0589817844481393,3.2878789250075635,-32.02878798300575,23.10242349095855,52.554695,-1.463064,0.8159511959731887,0.0,True
2020-01-08 10:16:03.500,-0.0026039318637576,-0.216580409951887,0.0158666780444587,3.539215735486413,-32.16960781754706,21.99803928851989,52.554695,-1.463064,0.8323801608953654,0.0,True
2020-01-08 10:16:03.600,-0.042146425957866,-0.2861534788825995,0.0605130965895133,3.679292328538293,-32.13919259203711,22.19545357223204,52.554695,-1.463064,0.7793995884465061,0.0,True
2020-01-08 10:16:03.700,-0.0183636503507714,-0.2530424504614462,0.0341393882896883,3.2878789250075635,-32.65787892500756,21.5575759660115,52.554695,-1.463064,0.8091414251117162,0.0,True
2020-01-08 10:16:03.800,-0.0370376218852257,-0.2717544416028145,0.0145009831927022,3.52059407245565,-32.85099008696401,21.36514818860876,52.554695,-1.463064,0.8214906461370872,0.0,True
2020-01-08 10:16:03.900,-0.017969985792,-0.156465003264,-0.040489987584,3.70500032,-32.86250048,18.4319991552,52.554695,-1.463064,0.7983194503111112,0.0,True
2020-01-08 10:16:04.000,-0.0096606442921087,-0.1702848828218939,-0.017469673328696,4.261818659026321,-33.57575785001513,17.320606099002116,52.554695,-1.463064,0.8039646386940159,0.0,True
2020-01-08 10:16:04.100,-0.0655207900012926,-0.2193920766682466,0.0098326673949575,4.901782115980747,-33.950891057990376,17.329306898570707,52.554695,-1.463064,0.7919444444444446,0.0,True
2020-01-08 10:16:04.200,-0.040809968896,-0.213235064576,-0.0275199493119999,4.4070001152,-33.80250048,16.90999936,52.554695,-1.463064,0.7986944732444445,0.0,True
2020-01-08 10:16:04.300,0.000545000192,-0.284434937856,0.034729978368,4.48499968,-34.4114998784,16.1260002816,52.554695,-1.463064,0.8225693831111112,0.0,True
2020-01-08 10:16:04.400,0.002960009216,-0.212520045312,0.003779990528,4.004499763199999,-34.2590000384,16.42499968,52.554695,-1.463064,0.7460277987555555,0.0,True
2020-01-08 10:16:04.500,0.01692500736,-0.261044950272,0.004580057088,3.76500032,-34.206499558400004,16.0090000384,52.554695,-1.463064,0.7698472049777777,0.0,True
2020-01-08 10:16:04.600,0.02384998784,-0.192209988096,0.070814959104,4.1809999616,-33.73250048,15.98499968,52.554695,-1.463064,0.7546111438222223,0.0,True
2020-01-08 10:16:04.700,0.005194989312,-0.176880002048,0.01927501184,4.0729997568,-34.3054997248,15.4384994816,52.554695,-1.463064,0.784680498488889,0.0,True
2020-01-08 10:16:04.800,-0.008279996928,-0.16812495104,0.034114996224,3.9285007616,-33.8919997952,14.90000064,52.554695,-1.463064,0.7185139299555555,0.0,True
2020-01-08 10:16:04.900,-0.007320013312,-0.114965050624,0.026594989312,4.827499520000001,-33.65750016,15.7034998016,52.554695,-1.463064,0.7697638748444444,0.0,True
2020-01-08 10:16:05.000,-0.026140004864,-0.16779993856,0.009969989632,4.1990000384,-33.880500044799994,15.3079994368,52.554695,-1.463064,0.7443610823111112,0.0,True
2020-01-08 10:16:05.100,-0.0332818206501361,-0.0974576165122479,0.0053060935718182,4.1560602659812425,-33.98696986700938,14.370605374962182,52.554695,-1.463064,0.71776940247455,0.0,True
2020-01-08 10:16:05.200,-0.02890989580033,-0.1433277118908273,0.0430564272515974,3.6696039854916345,-34.25,13.379703014465276,52.554695,-1.463064,0.7803712854277892,0.0,True
2020-01-08 10:16:05.300,0.011944988672,-0.057920024832,-0.01762495872,3.8229997568,-34.2304999168,13.6944997632,52.554695,-1.463064,0.7589027470222222,0.0,True
2020-01-08 10:16:05.400,-0.0012138569241531,-0.0839049339470562,0.0306207765149594,3.471782111463709,-34.04574239858871,13.35178211146371,52.554695,-1.463064,0.7259351121497538,0.0,True
2020-01-08 10:16:05.500,0.0158504600251345,-0.0420181946534684,-0.0095040230865902,3.416059842055452,-33.6907065613703,13.252221774005864,52.554695,-1.463064,0.7733501522211705,0.0,True
2020-01-08 10:16:05.600,0.044484960256,-0.0232049658879999,-0.027385014016,3.98499968,-34.092999884799994,13.581999795200002,52.554695,-1.463064,0.782319424711111,0.0,True
2020-01-08 10:16:05.700,-0.007429996288,0.020869994752,-0.042504985088,3.6455003648,-33.9580000768,13.4135004416,52.554695,-1.463064,0.7631528078222222,0.0,True
2020-01-08 10:16:05.800,-0.002980002048,0.014995004672,-0.023060001536,4.1570001152,-34.02249984,14.0660002816,52.554695,-1.463064,0.7994305400888889,0.0,True
2020-01-08 10:16:05.900,-0.008205010688,0.024515014144,-0.025820003072,4.245499724799999,-33.77249984,14.4865001984,52.554695,-1.463064,0.7953889592888889,0.0,True
2020-01-08 10:16:06.000,-0.0174908913190197,0.0364211872186264,-0.0262333200592678,3.9178789250075634,-33.49333309198669,15.090910325068071,52.554695,-1.463064,0.8854376979437554,0.0,True
2020-01-08 10:16:06.100,0.0096198017392803,0.0045693111567912,-0.0083772294192344,4.139504956517992,-33.04079202901673,16.862178130489113,52.554695,-1.463064,0.8748239879192707,0.0,True
2020-01-08 10:16:06.200,0.009070006272,0.03639998464,-0.018954984448,4.1059996416,-32.723500441599995,16.1855002368,52.554695,-1.463064,0.9308611527111111,0.0,True
2020-01-08 10:16:06.300,0.0181050030079999,0.014619994112,-0.00122501248,3.5819997952,-33.3385001216,16.2839990784,52.554695,-1.463064,1.0000278371555555,0.0,True
2020-01-08 10:16:06.400,0.021919999232,0.007145001472,-0.013734982656,3.38500032,-33.4714998784,15.2475008,52.554695,-1.463064,1.0784722204444446,0.0,True
2020-01-08 10:16:06.500,0.022040004864,0.0063249881599999,0.0096750016,3.77249984,-33.188499481600005,16.2919999232,52.554695,-1.463064,1.0669444053333332,0.0,True
2020-01-08 10:16:06.600,0.0234320203606863,-0.0163903167438808,0.0188048799037639,3.523592100292287,-32.590291591275125,16.21767000377786,52.554695,-1.463064,1.021391609059798,0.0,True
2020-01-08 10:16:06.700,-0.0169886668461307,-0.0604433009770233,0.0482463840635936,3.3644330256052952,-33.12865979952812,16.240206093331853,52.554695,-1.463064,1.058648338901997,0.0,True
2020-01-08 10:16:06.800,-0.08797497984,-0.09002503424,-0.0258999641599999,3.5444991232,-33.0954995968,15.1839997184,52.554695,-1.463064,1.0531944284444446,0.0,True
2020-01-08 10:16:06.900,-0.0555299758079999,-0.13932501632,0.009729948928,2.49250048,-32.672500480000004,14.8580002048,52.554695,-1.463064,1.0151527061333332,0.0,True
2020-01-08 10:16:07.000,-0.022364995584,-0.181940089344,-0.043129936128,3.01749952,-33.3565001984,15.0069994752,52.554695,-1.463064,0.9240416839111111,0.0,True
2020-01-08 10:16:07.100,-0.020595017472,-0.301005001728,0.029204946688,2.4070001152,-33.6770002432,13.9634985216,52.554695,-1.463064,0.9414027541333334,0.0,True
2020-01-08 10:16:07.200,-0.0391787711490772,-0.3357092082364714,-0.0315999637980032,2.6084850240096813,-34.06666690801331,11.886363224977307,52.554695,-1.463064,0.9003198302758446,0.0,True
2020-01-08 10:16:07.300,-0.0316128828913317,-0.520542576375494,0.0352356504305111,2.810296985534724,-34.47960398549163,11.032970159505844,52.554695,-1.463064,0.8492794299504419,0.0,True
2020-01-08 10:16:07.400,-0.13520002688,-0.53537498752,0.09400000512,2.44,-34.5954995968,9.7764995584,52.554695,-1.463064,0.8651944405333334,0.0,True
2020-01-08 10:16:07.500,-0.1585249472,-0.494019894272,0.085634935296,2.5435004416,-34.13500032,9.1434998016,52.554695,-1.463064,0.8496666225777777,0.0,True
2020-01-08 10:16:07.600,-0.081634971136,-0.376670098432,0.0142500620799999,3.0819997952,-34.6440003584,8.6729991168,52.554695,-1.463064,0.7824027406222223,0.0,True
2020-01-08 10:16:07.700,-0.043930002688,-0.4930449387519999,0.0954099944959999,2.4919986432,-35.1395000832,7.471499878399999,52.554695,-1.463064,0.7283888689777778,0.0,True
2020-01-08 10:16:07.800,-0.0294393285563936,-0.4353364492047197,0.0895393991502874,0.6809090579981847,-35.25909094200181,7.24484824898699,52.554695,-1.463064,0.6848147528021352,0.0,True
2020-01-08 10:16:07.900,0.0662029668137611,-0.5554544476859866,0.0923089075383176,0.5397029130790736,-35.27990097102636,6.780197956561081,52.554695,-1.463064,0.5838283796316245,0.0,True
2020-01-08 10:16:08.000,0.0289242131883874,-0.4857484680090712,0.0705030531212585,0.1554548910190603,-35.16848502400968,6.0803024159661145,52.554695,-1.463064,0.5389309112186252,0.0,True
2020-01-08 10:16:08.100,-0.0123396014508365,-0.4756049605734403,0.1050871282611505,0.4919800725418281,-35.34970291307907,4.9414850290598205,52.554695,-1.463064,0.42172991264733745,0.0,True
2020-01-08 10:16:08.200,-0.0055500608,-0.51344980096,0.088414945024,-0.5795000832,-34.87,3.97750016,52.554695,-1.463064,0.3250832910222222,0.0,True
2020-01-08 10:16:08.300,-0.084289991424,-0.259495044352,0.020080019968,-0.7365001983999999,-34.8519999232,4.1809999616,52.554695,-1.463064,0.24205544106666668,0.0,True
2020-01-08 10:16:08.400,-0.075495011072,-0.319495004672,0.037539961344,-0.9714998784,-34.8055002368,3.9604992768,52.554695,-1.463064,0.07754161351111111,0.0,True
2020-01-08 10:16:08.500,-0.0759499570824068,-0.291199896094248,0.0013765162961364,-0.9202944498265728,-35.08323518339114,2.8897055501734275,52.554695,-1.463064,0.026797445413227528,0.0,True
2020-01-08 10:16:08.600,0.0034697149609923,-0.1239412312299111,0.0764394661239814,-1.63353494397741,-34.91201996798709,2.3563630439673253,52.554695,-1.463064,0.16350156343782207,0.0,True
2020-01-08 10:16:08.700,-0.0012144164759725,-0.3188716035547475,-0.0011143498636406,-2.1828566502617472,-35.14428607253691,3.0428572772013416,52.554695,-1.463064,0.3329362977127154,0.0,True
2020-01-08 10:16:08.800,0.0776471441474948,-0.1977000154566224,0.0556981225033932,-2.513207490665649,-35.00283034907815,2.864528210751047,52.554695,-1.463064,0.5229035989779308,0.0,True
2020-01-08 10:16:08.900,-0.0312682921308347,-0.2680368219372989,0.0837261305760804,-2.414212517583146,-35.63841969959094,2.393683648886805,52.554695,-1.463064,0.7205267331188324,0.0,True
2020-01-08 10:16:09.000,0.02999987584,-0.259390023424,-0.023209902336,-3.81,-34.7455002368,1.92499968,52.554695,-1.463064,1.0520557219555555,0.0,True
2020-01-08 10:16:09.100,-0.121069940992,-0.2730399255039999,0.090884933376,-3.73499968,-35.1065001984,1.5945004032,52.554695,-1.463064,1.3235974378666666,0.0,True
2020-01-08 10:16:09.200,-0.038394981632,-0.199480108288,-0.001185015296,-3.5170008832,-35.3519999232,1.9319991552,52.554695,-1.463064,1.6495835022222223,0.0,True
2020-01-08 10:16:09.300,-0.015140004864,-0.329364940544,-0.0207499968,-4.7170001152,-35.2965001984,0.7919999232,52.554695,-1.463064,1.9043473521777778,0.0,True
2020-01-08 10:16:09.400,-0.025485016576,-0.253265012224,-0.014894993152,-4.8234998016,-35.59750016,0.7935004416,52.554695,-1.463064,2.1195696263111112,0.0,True
2020-01-08 10:16:09.500,-0.043794984192,-0.275260024576,0.00402504192,-4.6815005184,-35.84750016,1.34249984,52.554695,-1.463064,2.398902939022222,0.0,True
2020-01-08 10:16:09.600,-0.042810085376,-0.287964914944,0.06285001344,-5.3324998400000005,-35.98499968,0.9604992768,52.554695,-1.463064,2.646514031644444,0.0,True
2020-01-08 10:16:09.700,-0.1601394082007866,-0.1667423943483511,0.0640938792766841,-5.215454891019061,-35.51303013299062,0.0378789250075636,52.554695,-1.463064,2.868686986617616,0.0,True
2020-01-08 10:16:09.800,-0.1608455310229107,-0.1390980315868715,-0.0203613807280036,-5.769009913035984,-35.28960398549163,0.2309900869640155,52.554695,-1.463064,3.0735973739846942,350.2428105165768,True
2020-01-08 10:16:09.900,-0.042584979456,-0.228029957888,0.0182499712,-5.8805000448,-35.4054995968,0.0264995583999999,52.55470985006336,-1.46306820001792,3.2246806904888885,350.2428290993353,True
2020-01-08 10:16:10.000,0.013380122368,-0.162184957696,-0.015859982336,-5.854499635200001,-35.0020005632,-0.4939997184,52.554794,-1.463092,3.4304723356444446,0.0,True
2020-01-08 10:16:10.100,0.165534955776,-0.090714934784,0.0018849756159999,-5.4555003648,-35.7680000768,-0.1395000831999999,52.554794,-1.463092,3.611111239111111,0.0,True
2020-01-08 10:16:10.200,0.094469947392,-0.011420031232,-0.0205099573759999,-5.902499840000001,-35.7394994432,-0.0804992768,52.554794,-1.463092,3.806902887822222,0.0,True
2020-01-08 10:16:10.300,0.027930014208,-0.044079962368,0.034989995264,-5.7740003584,-35.11250048,0.8229997568,52.554794,-1.463092,3.983180684088889,0.0,True
2020-01-08 10:16:10.400,0.011444849152,0.016355044608,0.015334942976,-6.1929997568,-35.7409999616,0.3964995584,52.554794,-1.463092,4.192597387377778,0.0,True
2020-01-08 10:16:10.500,-0.178789956864,0.071159981056,-0.05357497088,-5.8144997632,-35.69,-0.03999936,52.554794,-1.463092,4.428319514311111,0.0,True
2020-01-08 10:16:10.600,-0.070954362469907,0.0737122215355335,-0.0497637625769615,-5.433333091986688,-35.83090960102813,0.8675759660114968,52.554794,-1.463092,4.53853541661459,0.0,True
2020-01-08 10:16:10.700,0.1962900889917395,0.2132643465279027,-0.1933247197305154,-5.239010014422187,-36.610495043482,1.1804950434820076,52.554794,-1.463092,4.652084718592738,0.0,True
2020-01-08 10:16:10.800,0.091629911808,0.140295043072,0.06402492672,-6.152499840000001,-36.4669996032,1.2140003584,52.554794,-1.463092,4.740402792533333,0.0,True
2020-01-08 10:16:10.900,-0.037440050944,0.158169832192,-0.03299999872,-5.8364995584,-36.024000358399995,1.46499904,52.554794,-1.463092,4.7907501312,0.0,True
2020-01-08 10:16:11.000,-0.0979749696,-0.0108947704319999,-0.039985037056,-5.2214998784,-36.4804999168,0.19,52.554794,-1.463092,4.986166756977778,0.0,True
2020-01-08 10:16:11.100,-0.051944975872,0.28394995712,-0.078804955648,-5.1170002432,-36.3054997248,0.2935004416,52.554794,-1.463092,5.1260278627555556,0.0,True
2020-01-08 10:16:11.200,-0.028585037056,0.247280086528,-0.044560105216,-5.3079994368,-35.97750016,0.9730003968,52.554794,-1.463092,5.2400972273777775,0.0,True
2020-01-08 10:16:11.300,-0.071409972736,0.361989999104,-0.165864921344,-4.52249984,-36.1794999552,1.3124992,52.554794,-1.463092,5.273486224355556,0.0,True
2020-01-08 10:16:11.400,-0.0334727210196551,0.3360877893250655,-0.0562636177689743,-4.281212016994251,-35.97909039897186,0.4393946250378181,52.554794,-1.463092,5.442407474448141,0.0,True
2020-01-08 10:16:11.500,-0.0253841594196653,0.2040207960844648,-0.024933661740142,-4.012277159462754,-35.29772284053724,1.390693000043089,52.554794,-1.463092,5.555440049915807,0.0,True
2020-01-08 10:16:11.600,-0.0163150882165086,0.2347363532694281,-0.0066181648690651,-3.429393900997882,-35.842727173994554,0.7539391909888059,52.554794,-1.463092,5.629074161227029,0.0,True
2020-01-08 10:16:11.700,0.084688,0.22622,-0.006,-3.3204,-35.73,0.5104,52.554794,-1.463092,5.786466666666667,0.0,True
2020-01-08 10:16:11.800,0.0802584027617601,0.2595059366691084,-0.1247168217453127,-2.9316830870071047,-35.90990097102635,0.8499009710263579,52.554794,-1.463092,5.912304735101791,0.0,True
2020-01-08 10:16:11.900,-0.025919985152,0.211854937088,-0.0350999731199999,-2.2785001216,-35.8430003968,0.6809999616,52.554794,-1.463092,5.9716528654222225,0.0,True
2020-01-08 10:16:12.000,-6.49738239999996e-05,0.143810066176,0.000690000384,-2.47750016,-36.2304994048,0.66750016,52.554794,-1.463092,6.108013974044444,0.0,True
2020-01-08 10:16:12.100,0.04692505216,0.213864923904,0.006405022208,-2.6239997184,-35.504500275199995,0.95500032,52.554794,-1.463092,6.229652814222222,0.0,True
2020-01-08 10:16:12.200,0.055344740352,0.098159937536,0.051185065216,-2.1929997568,-35.936000281599995,1.3980000767999998,52.554794,-1.463092,6.277430552888889,0.0,True
2020-01-08 10:16:12.300,-0.262694885632,0.075770258432,0.120009924096,-1.9270002432,-36.1509993216,1.6695007232,52.554794,-1.463092,6.288013949155555,0.0,True
2020-01-08 10:16:12.400,-0.0897999104,0.307519524352,0.050415133184,-2.25,-35.5035010816,2.6194999552,52.554794,-1.463092,6.364430540088889,0.0,True
2020-01-08 10:16:12.500,0.029455001088,-0.278194803712,0.211144931072,-2.1284994816,-36.9204999168,2.5885001216,52.554794,-1.463092,6.354097265777778,0.0,True
2020-01-08 10:16:12.600,0.04147504512,-0.070000224,0.137645076992,-1.5705005568,-36.77249984,2.8070002432,52.554794,-1.463092,6.394402702933333,0.0,True
2020-01-08 10:16:12.700,0.1125818586622327,-0.3310453225727207,0.2163393086452954,-2.291818115996369,-36.52212107499244,3.1481818840036304,52.554794,-1.463092,6.285614444137014,0.0,True
2020-01-08 10:16:12.800,0.1223366001657664,-0.1146227644975933,0.0823089095660417,-2.19,-36.14207910151547,3.310198057947284,52.554794,-1.463092,6.232571506843991,0.0,True
2020-01-08 10:16:12.900,-0.149619962112,-0.05345001728,0.076570022912,-2.0489993984,-35.2785001216,3.5819997952,52.554794,-1.463092,6.218749952,0.0,True
2020-01-08 10:16:13.000,-0.079964917504,-0.0698449720319999,0.101359975936,-1.2965001984,-35.542000435199995,3.2634998016,52.554794,-1.463092,6.164291706311111,0.0,True
2020-01-08 10:16:13.100,0.026194985472,-0.043920047872,0.0694,-1.4669996032,-36.1019999232,2.9819999232,52.554794,-1.463092,6.212902760533333,0.0,True
2020-01-08 10:16:13.200,0.007605003008,-0.08447490176,0.05034991872,-1.01500032,-36.0090000384,2.95500032,52.554794,-1.463092,6.189416664177777,0.0,True
2020-01-08 10:16:13.300,0.008734987776,0.0291099279359999,-0.0428999372799999,-1.5615005184,-35.956499558400004,3.3604999168,52.554794,-1.463092,6.1829444309333335,0.0,True
2020-01-08 10:16:13.400,-0.0096450091519999,-0.043079899648,0.024589932544,-2.17499968,-35.40750016,3.3340003584,52.554794,-1.463092,6.156583297422221,0.0,True
2020-01-08 10:16:13.500,-0.0182899850239999,0.077944947712,-0.051964944384,-1.7409999616,-35.7520005632,3.7919999232,52.554794,-1.463092,6.112513904355556,0.0,True
2020-01-08 10:16:13.600,0.004765013504,0.016660034816,0.012764961024,-1.6704999168,-36.2839990784,3.7080000768,52.554794,-1.463092,6.124180517688889,0.0,True
2020-01-08 10:16:13.700,0.018364981504,0.057679977728,-0.038759998976,-1.6635004416,-35.06,3.8760002816,52.554794,-1.463092,6.075263894755555,0.0,True
2020-01-08 10:16:13.800,-0.009905015808,0.024619985152,-0.040685014016,-2.1179994368,-35.2190006784,4.0714992384,52.554794,-1.463092,6.085763900444444,0.0,True
2020-01-08 10:16:13.900,-0.032340006144,0.0021699883519999,-0.0557749849599999,-1.44500032,-36.0554997248,3.0705000448,52.554794,-1.463092,6.086986050844445,0.0,True
2020-01-08 10:16:14.000,-0.035639979264,-0.0308950750719999,-0.030309976576,-1.9270002432,-35.736500198399995,3.0444996352,52.554794,-1.463092,6.015069479111111,0.0,True
2020-01-08 10:16:14.100,-0.0067649943039999,-0.1261299809279999,0.00432501504,-2.3715005184,-35.92499968,2.71000064,52.554794,-1.463092,6.043236034844445,0.0,True
2020-01-08 10:16:14.200,-0.000985007616,-0.118905077248,0.029655022848,-3.0314998784,-35.5930003968,3.52249984,52.554794,-1.463092,5.927402715733334,0.0,True
2020-01-08 10:16:14.300,-0.003329966848,-0.21969999232,0.056219983872,-2.9645004032,-36.0269996032,3.34750016,52.554794,-1.463092,5.8179998848,0.0,True
2020-01-08 10:16:14.400,0.032644965632,-0.2280100789759999,0.0457950469119999,-3.5555002368,-35.53750016,3.48499968,52.554794,-1.463092,5.620166475377778,0.0,True
2020-01-08 10:16:14.500,-0.013615002624,-0.330304988928,0.102069974272,-3.75749952,-35.7304999168,3.02249984,52.554794,-1.463092,5.315694229333333,0.0,True
2020-01-08 10:16:14.600,-0.010754972928,-0.32925005824,0.076045034752,-3.2610006016,-35.723500441599995,2.73499968,52.554794,-1.463092,4.982166462577777,0.0,True
2020-01-08 10:16:14.700,0.021104982528,-0.41830004992,0.106509933056,-4.0885001216,-36.225999641600005,2.2169996032,52.554794,-1.463092,4.670277603555555,0.0,True
2020-01-08 10:16:14.800,-0.011910041856,-0.479754979328,0.023420024832,-4.4465008384,-35.9930010368,1.69,52.554794,-1.463092,4.396305373866666,0.0,True
2020-01-08 10:16:14.900,-0.052784937216,-0.494630180608,0.063360029696,-5.672500479999999,-37.3429998848,1.7080000768,52.554794,-1.463092,4.108208133688889,0.0,True
2020-01-08 10:16:15.000,-0.016545201152,-0.739765022464,0.140540161024,-6.2544997632,-37.11499968,1.7259996416,52.554794,-1.463092,3.814680434488889,0.0,True
2020-01-08 10:16:15.100,-0.25617488256,-0.757404947968,0.33197490432,-6.16500096,-36.65249984,1.13749952,52.554794,-1.463092,3.6009719964444447,0.0,True
2020-01-08 10:16:15.200,-0.0995999974399999,-0.693280021248,0.174239869184,-7.4670001152,-36.32749952,0.3784994816,52.554794,-1.463092,3.2566942549333335,0.0,True
2020-01-08 10:16:15.300,-0.097745006592,-0.715694975232,0.033605141248,-7.7610006016,-35.6794999552,-0.2634998015999999,52.554794,-1.463092,2.974708204088889,0.0,True
2020-01-08 10:16:15.400,-0.072419854592,-0.66644993024,0.209244948992,-8.7190006784,-35.8270008832,0.1035004415999999,52.554794,-1.463092,2.7713887537777775,0.0,True
2020-01-08 10:16:15.500,0.1105749568,-0.595145091072,0.125839933184,-9.668000204799998,-36.9054995968,0.5774995199999999,52.554794,-1.463092,2.560152642133333,0.0,True
2020-01-08 10:16:15.600,0.032394911232,-0.679559844096,0.022159936256,-9.97750016,-36.2394994432,-0.09750016,52.554794,-1.463092,2.354791559111111,0.0,True
2020-01-08 10:16:15.700,-0.0772575459183541,-0.4996061587354125,-0.0240756184723274,-10.379394625037818,-35.55606080901119,-0.2812120169942516,52.554794,-1.463092,2.1943938758576063,0.0,True
2020-01-08 10:16:15.800,-0.0348069330420169,-0.6135227482758009,0.1414524437876871,-11.58732682602888,-35.999901072412555,-0.1009900869640155,52.554794,-1.463092,2.1014796513666436,0.0,True
2020-01-08 10:16:15.900,-0.050329982208,-0.4158850152959999,-0.096784891136,-12.5485007616,-36.6419997952,-0.07500032,52.554794,-1.463092,2.125208312888889,0.0,True
2020-01-08 10:16:16.000,-0.0304128800705646,-0.437640597467379,0.0416960251639917,-13.662475489947584,-36.38930697636693,-0.5653466892419373,52.554794,-1.463092,2.0943426754849908,0.0,True
2020-01-08 10:16:16.100,-0.0501020317130312,-0.4408091275813383,0.0120312747273206,-14.276868493320714,-36.37555645198827,-0.8862630133585714,52.554794,-1.463092,2.078437110504295,0.0,True
2020-01-08 10:16:16.200,-0.0240199301119999,-0.4234750579199999,0.03629996544,-14.6080007168,-35.7145004032,-0.4939997184,52.554794,-1.463092,2.099861063111111,0.0,True
2020-01-08 10:16:16.300,0.06857499904,-0.4922699653119999,0.008385076736,-15.5314998784,-36.2680000768,-0.2610006016,52.554794,-1.463092,2.047361159111111,0.0,True
2020-01-08 10:16:16.400,0.03144984704,-0.4386699678719999,0.1164950264319999,-15.5770008832,-36.3054997248,-0.8919992832000001,52.554794,-1.463092,2.098361056711111,0.0,True
2020-01-08 10:16:16.500,-0.130359823616,-0.426795131392,0.162295045632,-16.8160002816,-35.97750016,0.09750016,52.554794,-1.463092,2.042611181511111,0.0,True
2020-01-08 10:16:16.600,0.093654956288,-0.5945049710079999,0.183269830912,-17.2365001984,-36.1239997184,0.3670002431999999,52.554794,-1.463092,2.1482361628444444,0.0,True
2020-01-08 10:16:16.700,0.028219968512,-0.522654857728,-0.035464975104,-17.4909999616,-35.7034998016,0.6809999616,52.554794,-1.463092,2.248902914133333,0.0,True
2020-01-08 10:16:16.800,-0.0052299642879999,-0.344770047232,0.0037650263039999,-17.579500595200003,-35.5330003968,0.6194999552,52.554794,-1.463092,2.4654168177777778,0.0,True
2020-01-08 10:16:16.900,0.0127453479141185,-0.362863474771087,0.0218363025866326,-18.35181811599637,-36.06,0.4660602659812422,52.554794,-1.463092,2.7132072412038486,0.0,True
2020-01-08 10:16:17.000,-0.1395900910194636,-0.1318782298475911,-0.0528613736309694,-18.32920797098327,-35.99029698553473,0.028712927501261,52.554794,-1.463092,3.0265374351656353,0.0,True
2020-01-08 10:16:17.100,-0.0694514697197431,-0.2143880290775629,0.0316682171996623,-18.926733539316302,-35.56504923567476,0.5,52.554794,-1.463092,3.324447363522202,0.0,True
2020-01-08 10:16:17.200,-0.0565940341912724,-0.1343481642286995,-0.0649218684880166,-19.930199935488165,-35.26680011059172,0.5350002303994101,52.554794,-1.463092,3.5684169725858834,0.0,True
2020-01-08 10:16:17.300,-0.0646577475059345,-0.2946140908879339,0.0574323258808744,-19.95909026732658,-35.36151521263556,0.8744435480117294,52.554794,-1.463092,3.861116670717853,0.0,True
2020-01-08 10:16:17.400,0.065039935744,-0.329204965888,0.0558750028799999,-20.5090000384,-35.3940003584,1.4889993983999998,52.554794,-1.463092,3.9310834446222223,0.0,True
2020-01-08 10:16:17.500,-0.009934955776,-0.28637501056,0.050864962304,-20.6170002432,-35.83249984,0.8115005183999999,52.554794,-1.463092,4.111139026488889,0.0,True
2020-01-08 10:16:17.600,0.049595003392,-0.293394970112,0.006440024064,-21.0240003584,-35.6109999616,1.5660002816,52.554794,-1.463092,4.308305617066667,0.0,True
2020-01-08 10:16:17.700,0.038079931648,-0.238234934016,0.033644979712,-21.3124992,-35.5314998784,1.90249984,52.554794,-1.463092,4.424791815111111,0.0,True
2020-01-08 10:16:17.800,-0.0755750976,-0.129134908416,0.017890047744,-20.47500096,-35.342999884799994,1.6990000384,52.554794,-1.463092,4.646861217422222,0.0,True
2020-01-08 10:16:17.900,-0.1343696977919999,-0.0720302753279999,0.095385060096,-21.8430003968,-35.1704999168,1.8910006016,52.554794,-1.463092,4.812347325866667,0.0,True
2020-01-08 10:16:18.000,0.245414907904,-0.4373399984639999,0.161684942336,-22.3805000448,-35.1440003584,2.69,52.554794,-1.463092,4.976833447822222,0.0,True
2020-01-08 10:16:18.100,0.1084749376,-0.4236749504,0.085310000896,-22.3829997568,-35.58249984,2.7740003584,52.554794,-1.463092,5.130388895288888,0.0,True
2020-01-08 10:16:18.200,0.023604991488,-0.371960060416,0.099490055424,-22.1920005632,-35.380500044799994,3.28750016,52.554794,-1.463092,5.146388920888889,0.0,True
2020-01-08 10:16:18.300,0.007919981312,-0.464455052288,0.178320022272,-23.0045002752,-35.3829997568,3.5840003584,52.554794,-1.463092,5.176763837155555,0.0,True
2020-01-08 10:16:18.400,-0.0218050209279999,-0.5483900618240001,0.218865046784,-23.3895000832,-35.0690000384,4.06,52.554794,-1.463092,5.110013897244444,0.0,True
2020-01-08 10:16:18.500,-0.063085057536,-0.5406946168319999,0.228394775552,-23.5,-35.12,3.8829992448,52.554794,-1.463092,5.1236527886222225,0.0,True
2020-01-08 10:16:18.600,-0.135794984192,-0.080385207296,-0.044259891456,-23.6215005184,-35.08249984,2.9820004352,52.554794,-1.463092,5.131430527288889,0.0,True
2020-01-08 10:16:18.700,-0.094954915328,-0.281809684736,0.057389818624,-24.23499968,-34.936000281599995,3.7295007232,52.554794,-1.463092,5.091222210844444,0.0,True
2020-01-08 10:16:18.800,0.008634962176,0.10104984704,-0.1514148631039999,-23.81,-35.27249984,4.69,52.554794,-1.463092,5.078027785955556,342.0517660123363,True
2020-01-08 10:16:18.900,-0.0261049338879999,-0.07404988032,0.0037898864639999,-23.9045004032,-35.1065001984,4.61499968,52.55484665022464,-1.4631200501196802,5.095055581866666,342.0518851594736,True
2020-01-08 10:16:19.000,0.05502497152,0.071729943808,-0.131609934336,-24.4865001984,-35.25749952,4.1990000384,52.555145,-1.463279,5.137500032,0.0,True
2020-01-08 10:16:19.100,0.021160016896,0.011635062016,-0.059985066496,-24.82500032,-34.592999884799994,4.3715005184,52.555145,-1.463279,5.1771666545777775,0.0,True
2020-01-08 10:16:19.200,0.035154963968,0.088374976,-0.1460349903359999,-25.1659996416,-34.4580000768,5.1260002816,52.555145,-1.463279,5.173236162844444,0.0,True
2020-01-08 10:16:19.300,-0.005814970624,0.043419944192,-0.123179957248,-24.5954995968,-34.6065001984,5.46249984,52.555145,-1.463279,5.236402754133334,0.0,True
2020-01-08 10:16:19.400,0.0373212270408229,-0.0158969161070441,-0.0716727463610528,-24.21151570003025,-34.804848248986985,5.2318181159963695,52.555145,-1.463279,5.208956243278568,0.0,True
2020-01-08 10:16:19.500,0.0508316771052211,0.0458989965300572,-0.0881623679761539,-25.09960398549164,-34.34970291307907,5.258316912992895,52.555145,-1.463279,5.230143013687982,0.0,True
2020-01-08 10:16:19.600,-0.0001950008319999,-0.0507199339519999,-0.026535032576,-25.2544997632,-33.973500441599995,6.0615005184,52.555145,-1.463279,5.2202083128888885,0.0,True
2020-01-08 10:16:19.700,-0.0023454583302087,0.0018483575929809,-0.0541029734768656,-24.882424033988503,-34.56,6.712121074992436,52.555145,-1.463279,5.197432675778652,0.0,True
2020-01-08 10:16:19.800,-0.0144574297076782,-0.1759584037756222,0.014489096674279,-24.66930699995691,-34.620198057947285,6.390693000043089,52.555145,-1.463279,5.203902628831589,0.0,True
2020-01-08 10:16:19.900,-0.043154980608,-0.094555084288,-0.0736249382399999,-25.2304999168,-34.8829997568,5.8670002432,52.555145,-1.463279,5.1010138588444445,0.0,True
2020-01-08 10:16:20.000,-0.011909976576,-0.193689945344,0.007889997824,-25.12,-34.5314998784,6.2740003584,52.555145,-1.463279,5.067111136711111,0.0,True
2020-01-08 10:16:20.100,0.017639993344,-0.123740011264,0.011330027008,-25.1680002048,-34.37,6.82500032,52.555145,-1.463279,5.076027670755556,0.0,True
2020-01-08 10:16:20.200,0.0145600245759999,-0.136959992576,0.041844977152,-25.4580000768,-34.455500364799995,7.3070002432,52.555145,-1.463279,4.9365972337777775,0.0,True
2020-01-08 10:16:20.300,0.04014996992,-0.1276850024959999,0.0128950059519999,-25.52249984,-34.9204999168,7.5819997952,52.555145,-1.463279,4.961861153422222,0.0,True
2020-01-08 10:16:20.400,-0.001480007168,-0.131360001536,0.0215650032639999,-25.3940003584,-34.73499968,7.347500159999999,52.555145,-1.463279,5.013680536888889,0.0,True
2020-01-08 10:16:20.500,-0.0141350133759999,-0.1347500057599999,0.02319998848,-25.90750016,-34.188499481600005,7.6635004416,52.555145,-1.463279,4.975722166044445,0.0,True
2020-01-08 10:16:20.600,-0.0312399971839999,-0.15132503808,0.01322502272,-26.1680002048,-33.5285001216,8.4660009216,52.555145,-1.463279,4.909194478933333,0.0,True
2020-01-08 10:16:20.700,-0.0253333254895673,-0.1976121056891438,0.0366878544886597,-26.364242149984875,-33.73696986700938,9.756666908013312,52.555145,-1.463279,4.938501623774484,0.0,True
2020-01-08 10:16:20.800,-0.0129623760870501,-0.1919762492681183,-0.0008683168116066,-25.94,-33.92079202901673,10.02069300004309,52.555145,-1.463279,4.834361928748593,0.0,True
2020-01-08 10:16:20.900,-0.01717502336,-0.278229951488,-0.001360002816,-25.97750016,-33.6215005184,9.5435004416,52.555145,-1.463279,4.7680694279111115,0.0,True
2020-01-08 10:16:21.000,-0.0534575947910498,-0.2259212560024203,-0.0019181702993646,-26.19,-34.470606642032074,10.157272826005446,52.555145,-1.463279,4.734116118192048,0.0,True
2020-01-08 10:16:21.100,-0.0618465213126471,-0.3032891149237956,0.0180544568107449,-26.22960398549164,-35.13237608705019,10.360693101429291,52.555145,-1.463279,4.6569554392148875,0.0,True
2020-01-08 10:16:21.200,0.043939974144,-0.367095057152,0.047830078208,-26.617000755200003,-33.83249984,10.8355008768,52.555145,-1.463279,4.6046388920888885,0.0,True
2020-01-08 10:16:21.300,0.0076454474696097,-0.4564394425926836,0.1478515012192315,-27.544242149984875,-33.66848502400968,12.122727717024508,52.555145,-1.463279,4.592390512663372,0.0,True
2020-01-08 10:16:21.400,-0.0087178252152555,-0.5320801982607196,0.1198207879735686,-27.15009902897364,-33.998613898527616,12.928811956474904,52.555145,-1.463279,4.4773377194131205,0.0,True
2020-01-08 10:16:21.500,-0.0476100431359999,-0.53792501632,0.068404927488,-27.3385001216,-34.3385001216,13.67250048,52.555145,-1.463279,4.370736169955555,0.0,True
2020-01-08 10:16:21.600,-0.098554972928,-0.560665004544,-0.0001498816,-27.42499968,-34.4159996416,14.2634998016,52.555145,-1.463279,4.4275971313777776,0.0,True
2020-01-08 10:16:21.700,-0.053569961472,-0.565619995392,0.147364958464,-26.92499968,-33.90249984,14.1320005632,52.555145,-1.463279,4.294486057955556,0.0,True
2020-01-08 10:16:21.800,0.0030300231679999,-0.549584957696,0.081654955008,-26.7055008768,-33.736500198399995,15.1320010752,52.555145,-1.463279,4.223305553066667,0.0,True
2020-01-08 10:16:21.900,0.0127249100799999,-0.497510017536,0.0423600872959999,-27.79499968,-33.9159996416,16.7010006016,52.555145,-1.463279,4.214583310222222,0.0,True
2020-01-08 10:16:22.000,-0.096364955904,-0.488114860544,0.130744882432,-27.37,-33.4204999168,17.641000601600002,52.555145,-1.463279,4.149555409066667,0.0,True
2020-01-08 10:16:22.100,-0.0424515319909288,-0.3593092951212637,0.0011152475052945,-27.37,-33.30090905799819,18.562727717024508,52.555145,-1.463279,3.9336194512179525,0.0,True
2020-01-08 10:16:22.200,-0.0638584129003804,-0.6242375914693649,0.1106138366820351,-27.430198057947287,-33.32920797098327,19.40841594196654,52.555145,-1.463279,3.781105589787481,0.0,True
2020-01-08 10:16:22.300,-0.047885037056,-0.393205169408,-0.056029827328,-27.6464995584,-33.6839997184,20.3445004032,52.555145,-1.463279,3.5666109390222225,0.0,True
2020-01-08 10:16:22.400,-0.0930848339491982,-0.5868514016637403,0.1481938485049868,-26.975151207983057,-33.25393919098881,20.93606080901119,52.555145,-1.463279,3.3146968851342247,0.0,True
2020-01-08 10:16:22.500,-0.0736099028973642,-0.4450742788272658,0.038570316654458,-26.53009902897364,-32.998613898527616,21.47811895643181,52.555145,-1.463279,3.166155104274301,0.0,True
2020-01-08 10:16:22.600,-0.090236365940127,-0.6028635580356797,0.1923120821578458,-26.632424033988503,-33.25393919098881,22.812727717024508,52.555145,-1.463279,3.0610437315811563,0.0,True
2020-01-08 10:16:22.700,-0.0963663382598579,-0.4851851507232638,0.126957422610644,-26.23079202901673,-32.90990097102635,23.56970301446528,52.555145,-1.463279,2.994147411032903,0.0,True
2020-01-08 10:16:22.800,-0.111335005696,-0.5045100034560001,0.102170006272,-25.8940003584,-32.7034998016,24.070500556800003,52.555145,-1.463279,2.9535971818666664,0.0,True
2020-01-08 10:16:22.900,-0.0915059614345299,-0.500206028408224,0.1043030078687625,-26.218484299969745,-32.41121201699425,24.867575966011497,52.555145,-1.463279,2.887710393219768,0.0,True
2020-01-08 10:16:23.000,0.0585415820303094,-0.4735604107155078,0.0870891199931057,-25.40009902897364,-32.22940592754435,25.29930699995691,52.555145,-1.463279,2.8146204593414565,0.0,True
2020-01-08 10:16:23.100,0.0118817138542455,-0.5542362102715408,0.16572722105715,-25.541818115996367,-32.101818115996366,25.92696986700938,52.555145,-1.463279,2.7929966368057655,0.0,True
2020-01-08 10:16:23.200,-0.1435910853646481,-0.3418079365119598,0.0843584149281045,-25.34019795656108,-32.08871292750126,26.23910894200963,52.555145,-1.463279,2.797656764895816,0.0,True
2020-01-08 10:16:23.300,-0.10462496768,-0.435379836928,0.06049993088,-24.6884994816,-32.5885001216,26.5465001984,52.555145,-1.463279,2.810902862222222,0.0,True
2020-01-08 10:16:23.400,-0.0740636811224687,-0.2191636376800726,-0.0169211600671288,-24.11363677502269,-32.67424214998487,26.92363677502269,52.555145,-1.463279,2.9398485456422425,0.0,True
2020-01-08 10:16:23.500,-0.0979613574091769,-0.2321940663724777,0.0529069239172587,-24.621683087007103,-32.299108942009624,27.59960398549164,52.555145,-1.463279,3.0641639355758277,0.0,True
2020-01-08 10:16:23.600,0.122514913024,-0.265369892352,-0.011670033152,-24.0240003584,-32.456499558400004,27.8205000448,52.555145,-1.463279,3.2694168561777777,0.0,True
2020-01-08 10:16:23.700,-0.010715075584,-0.172470213632,-0.022129856768,-24.38749952,-31.83249984,27.9820004352,52.555145,-1.463279,3.5481112263111103,0.0,True
2020-01-08 10:16:23.800,-0.09114991488,-0.410314804224,0.1421348892159999,-23.7214998784,-31.6485001216,28.6080002048,52.555145,-1.463279,3.726277885155556,0.0,True
2020-01-08 10:16:23.900,-0.004080110848,-0.1783051194879999,0.0142450821119999,-23.4384994816,-31.7544997632,29.0105005568,52.555145,-1.463279,3.8953056682666665,0.0,True
2020-01-08 10:16:24.000,-0.112404834048,-0.286839785984,0.093464872704,-22.7590000384,-31.4670001152,29.7214998784,52.555145,-1.463279,4.083416830577778,0.0,True
2020-01-08 10:16:24.100,0.079229877248,-0.034160134656,-0.047369879552,-22.84750016,-31.65750016,29.5329998848,52.555145,-1.463279,4.329736233244445,0.0,True
2020-01-08 10:16:24.200,-0.043464827904,-0.192809913856,0.070884822016,-23.0509999616,-31.98250048,29.4640003584,52.555145,-1.463279,4.523736246755555,0.0,True
2020-01-08 10:16:24.300,0.1786605827487141,-0.1161728640175424,-0.1025300750674262,-22.97121201699425,-32.468484299969745,29.89303013299062,52.555145,-1.463279,4.725858665393276,0.0,True
2020-01-08 10:16:24.400,0.0991940319011687,-0.2026781386000086,0.1773712410431626,-22.859108942009627,-31.63108911593766,29.679108942009627,52.555145,-1.463279,4.8937294013510835,0.0,True
2020-01-08 10:16:24.500,-0.1202999526399999,0.448509944576,-0.1978399523839999,-22.9984994816,-31.7170001152,29.9490000384,52.555145,-1.463279,5.158194556444445,0.0,True
2020-01-08 10:16:24.600,-0.03984992512,0.346219877632,-0.1269649674239999,-22.4315005184,-31.8895000832,30.07500032,52.555145,-1.463279,5.328986205155556,0.0,True
2020-01-08 10:16:24.700,0.0659485078312676,0.2465032576625405,-0.1233213555579115,-23.15787892500757,-32.01818188400363,30.5,52.555145,-1.463279,5.494798127897058,0.0,True
2020-01-08 10:16:24.800,0.0859593960930826,0.4676652638195731,-0.2743247075641711,-23.241683087007104,-32.051881144954386,30.381188043525096,52.555145,-1.463279,5.7508195990232,0.0,True
2020-01-08 10:16:24.900,0.012280037888,-0.157939710464,0.063454834688,-22.6065001984,-31.65249984,29.90000064,52.555145,-1.463279,5.915638981688889,0.0,True
2020-01-08 10:16:25.000,0.034714881024,0.1350246092799999,-0.092214727424,-22.8805000448,-31.4490000384,30.6839997184,52.555145,-1.463279,6.062013987555555,0.0,True
2020-01-08 10:16:25.100,-0.111134948096,-0.336289796864,0.245889897984,-22.9294999552,-31.61250048,30.34750016,52.555145,-1.463279,6.210138961777778,0.0,True
2020-01-08 10:16:25.200,-0.0093665478034438,-0.1219244430710671,0.1311121961941357,-22.918485024009684,-32.18333309198669,30.52212107499244,52.555145,-1.463279,6.343602826312875,0.0,True
2020-01-08 10:16:25.300,0.1712524731896859,-0.4243792029016731,0.2282643445001786,-23.23910894200963,-31.819504956517992,30.31,52.555145,-1.463279,6.565390549510402,0.0,True
2020-01-08 10:16:25.400,0.123894871552,-0.3377948101119999,0.126069990912,-23.3679994368,-31.8234998016,30.31,52.555145,-1.463279,6.678847332266667,0.0,True
2020-01-08 10:16:25.500,-0.0118513889930414,-0.1371607927202956,0.1094393774290893,-22.6775759660115,-31.53121201699425,30.32969704100393,52.555145,-1.463279,6.842718919364649,0.0,True
2020-01-08 10:16:25.600,0.092324,-0.323548,0.051084,-22.9504,-31.33,30.4304,52.555145,-1.463279,6.94821111111111,0.0,True
2020-01-08 10:16:25.700,-0.3708207829042584,0.1434791633610539,-0.0725504642220763,-22.71851486955397,-31.210297086920928,30.487722840537245,52.555145,-1.463279,7.009273945238495,0.0,True
2020-01-08 10:16:25.800,-0.2659248806399999,-0.170279744768,0.135169783552,-22.8054997248,-31.6329997568,31.0509999616,52.555145,-1.463279,7.180055645866666,0.0,True
2020-01-08 10:16:25.900,-0.1195050516479999,0.0996847055359999,-0.10444979584,-22.44,-31.38500032,31.0570002432,52.555145,-1.463279,7.311083380622222,0.0,True
2020-01-08 10:16:26.000,-0.1379028485799766,-0.2426725508702701,0.1120028322890781,-22.524848792016943,-31.705454166979123,31.360302958996066,52.555145,-1.463279,7.398468102449352,0.0,True
2020-01-08 10:16:26.100,0.1225584027617601,-0.0110356696938897,-0.1371118449500799,-22.871683087007103,-31.15960398549164,31.33871292750126,52.555145,-1.463279,7.548784386468434,0.0,True
2020-01-08 10:16:26.200,0.005879970048,-0.152189667584,0.1106147607039999,-22.26500032,-31.4180002048,31.8580002048,52.555145,-1.463279,7.637402868622222,0.0,True
2020-01-08 10:16:26.300,-0.05587509376,0.231789754624,-0.185809908736,-22.6044996352,-31.7080000768,31.922999116800003,52.555145,-1.463279,7.763305577955555,0.0,True
2020-01-08 10:16:26.400,-0.106989686784,-0.084889960704,-0.07225003264,-22.08249984,-31.77249984,30.8910006016,52.555145,-1.463279,7.817805661155556,0.0,True
2020-01-08 10:16:26.500,0.2779392814937978,-0.0456242892125807,-0.0882059614345299,-21.794242149984875,-31.57969704100393,31.632424033988503,52.555145,-1.463279,7.967272760640729,0.0,True
2020-01-08 10:16:26.600,0.0896633572520283,-0.0597029333563142,0.030427700738345,-21.52841594196654,-31.709009913035985,31.44940602893055,52.555145,-1.463279,8.022057207728219,0.0,True
2020-01-08 10:16:26.700,0.0033332965279699,0.2269847651654043,-0.1635576092718485,-22.25636322497731,-31.68727228297549,32.038484299969745,52.555145,-1.463279,8.058165052948294,0.0,True
2020-01-08 10:16:26.800,-0.0519841573919413,0.1073514910108457,-0.1974673153693879,-21.64059407245565,-31.148910985448545,31.29930699995691,52.555145,-1.463279,8.172271731076478,0.0,True
2020-01-08 10:16:26.900,-0.05367504384,0.161645021952,-0.09949998848,-21.71249984,-31.8829997568,31.80499968,52.555145,-1.463279,8.223458412088888,0.0,True
2020-01-08 10:16:27.000,-0.100604951808,0.162764880384,-0.07542496256,-21.4714998784,-31.67250048,31.41750016,52.555145,-1.463279,8.339305603555557,0.0,True
2020-01-08 10:16:27.100,-0.0258423852978519,0.027733419614759,-0.0265181847801633,-21.37666690801331,-32.1872722829755,31.63,52.555145,-1.463279,8.424394016643152,0.0,True
2020-01-08 10:16:27.200,0.020992,0.111328,0.01554,-21.7292,-31.46,31.7692,52.555145,-1.463279,8.576688888888889,0.0,True
2020-01-08 10:16:27.300,-0.043352,-0.0974599999999999,0.175392,-21.58,-31.2804,32.4504,52.555145,-1.463279,8.750488888888889,0.0,True
2020-01-08 10:16:27.400,-0.0163049534764061,0.1168890682861422,-0.2348286900142194,-21.30188114495439,-31.40990097102636,32.080693000043084,52.555145,-1.463279,8.783003315610461,0.0,True
2020-01-08 10:16:27.500,-0.034504971008,-0.201319904512,-0.0134998732799999,-21.052500480000003,-31.32500032,31.6035004416,52.555145,-1.463279,8.930611194311112,0.0,True
2020-01-08 10:16:27.600,0.011185030656,-0.071904988928,0.129929893888,-21.6794999552,-31.67499968,32.11499968,52.555145,-1.463279,9.05490283662222,0.0,True
2020-01-08 10:16:27.700,0.04769998208,-0.076535082496,-0.0121250047999999,-21.5734998016,-31.3430003968,31.793500441600003,52.555145,-1.463279,9.153013974044445,0.0,True
2020-01-08 10:16:27.800,0.021514989824,-0.142884815616,-0.015184985856,-21.31,-31.8054997248,32.3604999168,52.555145,-1.463279,9.274777814755558,0.0,True
2020-01-08 10:16:27.900,0.004159983616,0.076634891776,-0.007635047936,-21.2259996416,-31.4670001152,32.3535004416,52.555145,-1.463279,9.350472335644445,117.20231511894758,True
2020-01-08 10:16:28.000,-0.010159968256,-0.071870020352,-0.082160046336,-20.8340003584,-31.5644997632,32.78999936,52.5551142498688,-1.46318059958016,9.505277795555555,117.2020784106012,True
2020-01-08 10:16:28.100,0.0246514885485326,-0.1208849280743899,-0.086578581088594,-21.31909094200181,-31.240909057998184,31.91121201699425,52.55494,-1.462623,9.54677615903135,0.0,True
2020-01-08 10:16:28.200,-0.0375534786873528,-0.1863841219067703,0.1963257191450101,-21.22267317397112,-31.27871292750126,31.81970301446528,52.55494,-1.462623,9.652180971415005,0.0,True
2020-01-08 10:16:28.300,-0.152715014144,0.121005005568,-0.0134950571519999,-20.5045002752,-31.7034998016,32.2830003968,52.55494,-1.462623,9.692166718577777,0.0,True
2020-01-08 10:16:28.400,-0.12657480832,0.0958348610559999,-0.0792299566079999,-20.8519999232,-31.4294999552,32.7169996032,52.55494,-1.462623,9.779527856355555,0.0,True
2020-01-08 10:16:28.500,0.124264984064,-0.068554914048,-0.018209985536,-20.7680000768,-31.3519999232,32.34000064,52.55494,-1.462623,9.891555588266668,0.0,True
2020-01-08 10:16:28.600,0.071659865856,0.02804992512,0.0246251008,-20.7679995648,-31.3535004416,33.11499968,52.55494,-1.462623,9.948958392888889,0.0,True
2020-01-08 10:16:28.700,-0.0983636069083753,-0.0558090344668868,0.1152119645013562,-20.29303067602057,-31.84454510898094,32.76575785001513,52.55494,-1.462623,10.032138061917482,0.0,True
2020-01-08 10:16:28.800,-0.0530059407245565,0.0099871150809442,-0.0951207717517761,-20.751188043525097,-31.270396014508364,33.09019795656108,52.55494,-1.462623,10.067673275357322,0.0,True
2020-01-08 10:16:28.900,-0.0513424142594493,-0.0998757415591165,0.0731030223495613,-20.09272717399456,-31.03121201699425,32.57060609900212,52.55494,-1.462623,10.145016871279777,0.0,True
2020-01-08 10:16:29.000,-0.0066881003013704,-0.102870314626734,0.0768316933270135,-20.09841594196654,-30.960297086920928,32.78841594196654,52.55494,-1.462623,10.218844895725697,0.0,True
2020-01-08 10:16:29.100,0.1148786661632865,-0.2321423581463543,0.144151450536436,-20.759696316964,-31.39151497599032,33.53454510898094,52.55494,-1.462623,10.328670090197564,0.0,True
2020-01-08 10:16:29.200,-0.0892891189792437,-0.0979950292879393,0.0423940582615814,-19.81970301446528,-31.19920797098327,32.96039601450837,52.55494,-1.462623,10.416903190820946,0.0,True
2020-01-08 10:16:29.300,-0.14677488512,0.0218947883519999,0.03009998848,-20.302500480000003,-31.4894994432,32.9090006784,52.55494,-1.462623,10.424986127644443,0.0,True
2020-01-08 10:16:29.400,-0.0015650314239999,-0.2255098562559999,0.032515075584,-20.82749952,-30.8055002368,33.688499481600005,52.55494,-1.462623,10.468402869333334,0.0,True
2020-01-08 10:16:29.500,-0.035379966208,-0.1060903050239999,0.1700701585919999,-20.1239997184,-31.12,33.0660002816,52.55494,-1.462623,10.593291680711111,0.0,True
2020-01-08 10:16:29.600,0.016715030784,-0.513930011648,0.336779812608,-19.8340003584,-31.2055003648,33.4114998784,52.55494,-1.462623,10.612861115022222,0.0,True
2020-01-08 10:16:29.700,0.0075597864959999,-0.499264871424,0.095640033024,-20.1794994432,-31.6704999168,33.25,52.55494,-1.462623,10.638138974577776,0.0,True
2020-01-08 10:16:29.800,-0.2584090272264874,-0.3181211745479276,0.1845607691889977,-19.48696986700938,-31.46606026598124,33.27878798300575,52.55494,-1.462623,10.76074077258509,0.0,True
2020-01-08 10:16:29.900,-0.1270920584187301,-0.2274772071142698,0.3607336151024888,-19.740495043482007,-30.99861389852762,33.498613898527616,52.55494,-1.462623,10.798910884062341,0.0,True
2020-01-08 10:16:30.000,0.0340029825273648,-0.0631697276316912,-0.0289605519770169,-19.59454510898094,-31.367575966011497,33.83878798300575,52.55494,-1.462623,10.749385555862986,0.0,True
2020-01-08 10:16:30.100,-0.0201613736309694,-0.0555979849492181,0.0465574205829199,-19.109108942009627,-31.699504956517995,34.030099028973645,52.55494,-1.462623,10.829843252001886,0.0,True
2020-01-08 10:16:30.200,0.0975700549119999,0.206044869632,-0.037335173376,-19.3144997632,-31.6839997184,34.1809999616,52.55494,-1.462623,10.953763785244444,0.0,True
2020-01-08 10:16:30.300,0.145194892032,0.046145056512,-0.26737499904,-18.9804999168,-31.3190000384,34.13,52.55494,-1.462623,10.840111213511111,0.0,True
2020-01-08 10:16:30.400,0.008085026816,0.12810002944,-0.228959841536,-18.8985001216,-31.3985001216,34.1390000384,52.55494,-1.462623,10.970527753955555,0.0,True
2020-01-08 10:16:30.500,0.036829970688,0.16404998656,-0.032585060096,-19.0885001216,-31.5509999616,34.1614998784,52.55494,-1.462623,10.947305591466668,0.0,True
2020-01-08 10:16:30.600,-0.016710062336,0.172960114176,-0.126785061376,-19.2034998016,-31.5,34.0090000384,52.55494,-1.462623,10.987666635377778,0.0,True
2020-01-08 10:16:30.700,-0.07339988864,0.284444828672,-0.185109901056,-19.079500595200003,-31.5660002816,34.0419999232,52.55494,-1.462623,10.966486198044445,0.0,True
2020-01-08 10:16:30.800,0.062769949952,0.077105086208,-0.048839979264,-19.8144997632,-31.8364995584,33.9685001216,52.55494,-1.462623,11.049402638933334,0.0,True
2020-01-08 10:16:30.900,-0.031810119936,0.1667148938239999,-0.036015062784,-19.3589993984,-31.32500032,34.063999718400005,52.55494,-1.462623,10.900708485688888,0.0,True
2020-01-08 10:16:31.000,-0.1501150031418161,0.0259121219800423,-0.1254454764312071,-18.56909094200181,-31.65454510898094,33.82181865902632,52.55494,-1.462623,11.10090908313846,0.0,True
2020-01-08 10:16:31.100,0.0672019724685766,0.017262370003878,-0.1070702639336325,-18.54079202901673,-31.15960398549164,34.422178130489115,52.55494,-1.462623,11.080352029794026,0.0,True
2020-01-08 10:16:31.200,-0.0191303809742991,-0.0141514396758369,0.1419150483943121,-18.24424287402481,-31.20939335796793,33.74606080901119,52.55494,-1.462623,11.04076601414004,0.0,True
2020-01-08 10:16:31.300,-0.1415376249268118,0.1174277321680679,-0.0344396146310429,-18.928910884062343,-30.647425956388723,34.03148513044603,52.55494,-1.462623,11.070987347424325,0.0,True
2020-01-08 10:16:31.400,-0.133404923648,0.17924992768,-0.10492491904,-18.8609999616,-32.3544996352,33.9730003968,52.55494,-1.462623,11.074416728177779,0.0,True
2020-01-08 10:16:31.500,-0.0389545706313886,0.0538211057641336,0.0065242566307835,-18.89484879201694,-31.89878798300575,34.52878798300575,52.55494,-1.462623,11.138981419468802,0.0,True
2020-01-08 10:16:31.600,-0.0602049392823377,-0.0667871008868758,0.015414843193564,-19.22267317397112,-32.06,34.629801942052715,52.55494,-1.462623,11.020217257255378,0.0,True
2020-01-08 10:16:31.700,0.002194865152,0.146189913344,-0.042039948544,-18.5330003968,-31.90999936,34.245499724800005,52.55494,-1.462623,10.932972367644444,0.0,True
2020-01-08 10:16:31.800,-0.1961576454738453,0.0202514758778337,0.0541788888055668,-19.050909057998183,-31.135757850015125,33.907272826005446,52.55494,-1.462623,11.113063925830728,0.0,True
2020-01-08 10:16:31.900,-0.3089742605777493,-0.009751465664295,0.1903237497180196,-19.049108942009628,-31.550495043482005,34.18990107241256,52.55494,-1.462623,11.043652367550896,0.0,True
2020-01-08 10:16:32.000,-0.303434863616,0.142484952576,0.05922489344,-19.3009999616,-31.5930003968,34.6819991552,52.55494,-1.462623,11.060930546488889,0.0,True
2020-01-08 10:16:32.100,-0.120784993536,0.058604910848,-0.0498848616959999,-19.2965001984,-32.1485001216,33.5419999232,52.55494,-1.462623,11.031972150044444,0.0,True
2020-01-08 10:16:32.200,-0.0759448453119999,-0.0334898877439999,0.13515000576,-19.5885001216,-32.225999641600005,33.4580000768,52.55494,-1.462623,10.928736079644445,0.0,True
2020-01-08 10:16:32.300,0.107499920355607,0.0681452827505242,0.1369211908388261,-19.76818188400363,-31.68333309198669,33.58878798300575,52.55494,-1.462623,10.892710458584485,0.0,True
2020-01-08 10:16:32.400,-0.0074919999999999,-0.108288,0.049968,-19.8204,-31.3308,33.7004,52.55494,-1.462623,10.913977777777777,0.0,True
2020-01-08 10:16:32.500,0.0444871343443227,0.2996890703138663,-0.181359372774256,-19.76752488397616,-31.51920797098327,33.44,52.55494,-1.462623,10.86099560265508,0.0,True
2020-01-08 10:16:32.600,0.0729272047662514,0.0634184979274356,0.057411978982155,-20.794242149984875,-31.90212107499244,33.317272282975495,52.55494,-1.462623,10.885723901305314,0.0,True
2020-01-08 10:16:32.700,-0.0184970210198945,0.5175643343615584,-0.1613485140584643,-20.430198057947287,-31.76920797098327,32.76782186951089,52.55494,-1.462623,10.867667759666258,0.0,True
2020-01-08 10:16:32.800,0.061980032768,0.377110190336,-0.183455122688,-20.7785001216,-32.19,33.3589993984,52.55494,-1.462623,10.772055401955555,0.0,True
2020-01-08 10:16:32.900,0.0986899709439999,0.591694836992,-0.323869903872,-21.079500595200003,-32.2170001152,32.6635004416,52.55494,-1.462623,10.601347364266667,0.0,True
2020-01-08 10:16:33.000,0.0488878381977611,0.3868970120423356,-0.193230292279407,-21.88969704100393,-32.389697041003934,33.013635507952806,52.55494,-1.462623,10.756834896771155,0.0,True
2020-01-08 10:16:33.100,-0.0157217833326151,0.4638693141983773,-0.1874198088363145,-22.05861389852761,-32.51900991303599,31.62029698553473,52.55494,-1.462623,10.557645756043955,0.0,True
2020-01-08 10:16:33.200,-0.0054499148799999,0.489909851136,-0.227094924032,-22.3609999616,-32.3859990016,31.1464995584,52.55494,-1.462623,10.487736118044444,0.0,True
2020-01-08 10:16:33.300,0.097114955264,0.319365115904,-0.132155025408,-22.4135004416,-31.17250048,30.6170002432,52.55494,-1.462623,10.469194326044443,0.0,True
2020-01-08 10:16:33.400,0.0527455090130042,0.4099967405273597,-0.1381726268944634,-22.91515120798305,-31.71606026598124,30.96878798300575,52.55494,-1.462623,10.318468037084637,0.0,True
2020-01-08 10:16:33.500,0.132328,0.094492,0.01814,-22.588800000000003,-31.3596,30.9892,52.55494,-1.462623,10.33788888888889,0.0,True
2020-01-08 10:16:33.600,0.1052653449285354,0.2614970058119641,0.0335643627496952,-23.40960398549164,-32.24049504348201,30.151782115980748,52.55494,-1.462623,10.250915843396621,0.0,True
2020-01-08 10:16:33.700,0.0945121310305415,0.0650484987807684,0.0883787946803751,-23.610909057998185,-32.22787892500756,29.79060664203207,52.55494,-1.462623,10.246077368551557,0.0,True
2020-01-08 10:16:33.800,0.0700009649431857,0.0961524813005822,0.1048247562295485,-23.66930699995691,-32.34019795656108,30.431782014594543,52.55494,-1.462623,10.119015392115363,0.0,True
2020-01-08 10:16:33.900,-0.1431424323604477,0.1238090073153892,0.1424212342812222,-24.287878925007565,-31.92363677502269,28.975151207983057,52.55494,-1.462623,10.049385555862985,0.0,True
2020-01-08 10:16:34.000,-0.1254900798669813,0.0069198098501765,0.1547277088492412,-24.519009913035983,-32.461782115980746,28.401782115980748,52.55494,-1.462623,10.071229353474267,0.0,True
2020-01-08 10:16:34.100,0.037880012288,0.070739990784,0.058715088384,-24.7145004032,-31.9580000768,27.88,52.55494,-1.462623,9.913888913777779,0.0,True
2020-01-08 10:16:34.200,0.049457558589053,0.0586666672700332,0.1508271812349535,-25.287878925007565,-32.097878925007564,27.945151751013007,52.55494,-1.462623,9.948459601444746,0.0,True
2020-01-08 10:16:34.300,0.0177356402918908,0.0010019430665777,0.0485713120135046,-25.430296985534724,-32.26089105799038,28.23079202901673,52.55494,-1.462623,9.941278867961087,0.0,True
2020-01-08 10:16:34.400,-0.023020056832,-0.179034439936,0.2039197726719999,-25.1920005632,-32.0,27.6224992,52.55494,-1.462623,9.851430527288889,0.0,True
2020-01-08 10:16:34.500,-0.090459965696,0.4846096578559999,-0.083944940032,-25.9865001984,-32.0660002816,26.5885001216,52.55494,-1.462623,9.775347057777777,0.0,True
2020-01-08 10:16:34.600,-0.02937493376,0.137195456512,-0.0608502412799999,-26.1659996416,-32.4490000384,26.6839997184,52.55494,-1.462623,9.578402869333333,0.0,True
2020-01-08 10:16:34.700,0.0563499904,0.7103198584320001,-0.3442498419199999,-25.76500032,-32.4714998784,26.38500032,52.55494,-1.462623,9.686333275022221,0.0,True
2020-01-08 10:16:34.800,0.05305004032,0.4772098076159999,-0.124834959616,-26.26500032,-32.23499968,26.8385001216,52.55494,-1.462623,9.599013846755556,0.0,True
2020-01-08 10:16:34.900,0.08424990464,0.248280113408,-0.095065101824,-26.72750016,-31.7544997632,27.0285001216,52.55494,-1.462623,9.530430501688889,0.0,True
2020-01-08 10:16:35.000,-0.0172029390849686,0.3108996814224281,-0.1952847217230081,-26.89151497599032,-31.382424033988503,27.199090942001817,52.55494,-1.462623,9.460404045889192,0.0,True
2020-01-08 10:16:35.100,0.1296821818817786,-0.1625574134858858,-0.0184475369489343,-26.62,-31.15980204343892,27.180296985534724,52.55494,-1.462623,9.474609464571014,0.0,True
2020-01-08 10:16:35.200,0.1155948088319999,-0.078085078016,-0.097059899136,-26.6305000448,-31.80250048,26.84750016,52.55494,-1.462623,9.5034999936,0.0,True
2020-01-08 10:16:35.300,-0.1217847886967022,-0.1475483612131806,0.0138999167354073,-26.670302958996068,-32.37333309198669,27.06,52.55494,-1.462623,9.46680124471659,0.0,True
2020-01-08 10:16:35.400,-0.0433039692698419,0.0002623487127754,-0.1218227766639376,-26.361980072541822,-32.07920797098327,27.15980204343892,52.55494,-1.462623,9.284026386885808,0.0,True
2020-01-08 10:16:35.500,-0.132130061568,-0.23110000256,-0.1178148259839999,-25.31,-32.5180000768,27.5579994368,52.55494,-1.462623,9.137861051022222,0.0,True
2020-01-08 10:16:35.600,-0.1606721513083856,-0.2663713625257267,0.1226267547372583,-25.24465331075806,-32.52792057425,26.940693378483875,52.55494,-1.462623,9.056281623966285,0.0,True
2020-01-08 10:16:35.700,0.1145345592912664,-0.472376600003103,0.176807065613703,-24.782323863900828,-32.01696957472887,27.733838068049582,52.55494,-1.462623,9.047368116646584,0.0,True
2020-01-08 10:16:35.800,-0.050254926848,-0.5559497536,0.147349856,-24.21249984,-32.1770002432,28.03750016,52.55494,-1.462623,9.03354157511111,0.0,True
2020-01-08 10:16:35.900,0.039864969984,-0.27242518656,-0.006504840448,-23.96249984,-32.3679994368,28.2965001984,52.55494,-1.462623,8.902069402311112,0.0,True
2020-01-08 10:16:36.000,-0.0088636684517698,-0.4582300786876259,0.1739301891037161,-23.730302958996067,-31.791212741034187,28.60848502400968,52.55494,-1.462623,8.852760966834662,0.0,True
2020-01-08 10:16:36.100,-0.0613831701437909,-0.1610376553426726,0.0190703105712859,-23.512277159462755,-32.68980194205272,28.97821788401925,52.55494,-1.462623,8.872750264096977,0.0,True
2020-01-08 10:16:36.200,-0.06942496896,-0.386589832704,0.1092449003519999,-22.9580000768,-32.2484994816,29.5465001984,52.55494,-1.462623,8.764902708622222,0.0,True
2020-01-08 10:16:36.300,-0.0487152257840964,-0.1913243398953762,0.0070364727360176,-22.91757524197156,-31.56909094200181,29.95242475802844,52.55494,-1.462623,8.666531962915364,0.0,True
2020-01-08 10:16:36.400,-0.11445937480198,-0.3067257201588722,0.1317128433507126,-22.180198057947287,-31.610495043482008,30.691386101472386,52.55494,-1.462623,8.633168318839331,0.0,True
2020-01-08 10:16:36.500,0.123859902976,-0.142470100992,-0.0853399267839999,-22.3409993216,-31.6440003584,30.45500032,52.55494,-1.462623,8.6304999168,0.0,True
2020-01-08 10:16:36.600,-0.007880012288,-0.269804971008,0.011419997952,-21.4114998784,-31.96999936,30.9265001984,52.55494,-1.462623,8.535000064,0.0,True
2020-01-08 10:16:36.700,-0.02892502016,-0.26265013376,0.0246750681599999,-21.32500032,-31.1109999616,31.302500480000003,52.55494,-1.462623,8.616249984,0.0,True
2020-01-08 10:16:36.800,-0.038704927488,-0.433909972736,0.092354902528,-21.5429991168,-31.2565008384,31.8739997184,52.55494,-1.462623,8.5777499264,142.82795852902143,True
2020-01-08 10:16:36.900,0.0513299732479999,-0.422075104,0.0049451793919999,-20.3234998016,-32.3054997248,31.72500096,52.5548477496064,-1.46250794950912,8.465458271288888,142.82755207814802,True
2020-01-08 10:16:37.000,0.0248151841518001,-0.4976543190275109,0.1989725671611687,-20.07969704100393,-32.00515175101301,33.02878798300575,52.554325,-1.461856,8.376826576776534,0.0,True
2020-01-08 10:16:37.100,0.0691376198575016,-0.1971901305600827,-0.0446762350740499,-19.9016829856209,-32.202079101515466,33.29930699995691,52.554325,-1.461856,8.351625418675733,0.0,True
2020-01-08 10:16:37.200,0.03685000192,-0.41827481472,-0.029255025408,-18.44500032,-31.31,33.9265001984,52.554325,-1.461856,8.406805571555557,0.0,True
2020-01-08 10:16:37.300,0.0397150013439999,-0.1941000934399999,-0.061559993856,-18.6929992448,-31.23499968,34.15249984,52.554325,-1.461856,8.416805507555555,0.0,True
2020-01-08 10:16:37.400,0.0344603793862094,-0.3502347292488315,-0.0544247548994758,-17.652871199294356,-30.967426114991937,34.09742611499194,52.554325,-1.461856,8.360935112149754,0.0,True
2020-01-08 10:16:37.500,-0.0052494996353932,-0.5183304151862598,-0.0499344181031138,-17.24484989061797,-31.790808651265262,34.92080865126526,52.554325,-1.461856,8.3913805774923,0.0,True
2020-01-08 10:16:37.600,-0.020951586293924,-0.4689213754690098,0.0340000760241932,-15.993333091986688,-31.443333816026623,34.51575785001513,52.554325,-1.461856,8.300597638221955,0.0,True
2020-01-08 10:16:37.700,-0.1153168217453128,-0.7039049392823378,0.1349188013109236,-15.3728711305322,-32.09970291307907,34.94950495651799,52.554325,-1.461856,8.280514293483204,0.0,True
2020-01-08 10:16:37.800,-0.0522950865919999,-0.619995043072,0.05102502016,-13.9939997184,-31.6860002816,34.92499968,52.554325,-1.461856,8.210138872888889,0.0,True
2020-01-08 10:16:37.900,-0.1680424269301482,-0.686154577871788,0.0973303737338998,-13.506363224977308,-32.08878798300575,34.58484879201694,52.554325,-1.461856,8.196043796945874,0.0,True
2020-01-08 10:16:38.000,-0.1295227452342148,-0.6925772000172357,0.1571158101644737,-12.573762188522574,-32.18980194205272,35.09009902897365,52.554325,-1.461856,8.224537946461888,0.0,True
2020-01-08 10:16:38.100,0.0938818061693374,-0.4654818369410347,-0.061693777911093,-10.97121201699425,-31.794242149984875,35.25909094200181,52.554325,-1.461856,8.1666750972785,0.0,True
2020-01-08 10:16:38.200,0.0680128666695392,-0.4442504632082143,0.1337474903112809,-10.63257414499748,-31.46980204343892,35.251386101472384,52.554325,-1.461856,8.180123758054219,0.0,True
2020-01-08 10:16:38.300,0.022804972288,-0.19725008512,-0.155480002048,-9.65249984,-31.8679994368,34.9955002368,52.554325,-1.461856,8.146305565866665,0.0,True
2020-01-08 10:16:38.400,-0.001759947776,-0.288564907264,-0.160180008448,-9.2329991168,-31.261000601600003,35.263499801600005,52.554325,-1.461856,8.164333351822222,0.0,True
2020-01-08 10:16:38.500,0.0651699896319999,-0.1706500224,-0.1798300359679999,-8.0419999232,-32.0044997632,34.96249984,52.554325,-1.461856,8.182597195377777,0.0,True
2020-01-08 10:16:38.600,0.0477484716292708,-0.2235364473946198,-0.2130847959371016,-7.674847524947055,-31.7460608090112,34.77878798300575,52.554325,-1.461856,8.147996636805766,0.0,True
2020-01-08 10:16:38.700,0.0264603955075773,-0.3342326613117854,-0.1355861410130002,-6.0711880435250976,-32.01089105799038,34.772079101515466,52.554325,-1.461856,8.15881738486118,0.0,True
2020-01-08 10:16:38.800,-0.005570117632,-0.28717522688,-0.1139848220159999,-5.1489987584,-31.7680000768,33.8604999168,52.554325,-1.461856,8.186791674311111,0.0,True
2020-01-08 10:16:38.900,-0.160629995008,-0.550669838592,0.0859048442879999,-3.4804999168,-31.9360002816,33.63749952,52.554325,-1.461856,8.19831945031111,0.0,True
2020-01-08 10:16:39.000,-0.126609883136,-0.440655445248,-0.06854977664,-3.2679995648,-32.206499558400004,32.84999936,52.554325,-1.461856,8.191986050844445,0.0,True
2020-01-08 10:16:39.100,0.0334750208,-0.965264715264,0.204594899712,-2.5489993984,-31.7805006848,31.9069996032,52.554325,-1.461856,8.128444514844444,0.0,True
2020-01-08 10:16:39.200,0.031879875328,-0.637305214208,0.09667510784,-1.67499968,-32.6239997184,31.2764995584,52.554325,-1.461856,8.226444463644444,0.0,True
2020-01-08 10:16:39.300,-0.1250484535282724,-0.909906017547625,0.2268544982273951,-1.013635507952803,-32.36363677502269,30.699090942001817,52.554325,-1.461856,8.24861951658267,0.0,True
2020-01-08 10:16:39.400,-0.0756019795656108,-0.8173197855174879,0.1499821757986064,0.4890100144221873,-33.00950495651799,30.54247511602384,52.554325,-1.461856,8.246149625194922,0.0,True
2020-01-08 10:16:39.500,-0.084535060736,-0.677379991808,0.140590046464,1.4685001216,-33.013499801600005,29.4204999168,52.554325,-1.461856,8.317986051555556,0.0,True
2020-01-08 10:16:39.600,-0.120034807296,-0.67820004992,0.177234893056,1.8070007552,-32.7034998016,28.9544984832,52.554325,-1.461856,8.248513929955555,0.0,True
2020-01-08 10:16:39.700,0.142560028416,-0.759485063936,0.058840100864,2.7919999232,-32.3919997952,26.9204999168,52.554325,-1.461856,8.287430488888889,0.0,True
2020-01-08 10:16:39.800,0.1253907103090357,-0.8100816939431474,0.1864060374587232,2.756666908013312,-32.23363677502269,26.5736355079528,52.554325,-1.461856,8.213619581947386,0.0,True
2020-01-08 10:16:39.900,-0.166212,-0.655772,0.1718,3.33,-32.8108,25.1396,52.554325,-1.461856,8.296244444444444,0.0,True
2020-01-08 10:16:40.000,-0.0872039631866697,-0.7869563927802885,0.2418009639293237,4.329306898570708,-32.728118956431814,24.531485130446026,52.554325,-1.461856,8.28743948792645,0.0,True
2020-01-08 10:16:40.100,-0.122930052608,-0.4789752191999999,0.051365123584,4.2295007232,-33.7989993984,24.2479994368,52.554325,-1.461856,8.241444463644443,0.0,True
2020-01-08 10:16:40.200,-0.1397998081294169,-0.663554159738725,0.1509088570771025,5.143030132990622,-32.96212107499244,23.42424214998488,52.554325,-1.461856,8.277424280363203,0.0,True
2020-01-08 10:16:40.300,0.1138474974083151,-0.2013317683528037,-0.1050256755489429,4.9196039854916345,-32.780099028973645,22.7623760870502,52.554325,-1.461856,8.338311332527313,0.0,True
2020-01-08 10:16:40.400,-0.1166727318802541,-0.8584391873686061,0.4082634602902882,5.186060809011194,-32.94909094200181,21.35757524197156,52.554325,-1.461856,8.35016835077781,0.0,True
2020-01-08 10:16:40.500,-0.100856,-0.593364,0.1519319999999999,5.46,-33.0496,20.5008,52.554325,-1.461856,8.337822222222222,0.0,True
2020-01-08 10:16:40.600,0.0108799999999999,-0.87146,0.26154,5.2196,-33.31,20.15,52.554325,-1.461856,8.282455555555556,0.0,True
2020-01-08 10:16:40.700,-0.0346306928986568,-0.7669653064017783,0.353373240886014,5.199406028930553,-33.34960398549163,19.76098998557781,52.554325,-1.461856,8.3411138506508,0.0,True
2020-01-08 10:16:40.800,-0.022264953344,-0.457110113536,0.150945082112,5.8454995968,-33.56,18.77249984,52.554325,-1.461856,8.250486108444445,0.0,True
2020-01-08 10:16:40.900,0.0103665604741427,-0.5124148058409336,0.2064088968992989,5.510000724039935,-33.62666690801331,18.48424214998488,52.554325,-1.461856,8.232718803719381,0.0,True
2020-01-08 10:16:41.000,-0.1542960398549163,-0.0472129153349166,-0.0720762239215676,6.530197956561081,-34.049108942009624,18.01089105799037,52.554325,-1.461856,8.148787126008123,0.0,True
2020-01-08 10:16:41.100,-0.139239926784,-0.301314508544,0.012244869632,6.1590006784,-34.1794994432,17.7590000384,52.554325,-1.461856,8.127902785422222,0.0,True
2020-01-08 10:16:41.200,-0.021359911936,0.303744796672,-0.1365548961279999,6.7884988416,-33.4114998784,17.6044991232,52.554325,-1.461856,8.124097162666667,0.0,True
2020-01-08 10:16:41.300,0.078784928256,0.055735094016,-0.003655021568,5.4090006784,-33.3805005568,16.552500480000003,52.554325,-1.461856,8.0517500288,0.0,True
2020-01-08 10:16:41.400,-0.015089993984,0.17654998272,-0.011989913344,6.1419992832,-34.08249984,17.07749952,52.554325,-1.461856,8.103958392888888,0.0,True
2020-01-08 10:16:41.500,-0.027905088768,0.1002297722879999,0.128540108544,5.1059996416,-33.98250048,16.4865001984,52.554325,-1.461856,8.167888824177778,0.0,True
2020-01-08 10:16:41.600,-0.143234989056,-0.160589822464,0.223589790464,4.5729997568,-34.5269996032,16.7590000384,52.554325,-1.461856,8.062444361244443,0.0,True
2020-01-08 10:16:41.700,-0.101069882112,-0.0039853378559999,-0.0043897853439999,4.2965001984,-34.1590006784,16.84750016,52.554325,-1.461856,7.954069453511111,0.0,True
2020-01-08 10:16:41.800,0.05347499136,-0.416864847104,0.264394930432,4.48499968,-34.9294994432,17.0329998848,52.554325,-1.461856,7.977486159644444,0.0,True
2020-01-08 10:16:41.900,0.02167491328,-0.2316650762239999,0.194710096896,4.1080002048,-34.2830003968,16.776499558399998,52.554325,-1.461856,8.034444412444444,0.0,True
2020-01-08 10:16:42.000,-0.086989972224,-0.3088848975359999,0.291644864512,4.4730003968,-34.613499161600004,16.3490006784,52.554325,-1.461856,7.999319475911111,0.0,True
2020-01-08 10:16:42.100,-0.044834977536,-0.176955017728,0.1226800468479999,4.92499968,-33.53750016,17.28750016,52.554325,-1.461856,8.052194491733333,0.0,True
2020-01-08 10:16:42.200,0.0061818948642295,-0.1615150103822155,0.189703047690959,4.546969867009379,-33.79696986700938,17.519697041003933,52.554325,-1.461856,8.104562251775693,0.0,True
2020-01-08 10:16:42.300,0.069712,0.033552,0.2229519999999999,4.6612,-34.010400000000004,17.6588,52.554325,-1.461856,8.071711111111112,0.0,True
2020-01-08 10:16:42.400,-0.2285138670978959,-0.1115653611503278,0.2415990005855053,3.968712927501261,-33.8688119564749,17.900297086920926,52.554325,-1.461856,8.213371841784578,0.0,True
2020-01-08 10:16:42.500,-0.24032484608,-0.142704610048,0.116744800512,4.44,-34.4714998784,18.38,52.554325,-1.461856,8.272486198755555,0.0,True
2020-01-08 10:16:42.600,-0.03432499328,0.299359676416,-0.116204863488,4.4114998784,-34.27249984,18.3604999168,52.554325,-1.461856,8.402722281244444,0.0,True
2020-01-08 10:16:42.700,-0.051920113152,-0.0541696747519999,0.03592487552,4.3535004416000005,-34.02249984,18.40000064,52.554325,-1.461856,8.496986178844445,0.0,True
2020-01-08 10:16:42.800,-0.131384697856,0.318309746176,-0.1270449899519999,4.8739997184,-33.77249984,19.2214998784,52.554325,-1.461856,8.60781953351111,0.0,True
2020-01-08 10:16:42.900,0.263179971328,0.0280451998719999,-0.081689863424,4.4909999616,-33.6635004416,19.1545004032,52.554325,-1.461856,8.728027785955556,0.0,True
2020-01-08 10:16:43.000,0.174984786176,0.250389816064,0.0950499801599999,4.3934998016,-34.1284994816,19.802500480000003,52.554325,-1.461856,8.771139026488889,0.0,True
2020-01-08 10:16:43.100,-0.08304988928,-0.0039800430079999,0.068820000512,4.0819997952,-33.44,20.3934998016,52.554325,-1.461856,8.95584723057778,0.0,True
2020-01-08 10:16:43.200,0.04124747092758,0.0037120345117759,0.0674207871604838,3.875346689241937,-33.486039712875,20.184950625044355,52.554325,-1.461856,9.001267957985664,0.0,True
2020-01-08 10:16:43.300,-0.066418345926489,0.4139906303818286,0.0108134532139698,4.268383705956278,-33.73161629404372,20.420808651265265,52.554325,-1.461856,9.212628963482436,0.0,True
2020-01-08 10:16:43.400,0.03837485696,0.513329421568,-0.132969455872,4.4355002368,-33.6485001216,20.0330003968,52.554325,-1.461856,9.312194491733335,0.0,True
2020-01-08 10:16:43.500,-0.106164806144,-0.164959616256,0.474709509376,4.7319999232,-33.8009999616,20.5705000448,52.554325,-1.461856,9.3967500928,0.0,True
2020-01-08 10:16:43.600,0.131964917504,0.289229763328,-0.15642491264,4.4694993152,-33.7304999168,20.6570001152,52.554325,-1.461856,9.5260000256,0.0,True
2020-01-08 10:16:43.700,0.055445140992,0.061795370752,-0.093710227456,3.5705000448,-33.62,20.8955003648,52.554325,-1.461856,9.599750169599998,0.0,True
2020-01-08 10:16:43.800,0.254655051008,0.485409706496,-0.35702483456,3.70500032,-33.592999884799994,21.4265001984,52.554325,-1.461856,9.834166705777779,0.0,True
2020-01-08 10:16:43.900,0.227419594752,0.209165484544,-0.173495154432,4.05499968,-33.4580000768,21.7365001984,52.554325,-1.461856,9.904111187911111,0.0,True
2020-01-08 10:16:44.000,-0.282404878848,0.8186498547200001,-0.3634949355519999,3.47999936,-33.59750016,22.0195000832,52.554325,-1.461856,10.024694523733332,0.0,True
2020-01-08 10:16:44.100,-0.130110036736,0.617014962944,-0.267579955968,2.7980007168,-33.7814998784,22.1480000768,52.554325,-1.461856,10.138083367822224,0.0,True
2020-01-08 10:16:44.200,-0.203005102848,0.582920064512,-0.23362510464,3.7409999616,-33.592999884799994,22.3445004032,52.554325,-1.461856,10.209388997688889,0.0,True
2020-01-08 10:16:44.300,-0.250904621568,0.579619620352,-0.321944783872,3.5684994816,-33.561500518399995,22.8980000768,52.554325,-1.461856,10.374597310577778,0.0,True
2020-01-08 10:16:44.400,0.2218817102340459,0.0769303085703055,-0.0413545688212888,2.983030676020573,-34.23030295899606,22.97121201699425,52.554325,-1.461856,10.491944444444444,0.0,True
2020-01-08 10:16:44.500,0.1007353516365197,0.1128568970753218,-0.0943157073765739,3.5113724879968475,-33.97411746399054,23.056274818854675,52.554325,-1.461856,10.52318631371529,0.0,True
2020-01-08 10:16:44.600,0.3428009735751282,0.2355199948800033,-0.1695968413757793,3.143938492807439,-33.20696984115081,24.29939325453365,52.554325,-1.461856,10.711027105239491,0.0,True
2020-01-08 10:16:44.700,0.272194810112,0.155810291456,-0.095015073024,2.4714998784,-33.3670002432,23.7634998016,52.554325,-1.461856,10.85506954311111,0.0,True
2020-01-08 10:16:44.800,0.038105077248,0.510334861056,-0.209865076224,2.34750016,-33.6794999552,23.4339997184,52.554325,-1.461856,11.000944507733333,0.0,True
2020-01-08 10:16:44.900,0.1251696407468989,0.3848911230117992,-0.3209333689319635,2.56,-33.601818115996366,23.21151570003025,52.554325,-1.461856,11.091523592640192,0.0,True
2020-01-08 10:16:45.000,0.0579227847748339,0.6865247339245839,-0.3707089075383176,2.520396014508365,-33.49049504348201,24.06,52.554325,-1.461856,11.150365800715843,0.0,True
2020-01-08 10:16:45.100,0.129294857472,0.5399700382720001,-0.345255011328,2.31,-33.5705005568,24.0509999616,52.554325,-1.461856,11.281513942755556,0.0,True
2020-01-08 10:16:45.200,-0.0491514758778337,0.5690271939056524,-0.3404362917260336,2.31,-34.17818134097368,23.943939190988807,52.554325,-1.461856,11.366060653141487,0.0,True
2020-01-08 10:16:45.300,0.01504,0.434364,-0.204256,2.2908,-33.52,23.75,52.554325,-1.461856,11.465644444444443,0.0,True
2020-01-08 10:16:45.400,0.0701666201516923,0.4035626998428864,-0.1166568083365542,2.1696078687273803,-33.988627389957784,24.39882350579011,52.554325,-1.461856,11.625849648432686,0.0,True
2020-01-08 10:16:45.500,0.2247417358385179,0.5409620227142259,-0.3135689471397763,1.999192357221541,-34.14394015794455,24.52686849332072,52.554325,-1.461856,11.755709705349465,0.0,True
2020-01-08 10:16:45.600,-0.0130998579199999,0.24247518848,-0.120330111488,1.63,-33.38749952,24.72750016,52.554325,-1.461856,11.90766669937778,0.0,True
2020-01-08 10:16:45.700,0.1466605012942214,0.4313755352077348,-0.2095513021082491,1.6390909420018152,-32.90151570003025,25.024848792016943,52.554325,-1.461856,11.95776096683466,0.0,True
2020-01-08 10:16:45.800,-0.0146396034785606,0.0992811956474903,0.1027326623256474,1.5315840580334623,-33.621683087007106,25.46990097102636,52.554325,-1.461856,12.013393851039448,0.0,True
2020-01-08 10:16:45.900,-0.028690077184,0.138204896768,0.0383001164799999,0.6990000383999999,-32.94,25.3670002432,52.554325,-1.461856,12.136277885155556,232.33837833861384,True
2020-01-08 10:16:46.000,-0.117909943296,0.003230009088,0.178269937152,0.7409999616,-33.004500275199995,25.69,52.5542619997312,-1.4619902505728,12.303638994488885,232.3387596691868,True
2020-01-08 10:16:46.100,-0.038669983232,0.02632504704,0.084014953984,0.6239997183999999,-33.2679995648,25.6990000384,52.553905,-1.462751,12.455013936355556,0.0,True
2020-01-08 10:16:46.200,-0.0178090960102813,0.0666181015155707,0.0508243435155759,0.2787879830057483,-32.76575785001513,25.77878798300575,52.553905,-1.462751,12.527272760640729,0.0,True
2020-01-08 10:16:46.300,-0.015556,0.015536,0.121552,0.4096,-33.1596,26.0296,52.553905,-1.462751,12.614444444444445,0.0,True
2020-01-08 10:16:46.400,0.0171059275443501,0.3004900362709141,-0.2623257008954937,0.2991089420096266,-32.91128707249874,26.42079202901673,52.553905,-1.462751,12.807755779788042,0.0,True
2020-01-08 10:16:46.500,-0.080854951168,-0.1174545390079999,0.04254980992,0.5044997632,-32.4294999552,25.9069996032,52.553905,-1.462751,12.859097290666666,0.0,True
2020-01-08 10:16:46.600,-0.045205124608,0.387519542272,-0.150019744512,0.22750016,-32.5110006016,25.3980000768,52.553905,-1.462751,12.97745845048889,0.0,True
2020-01-08 10:16:46.700,-0.180129869568,-0.14412467456,0.129944746752,0.4114998784,-33.3009999616,25.5195000832,52.553905,-1.462751,13.150763964444446,0.0,True
2020-01-08 10:16:46.800,-0.0171475489947583,0.2316493714071355,-0.1318899227439092,0.3242576014112923,-33.25,25.59287119929436,52.553905,-1.462751,13.259403209935371,0.0,True
2020-01-08 10:16:46.900,-0.0582233596574247,-0.0391821986563852,0.2210863931857322,0.6269705832156766,-33.05484989061797,25.459191348734738,52.553905,-1.462751,13.327724317202716,0.0,True
2020-01-08 10:16:47.000,0.0447666509791347,0.2122573250861736,-0.1762573830093685,-0.0639391909888058,-31.87,25.949090942001817,52.553905,-1.462751,13.479057330171692,0.0,True
2020-01-08 10:16:47.100,0.0151138579731377,-0.1151593677049458,0.0860029475503826,0.1517821159807467,-31.80188114495439,26.06970301446528,52.553905,-1.462751,13.611111105478544,0.0,True
2020-01-08 10:16:47.200,-0.031995078912,0.22092506624,-0.073529867008,-0.4180002048,-31.4670001152,26.4685001216,52.553905,-1.462751,13.593305681066665,0.0,True
2020-01-08 10:16:47.300,-0.110909889536,0.254164766464,0.103910003456,-0.7080000768,-31.4519992832,26.5444996352,52.553905,-1.462751,13.759083329422221,0.0,True
2020-01-08 10:16:47.400,0.0225878309573618,-0.0366059903961274,0.0759847307735073,-0.7539391909888059,-30.61363677502269,26.07969704100393,52.553905,-1.462751,13.76483168944663,0.0,True
2020-01-08 10:16:47.500,-0.0298871150809442,0.0716356433334769,-0.0612999716118632,-0.2308909566041705,-31.546237811477425,26.367425855002523,52.553905,-1.462751,13.822458743560215,0.0,True
2020-01-08 10:16:47.600,0.09025002496,0.092710098176,0.1221747673599999,0.80499968,-33.0554997248,27.31,52.553905,-1.462751,13.803347223466666,0.0,True
2020-01-08 10:16:47.700,0.062964742144,0.21567496832,-0.19715004416,0.3694999552,-32.6704999168,27.2259996416,52.553905,-1.462751,13.828541767111112,0.0,True
2020-01-08 10:16:47.800,-0.253039887104,0.168709979136,-0.174184651776,0.2454997247999999,-32.6440003584,26.8535004416,52.553905,-1.462751,13.959986102755556,0.0,True
2020-01-08 10:16:47.900,-0.0962899709439999,0.155520061952,0.283529979648,-0.1860002815999999,-32.9804994048,27.40249984,52.553905,-1.462751,13.940347185777778,0.0,True
2020-01-08 10:16:48.000,-0.067255040768,0.22872496128,0.159584586496,-0.6545004032,-32.1990000384,27.26500032,52.553905,-1.462751,13.902611156622223,0.0,True
2020-01-08 10:16:48.100,-0.1279250278399999,0.133664813824,-0.336679774208,-1.26500032,-32.1179994368,27.65249984,52.553905,-1.462751,13.954805520355556,0.0,True
2020-01-08 10:16:48.200,-0.1331298644479999,-0.080554859008,0.012160208896,-1.7080000768,-31.37,27.5330003968,52.553905,-1.462751,13.920638942577778,0.0,True
2020-01-08 10:16:48.300,0.0331749414399999,0.0318796807679999,0.293155015168,-1.77249984,-31.40750016,28.0044997632,52.553905,-1.462751,13.992694447644444,0.0,True
2020-01-08 10:16:48.400,-0.028219930112,-0.343244791552,0.26094977664,-1.4189993984,-31.84500096,27.7185001216,52.553905,-1.462751,13.99036108302222,0.0,True
2020-01-08 10:16:48.500,0.074590042624,-0.103945160192,0.016215221504,-0.6680002048,-33.12,27.8604999168,52.553905,-1.462751,13.968347287466667,0.0,True
2020-01-08 10:16:48.600,0.115314932224,-0.285334866176,0.25932478208,-0.8274995199999999,-33.19500032,27.8160002816,52.553905,-1.462751,14.04720830008889,0.0,True
2020-01-08 10:16:48.700,0.0047696226459005,-0.063569537571208,-0.080736546950111,-0.2748487920169425,-33.610909057998185,28.180909057998186,52.553905,-1.462751,14.014545496141182,0.0,True
2020-01-08 10:16:48.800,-0.1006633602936144,0.1677603863828191,-0.2716741987321655,-0.75,-33.55049504348201,28.209207970983268,52.553905,-1.462751,14.085225526567548,0.0,True
2020-01-08 10:16:48.900,-0.045994982912,0.115930124288,0.184084845056,-0.82500032,-33.5,28.6480000768,52.553905,-1.462751,14.105388831288888,0.0,True
2020-01-08 10:16:49.000,-0.025340008704,0.25654989568,-0.042865090304,-1.1839997184,-33.42499968,28.7034998016,52.553905,-1.462751,14.037472258844444,0.0,True
2020-01-08 10:16:49.100,-0.0045968527535497,0.0850907899534287,-0.1057088842286,-0.8009090579981848,-33.01818188400363,28.46878798300575,52.553905,-1.462751,14.094107773057152,0.0,True
2020-01-08 10:16:49.200,0.1782168328977951,-0.0636831458111022,0.1553068935013978,-0.7595049565179922,-33.14059407245565,28.709207970983268,52.553905,-1.462751,14.143509353862914,0.0,True
2020-01-08 10:16:49.300,0.128939746304,0.127565010944,-0.163055027968,-0.9975008,-33.2965001984,29.1390000384,52.553905,-1.462751,14.174347249066667,0.0,True
2020-01-08 10:16:49.400,-0.199734964736,0.13557497216,-0.1659698539519999,-1.8814992384,-33.475999641600005,29.1059996416,52.553905,-1.462751,14.20895832888889,0.0,True
2020-01-08 10:16:49.500,-0.118669853952,0.0965899914239999,0.037360039936,-0.8805000448,-32.9534998016,28.6104999168,52.553905,-1.462751,14.214888939377778,0.0,True
2020-01-08 10:16:49.600,0.077535009536,0.08272498944,0.0587198648319999,-0.9670001152,-32.774000358399995,28.5,52.553905,-1.462751,14.27956943431111,0.0,True
2020-01-08 10:16:49.700,0.089134995456,0.0294598325759999,-0.085654850048,-1.04499968,-33.2785001216,28.5465001984,52.553905,-1.462751,14.285444526933333,0.0,True
2020-01-08 10:16:49.800,0.0877060772809197,-0.1508392416716013,0.0874241480247932,-0.7063639490172451,-33.47787892500756,28.896363949017243,52.553905,-1.462751,14.402744135779324,0.0,True
2020-01-08 10:16:49.900,0.0949178100073251,0.0877574276799541,-0.0555108891316525,-1.2185148695539767,-33.65039601450837,29.28019795656108,52.553905,-1.462751,14.442590756845188,0.0,True
2020-01-08 10:16:50.000,-0.0301788833752673,0.1032878762098578,-0.0600546213141842,-1.2851512079830576,-33.42939390099788,28.645454166979125,52.553905,-1.462751,14.436473109530292,0.0,True
2020-01-08 10:16:50.100,-0.1669217752217189,0.0617871049423239,-0.1479504763884206,-0.8591089420096267,-33.420693101429286,28.229505057904195,52.553905,-1.462751,14.509496701287238,0.0,True
2020-01-08 10:16:50.200,-0.1021841432380643,-0.1447178388571776,0.0447228579684284,-1.1021781756612898,-33.642475135096774,29.03643542222177,52.553905,-1.462751,14.545167819086915,0.0,True
2020-01-08 10:16:50.300,-0.0937674724217647,-0.184940412393527,0.249345476548803,-1.0707065613703008,-33.43222177400586,28.53535328068515,52.553905,-1.462751,14.675204802552077,0.0,True
2020-01-08 10:16:50.400,-0.23007484672,-0.139319835392,0.18932482304,-1.5180000768,-33.725999641600005,28.7409999616,52.553905,-1.462751,14.70054169031111,0.0,True
2020-01-08 10:16:50.500,-0.019419969792,0.0385148259839999,-0.0274749222399999,-1.6019999232000002,-33.1284994816,28.6990000384,52.553905,-1.462751,14.738402805333333,0.0,True
2020-01-08 10:16:50.600,0.016784983296,-0.114479666688,0.047959881216,-1.5285001216,-32.59000064,28.7965001984,52.553905,-1.462751,14.794333415822223,0.0,True
2020-01-08 10:16:50.700,-0.010305020928,0.284054811648,-0.0936299310079999,-1.57749952,-33.40249984,29.06,52.553905,-1.462751,14.911555588266667,0.0,True
2020-01-08 10:16:50.800,-0.0305545181384933,0.0720668048376211,0.0229394842249799,-0.996060809011194,-33.17939390099788,29.10848502400968,52.553905,-1.462751,14.957861963222793,0.0,True
2020-01-08 10:16:50.900,0.006757422610644,0.3342119118649738,0.0632573627927843,-1.3004950434820075,-33.18970301446527,29.340396014508364,52.553905,-1.462751,14.973272826892355,0.0,True
2020-01-08 10:16:51.000,0.009060121856,0.537609770496,-0.454779958528,-1.3055002368,-33.475999641600005,29.1390000384,52.553905,-1.462751,14.99279176391111,0.0,True
2020-01-08 10:16:51.100,0.143584883456,0.287310232576,-0.359784829696,-1.5929998848,-33.0285001216,29.2740003584,52.553905,-1.462751,15.131402818133331,0.0,True
2020-01-08 10:16:51.200,0.007265078784,0.5267347036159999,-0.088089805824,-1.5420004352,-33.236500198399995,29.7785001216,52.553905,-1.462751,15.19383337102222,0.0,True
2020-01-08 10:16:51.300,0.0823847416341064,0.1044635326942819,0.1699666672700333,-2.195757850015128,-33.3772722829755,29.84454510898094,52.553905,-1.462751,15.242079118027416,0.0,True
2020-01-08 10:16:51.400,-0.0948445620242769,-0.0802485302802568,0.1830505027488334,-2.6009900869640155,-32.748613898527616,29.40980204343892,52.553905,-1.462751,15.232736524154278,0.0,True
2020-01-08 10:16:51.500,-0.142879934208,-0.204364977664,0.21564986368,-2.3679994368,-32.956499558400004,29.9955002368,52.553905,-1.462751,15.230486083555556,0.0,True
2020-01-08 10:16:51.600,-0.06510004096,-0.2016551150079999,0.094885257216,-1.77000064,-32.4645004032,30.3670002432,52.553905,-1.462751,15.197638904888889,0.0,True
2020-01-08 10:16:51.700,-0.1048029770970653,-0.3006573811992687,0.3831361704493443,-2.5442421499848726,-33.07575785001513,30.632424033988503,52.553905,-1.462751,15.222845132167455,0.0,True
2020-01-08 10:16:51.800,-0.0374386233274444,-0.0897753046021732,0.1187079425951319,-2.051881144954389,-33.450891057990376,30.321089115937657,52.553905,-1.462751,15.241039601450836,0.0,True
2020-01-08 10:16:51.900,-0.0422796820479999,-0.392694250752,0.170939442944,-1.76500032,-33.0954995968,30.45500032,52.553905,-1.462751,15.223916683377777,0.0,True
2020-01-08 10:16:52.000,0.35509989376,0.476834464256,-0.4558295175679999,-2.2170001152,-32.5795000832,31.0015005184,52.553905,-1.462751,15.260944507733331,0.0,True
2020-01-08 10:16:52.100,0.1743180381620763,-0.047229624352566,0.097399683232528,-2.3987879830057484,-32.66121201699425,31.614242149984875,52.553905,-1.462751,15.324839994357085,0.0,True
2020-01-08 10:16:52.200,-0.0441772253637863,0.922900939596635,-0.3746039489926013,-2.6883169129928954,-32.63782186951089,31.050593971069446,52.553905,-1.462751,15.210228271739808,0.0,True
2020-01-08 10:16:52.300,-0.029755022848,0.515340067584,-0.289830046208,-3.3144997632,-33.342999884799994,30.4975008,52.553905,-1.462751,15.197486095644443,0.0,True
2020-01-08 10:16:52.400,-0.0555696805690953,0.6265697746942871,-0.3410332965279699,-3.0378789250075635,-33.20818188400363,31.550909057998183,52.553905,-1.462751,15.168021853220441,0.0,True
2020-01-08 10:16:52.500,-0.013,0.6269600000000001,-0.222596,-3.4004,-33.220400000000005,31.5,52.553905,-1.462751,15.12218888888889,0.0,True
2020-01-08 10:16:52.600,0.0815719999999999,0.0486479999999999,0.047132,-4.2492,-32.7404,31.6008,52.553905,-1.462751,15.129666666666665,0.0,True
2020-01-08 10:16:52.700,0.091488,0.2317759999999999,-0.159584,-4.4704,-32.7092,32.198800000000006,52.553905,-1.462751,15.034511111111112,0.0,True
2020-01-08 10:16:52.800,0.0117009811649781,-0.0580900038273291,0.1255345932258808,-4.049108942009626,-32.84960398549163,32.620198057947285,52.553905,-1.462751,14.924744223028242,0.0,True
2020-01-08 10:16:52.900,-0.053109054377985,0.7294302651279094,-0.3611514487263362,-4.367575966011496,-32.86151443296037,33.00666690801331,52.553905,-1.462751,14.909099312276986,0.0,True
2020-01-08 10:16:53.000,-0.0068178282568416,0.6656831650744808,-0.2679366397063856,-4.7692079709832695,-31.85930699995691,33.34990097102636,52.553905,-1.462751,14.849232649370743,0.0,True
2020-01-08 10:16:53.100,-0.063365009664,0.693730235648,-0.322590017024,-5.1990000384,-32.40249984,33.1704999168,52.553905,-1.462751,14.624305450666666,0.0,True
2020-01-08 10:16:53.200,-0.044444864512,0.8392992857599999,-0.252169603072,-5.25,-32.1239997184,33.192000563200004,52.553905,-1.462751,14.464583246222222,0.0,True
2020-01-08 10:16:53.300,0.1186969088666447,-0.034936094425151,0.1969694144844189,-5.41060664203207,-31.76818188400363,33.90212107499244,52.553905,-1.462751,14.3254039553842,0.0,True
2020-01-08 10:16:53.400,0.042664,0.238524,-0.161744,-6.3996,-31.9212,33.6596,52.553905,-1.462751,14.150377777777779,0.0,True
2020-01-08 10:16:53.500,0.1454366386925235,-0.4762029475503826,0.2591277291264818,-6.939703014465277,-32.12029698553472,33.53960398549163,52.553905,-1.462751,13.870767294303588,0.0,True
2020-01-08 10:16:53.600,0.12902475008,-0.2101546785279999,0.263169789952,-7.3760002816,-31.7785001216,33.7785001216,52.553905,-1.462751,13.590638853688889,0.0,True
2020-01-08 10:16:53.700,-0.141294737152,0.188689880064,-0.005029954048,-7.8160002816,-31.9294999552,34.006000281599995,52.553905,-1.462751,13.484055300266666,0.0,True
2020-01-08 10:16:53.800,0.220520054272,0.06525015296,0.024979867648,-8.2545002752,-31.9645004032,34.4265001984,52.553905,-1.462751,13.112916529777777,0.0,True
2020-01-08 10:16:53.900,0.225879715328,0.260839967744,-0.1152498483199999,-8.6860002816,-32.4339997184,34.7185001216,52.553905,-1.462751,12.906944341333332,0.0,True
2020-01-08 10:16:54.000,-0.149709989376,0.262970191872,0.041619809792,-9.06,-32.0509999616,34.91750016,52.553905,-1.462751,12.739999872,0.0,True
2020-01-08 10:16:54.100,-0.1002448491519999,0.404459516416,-0.1435297121279999,-9.0885001216,-31.96249984,35.157000115200006,52.553905,-1.462751,12.48495797048889,0.0,True
2020-01-08 10:16:54.200,0.1053050222079999,-0.178414746624,0.199439832064,-9.2965001984,-31.8340003584,35.245499724800005,52.553905,-1.462751,11.982805469155554,0.0,True
2020-01-08 10:16:54.300,0.0879513455506453,0.1360696172156009,-0.0028575006658581,-9.635757850015128,-32.21606026598124,34.889090942001815,52.553905,-1.462751,11.843055465050565,0.0,True
2020-01-08 10:16:54.400,-0.1354930446530184,0.0343713008610223,0.0931811753702497,-10.050495043482009,-31.69,34.97960398549163,52.553905,-1.462751,11.634936700509945,0.0,True
2020-01-08 10:16:54.500,0.03834985984,0.1634050593279999,-0.028985065216,-9.9714998784,-31.6419997952,35.2080000768,52.553905,-1.462751,11.220555331555556,0.0,True
2020-01-08 10:16:54.600,-0.1689650903039999,0.232434958336,-0.0807398512639999,-9.77249984,-31.4555003648,35.188499481600005,52.553905,-1.462751,10.851055248355555,0.0,True
2020-01-08 10:16:54.700,-0.204704640768,0.155304907008,0.116514998784,-9.7475008,-31.86499968,34.6695007232,52.553905,-1.462751,10.388430322488889,0.0,True
2020-01-08 10:16:54.800,0.280485034496,0.00659989248,0.105809961216,-10.81,-31.3364995584,35.5729997568,52.553905,-1.462751,10.016513622755555,216.9602554453207,True
2020-01-08 10:16:54.900,0.2400496319999999,-0.041744596992,0.0050847900159999,-10.81,-30.9375008,35.32500032,52.553781249472,-1.46290415065344,9.626430399288889,216.96079792779904,True
2020-01-08 10:16:55.000,-0.2328666093468384,0.486363610528575,-0.2512544638354981,-10.932727717024507,-31.92424214998488,35.69393919098881,52.55308,-1.463772,9.379494806881024,0.0,True
2020-01-08 10:16:55.100,-0.1226079071099609,0.3989861085694153,-0.0873128474061607,-11.570891057990371,-31.47940592754435,35.38,52.55308,-1.463772,9.133718355887538,0.0,True
2020-01-08 10:16:55.200,-0.03709707539583,0.170327356814638,0.0860514179546389,-11.319090942001816,-31.418485024009684,35.30424214998487,52.55308,-1.463772,8.988173357858749,0.0,True
2020-01-08 10:16:55.300,-0.1898277159462754,0.2465068965429839,-0.0566643515972128,-11.281287072498738,-31.72960398549164,35.01782186951089,52.55308,-1.463772,8.898666101861027,0.0,True
2020-01-08 10:16:55.400,-0.0954483503525815,-0.0165726431853619,-0.0547213519377118,-10.819090942001816,-31.806666183973377,35.67424214998487,52.55308,-1.463772,8.779082506361927,0.0,True
2020-01-08 10:16:55.500,0.1045207869597066,0.1088425713061838,-0.2367346317526379,-10.692574144997478,-31.020396014508364,35.33871292750126,52.55308,-1.463772,8.790239266510252,0.0,True
2020-01-08 10:16:55.600,0.0662818351309348,0.0826606008497125,-0.0586242566307835,-9.834848792016942,-30.85696986700938,35.82969704100393,52.55308,-1.463772,8.727297977055404,0.0,True
2020-01-08 10:16:55.700,0.0851495002927526,0.0867980275314233,-0.1147386354937888,-10.20069300004309,-31.070891057990373,35.76098998557781,52.55308,-1.463772,8.714474692032368,0.0,True
2020-01-08 10:16:55.800,0.01782487936,0.138594944512,-0.2653498688,-9.5359996416,-30.9045004032,34.725999641600005,52.55308,-1.463772,8.664722204444445,0.0,True
2020-01-08 10:16:55.900,-0.1167180888448718,0.0922334322854579,-0.1246758791267044,-9.182727717024507,-31.45818188400364,34.27878798300575,52.55308,-1.463772,8.620193526968047,0.0,True
2020-01-08 10:16:56.000,0.0354168369532432,0.1848643181397659,-0.2820148320410817,-9.662475116023836,-31.56,34.459009913035985,52.55308,-1.463772,8.515552813199582,0.0,True
2020-01-08 10:16:56.100,0.086980031488,-0.1097698872319999,-0.1143799802879999,-8.6545004032,-31.56,34.5705000448,52.55308,-1.463772,8.570236061155555,0.0,True
2020-01-08 10:16:56.200,0.0980498688,-0.0278752896,-0.045809819136,-9.1239997184,-31.5795000832,34.6390000384,52.55308,-1.463772,8.496722191644444,0.0,True
2020-01-08 10:16:56.300,-0.08272502784,-0.38377487744,0.1677898864639999,-8.7304999168,-31.69,34.53999936,52.55308,-1.463772,8.44936108231111,0.0,True
2020-01-08 10:16:56.400,-0.1043880825889915,-0.2520099743493557,0.0307673593016536,-8.556138462786288,-31.65287119929436,33.67069302363306,52.55308,-1.463772,8.414823991181677,0.0,True
2020-01-08 10:16:56.500,-0.0208999663019968,-0.4156572536911069,0.1070428779662079,-8.028572693645966,-31.528570734459738,33.52428599416947,52.55308,-1.463772,8.4352381020797,0.0,True
2020-01-08 10:16:56.600,-0.0216861227634837,-0.3516475379627963,0.1030920868068668,-7.06,-31.97128707249874,33.251386101472384,52.55308,-1.463772,8.414158405803347,0.0,True
2020-01-08 10:16:56.700,0.108184987136,-0.477205063168,0.161174976,-6.9189993984,-31.5930003968,33.1185007616,52.55308,-1.463772,8.331958341688889,0.0,True
2020-01-08 10:16:56.800,0.052054833408,-0.51714981248,0.1248599810559999,-6.1485001216,-32.1109999616,33.9979994368,52.55308,-1.463772,8.333430514488889,0.0,True
2020-01-08 10:16:56.900,-0.145694899712,-0.307295167232,0.098934996736,-6.1419992832,-32.1065001984,33.2695000832,52.55308,-1.463772,8.272305527466667,0.0,True
2020-01-08 10:16:57.000,-0.013760005376,-0.474454765568,0.061464858624,-5.1704999168,-32.418000204799995,33.26749952,52.55308,-1.463772,8.22404161991111,0.0,True
2020-01-08 10:16:57.100,-0.0154399767039999,-0.197660147456,-0.093179858688,-4.98499968,-32.6239997184,32.7515005184,52.55308,-1.463772,8.162111111822222,0.0,True
2020-01-08 10:16:57.200,0.0063029970081635,-0.3424240575198012,0.0692574843749596,-4.341817391956433,-32.28787892500756,33.33545416697912,52.55308,-1.463772,8.167895640417633,0.0,True
2020-01-08 10:16:57.300,-0.0211999847920695,-0.0913307152036215,-0.0824920857930048,-3.199207970983269,-32.351089014551455,32.73099008696401,52.55308,-1.463772,8.1915236501624,0.0,True
2020-01-08 10:16:57.400,0.081204892928,-0.249584883456,-0.1410000140799999,-3.5359996416,-31.63500032,32.6855002368,52.55308,-1.463772,8.172138884977779,0.0,True
2020-01-08 10:16:57.500,-0.0489553865222251,-0.0973841710790787,-0.1283632127766892,-2.90257348598716,-32.106039829569795,32.87079144604606,52.55308,-1.463772,8.151061528329416,0.0,True
2020-01-08 10:16:57.600,-0.0005573047414795,-0.1534574661780033,0.0677858434797146,-2.017142991486705,-32.397143069853946,32.13,52.55308,-1.463772,8.040277623220156,0.0,True
2020-01-08 10:16:57.700,-0.1140920726127984,-0.3690475045053494,0.1287118571164243,-2.091485130446024,-32.540990086964015,32.13,52.55308,-1.463772,7.936861945646292,0.0,True
2020-01-08 10:16:57.800,-0.050459964416,-0.245515197184,-0.0387348533759999,-1.7704992768,-32.504500275199995,32.101499878400006,52.55308,-1.463772,8.004861063111111,0.0,True
2020-01-08 10:16:57.900,0.000535015936,-0.48347489792,0.13139989504,-0.8009999616000001,-32.83249984,31.8454995968,52.55308,-1.463772,7.954444501333333,0.0,True
2020-01-08 10:16:58.000,0.0002499084799999,-0.351395014912,-0.005659990016,-0.5909993216,-32.630500044799994,31.0759990016,52.55308,-1.463772,8.013666596977778,0.0,True
2020-01-08 10:16:58.100,-0.108219944192,-0.3605799546879999,0.024895073792,0.3205000448,-32.5954995968,29.7965001984,52.55308,-1.463772,7.902777699555555,0.0,True
2020-01-08 10:16:58.200,-0.0258423943483511,-0.321824319984278,0.1228090905799818,0.5027277170245061,-32.069090942001814,29.92818134097368,52.55308,-1.463772,7.809494987891006,0.0,True
2020-01-08 10:16:58.300,0.0179128697111253,-0.4559148604292185,0.1096742494252669,1.220099028973642,-32.19920797098327,29.19,52.55308,-1.463772,7.860352029794025,0.0,True
2020-01-08 10:16:58.400,-0.0044515482818273,-0.5173999511273044,0.0567515663828257,1.3421210749924362,-32.77151570003025,29.312727717024508,52.55308,-1.463772,7.813190229138528,0.0,True
2020-01-08 10:16:58.500,-0.0596128737665734,-0.4533326805751639,0.1346059397106944,1.2583169129928953,-33.512277159462755,29.752871130532203,52.55308,-1.463772,7.797819028584996,0.0,True
2020-01-08 10:16:58.600,-0.082365008384,-0.4949949163519999,0.110054926848,1.9580000768,-32.8919997952,28.32749952,52.55308,-1.463772,7.773750016000001,0.0,True
2020-01-08 10:16:58.700,-0.102815039744,-0.387485015296,0.025335053056,2.0885001216,-32.668000204799995,27.493499161600003,52.55308,-1.463772,7.778958264888889,0.0,True
2020-01-08 10:16:58.800,-0.131854898688,-0.440440139264,0.10322503168,2.4090006784,-32.9114998784,26.2194993152,52.55308,-1.463772,7.681597194666667,0.0,True
2020-01-08 10:16:58.900,-0.0012545597707896,-0.6298697131508925,0.1392848267087989,3.291818115996369,-32.80606080901119,25.18727228297549,52.55308,-1.463772,7.651986557279172,0.0,True
2020-01-08 10:16:59.000,-0.0113920715989364,-0.6205712653758514,0.0738059204473159,3.4371288694677986,-33.15009902897364,24.282970159505844,52.55308,-1.463772,7.677645756043955,0.0,True
2020-01-08 10:16:59.100,0.0447484571484721,-0.4620637227547651,-0.059418052642875,4.607575241971561,-33.32969704100393,23.0724240339885,52.55308,-1.463772,7.606237374194469,0.0,True
2020-01-08 10:16:59.200,0.0031673275357323,-0.5400167963987621,0.112075229576383,3.919306999956911,-33.577821869510885,22.56148502905982,52.55308,-1.463772,7.605844333736345,0.0,True
2020-01-08 10:16:59.300,0.01230001024,-0.265455090688,-0.052740061184,4.5660002816,-34.225999641600005,21.44749952,52.55308,-1.463772,7.592958303288889,0.0,True
2020-01-08 10:16:59.400,0.0235299898879999,-0.358119881472,-0.143690041344,4.9685001216,-33.75,20.7454997248,52.55308,-1.463772,7.550347210666666,0.0,True
2020-01-08 10:16:59.500,0.0248727807529498,-0.1965181666791649,-0.1745696099752016,5.29060664203207,-33.80606080901119,20.179999275960064,52.55308,-1.463772,7.532138036777207,0.0,True
2020-01-08 10:16:59.600,0.0784831498665504,-0.1995554623084117,-0.0276593981208067,6.031584058033463,-34.06138610147238,19.031485130446026,52.55308,-1.463772,7.511974694848652,0.0,True
2020-01-08 10:16:59.700,-0.068684967936,-0.324229932288,0.017379912448,5.3685007616,-33.6464995584,18.6639990784,52.55308,-1.463772,7.492083342222222,0.0,True
2020-01-08 10:16:59.800,-0.0365091285920784,-0.2838759370498993,-0.0543998389011142,6.237575241971561,-33.24939462503782,17.34454510898094,52.55308,-1.463772,7.507382167528474,0.0,True
2020-01-08 10:16:59.900,-0.0773267216010909,-0.5174603681333025,0.1541821524797798,5.568316912992896,-34.27039601450837,16.781485130446022,52.55308,-1.463772,7.522367983898744,0.0,True
2020-01-08 10:17:00.000,0.013219990272,-0.301695077632,-0.038889903104,6.2034998016000005,-34.192000563200004,16.47999936,52.55308,-1.463772,7.511263945244444,0.0,True
2020-01-08 10:17:00.100,0.0013882385716221,-0.3550351442382503,0.0497998795295629,5.810587845536822,-34.86647036678228,15.427058212319109,52.55308,-1.463772,7.5824346294502245,0.0,True
2020-01-08 10:17:00.200,0.0015581854800789,-0.1016855866587254,-0.164968429673051,5.110407980941036,-34.53948943606783,14.058980282749758,52.55308,-1.463772,7.558310667725498,0.0,True
2020-01-08 10:17:00.300,-0.021387816476563,-0.3025059523840308,-0.0604363930916246,5.317272282975495,-35.02787820096763,12.72515120798306,52.55308,-1.463772,7.5281733578587495,0.0,True
2020-01-08 10:17:00.400,0.0693128676834013,-0.160351501149466,-0.1058099008696401,4.688613898527619,-34.07089105799037,12.191386101472382,52.55308,-1.463772,7.447378978669188,0.0,True
2020-01-08 10:17:00.500,0.032169970432,-0.2629998656,-0.116815051264,4.96249984,-33.922500480000004,11.6924992,52.55308,-1.463772,7.385291731911111,0.0,True
2020-01-08 10:17:00.600,-0.0106454673807079,-0.0942121563719393,-0.1803999837091014,4.665151207983057,-34.55090905799819,10.63,52.55308,-1.463772,7.469208744305009,0.0,True
2020-01-08 10:17:00.700,-0.0078148371103918,-0.1832930912906717,-0.1328791937769148,4.199504956517993,-34.58871292750126,10.450989985577811,52.55308,-1.463772,7.460885592992411,0.0,True
2020-01-08 10:17:00.800,0.11952502912,-0.334284857856,-0.037895100672,4.21249984,-35.0509999616,9.4819999232,52.55308,-1.463772,7.500305565155555,0.0,True
2020-01-08 10:17:00.900,0.109794793472,-0.226860347136,-0.118379772928,3.9159996416,-35.03750016,9.2014992384,52.55308,-1.463772,7.504347185066667,0.0,True
2020-01-08 10:17:01.000,-0.155754962688,-0.647144826112,0.150544860672,3.5330003968,-35.2034998016,8.0864995584,52.55308,-1.463772,7.455583335822222,0.0,True
2020-01-08 10:17:01.100,-0.0950484444777732,-0.4958215003658988,0.0117577432192367,3.9842421499848726,-34.8824240339885,7.406060265981242,52.55308,-1.463772,7.452070682387527,0.0,True
2020-01-08 10:17:01.200,-0.0193881104399907,-0.9067059184195918,0.2596475176855558,3.599603985491634,-34.52039601450837,6.6914850290598205,52.55308,-1.463772,7.426122119962972,0.0,True
2020-01-08 10:17:01.300,0.018693823163589,-0.7454819075349285,0.2208394679340813,3.5933325489567363,-34.37666690801331,5.652121074992436,52.55308,-1.463772,7.486102675471223,0.0,True
2020-01-08 10:17:01.400,-0.150828,-0.8799560000000001,0.3253,2.4392,-34.7596,5.2192,52.55308,-1.463772,7.465877777777777,0.0,True
2020-01-08 10:17:01.500,-0.118903974339152,-0.7822167822046936,0.2272395750904238,2.670792029016732,-34.84960398549163,3.931683087007104,52.55308,-1.463772,7.505668316023047,0.0,True
2020-01-08 10:17:01.600,-0.238905013248,-0.40767517184,0.0185151421439999,2.21249984,-35.09750016,3.0714992384,52.55308,-1.463772,7.502513904355555,0.0,True
2020-01-08 10:17:01.700,-0.187394705152,-0.569029714688,0.162164807424,1.8589993984,-35.3295000832,2.06,52.55308,-1.463772,7.527097239466666,0.0,True
2020-01-08 10:17:01.800,0.18274990848,-0.206135068416,-0.097785017856,1.06,-35.4670001152,2.06,52.55308,-1.463772,7.5584167025777775,0.0,True
2020-01-08 10:17:01.900,0.0566696805690953,-0.2695605067245209,-0.1454697837447862,0.8993933579679303,-35.516969323979424,1.843332548956736,52.55308,-1.463772,7.608678460472735,0.0,True
2020-01-08 10:17:02.000,0.0401,-0.1207,-0.249092,-0.0703999999999999,-34.9496,0.59,52.55308,-1.463772,7.6331444444444445,0.0,True
2020-01-08 10:17:02.100,0.0636465202987851,-0.1446326724642677,-0.0873544547830208,-0.4796039854916343,-34.90019795656108,0.3007920290167312,52.55308,-1.463772,7.684526951691446,0.0,True
2020-01-08 10:17:02.200,-0.05062497408,-0.123079936768,-0.103010090496,-0.9240009984,-34.436000281599995,-0.1395000831999999,52.55308,-1.463772,7.685236150044444,0.0,True
2020-01-08 10:17:02.300,-0.012434983936,-0.088465210624,-0.183509830656,-2.2409999616,-34.8190000384,-0.3340003584,52.55308,-1.463772,7.750902837333333,0.0,True
2020-01-08 10:17:02.400,0.00244997248,-0.346314906624,0.0081298580479999,-2.4615011584,-34.9645004032,-0.81,52.55308,-1.463772,7.8331666801777775,0.0,True
2020-01-08 10:17:02.500,-0.046430052608,-0.29715031936,-0.1282597775359999,-3.9339997184,-35.5555002368,-1.0260009216,52.55308,-1.463772,7.856027798755555,0.0,True
2020-01-08 10:17:02.600,-0.1235900311039999,-0.687294854912,0.144894904832,-3.8510012416,-35.79499968,-2.2304999168,52.55308,-1.463772,7.887972239644444,0.0,True
2020-01-08 10:17:02.700,-0.1654250022399999,-0.510290066944,0.04692512128,-5.5660002816,-35.21999936,-2.2235004416,52.55308,-1.463772,7.906152756622221,0.0,True
2020-01-08 10:17:02.800,-0.128019827712,-0.552819802112,0.170829841408,-6.01500032,-34.4645004032,-2.8385001216,52.55308,-1.463772,7.900097316266666,0.0,True
2020-01-08 10:17:02.900,0.056639811584,-0.3352101928959999,0.0033701841919999,-6.6170007552,-35.1215005184,-3.03750016,52.55308,-1.463772,8.023958328888888,0.0,True
2020-01-08 10:17:03.000,-0.180309943296,-0.58734998272,0.212659849216,-7.7895007232,-35.6794994432,-3.32500032,52.55308,-1.463772,8.033347287466666,0.0,True
2020-01-08 10:17:03.100,-0.0969090616183844,-0.556642396158451,0.0010514740677339,-8.843939734018758,-35.02484879201694,-3.683333091986688,52.55308,-1.463772,8.124840084862077,0.0,True
2020-01-08 10:17:03.200,-0.06783763405157,-0.5230059468077286,-0.0250029465365205,-9.469802043438918,-35.51900991303599,-3.3591089420096267,52.55308,-1.463772,8.161141369964168,0.0,True
2020-01-08 10:17:03.300,-0.1087998067199999,-0.54149985664,0.140314855424,-10.0285001216,-35.5734998016,-3.5644997632,52.55308,-1.463772,8.200708293688889,0.0,True
2020-01-08 10:17:03.400,0.146534994176,-0.38357513856,-0.037929941248,-10.3580007168,-35.2919999232,-3.2785001216,52.55308,-1.463772,8.159138936177778,0.0,True
2020-01-08 10:17:03.500,0.100954838528,-0.490244669952,0.0208099176959999,-11.38500032,-35.15249984,-3.4490000384,52.55308,-1.463772,8.228236137955555,0.0,True
2020-01-08 10:17:03.600,-0.1146250048,-0.086805148928,-0.0939150231039999,-11.96000064,-35.004500275199995,-3.61250048,52.55308,-1.463772,8.287472322844444,0.0,True
2020-01-08 10:17:03.700,-0.1187349903359999,-0.259879894528,-0.118284973056,-12.8670002432,-35.2304994048,-4.0714992384,52.55308,-1.463772,8.420486108444445,0.0,True
2020-01-08 10:17:03.800,-0.1147558070153846,-0.1013528059076923,-0.0995337265230769,-13.30682742153846,-34.41259603692308,-3.1234618092307693,52.55308,-1.463772,8.4240358208547,246.9603008591428,True
2020-01-08 10:17:03.900,-0.1347696024,-0.040254448,-0.1865863768,-14.18562608,-34.364584,-3.385416,52.553063614488,-1.4638353649520002,8.472508717777778,246.9605036906165,True
2020-01-08 10:17:04.000,0.1046454112676129,-0.3850665622842426,-0.0796939444402783,-15.706363949017245,-35.30606080901119,-2.4151512079830573,52.552937,-1.464325,8.525143109222858,0.0,True
2020-01-08 10:17:04.100,0.0460326785474398,-0.2627128960715381,-0.0606484978366718,-16.297722840537247,-35.57089105799037,-1.7910890145514546,52.552937,-1.464325,8.554452702491481,0.0,True
2020-01-08 10:17:04.200,0.084674976,-0.44634989696,0.032484788736,-16.927000243200002,-35.263499801600005,-1.0,52.552937,-1.464325,8.628041722311112,0.0,True
2020-01-08 10:17:04.300,0.046184971776,-0.356810201856,-0.192959764736,-17.4555008768,-34.8589993984,-0.9714998784,52.552937,-1.464325,8.693111073422223,0.0,True
2020-01-08 10:17:04.400,0.01087500928,-0.564914744064,0.0786398256639999,-18.7610006016,-34.1635004416,-0.7634998016000001,52.552937,-1.464325,8.654763938844443,0.0,True
2020-01-08 10:17:04.500,0.001629907968,-0.282405244928,-0.120634862336,-19.5885001216,-34.7034998016,-0.5180000768,52.552937,-1.464325,8.714361082311111,0.0,True
2020-01-08 10:17:04.600,-0.1108649584639999,-0.54064971392,0.0481149399039999,-19.9555008768,-34.3829997568,-0.5269996031999999,52.552937,-1.464325,8.678777789155555,0.0,True
2020-01-08 10:17:04.700,-0.065795043072,-0.266735452416,0.0174702097919999,-21.3180008448,-34.09750016,0.2445010432,52.552937,-1.464325,8.701722255644444,0.0,True
2020-01-08 10:17:04.800,-0.1286212324711224,-0.7805390787626157,0.2494180128206785,-22.55363677502269,-34.24333309198669,1.6860608090111942,52.552937,-1.464325,8.743080797110506,0.0,True
2020-01-08 10:17:04.900,-0.114212,-0.379112,0.01128,-23.2492,-33.87,2.0096,52.552937,-1.464325,8.718422222222223,0.0,True
2020-01-08 10:17:05.000,0.115868,-0.789296,0.101996,-23.88,-33.7404,2.2312,52.552937,-1.464325,8.68458888888889,0.0,True
2020-01-08 10:17:05.100,0.0568772263776483,-0.5737198047808664,-0.0619900981164978,-25.50138610147238,-33.06,3.2377228405372454,52.552937,-1.464325,8.709559950084193,0.0,True
2020-01-08 10:17:05.200,0.029714932224,-0.607145042432,-0.014344828672,-25.34000064,-32.975999641600005,4.0080008448,52.552937,-1.464325,8.664958354488888,0.0,True
2020-01-08 10:17:05.300,-0.0278698616319999,-0.585484667136,0.15829976576,-26.1704999168,-32.5465001984,5.2320004352,52.552937,-1.464325,8.680013833244445,0.0,True
2020-01-08 10:17:05.400,0.14067493504,-0.128969938432,-0.1969751884799999,-26.1920005632,-32.8295000832,5.9795007232,52.552937,-1.464325,8.603694434133333,0.0,True
2020-01-08 10:17:05.500,0.0458696660882966,-0.0795334503864563,-0.4230423364251562,-26.920302958996068,-33.09151570003025,7.158182608043567,52.552937,-1.464325,8.597575785001514,0.0,True
2020-01-08 10:17:05.600,-0.0010128707249873,-0.2221999756673113,-0.2650376097188814,-26.879703014465274,-33.879801942052715,8.508316912992896,52.552937,-1.464325,8.638107809582067,0.0,True
2020-01-08 10:17:05.700,0.002934996736,-0.10115035392,-0.1131898544639999,-27.1929997568,-33.56,9.34000064,52.552937,-1.464325,8.622930533688889,0.0,True
2020-01-08 10:17:05.800,-0.009380034048,-0.522854793728,0.043109842176,-27.0395007232,-33.5795000832,10.3580007168,52.552937,-1.464325,8.602305591466667,0.0,True
2020-01-08 10:17:05.900,-0.035759919616,-0.294530194688,-0.142169896192,-27.9909999616,-33.5954995968,11.46000064,52.552937,-1.464325,8.657500032,0.0,True
2020-01-08 10:17:06.000,0.0609696606579971,-0.5414787458076795,-0.0022090833395824,-27.920302958996068,-33.1175759660115,12.320606099002118,52.552937,-1.464325,8.720454619504084,0.0,True
2020-01-08 10:17:06.100,0.0246653591226038,-0.4567088984135594,-0.001113868111758,-27.989010014422185,-33.34970291307907,12.73643586942471,52.552937,-1.464325,8.80111659019049,0.0,True
2020-01-08 10:17:06.200,0.132945011712,-0.353945007872,-0.060395012352,-28.82749952,-32.87,14.7605005568,52.552937,-1.464325,8.621986114844445,0.0,True
2020-01-08 10:17:06.300,0.1119695647227056,-0.3567787602884782,-0.0786939462503781,-28.33090960102814,-32.82303013299062,15.756061533051133,52.552937,-1.464325,8.642264365225282,0.0,True
2020-01-08 10:17:06.400,-0.0523465091463028,-0.3001118723243547,-0.0878900981164978,-28.921980072541828,-32.59009902897365,17.26920797098327,52.552937,-1.464325,8.71599834219477,0.0,True
2020-01-08 10:17:06.500,0.106029763328,-0.2738002048,-0.049019866112,-28.0485007616,-32.71249984,17.8775008,52.552937,-1.464325,8.655236125155556,0.0,True
2020-01-08 10:17:06.600,-0.173799875103111,-0.5122241208732956,0.1070423454756554,-28.946363224977308,-32.41515120798306,19.00666690801331,52.552937,-1.464325,8.682222252390552,0.0,True
2020-01-08 10:17:06.700,0.0096891027574512,-0.4078911421409217,0.040328747804355,-28.240296985534723,-31.900396014508367,19.63663382598579,52.552937,-1.464325,8.733509353862914,0.0,True
2020-01-08 10:17:06.800,-0.044690011904,-0.7113643978240001,0.241609609216,-27.7484994816,-31.5579994368,20.9714998784,52.552937,-1.464325,8.762847242666666,0.0,True
2020-01-08 10:17:06.900,-0.064640017664,-0.0737506918399999,-0.1705095439359999,-27.1635004416,-30.84750016,21.0455010048,52.552937,-1.464325,8.791791674311112,0.0,True
2020-01-08 10:17:07.000,-0.082789977344,-0.956554846208,0.395569830912,-27.63749952,-31.06,22.3139997184,52.552937,-1.464325,8.803444450844445,0.0,True
2020-01-08 10:17:07.100,-0.0569878943108562,-0.7505727210196551,0.1610605700780153,-27.06666690801331,-31.117575966011497,22.223334359056576,52.552937,-1.464325,8.823602735807883,0.0,True
2020-01-08 10:17:07.200,-0.0862910924616823,-0.7494703024603897,0.1371782379584874,-27.291089014551456,-31.459009913035985,24.00801992745817,52.552937,-1.464325,8.87322331240553,0.0,True
2020-01-08 10:17:07.300,-0.095094917632,-0.74054976768,0.258629797888,-26.5,-31.5690000384,25.1545004032,52.552937,-1.464325,8.772291591111111,0.0,True
2020-01-08 10:17:07.400,0.005254961408,-0.474315180544,0.02867516416,-26.3589993984,-31.5554997248,25.6434998016,52.552937,-1.464325,8.676902798933334,0.0,True
2020-01-08 10:17:07.500,-0.0339549486079999,-0.640614686464,0.212229852928,-25.5314998784,-31.11499968,25.4820004352,52.552937,-1.464325,8.715666712177777,0.0,True
2020-01-08 10:17:07.600,0.0249549601279999,-0.244360086016,-0.00125007744,-25.1824992,-30.802500480000003,26.1635004416,52.552937,-1.464325,8.779861127111111,0.0,True
2020-01-08 10:17:07.700,-0.017634955776,-0.3141398103039999,-0.117735058176,-24.2055003648,-31.316999475200003,26.86250048,52.552937,-1.464325,8.787444386133332,0.0,True
2020-01-08 10:17:07.800,0.0363749798399999,-0.073990050304,-0.19432499712,-24.539999360000003,-30.8075008,27.6035004416,52.552937,-1.464325,8.70429164231111,0.0,True
2020-01-08 10:17:07.900,0.016365028864,-0.133389968384,-0.204015057664,-23.7080000768,-31.79499968,28.2560002816,52.552937,-1.464325,8.685444502044444,0.0,True
2020-01-08 10:17:08.000,0.045594961152,-0.089989993984,-0.23844982016,-23.7544997632,-31.4270002432,28.7695005952,52.552937,-1.464325,8.762402779733334,0.0,True
2020-01-08 10:17:08.100,0.0144900874239999,-0.104365095424,0.000535000576,-23.3919997952,-31.7409999616,29.56,52.552937,-1.464325,8.764708332088889,0.0,True
2020-01-08 10:17:08.200,0.127179985408,-0.215214932224,-0.023960107776,-22.9894994432,-31.5954995968,29.7010006016,52.552937,-1.464325,8.766347236266666,0.0,True
2020-01-08 10:17:08.300,0.0928150972670078,-0.148442508384641,-0.1216301384209206,-22.31666690801331,-31.10696986700938,30.519697041003933,52.552937,-1.464325,8.796069063641099,0.0,True
2020-01-08 10:17:08.400,0.008076237101774,-0.2688891027574512,0.0915425479873571,-22.58069300004309,-31.430198057947287,30.709207970983268,52.552937,-1.464325,8.864700224232486,0.0,True
2020-01-08 10:17:08.500,0.0090333526410649,-0.2305424721826442,-0.1285333327299667,-22.0,-31.740909057998184,31.13,52.552937,-1.464325,8.928325018366765,0.0,True
2020-01-08 10:17:08.600,0.0277316760913591,-0.2682643333476964,-0.0850970027703779,-21.900197956561083,-31.72960398549164,31.188613898527617,52.552937,-1.464325,9.09517327254104,0.0,True
2020-01-08 10:17:08.700,0.0003092064263715,-0.0911546050232856,0.1166847615452046,-21.20939335796793,-31.85363605098276,31.59545489101906,52.552937,-1.464325,9.13981481816685,0.0,True
2020-01-08 10:17:08.800,0.18156,-0.1754119999999999,-0.017976,-20.4508,-31.5812,32.019600000000004,52.552937,-1.464325,9.16211111111111,0.0,True
2020-01-08 10:17:08.900,0.1037199999999999,-0.071648,-0.022196,-21.19,-32.53,31.44,52.552937,-1.464325,9.267455555555555,0.0,True
2020-01-08 10:17:09.000,-0.3482682995759522,0.2411574165274718,0.0074228020104883,-21.288217884019254,-31.699504956517995,31.34019795656108,52.552937,-1.464325,9.36283829266761,0.0,True
2020-01-08 10:17:09.100,-0.1567816486906513,0.20621833501845,0.222775634763226,-21.847878925007564,-31.730302958996067,30.78272717399455,52.552937,-1.464325,9.436944444444444,0.0,True
2020-01-08 10:17:09.200,0.1218910995587165,0.4651722911507587,-0.0579406515584326,-22.139207970983268,-31.63108911593766,30.69811885504561,52.552937,-1.464325,9.451201879221433,0.0,True
2020-01-08 10:17:09.300,0.136419688192,0.45807447168,-0.4391245696,-22.59750016,-31.6704999168,30.9384994816,52.552937,-1.464325,9.534736144355556,0.0,True
2020-01-08 10:17:09.400,-0.217384742656,-0.1491295969279999,0.099694860032,-22.81,-31.52249984,30.28750016,52.552937,-1.464325,9.590763939555556,0.0,True
2020-01-08 10:17:09.500,0.070939771904,0.235164355584,-0.051819853312,-22.7919999232,-31.3385001216,30.5,52.552937,-1.464325,9.674680626488888,0.0,True
2020-01-08 10:17:09.600,-0.20484988416,-0.572219793152,0.173930131968,-22.69,-31.4804999168,30.4339997184,52.552937,-1.464325,9.772638904888888,0.0,True
2020-01-08 10:17:09.700,-0.0454649763839999,-0.3189950917119999,0.337544950272,-22.5864995584,-31.3895000832,30.0795000832,52.552937,-1.464325,9.804722268444445,0.0,True
2020-01-08 10:17:09.800,-0.0166000090504992,-0.4831637897284592,0.3251668609507162,-21.980302958996067,-31.462121074992435,30.20818188400364,52.552937,-1.464325,9.864427603332997,0.0,True
2020-01-08 10:17:09.900,-0.0171188033386476,-0.5572949461512531,0.4942622929503639,-22.018910985448542,-31.32920797098327,30.14207910151547,52.552937,-1.464325,9.860236526970562,0.0,True
2020-01-08 10:17:10.000,0.0696970247130345,0.2159269350613752,-0.1284542719649151,-22.791818115996367,-31.75,29.296969867009377,52.552937,-1.464325,9.90775259655949,0.0,True
2020-01-08 10:17:10.100,0.0933346145169834,-0.1350414755747964,0.2190672788703549,-22.709009913035985,-31.75,29.41267317397112,52.552937,-1.464325,10.035481309171871,0.0,True
2020-01-08 10:17:10.200,-0.220029943808,0.735924832,-0.20237508608,-22.92250048,-31.82500032,28.78000064,52.552937,-1.464325,10.134805584355554,0.0,True
2020-01-08 10:17:10.300,-0.1354302669380092,0.5391485802352612,-0.3267303393420028,-23.475151207983057,-32.21212107499244,29.61939390099788,52.552937,-1.464325,10.178358605056616,0.0,True
2020-01-08 10:17:10.400,-0.1217861653456889,0.664696025660848,-0.3794148492767362,-23.128316912992894,-31.97940592754435,29.45227715946276,52.552937,-1.464325,10.2357783453997,0.0,True
2020-01-08 10:17:10.500,-0.268244668672,0.5359049492479999,-0.362835008256,-23.7814998784,-31.9180002048,28.9265001984,52.552937,-1.464325,10.421014050844445,0.0,True
2020-01-08 10:17:10.600,0.176930021888,0.479390046464,-0.354689918464,-23.6485001216,-32.11499968,29.2185001216,52.552937,-1.464325,10.652902849422222,0.0,True
2020-01-08 10:17:10.700,0.206510002176,0.460429655808,-0.212604855808,-23.7814998784,-31.6794999552,29.2479994368,52.552937,-1.464325,10.778805686755556,0.0,True
2020-01-08 10:17:10.800,0.196559945216,0.0441751743999999,-0.047890114304,-23.6305000448,-31.5644997632,28.6695007232,52.552937,-1.464325,10.954847229866667,0.0,True
2020-01-08 10:17:10.900,0.11952498176,0.248979885568,-0.192964971264,-23.72750016,-31.25,29.5354995968,52.552937,-1.464325,11.0077501824,0.0,True
2020-01-08 10:17:11.000,0.0539148234239999,0.092454980608,-0.117929842688,-23.9490000384,-31.2304999168,28.9909999616,52.552937,-1.464325,11.266333403022221,0.0,True
2020-01-08 10:17:11.100,-0.128221022499541,0.0812303556329014,0.0724090236062877,-23.962121074992435,-31.026060265981243,28.97787892500757,52.552937,-1.464325,11.384057330171693,0.0,True
2020-01-08 10:17:11.200,0.1242603701610266,0.1362237456625715,-0.0183930608748108,-23.789603985491635,-30.60930699995691,29.02207910151547,52.552937,-1.464325,11.563195843785264,0.0,True
2020-01-08 10:17:11.300,-0.093015001344,0.0222151114239999,0.048339983104,-24.0090000384,-31.26500032,28.13,52.552937,-1.464325,11.779611168711112,0.0,True
2020-01-08 10:17:11.400,-0.0950272735500453,0.1556241896570895,0.0177333037683692,-24.17363677502269,-31.679393900997884,28.11939390099788,52.552937,-1.464325,11.874882222837082,0.0,True
2020-01-08 10:17:11.500,-0.0891395994231125,0.104241603321412,-0.0371564414456658,-24.76089105799037,-31.63108911593766,28.020396014508364,52.552937,-1.464325,12.011507170680012,0.0,True
2020-01-08 10:17:11.600,-0.055690019584,0.259154975488,-0.08587500032,-24.5180000768,-31.7455002368,27.8385001216,52.552937,-1.464325,12.201263984355556,0.0,True
2020-01-08 10:17:11.700,-0.0578059741052288,0.177796793020255,-0.0699211528267294,-24.610909057998185,-32.03121201699425,27.990909057998184,52.552937,-1.464325,12.35061455978228,0.0,True
2020-01-08 10:17:11.800,0.0562455320367727,-0.0758881063845426,0.0401762492681183,-24.708910985448544,-31.79079202901673,27.91940592754435,52.552937,-1.464325,12.494546215774061,0.0,True
2020-01-08 10:17:11.900,-0.0337605519770169,0.0262090833395824,0.1167241661257916,-25.4424240339885,-31.37,27.87666690801331,52.552937,-1.464325,12.6263974452021,0.0,True
2020-01-08 10:17:12.000,0.0460821757986064,0.0002742484114049,0.0183118936154573,-25.12,-31.39059407245565,28.131188043525096,52.552937,-1.464325,12.878954919469782,0.0,True
2020-01-08 10:17:12.100,0.02482499584,-0.06547495808,0.128170024192,-25.0554997248,-31.4714998784,27.6695007232,52.552937,-1.464325,13.097083406222222,0.0,True
2020-01-08 10:17:12.200,-0.003905099008,-0.041720136192,0.147864946944,-24.811500518400003,-31.23499968,28.6014998784,52.552937,-1.464325,13.209222287644444,0.0,True
2020-01-08 10:17:12.300,-0.1200399344639999,-0.1574247219199999,0.0521398922239999,-25.5,-30.9045004032,28.3559996416,52.552937,-1.464325,13.322027888355557,0.0,True
2020-01-08 10:17:12.400,-0.0293484716292708,0.1733089512022941,-0.076757524197156,-25.537878925007565,-31.44,27.92696986700938,52.552937,-1.464325,13.496793030311128,0.0,True
2020-01-08 10:17:12.500,-0.0217475328934861,-0.0091999787088973,-0.0080891159376576,-25.680296985534724,-31.38930689857071,28.11079202901673,52.552937,-1.464325,13.670613322456848,0.0,True
2020-01-08 10:17:12.600,-0.089294996992,0.17485002368,-0.080155056128,-25.3670002432,-31.12,27.7830003968,52.552937,-1.464325,13.779805623466666,0.0,True
2020-01-08 10:17:12.700,-0.05897488768,0.1759248704,-0.136279921408,-25.6990000384,-31.1485001216,28.3385001216,52.552937,-1.464325,13.9105001728,0.0,True
2020-01-08 10:17:12.800,0.075814938624,0.0463551815679999,-0.055255099648,-25.6179994368,-31.2544997632,28.3964995584,52.552937,-1.464325,14.155000064000001,0.0,True
2020-01-08 10:17:12.900,-0.0218250688,0.226719740672,-0.1471298273279999,-24.9645004032,-30.9670001152,27.8670002432,52.552937,-1.464325,14.25379172551111,110.6601416103698,True
2020-01-08 10:17:13.000,-0.0884120314750503,-0.0061844447777326,0.0192906813474383,-25.43333309198669,-31.168485024009684,28.21878798300575,52.55289593924529,-1.4641459084425643,14.349368749947923,110.65975618004438,True
2020-01-08 10:17:13.100,0.0460435615959202,0.5613653104572264,-0.3152574144997478,-25.14871292750126,-31.291089014551456,28.389504956517992,52.552666,-1.463143,14.486724447649376,0.0,True
2020-01-08 10:17:13.200,0.0556273912065349,0.2983849914278843,-0.2310757940520119,-25.62,-30.5560608090112,28.364242149984875,52.552666,-1.463143,14.710766039280315,0.0,True
2020-01-08 10:17:13.300,0.2295059346413843,0.5284821839095026,-0.3212901204214624,-25.591485130446024,-30.94920797098327,28.00970301446528,52.552666,-1.463143,14.798094069639367,0.0,True
2020-01-08 10:17:13.400,0.124669765632,0.5072147056640001,-0.447504772608,-25.4294999552,-31.37,28.45500032,52.552666,-1.463143,14.911805674666665,0.0,True
2020-01-08 10:17:13.500,-0.182279981568,0.1568151728639999,-0.14872501376,-25.3234998016,-31.4555003648,28.8229997568,52.552666,-1.463143,15.078083367822224,0.0,True
2020-01-08 10:17:13.600,-0.120734841856,0.312554684928,-0.150589929984,-25.1065001984,-31.9204999168,28.5285001216,52.552666,-1.463143,15.156305693866667,0.0,True
2020-01-08 10:17:13.700,0.077989951744,-0.0749248678399999,-0.06045001216,-25.3144997632,-31.6794994432,28.5579994368,52.552666,-1.463143,15.34945837368889,0.0,True
2020-01-08 10:17:13.800,0.0296273296631404,0.0603725816419674,-0.0579181141862696,-25.046969867009377,-30.98696986700938,27.838787983005748,52.552666,-1.463143,15.416523617780467,0.0,True
2020-01-08 10:17:13.900,0.1205799999999999,-0.1400519999999999,0.049228,-25.1804,-31.29,28.0608,52.552666,-1.463143,15.517544444444445,0.0,True
2020-01-08 10:17:14.000,0.0800326379929587,-0.0308752610061059,0.0707059457938666,-24.55861389852761,-31.519009913035983,28.389504956517992,52.552666,-1.463143,15.67729099515909,0.0,True
2020-01-08 10:17:14.100,-0.201254938368,-0.121579904768,0.114780002048,-24.9180002048,-31.65750016,28.44,52.552666,-1.463143,15.831444527644445,0.0,True
2020-01-08 10:17:14.200,-0.11459997952,-0.046610219776,0.13452507264,-25.2170001152,-31.7679995648,28.40249984,52.552666,-1.463143,15.957236176355556,0.0,True
2020-01-08 10:17:14.300,-0.0977333707420633,-0.3034847217230082,0.2321363677502269,-25.40787892500757,-31.179393900997884,28.170302958996068,52.552666,-1.463143,16.062533737531503,0.0,True
2020-01-08 10:17:14.400,-0.1237583956647259,-0.1252693182538254,0.2313554410173091,-25.512277159462755,-31.110495043482008,28.020396014508364,52.552666,-1.463143,16.1838861493492,0.0,True
2020-01-08 10:17:14.500,0.041169981952,-0.199154910208,0.1616598645759999,-24.9294999552,-31.0509999616,27.7454997248,52.552666,-1.463143,16.289347288177776,0.0,True
2020-01-08 10:17:14.600,0.057910173696,0.00455036032,-0.064160196096,-24.9735004416,-31.1410006016,27.3514998784,52.552666,-1.463143,16.410986256355553,0.0,True
2020-01-08 10:17:14.700,0.293130019328,0.459339898624,-0.319394977792,-25.52249984,-31.86499968,27.2365001984,52.552666,-1.463143,16.616638943288887,0.0,True
2020-01-08 10:17:14.800,0.254089723904,0.32522500224,-0.244389805824,-25.2544997632,-31.40249984,27.5465001984,52.552666,-1.463143,16.706013961955556,0.0,True
2020-01-08 10:17:14.900,-0.1069787675288775,0.3332303212410044,-0.0369244249700687,-25.00515175101301,-31.28393973401876,27.67818134097368,52.552666,-1.463143,16.82199501805934,0.0,True
2020-01-08 10:17:15.000,-0.037644,0.278936,-0.2496359999999999,-25.3412,-31.8596,26.9992,52.552666,-1.463143,16.948988888888888,0.0,True
2020-01-08 10:17:15.100,0.1553178181182213,-0.1357188002970615,0.0921791927630528,-25.22960398549164,-32.051881144954386,27.33059407245565,52.552666,-1.463143,17.08331134660873,0.0,True
2020-01-08 10:17:15.200,0.0970847488745057,-0.070736479976417,-0.0019756383834256,-25.44,-31.632424033988503,27.250605374962184,52.552666,-1.463143,17.22820712555858,0.0,True
2020-01-08 10:17:15.300,-0.0187108668266878,-0.2010524437876871,0.1675881094261287,-25.47960398549164,-31.270396014508364,26.41811895643181,52.552666,-1.463143,17.330789340170142,0.0,True
2020-01-08 10:17:15.400,0.120004723968,0.018329810688,0.103660062976,-25.6614998784,-31.0885001216,27.59249984,52.552666,-1.463143,17.43083335822222,0.0,True
2020-01-08 10:17:15.500,-0.248190006784,-0.146969632512,0.15159984768,-25.5465001984,-31.2965001984,27.45500032,52.552666,-1.463143,17.496472361244447,0.0,True
2020-01-08 10:17:15.600,-0.18617469696,0.215234462976,-0.024479888128,-25.8295000832,-31.4939997184,27.7854995968,52.552666,-1.463143,17.693402830222222,0.0,True
2020-01-08 10:17:15.700,0.2111549780479999,-0.431054714368,0.127490014464,-25.9114998784,-31.1395000832,27.2214998784,52.552666,-1.463143,17.76618056888889,0.0,True
2020-01-08 10:17:15.800,0.1380301438512201,-0.084442542776538,0.1508515301808289,-25.72121201699425,-31.212121074992435,27.097878925007564,52.552666,-1.463143,17.814528730450558,0.0,True
2020-01-08 10:17:15.900,-0.1090712876808159,-0.276354460866193,0.180547528838038,-25.58059407245565,-31.049108942009628,27.270396014508364,52.552666,-1.463143,17.98008250443072,0.0,True
2020-01-08 10:17:16.000,-0.106169967872,-0.2599547361279999,0.2074199685119999,-25.6239997184,-31.3190000384,27.0795000832,52.552666,-1.463143,17.958263932444442,0.0,True
2020-01-08 10:17:16.100,-0.060844988672,0.02479971968,0.143684906496,-25.2409999616,-31.3519999232,27.2080000768,52.552666,-1.463143,18.022527805155555,0.0,True
2020-01-08 10:17:16.200,-0.028984928256,-0.253194597632,0.0005999193599999,-25.2830003968,-31.2785001216,27.2919999232,52.552666,-1.463143,18.059222223644444,0.0,True
2020-01-08 10:17:16.300,0.069255012608,0.243279838208,-0.113520029952,-25.8009999616,-31.4955002368,27.19,52.552666,-1.463143,18.05840276622222,0.0,True
2020-01-08 10:17:16.400,0.067054919168,0.1203653923839999,-0.1867201425919999,-25.8160002816,-31.77249984,27.2365001984,52.552666,-1.463143,18.030763836444443,0.0,True
2020-01-08 10:17:16.500,-0.02859995008,0.676840150784,-0.400970106112,-26.11499968,-31.6170002432,27.38749952,52.552666,-1.463143,17.96815280782222,0.0,True
2020-01-08 10:17:16.600,0.0355099906559999,0.751744465152,-0.456039633664,-25.61499968,-31.8544996352,26.9465008384,52.552666,-1.463143,17.994097162666666,0.0,True
2020-01-08 10:17:16.700,0.0063299284479999,0.127485367296,-0.0379752921599999,-25.2830003968,-31.3805000448,27.90999936,52.552666,-1.463143,17.900916606577777,0.0,True
2020-01-08 10:17:16.800,-0.0631696045449021,0.4720419056213942,-0.3431512152234568,-25.87666690801331,-31.382424033988503,27.16454583302088,52.552666,-1.463143,17.822626268111417,0.0,True
2020-01-08 10:17:16.900,0.0397682914650559,-0.2198791380145033,0.061045506690222,-26.18980194205272,-31.08059407245565,27.70089105799037,52.552666,-1.463143,17.821254119166525,0.0,True
2020-01-08 10:17:17.000,-0.150009902336,0.357454962688,-0.229564885504,-25.9180002048,-31.19,27.5330003968,52.552666,-1.463143,17.763513865955556,0.0,True
2020-01-08 10:17:17.100,-0.0312091304021783,0.2700210749924364,-0.0797575839304507,-26.10363605098276,-31.16121201699425,28.12666690801331,52.552666,-1.463143,17.721397264192117,0.0,True
2020-01-08 10:17:17.200,-0.0912386131888241,0.0921812098415587,-0.0851603914521292,-25.68970301446528,-31.039603985491635,28.45089105799037,52.552666,-1.463143,17.654526951691444,0.0,True
2020-01-08 10:17:17.300,-0.0680349250559999,0.2227897802239999,-0.031714936064,-26.0044997632,-31.2304999168,28.2080000768,52.552666,-1.463143,17.648777789155556,0.0,True
2020-01-08 10:17:17.400,0.0101249087999999,-0.0288848284159999,0.0296048993279999,-25.820500556800003,-31.12,28.2544997632,52.552666,-1.463143,17.64513880888889,0.0,True
2020-01-08 10:17:17.500,-0.0931322991280952,0.1541910415171243,-0.0949382077010726,-26.45852910615956,-31.10235288802775,28.050294449826573,52.552666,-1.463143,17.548039243244872,0.0,True
2020-01-08 10:17:17.600,0.0062247604946873,-0.0571579389083308,-0.0687514314896042,-25.80298997640576,-31.03350501179712,28.514433738183087,52.552666,-1.463143,17.602711906119193,0.0,True
2020-01-08 10:17:17.700,-0.0165841553642172,0.232705925516626,-0.212610871895998,-25.52841594196654,-31.210396014508365,27.389504956517992,52.552666,-1.463143,17.618424095811086,0.0,True
2020-01-08 10:17:17.800,0.018930042368,0.15100019072,-0.0938501798399999,-26.33249984,-31.07500032,27.5810006016,52.552666,-1.463143,17.644402766933332,0.0,True
2020-01-08 10:17:17.900,0.0861697366821904,0.3928757162177188,-0.3243211817883269,-26.06393919098881,-31.40454510898094,28.34212107499244,52.552666,-1.463143,17.627727264499544,0.0,True
2020-01-08 10:17:18.000,0.1412792039155351,0.3463099120221224,-0.2803465365205775,-25.72940592754435,-30.88108911593766,28.090396014508364,52.552666,-1.463143,17.62133663767866,0.0,True
2020-01-08 10:17:18.100,0.116669729441791,0.4526485349827653,-0.3145000669736941,-25.64878798300575,-30.98696986700938,27.88,52.552666,-1.463143,17.668047185280383,0.0,True
2020-01-08 10:17:18.200,0.115383135672482,0.4624771848093052,-0.3529435230691631,-25.740296985534723,-31.299108942009628,27.929108942009627,52.552666,-1.463143,17.743311332527313,0.0,True
2020-01-08 10:17:18.300,-0.13549990272,0.160120244992,-0.055550208,-25.33249984,-31.5044997632,28.1239997184,52.552666,-1.463143,17.75770834488889,0.0,True
2020-01-08 10:17:18.400,-0.0256788580338695,0.3707723119370912,-0.2417390679020166,-25.168485024009684,-31.22787892500757,27.740909057998184,52.552666,-1.463143,17.779705411279107,0.0,True
2020-01-08 10:17:18.500,-0.1364019815933349,-0.1877712339461284,0.1985365930687322,-25.508118855045613,-31.46851486955397,27.709009913035985,52.552666,-1.463143,17.829793737515065,0.0,True
2020-01-08 10:17:18.600,-0.119134876416,0.156684567296,-0.083569751552,-25.8054997248,-31.62,27.8205000448,52.552666,-1.463143,17.90913893617778,0.0,True
2020-01-08 10:17:18.700,0.050640024064,-0.36114975744,0.217239875584,-25.4955002368,-31.54499968,27.91750016,52.552666,-1.463143,17.97286111502222,0.0,True
2020-01-08 10:17:18.800,0.076659974656,-0.07335014656,0.08710014976,-25.8385001216,-31.2430005248,28.0729997568,52.552666,-1.463143,17.976388881777776,0.0,True
2020-01-08 10:17:18.900,0.0369849743359999,-0.251469929472,0.2466698321919999,-26.0,-31.8919997952,27.7695000832,52.552666,-1.463143,17.973986141155553,0.0,True
2020-01-08 10:17:19.000,-0.0023878979310558,-0.1379665948660396,0.0479819057248286,-26.046969867009377,-31.62,27.73757524197156,52.552666,-1.463143,18.025252566391156,0.0,True
2020-01-08 10:17:19.100,-0.0305267317397112,-0.0132128626140911,0.1405960124806415,-26.300495043482005,-31.54079202901673,27.09841594196654,52.552666,-1.463143,18.08765676489582,0.0,True
2020-01-08 10:17:19.200,-0.021184993536,0.070570047232,-0.089530011648,-26.2034998016,-31.15750016,27.97750016,52.552666,-1.463143,18.08544446293333,0.0,True
2020-01-08 10:17:19.300,-0.0213879106017547,0.1436333707420633,-0.0950151153680062,-25.91121201699425,-31.360909057998185,28.056666183973377,52.552666,-1.463143,18.120774449779926,0.0,True
2020-01-08 10:17:19.400,-0.045665330734467,0.181824740007756,-0.032969303045895,-25.710396014508365,-31.379703014465274,27.300495043482005,52.552666,-1.463143,18.189031908209436,0.0,True
2020-01-08 10:17:19.500,0.093820029952,0.0911750591999999,-0.0241301012479999,-25.6035004416,-31.71249984,27.3445004032,52.552666,-1.463143,18.251027862755556,0.0,True
2020-01-08 10:17:19.600,0.1092665785751411,0.1443605139649202,-0.1550090779092829,-26.199090942001817,-31.453030132990623,27.92696986700938,52.552666,-1.463143,18.36830809680644,0.0,True
2020-01-08 10:17:19.700,-0.0170197956561081,0.012054461880055,-0.0977989863914369,-26.20089105799037,-31.199504956517995,28.10128707249874,52.552666,-1.463143,18.40462872020478,0.0,True
2020-01-08 10:17:19.800,0.0088648842239999,0.035414869504,0.129780130048,-25.94,-31.21249984,27.70500032,52.552666,-1.463143,18.477652827022226,0.0,True
2020-01-08 10:17:19.900,-0.13154994304,-0.0737747263999999,0.221679655168,-25.9670001152,-31.0555002368,28.0819997952,52.552666,-1.463143,18.544097226666665,0.0,True
2020-01-08 10:17:20.000,-0.061885025536,0.215244682752,-0.195889827584,-26.1395000832,-31.3429998848,27.7919999232,52.552666,-1.463143,18.558416702577777,0.0,True
2020-01-08 10:17:20.100,-0.097135005696,-0.152879772928,0.023664959744,-26.1839997184,-31.302500480000003,27.5864995584,52.552666,-1.463143,18.607152782222222,0.0,True
2020-01-08 10:17:20.200,-0.092894949632,0.095689773824,0.0102951710719999,-25.9045004032,-31.9114998784,27.0090000384,52.552666,-1.463143,18.618888913777777,0.0,True
2020-01-08 10:17:20.300,-0.0321969921312374,-0.1635634874417859,0.1847422332494653,-26.32636322497731,-31.57878725896581,27.06,52.552666,-1.463143,18.665117892808183,0.0,True
2020-01-08 10:17:20.400,-0.04644850189212,0.015599967556415,-0.0653455158149803,-25.62029698553473,-30.680198057947287,27.050495043482005,52.552666,-1.463143,18.73572057004956,0.0,True
2020-01-08 10:17:20.500,0.043745387736315,-0.2145362120816407,0.1580393303664935,-25.401515700030256,-30.980302958996067,26.962121074992435,52.552666,-1.463143,18.716952854944058,0.0,True
2020-01-08 10:17:20.600,-0.05608,-0.022772,0.071844,-26.2996,-31.0012,26.7804,52.552666,-1.463143,18.71762222222222,0.0,True
2020-01-08 10:17:20.700,-0.0453623811563603,-0.2467366336232133,0.1416514889831217,-26.51089105799037,-31.58069300004309,26.949504956517995,52.552666,-1.463143,18.775019250001193,0.0,True
2020-01-08 10:17:20.800,-0.066409913856,-0.226044913152,0.165054962688,-26.2680000768,-31.1035004416,26.9444997632,52.552666,-1.463143,18.762055569066664,0.0,True
2020-01-08 10:17:20.900,0.048045000192,-0.139035120896,0.126045044992,-26.40750016,-31.6239997184,26.74250048,52.552666,-1.463143,18.783000012800002,0.0,True
2020-01-08 10:17:21.000,0.0324363062068323,-0.2401755424481341,0.1472241027722972,-26.53515120798306,-31.259090942001816,27.417878925007564,52.552666,-1.463143,18.79713803677721,0.0,True
2020-01-08 10:17:21.100,-0.0523762350740499,0.0455821484243316,-0.0309227482758008,-26.08059407245565,-31.34960398549164,27.579306898570707,52.552666,-1.463143,18.79343235104184,0.0,True
2020-01-08 10:17:21.200,-0.021909961216,-0.158479804928,0.145924896,-26.1329997568,-31.5134998016,27.4420005632,52.552666,-1.463143,18.859347224177775,0.0,True
2020-01-08 10:17:21.300,0.010669919232,0.077844902912,0.014340027904,-26.0170008832,-31.2409999616,28.0864995584,52.552666,-1.463143,18.854902747733334,0.0,True
2020-01-08 10:17:21.400,-0.078104921088,-0.003009794816,-0.002270228992,-27.1329997568,-31.26500032,27.46249984,52.552666,-1.463143,18.834208415288888,0.0,True
2020-01-08 10:17:21.500,0.032280023808,0.230634834176,-0.266964831744,-26.7544997632,-31.6239997184,27.2695000832,52.552666,-1.463143,18.937180530488888,0.0,True
2020-01-08 10:17:21.600,0.0659303103804054,0.0457031581070493,-0.0573485349827652,-26.33545416697913,-31.3060608090112,27.38,52.552666,-1.463143,18.903131310388737,0.0,True
2020-01-08 10:17:21.700,0.0684920736266605,0.2150277047937931,-0.1288009862342883,-25.81970301446528,-31.461584058033463,27.38,52.552666,-1.463143,18.914114421089007,0.0,True
2020-01-08 10:17:21.800,0.018234985216,0.0867100956159999,-0.106840044544,-26.1614998784,-30.7235004416,27.45500032,52.552666,-1.463143,18.992291655111114,120.82774270835876,True
2020-01-08 10:17:21.900,-0.004685014016,0.214015001344,-0.147354920448,-26.0555002368,-31.27249984,27.8139997184,52.55255109950976,-1.46282634864896,18.982069466311106,120.82693606722438,True
2020-01-08 10:17:22.000,-0.009529941248,0.211434981376,-0.046170019072,-26.3609999616,-30.98499968,27.3829997568,52.5519,-1.461032,19.013777789155554,0.0,True
2020-01-08 10:17:22.100,0.071320012032,0.214045116672,-0.1030751347199999,-26.3670002432,-30.6170002432,27.1260002816,52.5519,-1.461032,19.025138872888885,0.0,True
2020-01-08 10:17:22.200,0.0418755931309296,0.3369695810136042,-0.2726666328781363,-26.65212107499244,-31.03393973401876,27.47121201699425,52.5519,-1.461032,19.01723068803044,0.0,True
2020-01-08 10:17:22.300,-0.132772,0.214304,-0.2276,-26.4688,-31.5696,27.3404,52.5519,-1.461032,19.078655555555557,0.0,True
2020-01-08 10:17:22.400,0.1921286535151863,0.386138534107586,-0.1679108293137928,-26.580396014508366,-31.62,27.549108942009628,52.5519,-1.461032,19.00924092431548,0.0,True
2020-01-08 10:17:22.500,-0.2954799572479999,-0.1674795092479999,0.269764657664,-26.3144997632,-31.6019999232,27.7454997248,52.5519,-1.461032,19.009444437333332,0.0,True
2020-01-08 10:17:22.600,-0.166564692224,0.3156842805759999,-0.105804662528,-25.9804999168,-31.4159996416,27.3604999168,52.5519,-1.461032,18.99220830008889,0.0,True
2020-01-08 10:17:22.700,0.2379272572591468,-0.5343299212089399,0.2782634041771932,-25.956363949017245,-30.949090942001817,27.193939190988807,52.5519,-1.461032,18.96063977619696,0.0,True
2020-01-08 10:17:22.800,0.1320355916265135,-0.0301634211253361,-0.0117989661141963,-26.36079202901673,-31.10930699995691,27.01782186951089,52.5519,-1.461032,19.041408147338934,0.0,True
2020-01-08 10:17:22.900,-0.279594898432,-0.451714838784,0.337629924608,-25.9204999168,-31.5489993984,27.6089993984,52.5519,-1.461032,19.107194491733335,0.0,True
2020-01-08 10:17:23.000,-0.136209963776,-0.271980146688,0.257270084352,-25.9420005632,-30.8340003584,26.8009999616,52.5519,-1.461032,19.16566664817778,0.0,True
2020-01-08 10:17:23.100,-0.07804995712,-0.420029800448,0.322064798464,-26.6614998784,-31.2634998016,26.9090006784,52.5519,-1.461032,19.15536117191111,0.0,True
2020-01-08 10:17:23.200,-0.014859973376,-0.132619904512,0.025284875776,-26.3964995584,-31.0840003584,27.5759990016,52.5519,-1.461032,19.23161109191111,0.0,True
2020-01-08 10:17:23.300,0.0482501184,-0.025840085504,-0.1091748697599999,-25.9315005184,-31.4939997184,26.3910006016,52.5519,-1.461032,19.19965275022222,0.0,True
2020-01-08 10:17:23.400,0.174329867008,-0.087334777856,0.049204937728,-26.5929998848,-31.1305000448,27.1704999168,52.5519,-1.461032,19.174305603555553,0.0,True
2020-01-08 10:17:23.500,0.011965060864,0.214795030272,-0.080135198976,-26.4114998784,-31.1990000384,27.09750016,52.5519,-1.461032,19.23863889137778,0.0,True
2020-01-08 10:17:23.600,0.071829910528,0.272010072576,-0.351480030208,-26.2304999168,-31.2214998784,27.2544997632,52.5519,-1.461032,19.24661113102222,0.0,True
2020-01-08 10:17:23.700,-0.05570003712,0.376755035648,-0.34674980864,-26.19500032,-31.0509999616,26.90249984,52.5519,-1.461032,19.271680549688888,0.0,True
2020-01-08 10:17:23.800,-0.049619763712,0.3858498367999999,-0.08862498304,-26.5554997248,-30.9909999616,26.811500518400003,52.5519,-1.461032,19.266305565866666,0.0,True
2020-01-08 10:17:23.900,0.258889977344,0.218030208768,-0.144955336448,-26.2170001152,-30.9865001984,27.3964995584,52.5519,-1.461032,19.28629169351111,0.0,True
2020-01-08 10:17:24.000,0.181984800256,0.4592998464,-0.522394703872,-26.2769996032,-31.3160002816,26.7259996416,52.5519,-1.461032,19.313986077155555,0.0,True
2020-01-08 10:17:24.100,-0.061890831585725,0.3098759551508977,-0.1737365252289129,-25.76818188400363,-31.66121201699425,26.34545489101906,52.5519,-1.461032,19.26345957630447,0.0,True
2020-01-08 10:17:24.200,0.0255029328137116,0.4756942616268665,-0.3359952001272543,-25.8606796174418,-31.479805837790547,26.859805837790542,52.5519,-1.461032,19.263174199192726,0.0,True
2020-01-08 10:17:24.300,-0.1367143381085232,-0.127837301338516,0.0274422471082411,-25.735714554402684,-31.33683685464405,26.64255140904674,52.5519,-1.461032,19.409183737709373,0.0,True
2020-01-08 10:17:24.400,-0.024839926784,0.757464406784,-0.594894490112,-25.1464995584,-30.9894994432,26.01500032,52.5519,-1.461032,19.31418064568889,0.0,True
2020-01-08 10:17:24.500,0.0430211057641336,0.104176244766872,0.0020421336939741,-24.66454583302088,-30.354545833020875,26.250605374962184,52.5519,-1.461032,19.43388888888889,0.0,True
2020-01-08 10:17:24.600,-0.1159871252195644,0.8327544395750904,-0.4265683036314003,-25.17079202901673,-30.87029698553473,25.22960398549164,52.5519,-1.461032,19.422491741952964,0.0,True
2020-01-08 10:17:24.700,-0.102945069312,0.632994715392,-0.274559823616,-24.6179994368,-30.6215005184,25.270499276800003,52.5519,-1.461032,19.363152782933334,0.0,True
2020-01-08 10:17:24.800,-0.202035030016,0.321240282624,-0.093670227712,-23.7394994432,-31.3940003584,24.1884994816,52.5519,-1.461032,19.38408339342222,0.0,True
2020-01-08 10:17:24.900,-0.194784798976,0.5829745152,-0.326364702464,-23.0180000768,-32.1055010048,23.38749952,52.5519,-1.461032,19.461805546666664,0.0,True
2020-01-08 10:17:25.000,0.065659972096,0.012330312448,0.012354759168,-23.0929998848,-33.66500096,22.86250048,52.5519,-1.461032,19.46679173831111,0.0,True
2020-01-08 10:17:25.100,0.044260066816,0.355989695744,-0.270254841088,-23.079500595200003,-34.8364995584,23.9410018816,52.5519,-1.461032,19.54965272533333,0.0,True
2020-01-08 10:17:25.200,0.134065004544,0.00785023872,-0.093685147136,-24.09500096,-33.8179981568,26.66500096,52.5519,-1.461032,19.48345834808889,0.0,True
2020-01-08 10:17:25.300,0.1045695683429053,0.2970211111944332,-0.2792817826380395,-25.49424287402481,-31.360909057998185,27.66575658294524,52.5519,-1.461032,19.49106056263649,0.0,True
2020-01-08 10:17:25.400,-0.103888,0.1386119999999999,-0.19454,-26.1388,-31.5004,25.9988,52.5519,-1.461032,19.432555555555556,0.0,True
2020-01-08 10:17:25.500,-0.1270385969670317,0.0831148239301854,-0.0275277159462754,-25.89059407245565,-32.371683087007106,25.281485130446026,52.5519,-1.461032,19.466174359908067,0.0,True
2020-01-08 10:17:25.600,-0.0028900746239999,-0.109364835584,0.027929992448,-26.0465001984,-31.76500032,25.1390000384,52.5519,-1.461032,19.391347172266663,0.0,True
2020-01-08 10:17:25.700,-0.0645448401919999,0.023514635264,0.0384350876159999,-26.3385001216,-32.2170001152,25.2080000768,52.5519,-1.461032,19.333416702577775,0.0,True
2020-01-08 10:17:25.800,0.1572151859618999,-0.4352786951248839,0.1459969378282422,-26.42424214998488,-32.32303013299062,25.40545489101906,52.5519,-1.461032,19.366548768830423,0.0,True
2020-01-08 10:17:25.900,0.1621,-0.274648,0.094636,-25.9504,-32.1096,25.7704,52.5519,-1.461032,19.278111111111112,0.0,True
2020-01-08 10:17:26.000,-0.0696633521827182,-0.242976274614669,0.1151505149151777,-25.709009913035985,-32.29079202901673,24.81980194205272,52.5519,-1.461032,19.23037127979522,0.0,True
2020-01-08 10:17:26.100,0.0196362573341366,-0.3509932077296435,0.1827450963102407,-25.800909057998183,-31.918485024009684,24.519697041003933,52.5519,-1.461032,19.16404880402681,0.0,True
2020-01-08 10:17:26.200,-0.1190732510246343,0.5819087848610123,-0.27738013844286,-25.70089105799037,-32.17891088406234,24.66960398549164,52.5519,-1.461032,19.124755217798686,0.0,True
2020-01-08 10:17:26.300,-0.0008243091236789,-0.336593439422423,0.1663725255288723,-25.47787892500757,-32.206363949017245,24.84212107499244,52.5519,-1.461032,19.054528599721127,0.0,True
2020-01-08 10:17:26.400,-0.0936395973953884,0.2352790802243677,-0.0453910255467884,-25.629801942052715,-32.65039601450837,24.639504956517992,52.5519,-1.461032,19.01900439734492,0.0,True
2020-01-08 10:17:26.500,-0.008059869696,-0.778344756992,0.456164866304,-25.34750016,-32.47750016,24.6239997184,52.5519,-1.461032,18.992763887644443,0.0,True
2020-01-08 10:17:26.600,0.075014616064,-0.375814659584,0.245734859776,-25.4759996416,-32.6044996352,24.1569996032,52.5519,-1.461032,18.97790272142222,0.0,True
2020-01-08 10:17:26.700,-0.431779986688,0.058209922816,0.072730056448,-25.0660002816,-32.12,23.6855002368,52.5519,-1.461032,18.884763810844444,0.0,True
2020-01-08 10:17:26.800,-0.289059466496,-0.020059896576,0.113859855616,-25.4865001984,-32.0269996032,24.0840003584,52.5519,-1.461032,18.77136106951111,0.0,True
2020-01-08 10:17:26.900,0.3733180146307784,0.138163711894166,-0.069581788068339,-25.854545833020875,-31.651515700030256,24.541818115996367,52.5519,-1.461032,18.72217173911232,0.0,True
2020-01-08 10:17:27.000,0.1211158456496447,0.104108815276873,0.0403505351924183,-26.38930689857071,-32.530099028973645,24.33069300004309,52.5519,-1.461032,18.733580843809204,0.0,True
2020-01-08 10:17:27.100,0.15760001024,-0.629459709696,0.342894854912,-26.1770002432,-32.5954995968,23.8820005632,52.5519,-1.461032,18.609722204444445,0.0,True
2020-01-08 10:17:27.200,0.1132300931684246,-0.2556727698923507,0.1741394806047802,-26.462121074992435,-32.1175759660115,24.5724240339885,52.5519,-1.461032,18.580934324693413,0.0,True
2020-01-08 10:17:27.300,-0.23324,-0.383664,0.3026319999999999,-26.2004,-32.3888,24.25,52.5519,-1.461032,18.541055555555555,0.0,True
2020-01-08 10:17:27.400,-0.2395276541006917,-0.5433533600654955,0.1838791511947096,-25.949504956517995,-32.110495043482004,24.289603985491635,52.5519,-1.461032,18.47473596779749,0.0,True
2020-01-08 10:17:27.500,0.283444774912,0.2232445048319999,-0.201564615424,-26.0465001984,-32.0690000384,24.46249984,52.5519,-1.461032,18.43361114311111,0.0,True
2020-01-08 10:17:27.600,-0.0116818043592375,-0.3084449985648494,0.2241693891430211,-26.291818115996367,-32.12,24.25,52.5519,-1.461032,18.45186859910627,0.0,True
2020-01-08 10:17:27.700,-0.0085336749203484,0.3040840996018056,-0.1974890743693144,-26.16940592754435,-32.21980204343892,24.21990097102636,52.5519,-1.461032,18.31813531481402,0.0,True
2020-01-08 10:17:27.800,-0.0525247743999999,-0.104969641472,0.024404711168,-26.0690000384,-32.6089993984,24.0329998848,52.5519,-1.461032,18.331763901155554,0.0,True
2020-01-08 10:17:27.900,0.266810084096,0.2922996633599999,-0.317304821248,-26.08249984,-31.92250048,23.9640003584,52.5519,-1.461032,18.337680511288887,0.0,True
2020-01-08 10:17:28.000,0.2611244992,-0.0069593692159999,-0.13375022976,-25.90750016,-32.5795000832,24.3364995584,52.5519,-1.461032,18.28009722737778,0.0,True
2020-01-08 10:17:28.100,-0.310219599872,0.5154086543359999,-0.28657435008,-26.1109999616,-32.6329997568,23.9195007232,52.5519,-1.461032,18.278986077155555,0.0,True
2020-01-08 10:17:28.200,0.257695155712,-1.202034702336,0.594195075072,-26.1170002432,-32.27249984,24.8514998784,52.5519,-1.461032,18.22563885368889,0.0,True
2020-01-08 10:17:28.300,0.335409449216,-0.7462347420159999,0.651104817408,-26.4865001984,-32.1065001984,24.520499276800003,52.5519,-1.461032,18.184763913955557,0.0,True
2020-01-08 10:17:28.400,-0.389679972608,-0.466390267904,0.412995018752,-26.6659996416,-32.2769996032,23.6635004416,52.5519,-1.461032,18.206930508088888,0.0,True
2020-01-08 10:17:28.500,-0.288979725568,-0.6182741299200001,0.301834419456,-26.2080000768,-31.8430003968,24.2695000832,52.5519,-1.461032,18.141347211377777,0.0,True
2020-01-08 10:17:28.600,0.06169994112,0.42869953664,-0.364079551488,-26.2439997184,-32.2859996416,24.4730003968,52.5519,-1.461032,18.133236137955553,0.0,True
2020-01-08 10:17:28.700,0.02490017664,-0.052719428352,0.133889583104,-25.9180002048,-31.8760002816,24.96249984,52.5519,-1.461032,18.150763811555557,0.0,True
2020-01-08 10:17:28.800,0.254414978304,0.63659970176,-0.396579900928,-26.1704999168,-32.1284994816,24.7214998784,52.5519,-1.461032,18.055263919644446,0.0,True
2020-01-08 10:17:28.900,0.212384943616,0.3213803450879999,-0.286105090048,-26.0690000384,-31.4865001984,24.6080002048,52.5519,-1.461032,18.087111072711114,0.0,True
2020-01-08 10:17:29.000,0.159520093952,0.7260447710719999,-0.394389951744,-26.15750016,-31.67499968,25.0195005952,52.5519,-1.461032,18.03611111111111,0.0,True
2020-01-08 10:17:29.100,0.20314965376,0.491615297024,-0.3456450654719999,-26.4180002048,-31.3160002816,25.7544997632,52.5519,-1.461032,18.041027798755557,0.0,True
2020-01-08 10:17:29.200,-0.198934753536,0.681829128448,-0.331784569856,-26.6794999552,-31.65249984,25.3829997568,52.5519,-1.461032,18.065597208177778,0.0,True
2020-01-08 10:17:29.300,0.1353900298239999,-0.5612003648,0.274645149952,-26.6019999232,-31.4294999552,25.2205006848,52.5519,-1.461032,18.046486109155556,0.0,True
2020-01-08 10:17:29.400,0.1040603492458348,-0.8240779855657467,0.3570874562666949,-26.584848792016945,-31.32303013299062,26.09212107499244,52.5519,-1.461032,18.031641369803108,0.0,True
2020-01-08 10:17:29.500,-0.2854376188436396,0.3082791390283653,-0.2011177613419477,-26.95069300004309,-31.139207970983268,25.929108942009627,52.5519,-1.461032,17.963671617552095,0.0,True
2020-01-08 10:17:29.600,-0.205829836288,-0.1560045166079999,0.211984600576,-26.4360002816,-31.5690000384,26.1614998784,52.5519,-1.461032,17.963486096355552,0.0,True
2020-01-08 10:17:29.700,0.024560055296,0.4549198673919999,-0.282529846528,-26.8760002816,-31.54499968,25.9714998784,52.5519,-1.461032,17.941055543466664,0.0,True
2020-01-08 10:17:29.800,0.091939974144,0.281245010432,-0.094990069504,-27.1659996416,-31.1680002048,25.84750016,52.5519,-1.461032,17.93908339342222,0.0,True
2020-01-08 10:17:29.900,0.0986001484281868,0.31478188943393,-0.2104515989646229,-26.699090942001817,-31.40212107499244,26.07060609900212,52.5519,-1.461032,18.000875355663066,0.0,True
2020-01-08 10:17:30.000,0.2495279999999999,0.3853999999999999,-0.280052,-26.6604,-31.2492,26.3092,52.5519,-1.461032,17.894222222222222,0.0,True
2020-01-08 10:17:30.100,-0.1716584210112766,0.1965099130359845,-0.0042138863612745,-26.178910884062343,-31.59009902897364,27.27059407245565,52.5519,-1.461032,17.86705720772822,0.0,True
2020-01-08 10:17:30.200,-0.153034735616,0.209869626112,-0.149654727168,-26.1860002816,-31.67499968,27.3604999168,52.5519,-1.461032,17.887222236444448,0.0,True
2020-01-08 10:17:30.300,0.1634332078330777,-0.2811696769488957,0.1866999058748083,-26.49333309198669,-31.32575785001513,27.13636322497731,52.5519,-1.461032,17.89971378155428,0.0,True
2020-01-08 10:17:30.400,-0.0106445417470363,-0.2529089126076277,0.0459633694183727,-26.15009902897364,-31.680296985534724,26.628316912992894,52.5519,-1.461032,17.85376787037436,0.0,True
2020-01-08 10:17:30.500,0.106220044032,-0.2943751155199999,0.087865068544,-26.1689993984,-31.34750016,27.2919999232,52.5519,-1.461032,17.803583348622222,0.0,True
2020-01-08 10:17:30.600,0.0879876010746821,-0.3181934701941202,0.1144149180671236,-25.39878798300575,-31.60696986700938,27.10515120798306,52.5519,-1.461032,17.82481481816685,0.0,True
2020-01-08 10:17:30.700,-0.354384,0.376784,-0.20422,-25.6208,-31.8012,26.6892,52.5519,-1.461032,17.83351111111111,0.0,True
2020-01-08 10:17:30.800,-0.3434643069872836,0.2184851507232638,-0.001192091876177,-25.928910884062343,-31.46851486955397,26.96990097102636,52.5519,-1.461032,17.838787120375557,118.67544035199889,True
2020-01-08 10:17:30.900,0.095955106048,0.224039944704,-0.125895078912,-25.8985001216,-31.6770002432,26.8670002432,52.551792899543045,-1.46070994862592,17.766055543466667,118.67464753882864,True
2020-01-08 10:17:31.000,0.1901786191006906,0.1821304171762959,-0.2361394136310861,-26.03121201699425,-31.97121201699425,27.15212107499244,52.551186,-1.458885,17.75395624327857,0.0,True
2020-01-08 10:17:31.100,-0.0520168197175887,0.342779197832363,-0.2512811784118358,-25.90009902897364,-31.70069300004309,26.99861389852762,52.551186,-1.458885,17.765021995173452,0.0,True
2020-01-08 10:17:31.200,0.0270120441457492,0.2506090634284842,-0.1538090326567869,-26.117575966011497,-31.10181811599637,27.35848502400968,52.551186,-1.458885,17.708383846611568,0.0,True
2020-01-08 10:17:31.300,-0.0872891057990373,0.2336049666566125,-0.0771653550671556,-26.44,-31.128316912992894,27.55079202901673,52.551186,-1.458885,17.716798677135355,0.0,True
2020-01-08 10:17:31.400,-0.0662700216319999,0.2376394391039999,-0.080314708224,-26.4865001984,-31.7259996416,27.2140003584,52.551186,-1.458885,17.694055556266665,0.0,True
2020-01-08 10:17:31.500,-0.0923030205394614,-0.4585422477302641,0.2763059487638311,-26.84393973401876,-31.203030132990623,27.670302958996068,52.551186,-1.458885,17.692727264499545,0.0,True
2020-01-08 10:17:31.600,-0.0813663392737199,-0.2090089257878341,0.1322901173798763,-27.30188114495439,-30.98910894200963,27.59009902897364,52.551186,-1.458885,17.695665576483357,0.0,True
2020-01-08 10:17:31.700,-0.09952498304,-0.324764961024,0.261264893184,-26.8454995968,-31.2304999168,27.78750016,52.551186,-1.458885,17.772888863288888,0.0,True
2020-01-08 10:17:31.800,-0.087710045696,-0.248729896448,0.113864976384,-26.2919999232,-31.2145004032,27.9444997632,52.551186,-1.458885,17.726597169777776,0.0,True
2020-01-08 10:17:31.900,-0.1379151135579064,-0.1072757433692164,0.0826969704100393,-26.199090942001817,-31.72121201699425,27.68606080901119,52.551186,-1.458885,17.63648982494036,0.0,True
2020-01-08 10:17:32.000,-0.1009505088320056,-0.0853475247825899,0.0840693071013431,-26.20089105799037,-31.461782115980743,27.871683087007103,52.551186,-1.458885,17.523396590579136,0.0,True
2020-01-08 10:17:32.100,-0.214009989376,-0.064269908992,0.078614970624,-25.86499968,-31.0420004352,27.2185001216,52.551186,-1.458885,17.557652891022222,0.0,True
2020-01-08 10:17:32.200,-0.15099979136,0.043354943488,0.033059972096,-25.4670001152,-31.5554997248,27.4730003968,52.551186,-1.458885,17.69693050808889,0.0,True
2020-01-08 10:17:32.300,0.1160349570559999,-0.041495041792,-0.00445000192,-25.6485001216,-31.2365001984,28.0660002816,52.551186,-1.458885,17.643347262577777,0.0,True
2020-01-08 10:17:32.400,0.0516666401185356,-0.0909393719987898,-0.0092424323604477,-25.74333309198669,-31.462121074992435,28.364242149984875,52.551186,-1.458885,17.69227271036018,0.0,True
2020-01-08 10:17:32.500,0.0230514930385698,-0.1067267641832961,0.0134792302759478,-25.44920797098327,-31.33871292750126,27.959009913035985,52.551186,-1.458885,17.658630358296026,0.0,True
2020-01-08 10:17:32.600,0.059184871936,-0.29934969472,0.162814837504,-25.9180002048,-31.8295000832,27.98499968,52.551186,-1.458885,17.620263894755556,0.0,True
2020-01-08 10:17:32.700,-0.1275364238633219,0.0631756021814289,-0.0217120079437524,-26.009696316964,-31.87333309198669,27.56,52.551186,-1.458885,17.627297977055406,0.0,True
2020-01-08 10:17:32.800,-0.1604385756759291,-0.0959643049595595,0.0802643100288697,-25.15841594196654,-31.519009913035983,27.520396014508364,52.551186,-1.458885,17.63713697261925,0.0,True
2020-01-08 10:17:32.900,0.14297492864,0.275839745024,-0.274464853504,-25.84999936,-31.6860002816,27.42250048,52.551186,-1.458885,17.696819379911112,0.0,True
2020-01-08 10:17:33.000,0.0583970066120361,0.0552307303235682,-0.1459002389331788,-25.06666690801331,-32.01303013299062,28.07060609900212,52.551186,-1.458885,17.62306401633572,0.0,True
2020-01-08 10:17:33.100,0.1078009852204262,0.6750276966828969,-0.4659633349470637,-25.349702913079074,-31.769009913035983,28.158514869553976,52.551186,-1.458885,17.675126503226473,0.0,True
2020-01-08 10:17:33.200,0.053879944448,0.477840091904,-0.211005035008,-24.8895000832,-31.8609999616,28.15999936,52.551186,-1.458885,17.60765282702222,0.0,True
2020-01-08 10:17:33.300,-0.0010149194239999,0.650120214272,-0.303610196736,-25.0660002816,-31.8670002432,27.4135004416,52.551186,-1.458885,17.678013910044445,0.0,True
2020-01-08 10:17:33.400,0.043989735424,0.7716793044479999,-0.4555645335039999,-25.40249984,-32.1239997184,28.0,52.551186,-1.458885,17.694236060444442,0.0,True
2020-01-08 10:17:33.500,-0.298879963648,-0.046079547648,0.093769700352,-25.1329997568,-31.8055002368,27.9444997632,52.551186,-1.458885,17.631444463644442,0.0,True
2020-01-08 10:17:33.600,-0.2103877332119704,0.3989267087988953,-0.2174724133026823,-24.95242475802844,-31.988181340973675,27.752727717024506,52.551186,-1.458885,17.669697015863658,0.0,True
2020-01-08 10:17:33.700,0.0306574357908504,-0.4036494607521335,0.2192494739323399,-25.759504956518,-31.387821869510887,28.40990097102636,52.551186,-1.458885,17.732530247587924,0.0,True
2020-01-08 10:17:33.800,0.0996272174369503,-0.0818577522697359,-0.0069362410432381,-25.76303013299062,-31.988181340973675,28.145454166979125,52.551186,-1.458885,17.708030379365322,0.0,True
2020-01-08 10:17:33.900,0.0466861592625167,-0.3613000040554481,0.1833495053620628,-25.46990097102636,-31.28009902897364,27.59960398549164,52.551186,-1.458885,17.817222216589652,0.0,True
2020-01-08 10:17:34.000,0.1845271450329567,-0.3520877223513713,0.1994970156625353,-25.32969704100393,-31.54303067602057,27.81,52.551186,-1.458885,17.762255864220677,0.0,True
2020-01-08 10:17:34.100,0.01468,-0.172964,0.243816,-25.428800000000003,-32.011199999999995,27.81,52.551186,-1.458885,17.719377777777776,0.0,True
2020-01-08 10:17:34.200,0.0852910417685809,-0.4527504632082143,0.0992554430450332,-25.40960398549164,-31.47960398549164,27.979505057904195,52.551186,-1.458885,17.753319601839483,0.0,True
2020-01-08 10:17:34.300,-0.33470009856,-0.234760208896,0.1570203358719999,-25.6109999616,-31.6419997952,28.7764995584,52.551186,-1.458885,17.916249984,0.0,True
2020-01-08 10:17:34.400,-0.379304631808,-0.4346496691199999,0.519684644096,-25.5690000384,-31.48250048,28.1809999616,52.551186,-1.458885,17.91045839928889,0.0,True
2020-01-08 10:17:34.500,0.061864795904,-0.056610262016,0.057635045376,-25.6109999616,-32.0554997248,28.09249984,52.551186,-1.458885,17.990388856177777,0.0,True
2020-01-08 10:17:34.600,-0.163314804224,-0.283159481856,0.040619670272,-25.6065001984,-31.7080000768,27.91750016,52.551186,-1.458885,17.95790282453333,0.0,True
2020-01-08 10:17:34.700,0.089619969792,0.31732462592,-0.3091746239999999,-25.7109993216,-31.73499968,28.0729997568,52.551186,-1.458885,18.025083355022222,0.0,True
2020-01-08 10:17:34.800,0.018644868352,-0.1045746803199999,0.152759840256,-24.8940003584,-31.38500032,27.8070002432,52.551186,-1.458885,18.058555575466666,0.0,True
2020-01-08 10:17:34.900,-0.206825216,0.330935046656,-0.067695035392,-25.37,-31.8385001216,28.1945002752,52.551186,-1.458885,18.089791687111113,0.0,True
2020-01-08 10:17:35.000,-0.3969723771006855,0.4000818441814341,-0.1620486562594545,-25.38969704100393,-31.91515120798305,28.51303013299062,52.551186,-1.458885,18.126498351085242,0.0,True
2020-01-08 10:17:35.100,0.1029573992918173,0.3861851142242308,-0.375635610889892,-25.55861389852761,-31.508118855045613,28.259504956518,52.551186,-1.458885,18.18096809742313,0.0,True
2020-01-08 10:17:35.200,-0.0872999254813297,0.1072396241622986,-0.1119475489947583,-25.880396064197583,-31.769009662080645,28.292178175661288,52.551186,-1.458885,18.2005088349403,0.0,True
2020-01-08 10:17:35.300,0.0796536336555319,0.0955479116565559,-0.1191266341365025,-25.842424945308984,-31.233838068049582,28.15464671931485,52.551186,-1.458885,18.27893100614229,0.0,True
2020-01-08 10:17:35.400,-0.0115700357119999,-0.223034788096,0.15844984832,-25.3340003584,-31.5840003584,27.9490000384,52.551186,-1.458885,18.24684719217778,0.0,True
2020-01-08 10:17:35.500,-0.059870003712,0.010594796032,-0.0159998847999999,-25.8009999616,-31.9384994816,28.0090000384,52.551186,-1.458885,18.228402869333333,0.0,True
2020-01-08 10:17:35.600,-0.0446099138559999,-0.202459753216,0.104419860992,-25.8055002368,-31.32500032,28.0885001216,52.551186,-1.458885,18.350583335822222,0.0,True
2020-01-08 10:17:35.700,0.062734969856,0.097459881216,-0.0521798804479999,-26.0359996416,-31.6839997184,28.28750016,52.551186,-1.458885,18.36230559146667,0.0,True
2020-01-08 10:17:35.800,0.010339947264,-0.0038847592959999,0.060789804544,-25.6170002432,-31.4045004032,28.4339997184,52.551186,-1.458885,18.433833435022223,0.0,True
2020-01-08 10:17:35.900,-0.049094954752,0.287584879616,-0.179809918976,-25.9114998784,-31.9114998784,28.13500032,52.551186,-1.458885,18.566972214044444,0.0,True
2020-01-08 10:17:36.000,0.0284546086434853,0.1394727698923507,-0.0699272644995461,-25.645454166979125,-31.6924240339885,28.588787983005748,52.551186,-1.458885,18.55169190319356,0.0,True
2020-01-08 10:17:36.100,0.0924890875495208,0.2339307111481734,-0.1099208254864636,-25.129703014465274,-31.40960398549164,28.61217813048912,52.551186,-1.458885,18.52962871457221,0.0,True
2020-01-08 10:17:36.200,-0.0501198443519999,0.314714697984,-0.337409775616,-25.4054995968,-31.5929998848,28.0195005952,52.551186,-1.458885,18.581847384177774,0.0,True
2020-01-08 10:17:36.300,0.1362899133439999,-0.04184980992,-0.051565051904,-24.90750016,-31.4204999168,28.8580002048,52.551186,-1.458885,18.77773602915555,0.0,True
2020-01-08 10:17:36.400,0.05847515904,0.152204750848,-0.131120045312,-25.1109999616,-31.3385001216,28.9979994368,52.551186,-1.458885,18.691555652266665,0.0,True
2020-01-08 10:17:36.500,0.24374988928,-0.173494977792,-0.135559762176,-25.0885001216,-31.4534998016,28.2785001216,52.551186,-1.458885,18.823583348622222,0.0,True
2020-01-08 10:17:36.600,0.1170400867839999,-0.15742505728,0.2116051335679999,-25.2409999616,-31.2455002368,28.4204999168,52.551186,-1.458885,18.84463889208889,0.0,True
2020-01-08 10:17:36.700,0.229209986816,-0.229134981376,0.31129966848,-25.1614998784,-31.5690000384,28.4135004416,52.551186,-1.458885,18.867222300444446,0.0,True
2020-01-08 10:17:36.800,0.196579935488,-0.1690598492159999,-0.136620032512,-25.03750016,-31.6109999616,28.9159996416,52.551186,-1.458885,18.96494441813333,0.0,True
2020-01-08 10:17:36.900,0.1246700587519999,-0.000960137216,-0.1269997747199999,-25.3055002368,-31.5314998784,28.36499968,52.551186,-1.458885,18.95008341902222,0.0,True
2020-01-08 10:17:37.000,0.153364789504,-0.115069709312,0.1237047930879999,-25.62,-31.3519999232,27.9865001984,52.551186,-1.458885,19.060013872355555,0.0,True
2020-01-08 10:17:37.100,-0.1417758139631101,0.2284392398615015,-0.1188726106035648,-25.65787892500757,-31.26818188400363,28.287878925007565,52.551186,-1.458885,19.046220568279406,0.0,True
2020-01-08 10:17:37.200,-0.2095148391381159,-0.0452267550585378,0.0667009933313225,-25.77178211598075,-31.30188114495439,28.46990097102636,52.551186,-1.458885,19.099381192831206,0.0,True
2020-01-08 10:17:37.300,-0.125995085312,-0.226359972096,0.125840136704,-25.2680000768,-31.1365008384,28.3670002432,52.551186,-1.458885,19.152847281777778,0.0,True
2020-01-08 10:17:37.400,-0.1715118758064641,-0.2306486345382564,0.3003999746586022,-25.418485024009684,-32.18333309198669,28.58545416697913,52.551186,-1.458885,19.232407409083425,0.0,True
2020-01-08 10:17:37.500,0.193796,-0.455352,0.253568,-25.5892,-31.8708,28.0208,52.551186,-1.458885,19.236911111111112,0.0,True
2020-01-08 10:17:37.600,0.1094168258007609,-0.4373643678190053,0.2283435737622645,-25.08059407245565,-32.11079202901673,28.179108942009627,52.551186,-1.458885,19.254557210544505,0.0,True
2020-01-08 10:17:37.700,0.068185034496,-0.520934949376,0.315015033344,-25.311500518400003,-31.7455002368,28.4114998784,52.551186,-1.458885,19.296791674311113,0.0,True
2020-01-08 10:17:37.800,0.076409839616,-0.422364866304,0.335389897984,-25.9429997568,-32.06,28.2785001216,52.551186,-1.458885,19.315944482844444,0.0,True
2020-01-08 10:17:37.900,-0.11807492096,-0.274755127808,0.201145005312,-25.5179995648,-31.9759996416,28.4204999168,52.551186,-1.458885,19.376861153422222,0.0,True
2020-01-08 10:17:38.000,-0.0042949624319999,-0.32929950848,0.147839742464,-25.070500556800003,-31.5090000384,28.2919999232,52.551186,-1.458885,19.431388881777778,0.0,True
2020-01-08 10:17:38.100,0.060780064768,0.240609646336,-0.1525748224,-25.77249984,-31.4939997184,28.1990000384,52.551186,-1.458885,19.431986153955556,0.0,True
2020-01-08 10:17:38.200,0.146739999744,-0.1312545825279999,0.033484787456,-25.52249984,-31.1485001216,28.1944997632,52.551186,-1.458885,19.49188890168889,0.0,True
2020-01-08 10:17:38.300,0.0917785901390932,0.3814271215016588,-0.2298605374962181,-25.338787983005748,-31.39484879201694,27.8224240339885,52.551186,-1.458885,19.51541248152908,0.0,True
2020-01-08 10:17:38.400,-0.1536960013281592,0.1829218046237177,-0.1810990462092966,-25.460396014508365,-31.860495043482008,27.539603985491635,52.551186,-1.458885,19.55462871457221,0.0,True
2020-01-08 10:17:38.500,0.1682950046719999,0.3407548705279999,-0.417729710848,-25.3055002368,-31.7814998784,27.7785001216,52.551186,-1.458885,19.56888888888889,0.0,True
2020-01-08 10:17:38.600,0.1207697707519999,0.196865119744,-0.04442504576,-25.54499968,-31.5554997248,27.8829997568,52.551186,-1.458885,19.58359728497778,0.0,True
2020-01-08 10:17:38.700,-0.169329938688,0.347709965056,-0.1291401021439999,-25.12,-31.2740003584,27.5509999616,52.551186,-1.458885,19.667986115555554,0.0,True
2020-01-08 10:17:38.800,-0.0935969903211375,0.2872696461771984,-0.2573757306985175,-25.1775759660115,-31.75,27.57575785001513,52.551186,-1.458885,19.676161624389344,0.0,True
2020-01-08 10:17:38.900,-0.1314564394179418,0.2059910873923722,-0.1799821555213658,-25.42079202901673,-31.71990097102636,28.03009902897364,52.551186,-1.458885,19.696677672702243,0.0,True
2020-01-08 10:17:39.000,-0.1028028276540305,0.1568919971003619,-0.0141901569454442,-25.008910912169355,-31.56891091216936,28.106831486419352,52.551186,-1.458885,19.747255247285953,0.0,True
2020-01-08 10:17:39.100,0.2074477301289311,-0.0317909833522101,-0.1337557057080353,-25.09535328068515,-31.59454563790669,27.532424945308986,52.551186,-1.458885,19.793479283784738,0.0,True
2020-01-08 10:17:39.200,-0.0059363568896278,0.0152090344668868,0.0024363985219241,-25.27212107499244,-31.45818188400364,26.89303013299062,52.551186,-1.458885,19.74799661166549,0.0,True
2020-01-08 10:17:39.300,0.020164,-0.0763399999999999,0.049504,-24.8296,-31.5808,26.4588,52.551186,-1.458885,19.73611111111111,0.0,True
2020-01-08 10:17:39.400,0.0366890672722802,-0.1121128798497456,0.0655614192547607,-23.314257232004586,-31.21475217410039,25.629703014465274,52.551186,-1.458885,19.82903464211656,0.0,True
2020-01-08 10:17:39.500,-0.293064917504,-0.135239792384,0.28402474752,-22.120501836800003,-28.3044983552,26.7500032,52.551186,-1.458885,19.739013910755553,0.0,True
2020-01-08 10:17:39.600,-0.140434816256,0.075894724352,-0.016679852288,-24.9440016384,-26.2520005632,30.4194975232,52.551186,-1.458885,19.782888952177778,0.0,True
2020-01-08 10:17:39.700,0.0700544240133016,-0.2182603456256351,0.1344695339510083,-27.489698308073823,-26.895454166979125,27.29060664203207,52.551186,-1.458885,19.8818014005863,0.0,True
2020-01-08 10:17:39.800,-0.0955568906580195,0.1303412445600068,-0.0869235680331695,-29.315294424728563,-26.89823455594095,27.72882410814229,52.551186,-1.458885,19.948355140713375,121.53160113868682,True
2020-01-08 10:17:39.900,0.0233494996353932,-0.1501142219912184,0.0636374807999627,-27.68182047383365,-30.32585667075233,25.40979682869688,52.55107272808869,-1.458581386025476,19.85991020588646,121.53075684586328,True
2020-01-08 10:17:40.000,0.033830061568,-0.045089841664,-0.060770145792,-25.6659996416,-31.9670001152,26.3890000384,52.550385,-1.456738,19.85861107911111,0.0,True
2020-01-08 10:17:40.100,0.1242060917617184,0.0982755152966365,-0.2009755641693322,-25.132424033988503,-32.139697041003934,26.524848792016943,52.550385,-1.456738,19.82095119597319,0.0,True
2020-01-08 10:17:40.200,0.1041068874182256,-0.1745118165619432,0.0712534482714919,-24.90980204343892,-32.28960398549163,26.990495043482007,52.550385,-1.456738,19.840442789455498,0.0,True
2020-01-08 10:17:40.300,-0.234927186665253,0.335754431253701,-0.0759606207608108,-25.420302958996068,-32.48030295899606,26.77939335796793,52.550385,-1.456738,19.80180977086147,0.0,True
2020-01-08 10:17:40.400,-0.0878593971069447,0.1635198047808664,-0.0952148492767361,-25.27990097102636,-32.341485130446024,26.01782186951089,52.550385,-1.456738,19.801031346220086,0.0,True
2020-01-08 10:17:40.500,-0.02257503744,0.2294501811199999,-0.106505127168,-25.19500032,-32.292000435199995,26.7409999616,52.550385,-1.456738,19.748597245866666,0.0,True
2020-01-08 10:17:40.600,-0.055139926784,0.393004671488,-0.279195016192,-25.5734998016,-32.8054997248,26.69,52.550385,-1.456738,19.781041671111108,0.0,True
2020-01-08 10:17:40.700,0.0790952307930175,-0.0648199074343967,-0.2315065916239788,-25.26396017043021,-32.32861331555695,26.68108906524456,52.550385,-1.456738,19.777002151499712,0.0,True
2020-01-08 10:17:40.800,0.2190074674375968,-0.1620381615591682,0.1727091547092333,-24.97313108484455,-31.67161600541996,26.49706957765199,52.550385,-1.456738,19.71956789756329,0.0,True
2020-01-08 10:17:40.900,-0.194519894272,0.0018700216319999,0.173314808064,-24.65999936,-31.5419999232,25.7080000768,52.550385,-1.456738,19.717986115555558,0.0,True
2020-01-08 10:17:41.000,-0.041169944832,0.0058498944,-0.047519854592,-23.9315005184,-31.5045002752,25.8009999616,52.550385,-1.456738,19.72134721137778,0.0,True
2020-01-08 10:17:41.100,0.003839879424,-0.071339730944,0.103764821504,-24.6860002816,-31.9645004032,25.6839997184,52.550385,-1.456738,19.709486121955553,0.0,True
2020-01-08 10:17:41.200,-0.113984819456,0.1787645424639999,-0.086379799808,-25.0885001216,-32.5285001216,25.34750016,52.550385,-1.456738,19.718972201244444,0.0,True
2020-01-08 10:17:41.300,0.1134666220175372,-0.3605361161463492,0.1624544837465963,-25.25,-32.64151497599032,25.550909057998183,52.550385,-1.456738,19.705631365697343,0.0,True
2020-01-08 10:17:41.400,0.0394415810164473,-0.0472921233058999,0.0958317014379098,-25.210396014508365,-32.40960398549163,25.46990097102636,52.550385,-1.456738,19.757637495180635,0.0,True
2020-01-08 10:17:41.500,0.031445078272,-0.411089974784,0.231869926912,-25.0465001984,-32.5644997632,25.3670002432,52.550385,-1.456738,19.611986153955556,0.0,True
2020-01-08 10:17:41.600,0.108414884864,-0.34639986688,0.126654965248,-25.31,-32.2785001216,25.6704999168,52.550385,-1.456738,19.668763888355556,0.0,True
2020-01-08 10:17:41.700,-0.028104930048,-0.189430084608,0.098065074944,-25.2439997184,-32.4670001152,25.6080002048,52.550385,-1.456738,19.656347172266667,0.0,True
2020-01-08 10:17:41.800,0.0531599503359999,-0.298319985152,0.19054996992,-24.9180002048,-32.46999936,25.84249984,52.550385,-1.456738,19.60033337742222,0.0,True
2020-01-08 10:17:41.900,-0.010504990208,-0.241819843072,0.163590055424,-25.1990000384,-31.73250048,25.5819997952,52.550385,-1.456738,19.653222198044443,0.0,True
2020-01-08 10:17:42.000,-0.004535030016,-0.127990403584,0.27485016064,-25.2034998016,-32.2304994048,25.4975008,52.550385,-1.456738,19.61102773475556,0.0,True
2020-01-08 10:17:42.100,-0.036509966336,-0.60572475136,0.468144914432,-24.97750016,-31.4294999552,26.44749952,52.550385,-1.456738,19.552388882488888,0.0,True
2020-01-08 10:17:42.200,-0.02570014464,-0.313315161344,0.3728300782079999,-25.1614998784,-31.4645004032,25.81,52.550385,-1.456738,19.552013923555556,0.0,True
2020-01-08 10:17:42.300,-0.2119514939788321,-0.5190090598082845,0.4476544403042002,-25.009090942001816,-32.03787892500756,25.847878925007564,52.550385,-1.456738,19.59742424013876,0.0,True
2020-01-08 10:17:42.400,-0.1399920543632819,-0.4514940471090991,0.2418158142199218,-25.120198057947285,-32.24049504348201,26.15029708692093,52.550385,-1.456738,19.59771727415308,0.0,True
2020-01-08 10:17:42.500,0.0624799751679999,-0.336819950592,0.065920228352,-25.3919997952,-32.1794999552,26.5069994752,52.550385,-1.456738,19.619680562488888,0.0,True
2020-01-08 10:17:42.600,0.0246969523090409,-0.2537756944965207,0.3248513546011445,-25.18666690801331,-32.110909057998185,25.67818134097368,52.550385,-1.456738,19.613611055802505,0.0,True
2020-01-08 10:17:42.700,0.0093039999999999,-0.17012,0.100676,-25.5408,-32.040800000000004,24.9896,52.550385,-1.456738,19.538766666666668,0.0,True
2020-01-08 10:17:42.800,0.0502465223265091,-0.1763643140843178,0.1749108577019296,-25.558811956474905,-31.96851486955397,25.11217813048912,52.550385,-1.456738,19.590247521741002,0.0,True
2020-01-08 10:17:42.900,-0.055740011264,0.123034762496,-0.073154864128,-26.07749952,-32.0269996032,24.45500032,52.550385,-1.456738,19.574750041599998,0.0,True
2020-01-08 10:17:43.000,-0.0431241425944936,-0.0773541289670277,0.0243451542334356,-25.48696986700938,-31.651515700030256,24.98303067602057,52.550385,-1.456738,19.61665820085845,0.0,True
2020-01-08 10:17:43.100,0.0994821707292963,0.5150979869769422,-0.3807623385741551,-25.769009913035983,-32.469900971026355,25.461782115980743,52.550385,-1.456738,19.55369362680696,0.0,True
2020-01-08 10:17:43.200,0.054715076864,0.2781501632,-0.107435181056,-25.8895000832,-32.23499968,24.97750016,52.550385,-1.456738,19.586694318933333,0.0,True
2020-01-08 10:17:43.300,0.1505575531587535,0.5077333797925626,-0.3508394045805869,-26.01818188400363,-31.847878925007564,25.21878798300575,52.550385,-1.456738,19.442432741143364,0.0,True
2020-01-08 10:17:43.400,0.1156792079709832,0.5642811784118358,-0.3706584179696906,-26.170693101429293,-32.06,25.41960398549164,52.550385,-1.456738,19.546977434388342,0.0,True
2020-01-08 10:17:43.500,0.0877348789759999,0.382909573376,-0.284339555584,-26.3739997184,-32.0690000384,25.6014998784,52.550385,-1.456738,19.4327499904,0.0,True
2020-01-08 10:17:43.600,-0.092620083712,-0.219670153472,0.290554934528,-26.0,-32.12,25.4955002368,52.550385,-1.456738,19.439666750577775,0.0,True
2020-01-08 10:17:43.700,-0.191889949184,-0.3449296647679999,0.180859902976,-25.9534998016,-32.1485001216,25.7829998848,52.550385,-1.456738,19.512110944711115,0.0,True
2020-01-08 10:17:43.800,-0.142715078144,0.069219867392,0.081880127488,-25.7545002752,-32.2814998784,25.5639997184,52.550385,-1.456738,19.315694549333333,0.0,True
2020-01-08 10:17:43.900,-0.1987574029204667,-0.0210815075028638,0.1246086326247223,-26.1775759660115,-32.054848248986985,25.170302958996068,52.550385,-1.456738,19.425622789271912,0.0,True
2020-01-08 10:17:44.000,0.0748415881134815,0.3474840874354613,-0.4560147701954979,-26.34158405803346,-31.74861389852762,25.129703014465274,52.550385,-1.456738,19.2810451171419,0.0,True
2020-01-08 10:17:44.100,0.094919944192,-0.1545246028799999,0.204859911936,-25.5180000768,-31.9759996416,25.4069996032,52.550385,-1.456738,19.398944495644447,0.0,True
2020-01-08 10:17:44.200,0.04945012224,0.33292482944,0.019259707136,-25.5734998016,-31.4339997184,24.9355002368,52.550385,-1.456738,19.462902760533332,0.0,True
2020-01-08 10:17:44.300,0.176684850176,0.130565103104,-0.375595025152,-25.4690006784,-31.21000064,25.1839997184,52.550385,-1.456738,19.456208402488887,0.0,True
2020-01-08 10:17:44.400,0.027905214208,0.263044980992,-0.3585097845759999,-26.33249984,-32.1065001984,24.8955003648,52.550385,-1.456738,19.552680575288893,0.0,True
2020-01-08 10:17:44.500,0.252744745472,0.239540007424,-0.08147503872,-26.0269996032,-32.37,25.3514998784,52.550385,-1.456738,19.584888914488886,0.0,True
2020-01-08 10:17:44.600,-0.090955024128,0.258595039232,-0.132254997248,-25.5465001984,-32.2769996032,25.11499968,52.550385,-1.456738,19.621763901155557,0.0,True
2020-01-08 10:17:44.700,-0.1025605320659186,0.2586392054696045,-0.088721067752037,-25.81,-31.75,24.75666690801331,52.550385,-1.456738,19.656363702642544,0.0,True
2020-01-08 10:17:44.800,0.0136108921732386,-0.0003138407374832,0.0837484826287414,-25.83059407245565,-31.78009902897364,25.139504956517992,52.550385,-1.456738,19.76966997382828,0.0,True
2020-01-08 10:17:44.900,0.0437606823042053,0.1060573341366729,-0.1503392633927994,-25.95818188400364,-31.87333309198669,25.170302958996068,52.550385,-1.456738,19.796935918299564,0.0,True
2020-01-08 10:17:45.000,0.1515613797141416,-0.2322781953762822,0.0570336668094522,-26.109108942009627,-31.618811956474904,25.09009902897364,52.550385,-1.456738,19.668844909807117,0.0,True
2020-01-08 10:17:45.100,0.0494597941759999,-0.110280282368,0.158290308864,-26.3519999232,-32.2680000768,25.2319999232,52.550385,-1.456738,19.895944507733333,0.0,True
2020-01-08 10:17:45.200,-0.26057515648,-0.378184542976,0.458114529024,-26.1554995968,-32.44500032,25.1014998784,52.550385,-1.456738,19.964249932799998,0.0,True
2020-01-08 10:17:45.300,-0.39647469312,0.0601692805119999,-0.075419607552,-25.6109999616,-32.7394994432,24.9955002368,52.550385,-1.456738,19.906208466488888,0.0,True
2020-01-08 10:17:45.400,0.0447601436159999,-0.838564757504,0.44377499136,-25.6260002816,-32.0090000384,25.2829998848,52.550385,-1.456738,20.06655548515555,0.0,True
2020-01-08 10:17:45.500,0.1595451795748333,-0.5401970554847317,0.4341636431103721,-26.0,-31.99333309198669,25.205757850015125,52.550385,-1.456738,19.993510175059644,0.0,True
2020-01-08 10:17:45.600,-0.2687306949263809,-0.6703178201459454,0.4529168369532432,-26.09821788401925,-31.54079202901673,25.579306898570707,52.550385,-1.456738,20.07368809703448,0.0,True
2020-01-08 10:17:45.700,-0.2435422766918615,-0.564342090251578,0.4175088027741073,-26.421514432960368,-31.044242149984875,25.25393919098881,52.550385,-1.456738,19.919436129477877,0.0,True
2020-01-08 10:17:45.800,-0.059767354910007,-0.165783243141857,0.0540337154748296,-25.389207970983268,-30.82910904339583,24.959009913035985,52.550385,-1.456738,20.073787126008124,0.0,True
2020-01-08 10:17:45.900,-0.1748328946858054,-0.5612961305237136,0.3258690995270468,-25.867575966011497,-31.97787892500757,25.03272717399455,52.550385,-1.456738,20.062895665557907,0.0,True
2020-01-08 10:17:46.000,0.4644286879864954,0.6004038739668113,-0.5253653003186062,-26.129801942052715,-32.16940592754435,24.929108942009627,52.550385,-1.456738,20.132541256439783,0.0,True
2020-01-08 10:17:46.100,0.206539789824,0.05160075008,-0.238760430336,-25.96000064,-32.0419999232,25.0684994816,52.550385,-1.456738,20.167569511111108,0.0,True
2020-01-08 10:17:46.200,-0.056639931904,0.925594478592,-0.706019555072,-26.7634998016,-31.8364995584,24.4265001984,52.550385,-1.456738,20.24394439253333,0.0,True
2020-01-08 10:17:46.300,0.0001998566399999,0.216734930176,-0.100264936704,-26.4714998784,-31.2680000768,24.8580007168,52.550385,-1.456738,20.192833409422224,0.0,True
2020-01-08 10:17:46.400,-0.217755117568,0.079809811456,0.0046050887679999,-26.2064995584,-31.5395007232,25.7544997632,52.550385,-1.456738,20.293597220977777,0.0,True
2020-01-08 10:17:46.500,-0.276984586496,-0.097744689152,0.0415446545919999,-25.69500032,-32.4534998016,25.47750016,52.550385,-1.456738,20.29106944071111,0.0,True
2020-01-08 10:17:46.600,0.2570787331369806,0.2572967604384579,-0.343427005655269,-26.13969704100393,-32.19909094200181,25.680909057998186,52.550385,-1.456738,20.28989900361187,0.0,True
2020-01-08 10:17:46.700,0.1363128484200227,0.0302812493821778,0.0210979890046662,-26.16128707249874,-32.31970301446528,25.55079202901673,,,20.276391617163444,0.0,False
2020-01-08 10:17:46.800,-0.05479999744,0.500519814912,-0.239110008576,-25.7170001152,-32.5954995968,25.1104999168,,,20.113402869333335,0.0,False
2020-01-08 10:17:46.900,-0.0579151751013009,0.204124059329901,-0.1968937453292959,-25.90787892500757,-31.97515120798306,25.037878925007565,,,20.217407343718712,0.0,False
2020-01-08 10:17:47.000,-0.1191128869467798,-0.0364861116110014,0.0874742473975429,-26.091485130446024,-31.56970301446528,25.191386101472386,,,20.099878975852903,0.0,False
2020-01-08 10:17:47.100,-0.134975339716952,0.1988091231617789,-0.0272213229761144,-25.949090942001817,-31.920302958996068,24.96484879201694,,,20.03647320003528,0.0,False
2020-01-08 10:17:47.200,0.4903940460952371,0.2538643597081091,-0.2304465547700941,-25.96990097102636,-31.84960398549164,25.379801942052715,,,20.223666101861024,0.0,False
2020-01-08 10:17:47.300,0.33057479424,0.1726995366399999,-0.351354796288,-25.8385001216,-32.0795000832,25.13500032,,,20.12758345102222,0.0,False
2020-01-08 10:17:47.400,0.0544818079794372,-0.3006237280816303,-0.1432850746924769,-25.980302958996067,-32.21727282600544,25.475151207983057,,,20.271473019025297,0.0,False
2020-01-08 10:17:47.500,0.099836,0.456472,-0.417408,-25.8204,-32.33,24.9904,,,20.21025555555556,0.0,False
2020-01-08 10:17:47.600,0.3092434936671643,0.3090277575146186,-0.0489970483941692,-25.59009902897364,-32.080396014508366,24.91940592754435,,,20.227442227466142,0.0,False
2020-01-08 10:17:47.700,-0.275389965824,0.6200250841599999,-0.2529502016,-25.7965001984,-31.87,24.9510006016,,,20.096402818133335,0.0,False
2020-01-08 10:17:47.800,-0.185179808768,0.584739372544,-0.386194426112,-26.02249984,-31.8234998016,25.6839997184,,,20.147166654577777,0.0,False
2020-01-08 10:17:47.900,0.064119980032,-0.1079293998079999,0.255264484864,-25.8190000384,-31.5885001216,25.3009999616,,,20.12165273742222,0.0,False
2020-01-08 10:17:48.000,0.091885231616,0.554469425152,-0.370234749696,-25.87,-31.7785001216,25.25,,,20.08334728746667,0.0,False
2020-01-08 10:17:48.100,0.364144849152,-0.1302346639359999,-0.08977522176,-25.8985001216,-31.9580000768,25.1659996416,,,20.152166590577778,0.0,False
2020-01-08 10:17:48.200,0.0883451813849332,0.2356451632839348,-0.281920841489557,-25.99333309198669,-32.04181811599637,24.80363677502269,,,20.068367065836778,0.0,False
2020-01-08 10:17:48.300,-0.3518316943408756,-0.1660445234975198,0.2610791887076047,-25.64059407245565,-31.64217802910291,25.48910894200963,,,20.14440592754435,0.0,False
2020-01-08 10:17:48.400,-0.3416965939092726,0.0884999818990016,0.0837726685267597,-25.94848556703964,-29.92818134097368,25.84545489101906,,,20.01816492221886,0.0,False
2020-01-08 10:17:48.500,0.13528,0.053444,0.0061159999999999,-27.4904,-29.19,26.1192,,,19.927888888888887,0.0,False
2020-01-08 10:17:48.600,-0.3998851405846435,-0.0030217944850974,0.1108901214353244,-29.54247511602384,-29.37693081152052,24.532970159505844,,,19.948580857890622,0.0,False
2020-01-08 10:17:48.700,-0.3035968618040489,-0.2432004959673561,0.3407486363483563,-28.079392633927995,-30.4275759660115,23.3224240339885,,,19.945303024360783,0.0,False
2020-01-08 10:17:48.800,-0.1661653652057759,-1.0027643515972129,0.6312426098329409,-26.00138610147238,-30.878316912992894,23.286732854959432,,,19.929422438005854,119.94620859153396,False
2020-01-08 10:17:48.900,-0.269554773248,-0.911184782336,0.868494739712,-25.6419997952,-31.5314998784,24.8385001216,,,19.883263843555554,119.94535030384776,False
2020-01-08 10:17:49.000,-0.0003698127063837,-0.6924335879540442,0.5356030766525566,-25.51242475802844,-31.46545489101906,25.0,,,19.82031985541612,0.0,False
2020-01-08 10:17:49.100,-0.1332534361051476,-0.8339750876356992,0.4441157381802696,-26.29099008696401,-32.109306999956914,24.92079202901673,,,19.798971393319608,0.0,False
2020-01-08 10:17:49.200,0.1032484535282724,0.3901056392367584,-0.333496646402168,-26.170302958996068,-32.59454510898094,24.57575785001513,,,19.775151544862748,0.0,False
2020-01-08 10:17:49.300,0.0580792099987073,-0.1118860436822454,0.0766514281514,-26.020396014508364,-32.06,24.95089105799037,,,19.804301419491328,0.0,False
2020-01-08 10:17:49.400,0.078410012416,0.6091646807040001,-0.35717481216,-25.8940003584,-32.0795000832,24.793500441600003,,,19.700916606577774,0.0,False
2020-01-08 10:17:49.500,0.0527348200959999,0.0998996364799999,-0.069254835968,-26.3429998848,-32.15249984,25.3139997184,,,19.629194478933336,0.0,False
2020-01-08 10:17:49.600,-0.190385017856,-0.381954995968,0.182230143488,-26.1794999552,-31.9865001984,24.8559996416,,,19.669749977600002,0.0,False
2020-01-08 10:17:49.700,-0.2151757614702148,-0.4322062619111034,0.4214516912797147,-26.06393919098881,-32.17424214998487,24.43606080901119,,,19.628930936358902,0.0,False
2020-01-08 10:17:49.800,-0.1707603640778544,-0.7083999776950354,0.6431910569765114,-25.84821788401925,-31.769009913035983,24.77059407245565,,,19.572973051124837,0.0,False
2020-01-08 10:17:49.900,0.049094794752,-0.556320148992,0.388620063232,-26.2304994048,-31.9360002816,24.8229997568,,,19.59045827128889,0.0,False
2020-01-08 10:17:50.000,-0.221144989952,-0.741014943744,0.478540025344,-25.44,-32.113499161600004,24.6875008,,,19.493638827377776,0.0,False
2020-01-08 10:17:50.100,-0.173779854848,-0.632339855104,0.476139846144,-25.6080007168,-31.22500096,25.6839997184,,,19.411069440711106,0.0,False
2020-01-08 10:17:50.200,0.0120249702399999,-0.50485027712,0.304740140544,-26.5419999232,-32.38749952,25.3580002048,,,19.41690282382222,0.0,False
2020-01-08 10:17:50.300,-0.0433788453631706,-0.7161267051786957,0.4111875884039833,-26.277878200967628,-31.79696986700938,25.610302958996066,,,19.459999934635285,0.0,False
2020-01-08 10:17:50.400,-0.1436108982564107,0.1204059143641437,0.0050257698381115,-25.39059407245565,-32.09009902897365,25.509504956518,,,19.352904286636818,0.0,False
2020-01-08 10:17:50.500,-0.178184891136,-0.056269815552,0.200479858688,-25.6035004416,-32.21249984,25.52249984,,,19.313736079644446,0.0,False
2020-01-08 10:17:50.600,-0.04470004736,0.188669999872,-0.0280301742079999,-26.15249984,-32.0465001984,25.2454997248,,,19.25981939271111,0.0,False
2020-01-08 10:17:50.700,-0.097129955328,0.117759698176,-0.20824978176,-25.8544996352,-32.2919999232,24.9730003968,,,19.20236115911111,0.0,False
2020-01-08 10:17:50.800,-0.0067695846338038,-0.1990693927632208,0.0238422151484669,-25.38969704100393,-32.20818188400363,25.546969867009377,,,19.240942669828307,0.0,False
2020-01-08 10:17:50.900,0.1596970250753426,0.1967910417685809,-0.2396870907482555,-25.53009902897364,-32.26089105799038,25.800495043482005,,,19.13375139652454,0.0,False
2020-01-08 10:17:51.000,0.1184249894399999,-0.0568043886079999,0.012704718848,-25.69,-32.0285001216,25.6839997184,,,19.296555485155555,0.0,False
2020-01-08 10:17:51.100,0.09824997376,0.691404727808,-0.347964945664,-25.7080000768,-32.1704999168,25.3760002816,,,19.19493052088889,0.0,False
2020-01-08 10:17:51.200,0.0781750630399999,0.318934953216,-0.2693949726719999,-25.7259996416,-32.0690000384,25.6194994432,,,19.14513887288889,0.0,False
2020-01-08 10:17:51.300,0.16137499776,0.317580259328,-0.246630057728,-25.3910006016,-32.0644997632,24.9445002752,,,19.09780544426667,0.0,False
2020-01-08 10:17:51.400,0.1385968980060457,0.4980600125672646,-0.2468300261947305,-26.10363605098276,-31.854545833020875,25.32969704100393,,,18.961069063641098,0.0,False
2020-01-08 10:17:51.500,0.0340207960844648,-0.3527841158235981,0.1416375985663991,-25.63108911593766,-32.40039601450837,25.50970301446528,,,19.01447469203237,0.0,False
2020-01-08 10:17:51.600,0.0653799905279999,-0.054890252544,-0.0123297556479999,-25.6044996352,-32.2830003968,25.7104992768,,,18.956138834488886,0.0,False
2020-01-08 10:17:51.700,0.055890013184,-0.37499993472,0.270709822976,-25.2985007616,-32.73499968,24.9285007616,,,18.875972188444443,0.0,False
2020-01-08 10:17:51.800,0.05194990848,-0.198734617856,0.004864868864,-26.2439997184,-32.2919999232,25.743499161600003,,,18.836361133511108,0.0,False
2020-01-08 10:17:51.900,-0.079935044096,0.267414823424,-0.13944987264,-25.8144997632,-32.0864995584,24.6945002752,,,18.854111059911112,0.0,False
2020-01-08 10:17:52.000,-0.1389545471000907,0.1188397050571603,-0.0158456194290945,-25.584848792016945,-31.56666690801331,25.07060609900212,,,18.78535353261096,0.0,False
2020-01-08 10:17:52.100,-0.159432684630612,0.5779534513130781,-0.2719772284053724,-26.020396014508364,-32.00811885504561,25.05079202901673,,,18.776490646137088,0.0,False
2020-01-08 10:17:52.200,-0.202559777536,0.452919968512,-0.283010022656,-25.7169996032,-32.418000204799995,24.7605005568,,,18.745361083022225,0.0,False
2020-01-08 10:17:52.300,0.0565362319927389,0.4044484607686718,-0.2911756782056222,-25.25515175101301,-32.57636322497731,25.36818134097368,,,18.70818181863891,0.0,False
2020-01-08 10:17:52.400,-0.1504254860229195,0.2757177618600636,-0.1129177166836496,-25.65921563706273,-31.92901962162244,24.736666532810624,,,18.698562104462372,0.0,False
2020-01-08 10:17:52.500,-0.1471144517413247,-0.1854716678160559,0.1568573657565593,-25.84428591580201,-31.96857065609229,25.364285288862416,,,18.63746036130877,0.0,False
2020-01-08 10:17:52.600,-0.0176396024646985,-0.0350604167986799,-0.0015069229033966,-25.72960398549164,-32.540990086964015,25.571188043525098,,,18.606925194443246,0.0,False
2020-01-08 10:17:52.700,-0.007245009152,-0.145094726912,0.0379248896,-26.0240003584,-32.36499968,25.052500480000003,,,18.62155554915556,0.0,False
2020-01-08 10:17:52.800,-0.0072799482879999,0.2012949304319999,-0.087954911488,-26.3214992384,-31.789999360000003,25.520499276800003,,,18.605680524088893,0.0,False
2020-01-08 10:17:52.900,0.023869839872,0.14820016768,-0.0047801466879999,-25.3385001216,-31.070500556800003,24.7385007616,,,18.565263894755553,0.0,False
2020-01-08 10:17:53.000,-0.155979859968,0.387970072832,-0.211090049024,-25.5465001984,-31.92250048,25.71249984,,,18.569138872177778,0.0,False
2020-01-08 10:17:53.100,0.0040908152948264,0.360260155565152,-0.1981997176244249,-25.77212107499244,-32.48424214998487,25.537878925007565,,,18.549217179944897,0.0,False
2020-01-08 10:17:53.200,-0.1073366123321107,-0.2701761955334308,0.1942276946551728,-25.550495043482005,-32.09009902897365,25.57257414499748,,,18.55719196618545,0.0,False
2020-01-08 10:17:53.300,0.0404498675199999,0.0365148029439999,-0.001884830976,-25.4909999616,-32.32500032,24.6765001984,,,18.534361121422222,0.0,False
2020-01-08 10:17:53.400,-0.0775149415984216,-0.1684573703386697,0.1717513310698465,-25.46727282600545,-32.6924240339885,24.949090942001817,,,18.55773572527971,0.0,False
2020-01-08 10:17:53.500,0.1842138214741047,0.1226069137786384,-0.090489094646555,-25.670693101429293,-32.29079202901673,25.15841594196654,,,18.596410881246058,0.0,False
2020-01-08 10:17:53.600,-0.1540089194285888,0.0243149544270173,0.0045207339328622,-25.89247513509677,-31.96356457777823,25.90792057425,,,18.51388888888889,0.0,False
2020-01-08 10:17:53.700,-0.1528233899120289,0.2148024451926209,-0.0910346702248149,-25.65535328068515,-32.48161629404372,25.38,,,18.52590900432184,0.0,False
2020-01-08 10:17:53.800,-0.04497510656,-0.092519782912,0.130279769088,-25.8519999232,-32.33249984,25.3694999552,,,18.584513827555554,0.0,False
2020-01-08 10:17:53.900,-0.164014904064,0.157354835968,-0.156734916096,-25.75,-32.12,25.3760002816,,,18.503347223466665,0.0,False
2020-01-08 10:17:54.000,-0.05445007616,-0.0374299015679999,-0.045345000192,-25.7214998784,-32.0929998848,25.67499968,,,18.51608338062222,0.0,False
2020-01-08 10:17:54.100,-0.12994989056,0.0912899914239999,-0.040604978688,-25.4564995584,-31.8364995584,25.2590000384,,,18.58263890488889,0.0,False
2020-01-08 10:17:54.200,-0.0053576509041448,0.0579453750656161,-0.020678818211673,-24.9275759660115,-31.1924240339885,25.434242874024807,,,18.603594275027717,0.0,False
2020-01-08 10:17:54.300,-0.0801724970321531,-0.0573764610214412,-0.0694352964207641,-25.347255024006305,-30.9782354299425,26.07980385857739,,,18.595190623332893,0.0,False
2020-01-08 10:17:54.400,0.1362142364548748,-0.0639289438968896,-0.0212566879912646,-25.844285512769943,-31.675715192535257,25.87285763545125,,,18.56876991870414,0.0,False
2020-01-08 10:17:54.500,0.0567890824802106,-0.2873494658214437,0.2969484958089478,-25.73910894200963,-32.2511880435251,26.07257414499748,,,18.635976352653884,0.0,False
2020-01-08 10:17:54.600,-0.120114809344,-0.00895021184,0.130594971392,-25.88749952,-31.7805006848,25.3070007552,,,18.702055657955555,0.0,False
2020-01-08 10:17:54.700,0.1099999014399999,-0.185839554304,0.038659769856,-25.40000064,-32.5954995968,26.1794994432,,,18.831888862577774,0.0,False
2020-01-08 10:17:54.800,0.006130115328,0.329659673856,-0.23347485696,-26.2034998016,-32.0044997632,25.5330003968,,,18.81331951431111,0.0,False
2020-01-08 10:17:54.900,0.11872482688,-0.0331646999039999,-0.088020189952,-25.90249984,-31.7455002368,25.9204994048,,,18.90265276302222,0.0,False
2020-01-08 10:17:55.000,-0.1001848086078004,0.3090058564487393,-0.2717542973063128,-25.72787892500757,-32.02212107499244,25.15727282600545,,,18.8807828200551,0.0,False
2020-01-08 10:17:55.100,-0.0172405805880906,0.0009940643447536,0.0888920645019022,-25.87029698553473,-31.898712927501258,25.379703014465274,,,18.878836640494942,0.0,False
2020-01-08 10:17:55.200,0.098940013824,0.017244892672,-0.024364957184,-25.5465001984,-32.2859996416,25.78750016,,,18.95602786275556,0.0,False
2020-01-08 10:17:55.300,0.106109952256,-0.1095499328,0.010869907712,-25.8295000832,-31.7919999232,26.1410006016,,,19.053305489066663,0.0,False
2020-01-08 10:17:55.400,0.040314989824,-0.0516801338879999,-0.064779799808,-25.9490000384,-31.61499968,26.6114985984,,,18.987208428088888,0.0,False
2020-01-08 10:17:55.500,-0.006548605576659,-0.1617421789464702,0.1492513274496469,-25.97121201699425,-31.29303067602057,24.901515700030256,,,19.082584064771694,0.0,False
2020-01-08 10:17:55.600,-0.1845237568150538,0.2136603934798533,-0.1138524579817555,-25.73079202901673,-31.94920797098327,25.82920797098327,,,18.958369116326306,0.0,False
2020-01-08 10:17:55.700,-0.0982548308479999,0.126394719232,0.036855025408,-25.42250048,-32.3054997248,26.28750016,,,19.17216652657778,0.0,False
2020-01-08 10:17:55.800,0.081819809792,-0.197569791232,0.0541599298559999,-25.9939997184,-31.9490000384,26.4069996032,,,18.986986114844445,0.0,False
2020-01-08 10:17:55.900,-0.169689995264,0.020704748288,-0.0072298644479999,-25.65750016,-31.9534998016,25.9820004352,,,19.003819495111113,0.0,False
2020-01-08 10:17:56.000,-0.152539953664,-0.276684842496,0.173220001792,-25.8805000448,-31.76500032,26.5509999616,,,19.053861037511115,0.0,False
2020-01-08 10:17:56.100,-0.0663332440350745,-0.0690303085703055,0.1622666183973376,-25.91121201699425,-32.15212107499244,26.462121074992435,,,18.971851908836477,0.0,False
2020-01-08 10:17:56.200,0.0905722891230347,-0.045615821316956,0.0464435382770935,-25.81970301446528,-31.88930689857071,26.31019805794729,,,19.032277210155858,0.0,False
2020-01-08 10:17:56.300,0.1542998464,0.1475500992,-0.190020076032,-26.3580007168,-31.2929986048,26.6390000384,,,18.886208338488892,0.0,False
2020-01-08 10:17:56.400,0.025135319296,0.2280747814399999,-0.25544984832,-27.57250112,-29.252499200000003,26.5864995584,,,18.892597220266666,0.0,False
2020-01-08 10:17:56.500,0.467290077184,-0.052134957056,-0.065190047744,-28.8634991616,-28.2920004352,25.8784994816,,,18.888958328888886,0.0,False
2020-01-08 10:17:56.600,0.37599917312,-0.064490296064,-0.057004694528,-27.5054989568,-28.7859996416,25.22750016,,,18.878680536888886,0.0,False
2020-01-08 10:17:56.700,-0.6991449016319999,-0.422554850048,0.367885081856,-25.9519992832,-28.4510006016,25.570500556800003,,,18.841013833955554,0.0,False
2020-01-08 10:17:56.800,-0.484094639872,-0.3592705797119999,0.478895009792,-25.1305005568,-29.4375008,26.46000064,,,18.773305577955554,0.0,False
2020-01-08 10:17:56.900,-0.0385901399039999,-1.123694976512,0.541670212352,-25.8519999232,-30.6215005184,27.2259996416,,,18.790013833244444,0.0,False
2020-01-08 10:17:57.000,-0.207809929216,-0.7341184709120001,0.579828959488,-25.7304999168,-31.3295000832,26.7214998784,,,18.709194414933332,0.0,False
2020-01-08 10:17:57.100,-0.0817241263035951,1.0273353884862135,-0.6677510287831734,-25.668485024009684,-31.449090942001817,26.635757850015125,,,18.65939390099788,0.0,False
2020-01-08 10:17:57.200,0.1223594214396334,-0.3937177664112579,0.0768059356552463,-25.86079202901673,-31.519009913035983,26.98079202901673,,,18.598239822867036,0.0,False
2020-01-08 10:17:57.300,0.1941937290383974,-0.0518186246344244,0.070521339267013,-25.58090960102814,-31.71545489101906,26.475151207983057,,,18.583585839387833,0.0,False
2020-01-08 10:17:57.400,-0.1332277240571716,-0.7164277098631033,0.3009425956388725,-26.262277159462755,-32.09158405803346,26.118811956474904,,,18.54913641062989,0.0,False
2020-01-08 10:17:57.500,-0.113090797193828,-0.4000022765884272,0.3317600686803597,-25.62333309198669,-31.4863644920472,26.759090942001816,,,18.51707068238753,0.0,False
2020-01-08 10:17:57.600,0.0297742382727846,0.653488047580545,-0.4100266759772996,-25.34821788401925,-32.58188104356819,27.00801992745817,,,18.478756875603917,0.0,False
2020-01-08 10:17:57.700,-0.1326939462503781,0.1326942159552543,0.0176634639104879,-25.93666690801331,-31.35181811599637,27.87060537496218,,,18.470606033637402,0.0,False
2020-01-08 10:17:57.800,-0.1077989874052989,0.3898226641252525,-0.139476168159156,-26.26089105799037,-31.25,26.83059407245565,,,18.426204618761123,118.96310146678866,False
2020-01-08 10:17:57.900,0.081235001856,-0.3571343183359999,0.322179484928,-26.0,-31.3160002816,26.8559996416,,,18.414944457244445,118.96229468012076,False
2020-01-08 10:17:58.000,0.05077485952,0.334059086336,-0.231804444928,-26.0180000768,-31.7080000768,26.45500032,,,18.42581941831111,0.0,False
2020-01-08 10:17:58.100,-0.119944932352,-0.7499194475519999,0.459169802752,-26.08249984,-31.7259996416,26.7764995584,,,18.39561113031111,0.0,False
2020-01-08 10:17:58.200,-0.026094982912,-0.1638306298879999,0.250690228224,-25.90750016,-31.3340003584,26.3310006016,,,18.40744438613333,0.0,False
2020-01-08 10:17:58.300,-0.014965049344,-0.95704981504,0.536219924992,-26.1680002048,-31.7259996416,27.1104999168,,,18.35070842168889,0.0,False
2020-01-08 10:17:58.400,-0.069489953024,-0.662094789632,0.420969933312,-26.3829997568,-31.2680000768,27.0285001216,,,18.44268044728889,0.0,False
2020-01-08 10:17:58.500,0.0069700600319999,-0.41750014848,0.308879899648,-26.0314998784,-31.3609999616,27.1990000384,,,18.28151381475556,0.0,False
2020-01-08 10:17:58.600,0.0440786335814894,-0.5061844556383317,0.1393725961227661,-25.93666690801331,-31.300909057998183,27.16515120798305,,,18.212727380144816,0.0,False
2020-01-08 10:17:58.700,-0.1717405795742286,0.0226247024948609,-0.0081177866884984,-26.15158405803346,-31.28009902897364,26.72960398549164,,,18.366699662243132,0.0,False
2020-01-08 10:17:58.800,-0.0287696190257008,-0.2693692370946345,0.2130239778754082,-25.37666690801331,-31.45818188400364,26.91121201699425,,,18.30817342322347,0.0,False
2020-01-08 10:17:58.900,0.0699227584144211,0.3378890429395915,-0.1747504814577308,-25.78009902897364,-31.490296985534723,26.929010014422182,,,18.379623235492833,0.0,False
2020-01-08 10:17:59.000,0.025490306304,-0.034719229952,-0.158270415872,-25.8079994368,-31.08249984,27.7479994368,,,18.53972207644444,0.0,False
2020-01-08 10:17:59.100,0.425909972736,0.890904585728,-0.667834817536,-25.1635004416,-30.7769996032,27.0465001984,,,18.367527869155555,0.0,False
2020-01-08 10:17:59.200,0.32437472128,0.459440506624,-0.484285250816,-25.7590000384,-30.4180007168,27.31,,,18.48559720817778,0.0,False
2020-01-08 10:17:59.300,-0.0283908460665237,1.0601179205055868,-0.7695816450704517,-25.847878925007564,-31.418485024009684,27.291818115996367,,,18.466186865944294,0.0,False
2020-01-08 10:17:59.400,0.0287356179869262,0.6570247531879625,-0.4960970260892047,-26.139207970983268,-31.72960398549164,27.129801942052715,,,18.4743096888035,0.0,False
2020-01-08 10:17:59.500,-0.191940026624,0.578234638336,-0.419884804096,-26.4669996032,-31.9294999552,26.8295000832,,,18.53070829368889,0.0,False
2020-01-08 10:17:59.600,-0.1830498112,0.155695246592,-0.194545148672,-25.9580000768,-31.8609999616,27.01500032,,,18.485847255466666,0.0,False
2020-01-08 10:17:59.700,0.0450349032959999,0.43317478656,-0.33664976384,-25.9294994432,-31.7919999232,27.40249984,,,18.52833332622222,0.0,False
2020-01-08 10:17:59.800,-0.065354923008,0.192180181248,-0.0652101800959999,-25.302500480000003,-31.6419997952,27.2455002368,,,18.51576387555556,0.0,False
2020-01-08 10:17:59.900,0.021209933056,0.41482492288,-0.2830249088,-25.8364995584,-31.4645004032,27.5885001216,,,18.522513993244445,0.0,False
2020-01-08 10:18:00.000,-0.0740750272,0.302469957632,-0.1701950353919999,-25.32500032,-31.8964995584,27.6839997184,,,18.654194414933336,0.0,False
2020-01-08 10:18:00.100,-0.1065030169192618,0.2622152094931979,-0.1848968527535497,-25.759090942001816,-31.291818115996367,27.40545489101906,,,18.621986557279172,0.0,False
2020-01-08 10:18:00.200,-0.0870514859415356,0.2729138113354844,0.0222019968012653,-25.740296985534723,-31.32782186951089,27.90990097102636,,,18.653322327297754,0.0,False
2020-01-08 10:18:00.300,-0.100705029888,-0.123704901888,0.1322548756479999,-25.4180002048,-32.06,27.6464995584,,,18.626652840533332,0.0,False
2020-01-08 10:18:00.400,-0.090479787008,-0.019740112384,-0.021859952896,-25.6990000384,-32.0509999616,27.1170002432,,,18.694083265422222,0.0,False
2020-01-08 10:18:00.500,0.1831423907281514,-0.1808333761723629,0.0486848773915944,-25.72121201699425,-31.895454166979125,27.29757524197156,,,18.624217245309612,0.0,False
2020-01-08 10:18:00.600,0.1327732682602888,-0.1431791420699514,0.0415346206001556,-25.54099008696401,-31.34960398549164,26.549108942009628,,,18.741223874394883,0.0,False
2020-01-08 10:18:00.700,0.1604750848,0.382244886272,-0.240210026496,-25.270499276800003,-31.5044997632,26.65999936,,,18.761347236266666,0.0,False
2020-01-08 10:18:00.800,0.200214689024,0.286445235712,-0.265634958336,-24.00999872,-31.1704999168,26.14750144,,,18.788833371022225,0.0,False
2020-01-08 10:18:00.900,-0.160869778432,0.6620952670720001,-0.28710032768,-23.32250432,-30.9189993984,28.17250048,,,18.832472194844446,0.0,False
2020-01-08 10:18:01.000,0.105634881536,0.885864441344,-0.625834588416,-28.75999872,-30.23250048,28.50999872,,,18.792652763022218,0.0,False
2020-01-08 10:18:01.100,-0.035589931264,0.22475034496,-0.153570317312,-26.8919992832,-31.0020005632,26.7259996416,,,18.777263906844443,0.0,False
2020-01-08 10:18:01.200,0.076490088704,0.564009492736,-0.4954246604799999,-25.9490000384,-31.7304999168,26.3445004032,,,18.80544446293333,0.0,False
2020-01-08 10:18:01.300,0.188194973952,-0.030709662976,-0.0911501990399999,-26.0,-31.6019999232,26.9820004352,,,18.83945837368889,0.0,False
2020-01-08 10:18:01.400,0.1474787657187777,0.3529755261572356,-0.3028482942394865,-25.97121201699425,-31.57575785001513,27.550909057998183,,,18.888636347638005,0.0,False
2020-01-08 10:18:01.500,0.1051841533364932,0.0773604482284028,-0.0581069624440158,-25.76089105799037,-31.93980194205272,27.539603985491635,,,18.880214531797108,0.0,False
2020-01-08 10:18:01.600,0.041779911168,0.408684546816,-0.2556597071359999,-25.5285001216,-31.58249984,27.6839997184,,,18.963486096355556,0.0,False
2020-01-08 10:18:01.700,-0.0506696045449021,-0.1480483213909841,0.0956938032524908,-25.69,-31.34272717399456,27.347878925007564,,,18.94283669652757,0.0,False
2020-01-08 10:18:01.800,0.176070350111905,0.0910494962373045,-0.1143297026089204,-25.72960398549164,-30.88267307258492,27.550495043482005,,,18.945349290254335,0.0,False
2020-01-08 10:18:01.900,0.629605036288,0.0605701816319999,-0.170610253056,-26.01500032,-29.2680000768,27.5090000384,,,18.992416676977776,0.0,False
2020-01-08 10:18:02.000,0.5738905329192514,0.2020875178100895,-0.3623358410111735,-26.40212107499244,-29.663940458058693,27.475151207983057,,,19.00804714505594,0.0,False
2020-01-08 10:18:02.100,0.0291643799853496,-0.2578444920677969,0.3627098481488147,-26.19,-31.29099008696401,26.930296985534724,,,19.032706279382637,0.0,False
2020-01-08 10:18:02.200,0.1723119246791598,0.0951539298560453,0.0266094779413475,-26.10363605098276,-31.16121201699425,26.693333816026623,,,19.098829939970766,0.0,False
2020-01-08 10:18:02.300,-0.1243970250753426,-0.764632614674132,0.5465514352484342,-25.64059407245565,-31.03009902897364,27.50970301446528,,,19.06597635265388,0.0,False
2020-01-08 10:18:02.400,-0.0426548167679999,-0.2661099688959999,0.133780023808,-25.75,-31.1614998784,27.8694999552,,,19.094097162666667,0.0,False
2020-01-08 10:18:02.500,0.1790099074559999,-0.242455075328,0.1509099381759999,-25.7304999168,-31.0930003968,27.7919999232,,,19.0142499968,0.0,False
2020-01-08 10:18:02.600,0.0469499609599999,-0.267379679488,0.0233798062079999,-25.62,-31.6395000832,27.72750016,,,19.011208338488892,0.0,False
2020-01-08 10:18:02.700,-0.0259450897919999,0.0661546068479999,-0.148604635648,-25.6485001216,-31.6659996416,28.0060002816,,,19.003055491555553,0.0,False
2020-01-08 10:18:02.800,-0.1141948677119999,-0.3014993408,0.246484621056,-25.8190000384,-31.2830003968,28.2389993984,,,18.91818055608889,0.0,False
2020-01-08 10:18:02.900,0.017729813248,0.4860246246399999,-0.2434499430399999,-25.8805000448,-31.77249984,27.3829997568,,,18.918305553066666,0.0,False
2020-01-08 10:18:03.000,-0.171109747456,0.1320256166399999,-0.253180364288,-25.9490000384,-31.5690000384,27.1635004416,,,18.9044999552,0.0,False
2020-01-08 10:18:03.100,0.1314210930934347,0.8878331046573869,-0.6525906035131452,-25.9424240339885,-31.57303013299062,27.58939335796793,,,18.84470538613883,0.0,False
2020-01-08 10:18:03.200,0.0018584504132755,0.5376326755058538,-0.2030920939039011,-25.55188114495439,-31.34009902897364,26.74861389852762,,,18.83812705958326,0.0,False
2020-01-08 10:18:03.300,0.262359874816,0.629090310144,-0.375170208512,-25.329500595200003,-31.5660002816,27.02249984,,,18.810444438044446,0.0,False
2020-01-08 10:18:03.400,0.096820003072,0.94477458944,-0.587014722304,-26.0359996416,-31.789999360000003,26.8670002432,,,18.811986153955555,0.0,False
2020-01-08 10:18:03.500,0.116230065408,0.518495507712,-0.313060404736,-25.6440003584,-31.1455008768,27.11499968,,,18.853138821688887,0.0,False
2020-01-08 10:18:03.600,0.207495018752,0.946408948736,-0.670044229632,-25.9984994816,-32.243999718400005,26.7740003584,,,18.77559727217778,0.0,False
2020-01-08 10:18:03.700,0.1727179657580827,-0.2761781593353313,0.1841448428962632,-25.31,-31.794242149984875,27.13636322497731,,,18.843754215305918,0.0,False
2020-01-08 10:18:03.800,-0.1899831863655834,0.5037830464526236,-0.5291919316859766,-25.31,-31.38108911593766,26.57920797098327,,,18.866430150961236,0.0,False
2020-01-08 10:18:03.900,-0.2516746176,-0.366459353856,0.584119473152,-25.38500032,-31.4865001984,26.9714998784,,,18.918805494755553,0.0,False
2020-01-08 10:18:04.000,0.2194574427426632,0.431017962137883,-0.1200545615808894,-25.73424214998488,-31.740909057998184,26.82969704100393,,,18.842601026556462,0.0,False
2020-01-08 10:18:04.100,0.0316168430364153,0.1330218086791659,-0.1515108952148247,-25.370198057947285,-31.71851486955397,26.900396014508367,,,18.868363586553823,0.0,False
2020-01-08 10:18:04.200,0.1392950533119999,0.402405201408,-0.2266001728,-25.65249984,-31.8234998016,26.57749952,,,18.865333313422223,0.0,False
2020-01-08 10:18:04.300,0.1628422531605636,0.5556420106071851,-0.3682511971224584,-25.429393900997884,-31.64484879201694,26.071818659026324,,,18.845286218445718,0.0,False
2020-01-08 10:18:04.400,-0.0517564039327708,0.0884733767435258,0.018606864099399,-25.40009902897364,-32.18970301446527,26.72128707249874,,,18.86509349920116,0.0,False
2020-01-08 10:18:04.500,0.1343896599039999,0.725403803648,-0.3629092456959999,-25.6170002432,-32.456499558400004,26.2695000832,,,18.80191676017778,0.0,False
2020-01-08 10:18:04.600,-0.292489894144,-0.708669339392,0.521089497344,-25.94,-31.8805000448,26.3694999552,,,18.91786107591111,0.0,False
2020-01-08 10:18:04.700,-0.13217491584,0.02147437184,-0.041484551936,-25.94,-31.86499968,26.3385001216,,,18.878902811022225,0.0,False
2020-01-08 10:18:04.800,-0.016529983488,-0.765864799744,0.50027477248,-25.8544996352,-31.4865001984,26.5945004032,,,18.936555613155555,0.0,False
2020-01-08 10:18:04.900,-0.0507062637212032,-0.449324059329901,0.2045091141112797,-25.445757850015127,-31.759090942001816,27.05424214998488,,,19.00821547069348,0.0,False
2020-01-08 10:18:05.000,-0.3212247247998256,-0.201189131145588,0.2443445569549668,-25.920693101429293,-31.76089105799037,26.590396014508364,,,18.98458746094871,0.0,False
2020-01-08 10:18:05.100,-0.0735761610621218,-0.318109560465464,0.2367998603405055,-26.105346119823285,-31.51782186951089,26.360692974696537,,,19.021454985652444,0.0,False
2020-01-08 10:18:05.200,0.0140908928705339,0.0338167767810735,0.0783636785366118,-25.6115150794246,-31.56767632311833,26.312222750886303,,,19.12427326574478,0.0,False
2020-01-08 10:18:05.300,-0.031460144896,-0.19724978176,0.096154947328,-25.5795000832,-31.32500032,26.65249984,,,19.115555587555555,0.0,False
2020-01-08 10:18:05.400,-0.2218899914239999,0.070969907712,0.032185025536,-25.6329997568,-31.7034998016,26.51500032,,,19.158930559288887,0.0,False
2020-01-08 10:18:05.500,-0.195154934528,0.0031952337919999,0.00549974144,-25.4315005184,-31.5045002752,26.8829997568,,,19.169138911288886,0.0,False
2020-01-08 10:18:05.600,-0.094189940224,0.226834629376,-0.2643996864,-26.0734998016,-31.8895000832,26.67250048,,,19.20263890488889,0.0,False
2020-01-08 10:18:05.700,-0.0323455180635034,-0.2092937362787967,0.1124180381620763,-25.81,-31.9424240339885,27.10242349095855,,,19.220437697943755,0.0,False
2020-01-08 10:18:05.800,-0.12364,0.0391239999999999,-0.031016,-25.8804,-31.5304,25.9496,,,19.211155555555553,0.0,False
2020-01-08 10:18:05.900,-0.1169614050606923,-0.2514039256737747,0.3360890794386246,-26.131188043525096,-30.97128707249874,26.118811956474904,,,19.245539042277763,0.0,False
2020-01-08 10:18:06.000,-0.2912364202431223,0.0314575459183541,0.09440911049108,-25.480302958996067,-30.689394625037817,26.75,,,19.14927609869469,0.0,False
2020-01-08 10:18:06.100,-0.258976,0.006356,0.087548,-25.3812,-31.83,26.6908,,,19.154511111111113,0.0,False
2020-01-08 10:18:06.200,0.3532445437747604,0.1464604147709559,-0.1379475440459685,-25.48910894200963,-32.16128707249874,26.38,,,19.137706265301222,0.0,False
2020-01-08 10:18:06.300,0.20152473472,0.278134891776,-0.254669807872,-25.67499968,-31.76500032,26.4265001984,,,19.094555561955556,0.0,False
2020-01-08 10:18:06.400,-0.1294999091199999,0.144705043968,-0.04165017984,-25.2409999616,-32.1990000384,26.6614998784,,,19.088638827377775,0.0,False
2020-01-08 10:18:06.500,0.015609179274874,0.2347213265963141,-0.2746666455488352,-25.23696986700938,-32.21212107499244,26.41515120798305,,,19.00833333836139,0.0,False
2020-01-08 10:18:06.600,0.152924,0.363624,-0.242752,-25.4696,-31.92,26.0104,,,19.025355555555556,0.0,False
2020-01-08 10:18:06.700,0.130808,0.171036,-0.260748,-25.3196,-31.6392,26.5,,,19.066377777777777,0.0,False
2020-01-08 10:18:06.800,-0.0301118986847674,0.4167979748105979,-0.2942623507404995,-25.39059407245565,-32.341485130446024,26.950989985577813,,,19.055459313998423,121.71306493499372,False
2020-01-08 10:18:06.900,-0.14559986688,0.04470002176,-0.09917507968,-25.4714998784,-32.1704999168,26.1035004416,,,19.177985987555555,121.71223056915994,False
2020-01-08 10:18:07.000,0.008578705985483,0.0360847126725089,-0.1387573359467727,-25.45242475802844,-32.06,26.538484299969745,,,19.026936074169274,0.0,False
2020-01-08 10:18:07.100,-0.0279559999999999,-0.1280639999999999,0.1466799999999999,-26.13,-32.0696,25.77,,,19.10737777777778,0.0,False
2020-01-08 10:18:07.200,0.4328326653672334,0.0832385949393076,-0.2519870968314277,-25.490495043482007,-32.110495043482004,26.308811956474905,,,19.156716178337206,0.0,False
2020-01-08 10:18:07.300,0.2892512351345551,0.0510701548152534,-0.0253365107481142,-25.48696986700938,-32.12666690801331,26.81727228297549,,,19.21031985541612,0.0,False
2020-01-08 10:18:07.400,-0.1290247430493421,0.7853594224534954,-0.3176604370759205,-25.70089105799037,-32.42079202901673,26.01118804352509,,,19.201336637678665,0.0,False
2020-01-08 10:18:07.500,0.0165852840959999,0.883404827648,-0.6528499622399999,-25.4670001152,-31.9714998784,25.49250048,,,19.225083291022223,0.0,False
2020-01-08 10:18:07.600,0.3311270454774655,0.6783031164747529,-0.6076848665309954,-25.63060609900212,-31.92363677502269,26.167878925007564,,,19.188754280670633,0.0,False
2020-01-08 10:18:07.700,0.020192,0.714768,-0.5300640000000001,-25.6596,-32.52,26.22,,,19.309911111111113,0.0,False
2020-01-08 10:18:07.800,0.2407980298063939,0.2668077673314292,-0.0756704631586344,-25.548627389957787,-32.36960776833535,25.50705866408325,,,19.348480409052907,0.0,False
2020-01-08 10:18:07.900,0.232694288085892,0.4782987952461484,-0.5242612337672413,-25.793030425271127,-32.58394015794455,26.163131506679285,,,19.29308068583998,0.0,False
2020-01-08 10:18:08.000,-0.0363298938879999,-0.119914619904,-0.018345098752,-25.6239997184,-32.01500032,25.9714998784,,,19.407652827022225,0.0,False
2020-01-08 10:18:08.100,0.1051757596601149,0.2781571893286857,-0.1200453479141185,-25.39242475802844,-32.44909094200181,25.77212107499244,,,19.466068998276384,0.0,False
2020-01-08 10:18:08.200,0.103488,-0.327024,0.04594,-26.110000000000003,-32.4296,25.6512,,,19.426144444444443,0.0,False
2020-01-08 10:18:08.300,0.0786029708692092,-0.2713939994575838,-0.0042356788186479,-25.758118855045613,-32.120198057947285,26.090396014508364,,,19.41785203261031,0.0,False
2020-01-08 10:18:08.400,0.082064994304,0.113839499264,-0.206304601088,-26.0644997632,-32.3169994752,25.9355002368,,,19.383777725155557,0.0,False
2020-01-08 10:18:08.500,0.0815000253413977,-0.299456664399732,0.1699539895893401,-25.75,-31.65787892500757,26.145454166979125,,,19.316624589028322,0.0,False
2020-01-08 10:18:08.600,0.1126686375295529,1.011884437227373,-0.6451941737484878,-25.75,-31.74294133591676,25.7466664324186,,,19.32802288073817,0.0,False
2020-01-08 10:18:08.700,0.0597707771554466,0.5635479038989651,-0.4557380176252463,-25.793838068049585,-30.847880315889096,26.758484787364434,,,19.304391151950515,0.0,False
2020-01-08 10:18:08.800,-0.021410094336,1.011664822784,-0.733319867392,-26.2475008,-29.3814992384,26.77249984,,,19.287555549866664,0.0,False
2020-01-08 10:18:08.900,-0.1276241733661909,0.7637241968974888,-0.5761697656437879,-27.347878925007564,-28.55939462503781,26.550909057998183,,,19.276043756721432,0.0,False
2020-01-08 10:18:09.000,-0.033837632023846,0.6903534634794224,-0.6293465010354066,-27.56,-29.85762391294981,26.19267307258492,,,19.253096809179056,0.0,False
2020-01-08 10:18:09.100,-0.0431300859280252,0.4886387203628474,-0.2885149379782219,-27.134240882914984,-31.206363949017245,24.42818134097368,,,19.23634675594194,0.0,False
2020-01-08 10:18:09.200,0.258652,-0.500884,0.100888,-24.6492,-31.6692,24.0596,,,19.184644444444448,0.0,False
2020-01-08 10:18:09.300,0.1086524934669265,-0.2455970423109971,0.3911237497180196,-24.268910985448542,-31.59009902897364,25.960396014508365,,,19.288589113121375,0.0,False
2020-01-08 10:18:09.400,0.246879938048,-0.366120063232,0.259154889728,-25.1815005184,-31.7214998784,25.8820005632,,,19.305013808355554,0.0,False
2020-01-08 10:18:09.500,0.1045543280780101,-0.3770694325854173,0.0899877965654648,-25.97454583302088,-31.597878925007564,26.478484299969743,,,19.194099312276986,0.0,False
2020-01-08 10:18:09.600,-0.236183171157653,-0.0276010278026314,0.0154099343270871,-26.431683087007105,-31.740296985534723,25.66960398549164,,,19.15201043841365,0.0,False
2020-01-08 10:18:09.700,-0.214384805376,-0.2673196741119999,0.222869692672,-25.75,-31.3054997248,25.7854995968,,,19.048486121244444,0.0,False
2020-01-08 10:18:09.800,0.028529933568,0.094564697344,-0.125389744384,-25.7409999616,-31.0330003968,25.3910006016,,,19.06765280213333,0.0,False
2020-01-08 10:18:09.900,-0.047504947968,-0.205804566528,0.150784729856,-25.7170001152,-31.5690000384,26.2080000768,,,19.090833294222225,0.0,False
2020-01-08 10:18:10.000,-0.0048546412252824,0.3483696190257008,-0.2015454311787111,-25.945757850015127,-31.610909057998185,26.21606026598124,,,19.029966297664885,0.0,False
2020-01-08 10:18:10.100,-0.1286039449371532,0.240837632023846,-0.1771386212997204,-26.28128707249874,-31.569504956517992,25.84841594196654,,,18.9754235394543,0.0,False
2020-01-08 10:18:10.200,0.0062950225919999,0.3208700459519999,-0.2351949816319999,-25.7634998016,-31.7235004416,26.6059996416,,,18.947027760355553,0.0,False
2020-01-08 10:18:10.300,0.028634967296,0.353009876736,-0.2102299975679999,-25.5660002816,-32.23499968,26.0819997952,,,18.90663881528889,0.0,False
2020-01-08 10:18:10.400,-0.005409959936,0.204855066368,-0.2047499904,-25.8829997568,-31.81,25.8670002432,,,18.806222210844446,0.0,False
2020-01-08 10:18:10.500,0.043704982528,0.27102490624,-0.183134962176,-25.6065001984,-31.7439997184,26.2455002368,,,18.79186111431111,0.0,False
2020-01-08 10:18:10.600,0.015744979712,0.160255058688,-0.136515015424,-25.9180002048,-31.48250048,26.52249984,,,18.78740274062222,0.0,False
2020-01-08 10:18:10.700,-0.00542497536,0.207959870976,-0.143664943104,-26.1239997184,-32.1019999232,26.27249984,,,18.732638865777776,0.0,False
2020-01-08 10:18:10.800,0.02527499136,0.048120049152,-0.0620849743359999,-25.7680000768,-32.0090000384,26.1455003648,,,18.703152782933333,0.0,False
2020-01-08 10:18:10.900,-0.0049500799999999,0.080504859648,-0.021159970816,-25.87,-31.98499968,26.5264995584,,,18.68570822968889,0.0,False
2020-01-08 10:18:11.000,-0.137210110976,-0.097079962368,0.023570025472,-25.87,-31.5795000832,26.070500556800003,,,18.555388920177776,0.0,False
2020-01-08 10:18:11.100,-0.218539154786809,-0.0641152131133975,0.0543545344293918,-25.82303013299062,-31.73696986700938,26.640302415966115,,,18.596818181361083,0.0,False
2020-01-08 10:18:11.200,0.1268138458067934,-0.1566752457981755,0.0514940684002017,-25.550495043482005,-31.92079202901673,25.72009902897364,,,18.56297577658311,0.0,False
2020-01-08 10:18:11.300,0.0139150755839999,-0.1433250048,0.130560015616,-25.5,-31.3214992384,25.8229997568,,,18.39565281493333,0.0,False
2020-01-08 10:18:11.400,0.091319901952,-0.182430139648,0.1543000128,-25.4429997568,-30.34750016,25.5090000384,,,18.413333198222222,0.0,False
2020-01-08 10:18:11.500,-0.0309799662079999,-0.30212471936,0.135929849088,-25.27000064,-30.7190006784,25.7010006016,,,18.229722204444442,0.0,False
2020-01-08 10:18:11.600,0.0266500543999999,0.0022147082239999,-0.023969827072,-26.1485001216,-31.6770002432,26.3964995584,,,18.239402919822222,0.0,False
2020-01-08 10:18:11.700,0.10880004224,-0.252639433984,0.176134873856,-26.2439997184,-31.9429997568,25.81,,,18.422513865244447,0.0,False
2020-01-08 10:18:11.800,0.1682030422606595,0.4736150592549112,-0.061688133244035,-25.87,-31.63060609900212,25.838787983005748,,,18.381262590609143,0.0,False
2020-01-08 10:18:11.900,0.175626725656539,0.3391851537648499,-0.4321395892844922,-25.93970301446528,-31.71851486955397,26.06970301446528,,,18.332271731076474,0.0,False
2020-01-08 10:18:12.000,0.125065035264,0.4125401251839999,-0.317335035136,-26.2814998784,-31.94500032,26.40249984,,,18.360958316088883,0.0,False
2020-01-08 10:18:12.100,0.1269452918010234,0.4795723680501862,-0.2754087701923102,-26.13969704100393,-32.313939190988805,26.20818188400364,,,18.336835012416422,0.0,False
2020-01-08 10:18:12.200,-0.1085940491368232,0.0291198686541741,0.1321454884407055,-26.180296985534724,-31.900197956561083,26.211782115980743,,,18.317634755640945,0.0,False
2020-01-08 10:18:12.300,-0.03960007296,0.423939299584,-0.2194544929279999,-25.81,-31.44500032,25.8955008768,,,18.265319501511108,0.0,False
2020-01-08 10:18:12.400,-0.126419956992,-0.3927945157119999,0.368439634944,-25.8565001984,-31.83249984,26.9009993216,,,18.347111136711113,0.0,False
2020-01-08 10:18:12.500,-0.0468756763955223,0.0873691067674461,-0.0150966029597718,-26.14878798300575,-31.63060609900212,25.953030132990623,,,18.38717173911232,0.0,False
2020-01-08 10:18:12.600,0.076476,-0.7548,0.500984,-26.35,-31.6388,25.7204,,,18.42271111111111,0.0,False
2020-01-08 10:18:12.700,0.0279366103043867,-0.4099673437575247,0.2436168389809672,-26.490296985534723,-31.46980204343892,25.929108942009627,,,18.439823987919272,0.0,False
2020-01-08 10:18:12.800,-0.1404302035845148,-0.5596394190613856,0.3249515881040238,-26.07303013299062,-31.90454510898094,26.22787892500757,,,18.483670024832843,0.0,False
2020-01-08 10:18:12.900,0.0129247521741003,-0.5297791643749161,0.383906896542984,-25.84009902897364,-31.43970301446528,26.40990097102636,,,18.48328933735386,0.0,False
2020-01-08 10:18:13.000,0.024485060096,-0.194340126464,0.126190121984,-25.9909999616,-31.7634998016,26.2319999232,,,18.560513917155557,0.0,False
2020-01-08 10:18:13.100,0.0688604777629234,-0.2857239652047094,0.2261543208376107,-26.071818659026324,-31.490909057998184,26.15727282600545,,,18.598350169416726,0.0,False
2020-01-08 10:18:13.200,-0.1229940552199953,0.11445839769245,-0.0847692837825164,-26.84960398549164,-31.547722840537247,26.33059407245565,,,18.60809681481162,0.0,False
2020-01-08 10:18:13.300,-0.0399294678998608,-0.0141454291297768,0.0672849426280824,-27.125346854873253,-31.953662551231712,26.468217960058908,,,18.65449396597197,0.0,False
2020-01-08 10:18:13.400,0.2368252671836656,0.0894350861995402,-0.1579594630726703,-27.58767751261252,-30.875554498227395,26.709192592037112,,,18.665128994035577,0.0,False
2020-01-08 10:18:13.500,0.186039738624,-0.0231196651519999,-0.0976501478399999,-28.0269996032,-29.9429992448,26.9829991168,,,18.63461120782222,0.0,False
2020-01-08 10:18:13.600,-0.1453649328639999,0.375819804672,-0.2392497663999999,-27.3034991616,-28.9490000384,25.77249984,,,18.74593048248889,0.0,False
2020-01-08 10:18:13.700,-0.055359996416,0.084719864832,0.0619999615999999,-26.329500595200003,-29.1965008384,25.6920005632,,,18.66751396835556,0.0,False
2020-01-08 10:18:13.800,-0.038329947648,-0.053504823808,0.011480002048,-26.9519992832,-30.46000064,26.36499968,,,18.757013820444442,0.0,False
2020-01-08 10:18:13.900,-0.0191032124100445,0.1708787530480788,0.0059726974883571,-26.06666690801331,-31.32969704100393,26.091515700030257,,,18.670782845195376,0.0,False
2020-01-08 10:18:14.000,-0.2841029597167269,0.1669485465020492,-0.058808922746248,-26.379801942052715,-31.508118855045613,26.73247511602384,,,18.68950769605768,0.0,False
2020-01-08 10:18:14.100,-0.1795514577768353,0.3483299990432329,-0.125457457223462,-26.06909094200181,-31.89878798300575,25.67696986700938,,,18.647264299860566,0.0,False
2020-01-08 10:18:14.200,-0.083021777249443,-0.0808385878422734,0.0392227604421452,-26.180198057947287,-32.020396014508364,25.949504956517995,,,18.636388891705174,0.0,False
2020-01-08 10:18:14.300,-0.051120040192,0.0945648176639999,-0.033989889024,-26.34999936,-31.7919999232,26.03750016,,,18.65654165191111,0.0,False
2020-01-08 10:18:14.400,-0.097404969728,-0.137264955904,0.105269965312,-25.3589993984,-31.6419997952,26.2785001216,,,18.64265280213333,0.0,False
2020-01-08 10:18:14.500,-0.044989947904,-0.081940013824,0.067360034816,-24.6920005632,-31.3895000832,26.4955002368,,,18.66404161991111,0.0,False
2020-01-08 10:18:14.600,0.0085249331199999,-0.09474997632,0.107239972864,-25.4955002368,-31.4054995968,26.81,,,18.61486116622222,0.0,False
2020-01-08 10:18:14.700,-0.0566180960852712,-0.0720576074617487,0.0797606370517093,-25.82969704100393,-30.99424287402481,26.68727228297549,,,18.68473062769378,0.0,False
2020-01-08 10:18:14.800,0.0741940582615814,-0.1220980204343891,0.1116207818903964,-25.83069300004309,-31.808811956474905,26.03009902897364,,,18.664042902979883,0.0,False
2020-01-08 10:18:14.900,0.05754996992,-0.121459974656,0.039685057536,-25.36250048,-32.3454995968,26.320500556800003,,,18.660263919644446,0.0,False
2020-01-08 10:18:15.000,0.0185697004801936,-0.1028303574430012,0.1100848267087988,-26.01818188400363,-31.81909094200181,26.93727228297549,,,18.690168310553368,0.0,False
2020-01-08 10:18:15.100,0.0013623618929817,-0.1529564140713911,0.0799802002884437,-26.080396014508366,-31.841485130446024,26.31019805794729,,,18.628756875603912,0.0,False
2020-01-08 10:18:15.200,-0.1268394226815853,0.0131878255270622,0.0812726630964602,-25.945757850015127,-31.7460608090112,26.59212107499244,,,18.62397304919363,0.0,False
2020-01-08 10:18:15.300,-0.143668,-0.052208,-0.0091679999999999,-26.33,-32.0296,26.3592,,,18.600133333333336,0.0,False
2020-01-08 10:18:15.400,-0.0194792211511896,0.0343227705807655,0.0360435636236442,-26.070891057990373,-31.811386101472383,26.27059407245565,,,18.597552256842793,0.0,False
2020-01-08 10:18:15.500,-0.1004756492440247,-0.0301426061300324,0.0480970355736335,-25.89484879201694,-31.57575785001513,26.38909094200181,,,18.59760096119175,0.0,False
2020-01-08 10:18:15.600,0.0547277149324134,-0.2749376005941231,0.1440910853646481,-26.40009902897364,-31.85108901455145,26.47009902897364,,,18.517059952900475,0.0,False
2020-01-08 10:18:15.700,0.018565126144,-0.119610166016,0.112279998208,-26.6440003584,-31.17250048,26.5819997952,,,18.49423612444444,0.0,False
2020-01-08 10:18:15.800,0.2012200645119999,-0.31182487936,0.101769965312,-27.0644997632,-31.81,26.3760002816,,,18.497236048355557,121.20123090561464,False
2020-01-08 10:18:15.900,0.227379746048,-0.145554974208,0.065315041024,-26.7409999616,-31.7634998016,26.7034998016,,,18.415722230044445,121.20042102529771,False
2020-01-08 10:18:16.000,-0.093024928,-0.0770548538879999,0.093354887168,-26.6239997184,-31.3784994816,26.4204999168,,,18.425486108444442,0.0,False
2020-01-08 10:18:16.100,-0.0175818912440299,0.0845604886235225,-0.0379999330263059,-26.296969867009377,-30.8687885260357,26.367575966011497,,,18.398922475578736,0.0,False
2020-01-08 10:18:16.200,-0.1223940542061333,-0.062692057404868,0.0507247430493421,-26.52990097102636,-31.830396014508366,26.76920797098327,,,18.273784380835863,0.0,False
2020-01-08 10:18:16.300,-0.070939966464,0.067809776896,-0.0208449681919999,-26.37,-31.5734998016,27.11499968,,,18.286847192177778,0.0,False
2020-01-08 10:18:16.400,-0.0197699717119999,-0.1861248192,0.02845003008,-26.4180002048,-31.3190000384,26.7740003584,,,18.234486057955554,0.0,False
2020-01-08 10:18:16.500,-0.0030334087541599,0.0321514360556373,0.0574302633178095,-26.64151497599032,-31.360909057998185,27.11818134097368,,,18.162373731888586,0.0,False
2020-01-08 10:18:16.600,-0.129316,-0.052328,0.005488,-26.3812,-31.3996,26.4296,,,18.135666666666665,0.0,False
2020-01-08 10:18:16.700,-0.1544851324737473,0.1106029475503826,0.0583732692741508,-26.41940592754435,-31.77178211598075,26.709009913035985,,,18.03823982286704,0.0,False
2020-01-08 10:18:16.800,-0.0514092046162717,-0.0526756582945239,0.0540332585158732,-26.300909057998183,-31.26818188400363,26.76303013299062,,,18.021018490026208,0.0,False
2020-01-08 10:18:16.900,-0.1543653003186061,0.0995534644932844,-0.0731534726041806,-26.17079202901673,-31.44920797098327,26.45089105799037,,,17.973468094606844,0.0,False
2020-01-08 10:18:17.000,0.208319894272,0.098370025472,-0.132124992,-25.8055002368,-31.7769996032,26.1990000384,,,17.9565000064,0.0,False
2020-01-08 10:18:17.100,0.0652787783894766,0.1457455035827047,-0.1388788507934701,-26.12,-31.296969867009377,26.269697041003933,,,17.952584130136408,0.0,False
2020-01-08 10:18:17.200,0.0521049514486821,0.2242930710134311,-0.2206277129046893,-26.170693101429293,-31.45069300004309,26.399009913035982,,,17.89031628622902,0.0,False
2020-01-08 10:18:17.300,0.051369962752,0.235254985728,-0.135619990272,-26.3454995968,-31.0020005632,26.3589993984,,,17.926638879288888,0.0,False
2020-01-08 10:18:17.400,0.006085017856,0.22972505728,-0.135255053568,-25.8385001216,-31.7590000384,25.63500032,,,17.909847204977776,0.0,False
2020-01-08 10:18:17.500,0.007989906944,0.319090056704,-0.201164977664,-25.9909999616,-31.8190000384,26.13500032,,,17.879736080355553,0.0,False
2020-01-08 10:18:17.600,-0.1032699473919999,0.430220152832,-0.20817515648,-25.8544996352,-31.83249984,26.59750016,,,17.838305553066665,0.0,False
2020-01-08 10:18:17.700,-0.022869955072,0.5649347087359999,-0.379384843776,-25.44500032,-31.50749952,26.7829998848,,,17.8485000576,0.0,False
2020-01-08 10:18:17.800,0.0075198750719999,0.137209825536,-0.141854871808,-25.8985001216,-30.9645004032,26.5354995968,,,17.918541639111112,0.0,False
2020-01-08 10:18:17.900,-0.167385038336,-0.150090237184,0.072155186688,-26.0690000384,-31.57500032,26.0660002816,,,17.893944495644444,0.0,False
2020-01-08 10:18:18.000,-0.1623301004088239,-0.368660256930743,0.2494785322158983,-26.13060609900212,-31.9424240339885,26.524848792016943,,,17.963754215305915,0.0,False
2020-01-08 10:18:18.100,0.1278603813135089,0.1024890652445562,-0.0969861075555532,-26.19,-31.62,26.871683087007103,,,17.98022552656755,0.0,False
2020-01-08 10:18:18.200,0.011810031616,-0.203914745344,0.108604766208,-26.41500096,-31.4234991616,26.19,,,18.025013936355556,0.0,False
2020-01-08 10:18:18.300,0.0429249535999999,0.07339974016,-0.138944731392,-27.4739990784,-30.2814998784,26.07749952,,,18.091347236266667,0.0,False
2020-01-08 10:18:18.400,-0.02117501056,-0.194734671616,0.16027475456,-26.1659996416,-30.42000128,25.552500480000003,,,18.117791699911113,0.0,False
2020-01-08 10:18:18.500,-0.04060911049108,0.2125665622842425,-0.1372150483943121,-25.774848792016943,-31.99727228297549,26.25666690801331,,,18.176043822086147,0.0,False
2020-01-08 10:18:18.600,-0.0493554318925509,0.07150397332529,-0.0080524944807885,-26.180296985534724,-31.39871292750126,26.53019795656108,,,18.256276128421398,0.0,False
2020-01-08 10:18:18.700,0.071445027072,0.15799990656,-0.158154952448,-25.7919999232,-31.8519999232,26.0090000384,,,18.274597271466668,0.0,False
2020-01-08 10:18:18.800,0.097844959232,0.055530092288,-0.105440044544,-25.6329997568,-31.8805005568,25.94749952,,,18.3505000448,0.0,False
2020-01-08 10:18:18.900,0.0658970500544322,0.1252210206894412,-0.1203725671611687,-25.432727717024505,-32.554848248986985,25.434242874024807,,,18.411978121639283,0.0,False
2020-01-08 10:18:19.000,0.1191821332164012,-0.0987732216226354,0.1005435474018518,-26.05188114495439,-32.19950495651799,26.079306898570707,,,18.43744500361752,0.0,False
2020-01-08 10:18:19.100,-0.2404332693764723,0.2294452555990266,-0.0215544728859973,-25.70818188400364,-32.24090905799819,25.867575966011497,,,18.510100996388132,0.0,False
2020-01-08 10:18:19.200,-0.1125257242143202,-0.0506247349384458,0.0635633491411321,-25.859108942009627,-32.16940592754435,26.150396014508367,,,18.487964795894083,0.0,False
2020-01-08 10:18:19.300,0.030734954496,0.032619727872,-0.027679774208,-26.0929998848,-32.0044997632,25.9114998784,,,18.491138923377775,0.0,False
2020-01-08 10:18:19.400,-0.03547502464,-0.250784667136,0.225984802816,-25.9580000768,-31.72750016,25.75,,,18.523319386311112,0.0,False
2020-01-08 10:18:19.500,-0.082105059328,0.156634852096,-0.024934953216,-25.98499968,-31.9865001984,25.71249984,,,18.444277769955555,0.0,False
2020-01-08 10:18:19.600,-0.116854386001205,-0.0313908786483208,0.0113817247148446,-25.56909094200181,-32.22121201699425,25.56666690801331,,,18.429680119443603,0.0,False
2020-01-08 10:18:19.700,0.1034871120393581,-0.0284346814318773,-0.0854375934970889,-25.65960398549164,-32.040990086964015,25.949504956517995,,,18.40338283655502,0.0,False
2020-01-08 10:18:19.800,-0.02827496576,-0.173919620352,0.115799776,-25.8519999232,-31.9204999168,25.9909999616,,,18.37838884408889,0.0,False
2020-01-08 10:18:19.900,-0.0067091774647741,0.2233299157786403,-0.1261846475089147,-25.8060608090112,-31.847878925007564,25.84454510898094,,,18.324528639945573,0.0,False
2020-01-08 10:18:20.000,-0.1057326511731651,-0.3419890875495208,0.1686683066729864,-26.080396014508366,-32.069504956518,25.428811956474902,,,18.370676576886364,0.0,False
2020-01-08 10:18:20.100,0.0368937851514924,-0.1940364763562173,0.0883485024009681,-25.90787892500757,-31.988181340973675,25.92818134097368,,,18.410471244409162,0.0,False
2020-01-08 10:18:20.200,-0.2014306928986569,-0.4271406312811921,0.2051475815588635,-26.14059407245565,-31.299108942009628,25.367425855002523,,,18.193839380034632,0.0,False
2020-01-08 10:18:20.300,-0.1709241371641941,-0.6208359351363651,0.5987178824934901,-26.296969867009377,-31.550909057998183,26.24484824898699,,,18.16776096683466,0.0,False
2020-01-08 10:18:20.400,-0.0249079314426496,-0.058103033728655,0.1568168450641394,-26.520396014508364,-31.539603985491635,25.86891088406234,,,18.207684270127764,0.0,False
2020-01-08 10:18:20.500,-0.0991847941270017,-0.4457782661312218,0.2071967459576592,-26.35696986700938,-31.759090942001816,25.800909057998183,,,18.20178443880153,0.0,False
2020-01-08 10:18:20.600,-0.0202168349255191,0.2793514332207101,-0.0911534350912856,-26.610495043482008,-31.76089105799037,25.81970301446528,,,18.076699662243133,0.0,False
2020-01-08 10:18:20.700,-0.018284875776,-0.073529648128,0.078514641664,-26.5795000832,-31.57500032,26.2185001216,,,18.032069530311112,0.0,False
2020-01-08 10:18:20.800,0.1525398271131171,0.375159155349651,-0.3520357569641898,-26.606989988666417,-31.91844630465472,26.36106789215199,,,18.11144269994499,0.0,False
2020-01-08 10:18:20.900,0.1463375,0.2845749999999999,-0.1100375,-26.14375,-31.36875,26.16375,,,17.916666666666668,0.0,False
2020-01-08 10:18:21.000,-0.1035879999999999,0.443584,-0.284808,-26.3596,-30.99,25.5808,,,17.96383333333333,0.0,False
2020-01-08 10:18:21.100,0.1026980396977677,0.5427762087136372,-0.2912841431978729,-26.561386101472383,-31.64059407245565,25.650396014508367,,,17.899444447260727,0.0,False
2020-01-08 10:18:21.200,0.2618181540084661,0.377763916435448,-0.2319275197236236,-26.26818188400363,-31.759090942001816,25.571818659026324,,,17.910639685691965,0.0,False
2020-01-08 10:18:21.300,0.157033624227247,0.6177800755834143,-0.4676870359997059,-26.311386101472383,-31.81,26.25138610147238,,,17.832398234302953,0.0,False
2020-01-08 10:18:21.400,-0.15564993408,-0.295614517504,0.2182796103679999,-26.07500032,-31.8940003584,26.0060002816,,,17.780111085511113,0.0,False
2020-01-08 10:18:21.500,-0.0812400560639999,0.171334258176,-0.193194547712,-26.4054995968,-32.21999936,26.34249984,,,17.736944405333332,0.0,False
2020-01-08 10:18:21.600,-0.1187604723326239,-0.777581686702748,0.4190454963423053,-25.9275759660115,-31.48363677502269,26.13909094200181,,,17.686220543139132,0.0,False
2020-01-08 10:18:21.700,0.0612009730540819,-0.5615900910194637,0.4648168197175887,-26.21990097102636,-32.080396014508366,26.22009902897364,,,17.67893013406354,0.0,False
2020-01-08 10:18:21.800,-0.093685051136,-0.559790278144,0.372465033984,-26.0314998784,-31.8519999232,26.3980000768,,,17.60209721457778,0.0,False
2020-01-08 10:18:21.900,-0.134239883264,-0.752169244672,0.344354687488,-25.9360002816,-31.7785001216,26.4159996416,,,17.57831938631111,0.0,False
2020-01-08 10:18:22.000,0.020224240339885,0.1059237172210312,-0.0061543117871115,-26.24333309198669,-31.882424033988503,26.015757850015127,,,17.49774409555488,0.0,False
2020-01-08 10:18:22.100,0.0183465355067155,-0.5088602708025478,0.2164801100547231,-25.841485130446024,-31.550495043482005,26.379801942052715,,,17.483333336149617,0.0,False
2020-01-08 10:18:22.200,0.023414991104,0.415129462528,-0.408169518592,-25.6329997568,-31.5180000768,26.17250048,,,17.487444361244446,0.0,False
2020-01-08 10:18:22.300,0.031205083648,-0.118489231104,0.1377496012799999,-25.4045004032,-31.6860002816,26.69749952,,,17.377236112355554,0.0,False
2020-01-08 10:18:22.400,0.0987998144,0.8212196523519999,-0.397860025856,-25.94,-32.013499801600005,26.1170002432,,,17.374555537066666,0.0,False
2020-01-08 10:18:22.500,-0.092769765632,0.43532532352,-0.4753851842559999,-25.9490000384,-31.8055002368,26.32749952,,,17.33604160711111,0.0,False
2020-01-08 10:18:22.600,0.217404995328,0.878590057984,-0.671904794368,-25.9339997184,-32.1395000832,25.793500441600003,,,17.247944406044443,0.0,False
2020-01-08 10:18:22.700,0.193694925312,0.838209499136,-0.325359686656,-25.52249984,-32.21249984,26.3229997568,,,17.196652776533334,0.0,False
2020-01-08 10:18:22.800,0.067379884288,0.2876454891519999,-0.0281055073279999,-25.3565001984,-32.0660002816,26.1590006784,,,17.20191669617778,0.0,False
2020-01-08 10:18:22.900,-0.0984061044324173,0.668753573266377,-0.5150811418626962,-25.74424287402481,-32.39151497599032,27.02212107499244,,,17.197760785824677,0.0,False
2020-01-08 10:18:23.000,-0.1307940369704788,-0.6811513875969188,0.4550761894502587,-26.37029698553473,-32.14059407245565,26.60247511602384,,,16.97858637358168,0.0,False
2020-01-08 10:18:23.100,0.057705001728,-0.026440696064,0.130280337408,-26.07500032,-32.2785001216,25.4909999616,,,17.09309717617778,0.0,False
2020-01-08 10:18:23.200,0.08542510848,-0.91347484032,0.52844978688,-26.42499968,-32.40249984,25.51500032,,,17.039152808533334,0.0,False
2020-01-08 10:18:23.300,0.2094696244560003,-0.5906117201378779,0.2203847579250049,-25.990909057998184,-32.21727282600544,25.864242149984875,,,17.049402246132775,0.0,False
2020-01-08 10:18:23.400,0.0989,-0.0497199999999999,0.100924,-25.9688,-32.200399999999995,25.5904,,,16.89067777777778,0.0,False
2020-01-08 10:18:23.500,0.0631177937855327,-0.3790098451072285,0.1713702730583908,-26.15009902897364,-31.468415941966537,26.459207970983268,,,16.959012652575673,0.0,False
2020-01-08 10:18:23.600,-0.228690243584,0.0141996787199999,0.0205152138239999,-26.2814998784,-32.225999641600005,26.7389993984,,,16.961166628977775,0.0,False
2020-01-08 10:18:23.700,-0.4892603782074323,-0.3230148275621316,0.2092269278209759,-26.12,-31.759090942001816,25.882424033988503,,,16.888047054550952,0.0,False
2020-01-08 10:18:23.800,-0.1507722860814486,0.1249514514702266,-0.2053771523657203,-26.15009902897364,-31.84009902897364,25.620198057947285,,,16.748151808377823,0.0,False
2020-01-08 10:18:23.900,-0.1966968672343484,-0.1647333598814643,0.4029756727753226,-26.300909057998183,-32.00909094200181,25.89303013299062,,,16.692752531194774,0.0,False
2020-01-08 10:18:24.000,-0.0094475065330734,-0.2370396237558012,0.2340336394351774,-26.14069300004309,-32.08059407245565,25.688613898527617,,,16.71954621577406,0.0,False
2020-01-08 10:18:24.100,0.1107695792035043,-0.2864238203967222,0.0312484770595703,-25.65545489101906,-32.17939390099788,25.92424214998488,,,16.786834921911435,0.0,False
2020-01-08 10:18:24.200,-0.0581564272515974,0.3299643333476963,-0.0276752772278984,-26.16940592754435,-32.07089105799037,25.58871292750126,,,16.636655663447375,0.0,False
2020-01-08 10:18:24.300,0.021260038656,0.179960185856,-0.300490101504,-26.0314998784,-31.88500032,26.02249984,,,16.621013897955553,0.0,False
2020-01-08 10:18:24.400,0.0558423635766538,0.4071029589960669,-0.3837543588497074,-25.90787892500757,-32.347878925007564,25.82060609900212,,,16.611212042134525,0.0,False
2020-01-08 10:18:24.500,0.0027519999999999,0.281936,-0.107372,-26.0304,-32.470400000000005,25.8592,,,16.479644444444446,0.0,False
2020-01-08 10:18:24.600,0.1878999817504835,0.199004947393234,-0.1743663382598579,-25.629703014465274,-32.03960398549163,25.64069300004309,,,16.44677668759447,0.0,False
2020-01-08 10:18:24.700,0.034539998464,0.1912250777599999,-0.194645028352,-26.0465001984,-32.3340003584,25.0705000448,,,16.505249894400002,0.0,False
2020-01-08 10:18:24.800,0.011559910656,0.2196496806399999,-0.192129828608,-26.23499968,-32.763499801600005,25.2140003584,,,16.36591667057778,121.07534474451126,False
2020-01-08 10:18:24.900,-0.085169906432,-0.1677648432639999,0.04682504832,-25.77249984,-32.46249984,25.57749952,,,16.362236073244446,121.0745963396991,False
2020-01-08 10:18:25.000,0.0354333200592678,0.0067483630232804,0.1156212288509227,-25.62666690801331,-32.29696986700938,24.882424033988503,,,16.304831624081913,0.0,False
2020-01-08 10:18:25.100,0.0478346743348431,-0.166143554498886,0.1323910833369241,-25.96990097102636,-32.63920797098327,24.74851497094017,,,16.2604235394543,0.0,False
2020-01-08 10:18:25.200,0.1437088045842071,-0.0955909528624143,0.1233789304378631,-25.867575966011497,-33.00393919098881,25.598484299969744,,,16.229587518470918,0.0,False
2020-01-08 10:18:25.300,-0.2590574003056794,-0.1686703004326656,0.2965019501636119,-26.16940592754435,-32.65039601450837,24.691386101472386,,,16.17752199235717,0.0,False
2020-01-08 10:18:25.400,-0.080105146368,-0.154854819328,0.053595037952,-26.0795000832,-32.4670001152,24.3694999552,,,16.09183331982222,0.0,False
2020-01-08 10:18:25.500,-0.272564991744,0.090230021888,0.091384946176,-26.2365001984,-32.6395000832,24.3295000832,,,16.058138821688893,0.0,False
2020-01-08 10:18:25.600,-0.177404640768,0.111154965248,-0.0003650864639999,-26.4054995968,-32.7409999616,24.3559996416,,,15.960513853155554,0.0,False
2020-01-08 10:18:25.700,0.3012303085703056,0.079287930512853,-0.1093363424088291,-25.956363949017245,-32.72787892500756,23.85121201699425,,,15.894999934635283,0.0,False
2020-01-08 10:18:25.800,0.2412485862843735,0.1316339977730499,-0.0250514882786868,-26.46796114767463,-32.890291293022884,23.65116507267413,,,15.776801520865506,0.0,False
2020-01-08 10:18:25.900,-0.1459723966333344,-0.0209622370772076,0.2177562560734773,-26.64520399047052,-32.64520399047051,23.4890814551268,,,15.666386117728807,0.0,False
2020-01-08 10:18:26.000,-0.1974937833413926,-0.0230696534175977,-0.022618177539764,-26.791818115996367,-32.85696986700938,23.725151207983057,,,15.517390447298656,0.0,False
2020-01-08 10:18:26.100,0.0506485191277744,0.0005296752346456,0.036704983892267,-26.699504956517995,-33.02178211598074,23.180296985534724,,,15.295858068046478,0.0,False
2020-01-08 10:18:26.200,0.0562148707839999,-0.15722468096,0.2390596687359999,-26.8160002816,-32.5930003968,22.65999936,,,15.121611003022224,0.0,False
2020-01-08 10:18:26.300,-0.1036575332476552,0.2282574373123637,-0.1470058654992384,-27.179393900997884,-33.12,21.885757850015125,,,14.954570622050866,0.0,False
2020-01-08 10:18:26.400,-0.0025079999999999,0.139764,0.094416,-27.1504,-33.1712,22.1004,,,14.789766666666667,0.0,False
2020-01-08 10:18:26.500,0.1633959999999999,0.764636,-0.24428,-27.27,-33.468799999999995,20.9408,,,14.584599999999998,0.0,False
2020-01-08 10:18:26.600,0.03554,0.510032,-0.2939239999999999,-27.1096,-33.54,20.5596,,,14.393622222222222,0.0,False
2020-01-08 10:18:26.700,-0.067612,0.19366,0.0309039999999999,-27.4004,-33.1808,20.1596,,,14.205866666666667,0.0,False
2020-01-08 10:18:26.800,0.006787111025496,0.4388920371276275,-0.0207346459467063,-27.54099008696401,-33.41128707249874,19.95089105799037,,,14.043327806377135,0.0,False
2020-01-08 10:18:26.900,-0.1285849448959999,0.1123951121919999,0.0398549895679999,-27.3829997568,-32.9670001152,19.6434998016,,,13.80111102222222,0.0,False
2020-01-08 10:18:27.000,-0.0336271939056524,0.2650818315107352,0.0285909184705173,-27.240303683036,-33.092727173994554,19.275454166979124,,,13.650605943132406,0.0,False
2020-01-08 10:18:27.100,0.1060267439060555,0.3157673457852488,-0.0044723073725512,-28.20089105799037,-32.96851486955397,18.531584058033463,,,13.427568730692617,0.0,False
2020-01-08 10:18:27.200,0.1328797127679999,0.377144580352,-0.2010697605119999,-28.0240003584,-33.130500044799994,17.6990000384,,,13.174138744177778,0.0,False
2020-01-08 10:18:27.300,-0.2040948101119999,-0.139204825088,0.131115060224,-28.53750016,-33.1990000384,17.6659996416,,,12.943110945422221,0.0,False
2020-01-08 10:18:27.400,0.0179332241239763,0.1310849859975848,0.1772816957532472,-28.703030132990623,-33.30606080901119,17.114242149984875,,,12.698518429689544,0.0,False
2020-01-08 10:18:27.500,-0.1683980474419899,0.2935320700693933,-0.0064456345813532,-28.63417463662936,-33.48485445290597,16.66048545523234,,,12.537939604473342,0.0,False
2020-01-08 10:18:27.600,-0.2090569310066349,0.0460658691073775,0.012975306012573,-29.58948496460864,-32.933607464648226,16.550927617931624,,,12.393851738074,0.0,False
2020-01-08 10:18:27.700,0.1147554298648268,0.2068316791329452,-0.0425683056591243,-28.99861389852762,-34.12,16.859405927544348,,,12.247945526178905,0.0,False
2020-01-08 10:18:27.800,-0.023420028672,0.155719926272,0.038469946112,-29.31,-34.0269996032,16.7214998784,,,12.060888748088887,0.0,False
2020-01-08 10:18:27.900,-0.03869990272,0.072260061696,-0.006984888576,-29.19749952,-33.5555002368,16.5044997632,,,11.869097201777777,0.0,False
2020-01-08 10:18:28.000,0.067039899904,0.134519916032,0.151710045696,-28.4939997184,-33.8895000832,16.1239997184,,,11.830694396444445,0.0,False
2020-01-08 10:18:28.100,-0.055819956992,0.0355250534399999,0.166889805824,-28.12,-33.9054995968,15.8340003584,,,11.715652558933332,0.0,False
2020-01-08 10:18:28.200,-0.010205049088,0.0821398960639999,-0.064329886208,-28.0929998848,-33.380500044799994,16.2919999232,,,11.3717497728,0.0,False
2020-01-08 10:18:28.300,-0.085015041024,-0.0622750272,0.088105005568,-27.82749952,-33.40249984,16.1434998016,,,11.05229159111111,0.0,False
2020-01-08 10:18:28.400,-0.104834852096,-0.077789912064,0.06294986112,-27.3775008,-33.0579994368,15.9445002752,,,10.936069376711112,0.0,False
2020-01-08 10:18:28.500,0.0848727029186567,0.0239544909869957,-0.1212121201699425,-28.382424033988503,-32.45242475802844,16.40545489101906,,,10.843207060193867,0.0,False
2020-01-08 10:18:28.600,0.0582574327492643,-0.0767277331819299,-0.1052475156578317,-28.069504956517992,-33.180296985534724,16.94,,,10.787648489951076,0.0,False
2020-01-08 10:18:28.700,0.087464873984,-0.150019940352,-0.038930042368,-28.15750016,-32.743999718400005,17.033000396800002,,,10.588972265244445,0.0,False
2020-01-08 10:18:28.800,-0.084730020608,-0.0946201016319999,-0.093309991936,-28.3429998848,-32.380500044799994,17.56,,,10.639944418133334,0.0,False
2020-01-08 10:18:28.900,-0.109504988928,-0.227394990592,-0.06894994176,-28.19,-32.561500518399995,17.6635004416,,,10.58429157831111,0.0,False
2020-01-08 10:18:29.000,-0.08797497088,-0.212079987968,-0.008895073792,-28.1419997952,-33.1089993984,18.4465008384,,,10.457486070755555,0.0,False
2020-01-08 10:18:29.100,-0.0630727771327501,-0.2061303393420028,-0.1018848303289985,-27.794242149984875,-32.44333381602662,19.617575966011497,,,10.403888888888888,0.0,False
2020-01-08 10:18:29.200,-0.1257999908752417,-0.2424346408773962,-0.0687940562338574,-27.27178211598075,-33.12029698553472,20.02871292750126,,,10.394559950084192,0.0,False
2020-01-08 10:18:29.300,-0.053020015872,-0.19907526528,-0.0080748544,-26.7965001984,-32.8340003584,20.4909999616,,,10.325333249422222,0.0,False
2020-01-08 10:18:29.400,-0.067214970624,-0.520244867072,0.1509798535679999,-27.0690000384,-33.2169996032,20.6275008,,,10.221263920355558,0.0,False
2020-01-08 10:18:29.500,-0.02459998464,-0.3992002368,-0.0043048327679999,-26.9234991616,-32.57749952,21.7365001984,,,10.286013986844443,0.0,False
2020-01-08 10:18:29.600,-0.0135636702618697,-0.6570634313286908,0.1962393158856947,-25.867575966011497,-32.05363677502269,22.11363677502269,,,10.391994862189629,0.0,False
2020-01-08 10:18:29.700,-0.0612792049293971,-0.3997178596865645,0.1069138812919643,-26.071188043525098,-32.65039601450837,22.868811956474904,,,10.248099554351311,0.0,False
2020-01-08 10:18:29.800,-0.0496265110255547,-0.7069705565232232,0.2649176203073,-25.47676481660886,-32.310587845536816,23.545588372594985,,,10.195228740453693,0.0,False
2020-01-08 10:18:29.900,-0.0796124181060154,-0.6288143475126172,0.2000020892761982,-25.573265728347074,-31.65948943606784,23.86040798094104,,,10.154183698525648,0.0,False
2020-01-08 10:18:30.000,0.209769898752,-0.540710100736,0.117005019648,-24.8565001984,-32.2169996032,24.293500441600003,,,10.095097163377778,0.0,False
2020-01-08 10:18:30.100,0.108045139712,-0.571959562496,0.090089773824,-25.12,-31.7080000768,25.1140009984,,,10.013486096355555,0.0,False
2020-01-08 10:18:30.200,0.276184925696,-0.047720242432,-0.1751398499839999,-24.9804994048,-31.8385001216,26.3829997568,,,10.004388933688888,0.0,False
2020-01-08 10:18:30.300,0.146614868224,-0.2948196805119999,0.00242490752,-24.2365001984,-31.9909999616,26.2385007616,,,10.052805508266667,0.0,False
2020-01-08 10:18:30.400,-0.02554998784,0.098464867584,-0.150340127744,-24.4534998016,-31.9580000768,27.2590000384,,,9.98158329742222,0.0,False
2020-01-08 10:18:30.500,-0.0140212288509227,-0.0640969215373436,-0.3149545271889925,-24.170302958996068,-32.00393919098881,27.338787983005748,,,9.928922540943452,0.0,False
2020-01-08 10:18:30.600,-0.0254999908752417,0.0443643779576256,-0.2586128534893329,-23.961782115980743,-31.71851486955397,27.63940602893055,,,9.88922991546362,0.0,False
2020-01-08 10:18:30.700,0.0312149155839999,0.167229754368,-0.095584941056,-23.4670001152,-31.87,28.5945009152,,,9.818902747022221,0.0,False
2020-01-08 10:18:30.800,-0.0723545145182936,-0.1289998913940096,-0.0526940675270674,-23.516969323979428,-31.88969704100393,29.696363224977308,,,9.773510084554648,0.0,False
2020-01-08 10:18:30.900,-0.026932,-0.072296,-0.15682,-22.9592,-31.9392,29.22,,,9.74387777777778,0.0,False
2020-01-08 10:18:31.000,-0.0508683239086408,-0.5796098522042628,0.3012029475503826,-23.02990097102636,-31.69920797098327,30.09960398549164,,,9.719260174316679,0.0,False
2020-01-08 10:18:31.100,-0.0932453931666145,-0.252145749756283,0.1033030042485629,-22.88060609900212,-31.968484299969745,30.23424214998488,,,9.690437657719313,0.0,False
2020-01-08 10:18:31.200,-0.0118762462265322,-0.692831673049773,0.1103822082421913,-22.86079202901673,-31.05188114495439,29.81,,,9.604928490339725,0.0,False
2020-01-08 10:18:31.300,-0.06704992768,-0.6094250060799999,0.37267504512,-22.316999475200003,-30.72750016,29.9045004032,,,9.589597246577778,0.0,False
2020-01-08 10:18:31.400,0.015439942144,-0.580779843328,0.37799976704,-21.7430005248,-31.1920010752,30.5330003968,,,9.615069415111112,0.0,False
2020-01-08 10:18:31.500,-0.0646821943015884,-0.4012149912174201,0.07030792916146,-22.34643518506784,-32.38831569635846,31.125346854873253,,,9.581721699660836,0.0,False
2020-01-08 10:18:31.600,-0.0955344456827825,-0.5546595106524376,0.1288741517742857,-21.757676323118336,-31.149091666041752,31.63293042234801,,,9.602300687177108,0.0,False
2020-01-08 10:18:31.700,-0.144869898752,-0.470809902336,0.3984948869119999,-21.3454995968,-31.6704999168,32.4204999168,,,9.540486147555555,0.0,False
2020-01-08 10:18:31.800,-0.0120323578574332,-0.3799971759721713,0.2447999894588367,-20.80117644401388,-31.579117704636605,32.32029414865048,,,9.596568650580517,0.0,False
2020-01-08 10:18:31.900,-0.020624492962603,-0.5465430707501332,0.2095633193316824,-20.824285445597315,-31.7390814551268,32.38,,,9.643100899832467,0.0,False
2020-01-08 10:18:32.000,-0.0060666346882361,-0.250900327628071,0.1423395041360781,-21.158484299969743,-31.955454166979127,32.389090942001815,,,9.659730652834055,0.0,False
2020-01-08 10:18:32.100,0.0271940491368232,-0.5894939528199306,0.2434771837954432,-20.389207970983268,-31.420693101429293,32.41940592754435,,,9.682376239129498,0.0,False
2020-01-08 10:18:32.200,-0.0700061008122176,0.2461603963084306,-0.0851028865920733,-20.76303013299062,-31.75515175101301,32.35848502400968,,,9.693779456860868,0.0,False
2020-01-08 10:18:32.300,-0.1087069158063625,0.0055653996770849,0.0405821169946087,-20.46990097102636,-32.091485130446024,32.460494942095806,,,9.699925750800036,0.0,False
2020-01-08 10:18:32.400,-0.000355070208,0.39214974848,-0.380269605632,-20.3940003584,-31.8919997952,31.63500032,,,9.765138872888889,0.0,False
2020-01-08 10:18:32.500,-0.065279879168,0.110015221504,0.1285299361279999,-20.7109993216,-31.5734998016,31.98499968,,,9.770305668266667,0.0,False
2020-01-08 10:18:32.600,0.08582496,0.401229987328,-0.023260285696,-20.0260009216,-31.3760002816,31.6170002432,,,9.935291731911112,0.0,False
2020-01-08 10:18:32.700,0.0217908695978216,0.3698090380870865,-0.3857150900266085,-21.116666183973376,-31.81666690801331,31.930909057998186,,,10.039368749947924,0.0,False
2020-01-08 10:18:32.800,-0.0383970291307907,0.3246782410000735,-0.2608336445044876,-20.509406028930552,-32.16940592754435,31.840396014508364,,,10.12950769605768,0.0,False
2020-01-08 10:18:32.900,-0.02812497664,0.431009624576,-0.071754867968,-21.1929997568,-31.94749952,31.5354995968,,,10.101708383288889,0.0,False
2020-01-08 10:18:33.000,0.01445004928,-0.0311798446079999,0.064689833984,-20.9555003648,-31.3670002432,31.0465001984,,,10.182888952177777,0.0,False
2020-01-08 10:18:33.100,0.0958150679039999,0.151619899392,-0.127359878656,-21.4114998784,-31.6990000384,31.2454997248,,,10.28031950151111,0.0,False
2020-01-08 10:18:33.200,0.156119872512,0.014744986112,0.0226549524479999,-21.2304999168,-31.8340003584,30.8604999168,,,10.383986230044444,0.0,False
2020-01-08 10:18:33.300,-0.0141242457701845,-0.0043666690801331,-0.0234544837465963,-21.26242475802844,-32.25393919098881,30.73181811599637,,,10.548005072445655,0.0,False
2020-01-08 10:18:33.400,-0.003748,0.004044,0.0683199999999999,-21.94,-31.9,30.5788,,,10.581322222222221,0.0,False
2020-01-08 10:18:33.500,0.0584306807323125,0.0456692929072747,0.0412851436262296,-21.29099008696401,-31.808811956474905,30.468415941966537,,,10.591212879624445,0.0,False
2020-01-08 10:18:33.600,-0.0504394136310861,-0.067157558589053,0.0087697276316912,-21.2460608090112,-32.37333309198669,31.18727228297549,,,10.658964638694016,0.0,False
2020-01-08 10:18:33.700,-0.073444,-0.0054319999999999,0.036584,-21.5904,-31.9696,30.4696,,,10.65401111111111,0.0,False
2020-01-08 10:18:33.800,-0.0156759999999999,0.159808,-0.0616,-21.75,-31.77,30.3804,,,10.701955555555555,117.19771396097502,False
2020-01-08 10:18:33.900,0.0701237547873297,0.0725109002841348,-0.0254376168159156,-21.75,-31.47128707249874,30.631188043525096,,,10.770462053538111,117.19730039041389,False
2020-01-08 10:18:34.000,-0.001990036224,0.115759855616,0.039730029568,-21.78750016,-31.0930003968,30.1320005632,,,10.82206940231111,0.0,False
2020-01-08 10:18:34.100,-0.065580066048,-0.074994995712,0.086485031936,-21.96249984,-31.65750016,30.7764995584,,,10.77961116871111,0.0,False
2020-01-08 10:18:34.200,-0.1197847271533076,-0.0590878418179608,0.1291575766900514,-21.901515700030256,-31.88060609900212,30.19,,,10.846262590609145,0.0,False
2020-01-08 10:18:34.300,0.0562405866712628,0.008301986662645,0.1025603782719228,-22.680296985534724,-31.88930689857071,30.209009913035985,,,10.779845977460157,0.0,False
2020-01-08 10:18:34.400,0.0034970029918364,0.0554848230885992,-0.0304150936468081,-22.347878925007564,-31.71545489101906,30.26303013299062,,,10.733173448363742,0.0,False
2020-01-08 10:18:34.500,0.0630000050693101,0.0287307010095531,0.0413732560939444,-22.550495043482005,-32.11059397106945,29.980990086964017,,,10.806020351449641,0.0,False
2020-01-08 10:18:34.600,0.078484884736,0.11037506432,-0.060735033856,-22.5465001984,-31.4360002816,29.7569994752,,,10.79061106631111,0.0,False
2020-01-08 10:18:34.700,-0.05862493184,0.18259994368,-0.092709944576,-22.9420005632,-31.9045004032,29.1260002816,,,10.721027734755555,0.0,False
2020-01-08 10:18:34.800,0.0253599720959999,0.09872496128,-0.0073999500799999,-23.65249984,-32.40249984,29.5090000384,,,10.676513942755555,0.0,False
2020-01-08 10:18:34.900,-0.027060065536,0.052160020736,0.04112492416,-23.561500518400003,-32.1239997184,29.5509999616,,,10.730805481955557,0.0,False
2020-01-08 10:18:35.000,-0.092784909056,0.100835090176,-0.074270062592,-24.3340003584,-31.6659996416,29.65000064,,,10.633055555555556,0.0,False
2020-01-08 10:18:35.100,0.014814943744,0.232240049664,-0.148804963328,-24.8295000832,-31.2830003968,30.4534998016,,,10.622847178666666,0.0,False
2020-01-08 10:18:35.200,-0.036259899136,0.244094769152,-0.0925849679359999,-24.816999475200003,-31.8295000832,30.2455002368,,,10.552708280888888,0.0,False
2020-01-08 10:18:35.300,0.098306062800121,-0.0493332856673708,-0.0173938213534892,-24.14878798300575,-31.882424033988503,30.46606026598124,,,10.466683442413398,0.0,False
2020-01-08 10:18:35.400,0.0928920736266605,0.0359643637635572,0.1449544426166765,-24.22128707249874,-31.550495043482005,29.97009902897364,,,10.388641372780452,0.0,False
2020-01-08 10:18:35.500,0.0625406746237938,0.1123703703891455,-0.0108081570269509,-23.879208553953934,-31.51782186951089,30.15673280426633,,,10.458264562508678,0.0,False
2020-01-08 10:18:35.600,0.1405998730450637,0.1871141988385974,-0.2541283122568983,-24.49571331172139,-31.62,30.22142787731869,,,10.423095090379203,0.0,False
2020-01-08 10:18:35.700,0.0767940805665461,0.1676970595466516,-0.0780841725998717,-23.759504956518,-31.65009902897364,29.72960398549164,,,10.300671061195304,0.0,False
2020-01-08 10:18:35.800,0.178104675328,0.3485847042559999,-0.138484750336,-23.8009999616,-31.8385001216,29.8454995968,,,10.244027747555556,0.0,False
2020-01-08 10:18:35.900,-0.2457514885485326,0.0198911411127976,0.1279330974169875,-23.72121201699425,-32.00909094200181,29.32060609900212,,,10.21542091716897,0.0,False
2020-01-08 10:18:36.000,-0.1471583794429335,0.2874256846737012,-0.1835029363979002,-23.639207970983268,-32.001386101472384,29.38,,,10.27586358373754,0.0,False
2020-01-08 10:18:36.100,0.157339997184,-0.179759922176,0.076954898688,-24.0419999232,-31.6990000384,29.3694999552,,,10.251347211377778,0.0,False
2020-01-08 10:18:36.200,0.148829979648,-0.032344812032,-0.082680107008,-23.9955002368,-31.7785001216,29.1794994432,,,10.243402805333334,0.0,False
2020-01-08 10:18:36.300,0.124065009664,0.1941399011839999,-0.198504887808,-24.1689993984,-31.8829997568,28.570500556800003,,,10.284208351288889,0.0,False
2020-01-08 10:18:36.400,0.1008998463999999,0.108665195264,-0.0633750592,-23.4180002048,-31.6170002432,29.19749952,,,10.315847255466668,0.0,False
2020-01-08 10:18:36.500,-0.118205064448,0.3852500735999999,-0.148465027584,-23.6794999552,-31.97750016,28.6080002048,,,10.363583348622221,0.0,False
2020-01-08 10:18:36.600,-0.170889859584,0.3826945720319999,-0.135884790016,-23.7145004032,-32.1794999552,28.84249984,,,10.405055645866668,0.0,False
2020-01-08 10:18:36.700,-0.0054455307342023,-0.1507604795730233,0.1168029354647689,-24.259090942001816,-32.054848248986985,28.50575712597519,,,10.523484842999697,0.0,False
2020-01-08 10:18:36.800,-0.0644643191536279,-0.0158841969325604,-0.0036980031987346,-24.34960398549164,-31.797722840537247,27.90980204343892,,,10.537970311585148,0.0,False
2020-01-08 10:18:36.900,0.231614929664,-0.367345121792,0.1508750656,-24.6065001984,-32.164499123199995,28.47750016,,,10.6630000128,0.0,False
2020-01-08 10:18:37.000,0.127654955008,-0.420454536448,0.1783297454079999,-24.8805000448,-31.1965008384,28.6614998784,,,10.691083380622223,0.0,False
2020-01-08 10:18:37.100,0.0655818097895371,0.1308815853371569,-0.1053755605491325,-24.76878725896581,-32.27212107499244,28.5,,,10.77270208830931,0.0,False
2020-01-08 10:18:37.200,0.0357762269631537,-0.1058464564254773,0.1107345972813289,-23.91930699995691,-32.020396014508364,28.5,,,10.889276684778185,0.0,False
2020-01-08 10:18:37.300,-0.060190932951316,0.5144241136328963,-0.3249665387529447,-24.584848792016945,-31.75393919098881,28.56666690801331,,,10.959494987891006,0.0,False
2020-01-08 10:18:37.400,-0.1165195834734638,0.3417725156737058,-0.1474293862533192,-25.00196085714716,-31.488627389957788,28.90078436293728,,,11.052004315741861,0.0,False
2020-01-08 10:18:37.500,-0.2284797433788962,0.4878383605107597,-0.2380334677982405,-24.663131506679285,-31.723131506679284,28.55707166462384,,,11.23864191305637,0.0,False
2020-01-08 10:18:37.600,-0.249539893504,0.44794974592,-0.097519884032,-24.57500032,-31.44749952,27.8445004032,,,11.300986153244445,0.0,False
2020-01-08 10:18:37.700,-0.103719981312,0.179845295872,-0.0151253055999999,-25.0,-30.8009999616,28.2764995584,,,11.370902837333333,0.0,False
2020-01-08 10:18:37.800,-0.0469301872936162,0.4462389357647284,-0.3238481331406008,-24.953030132990623,-30.796969867009377,27.58545416697913,,,11.477735790644426,0.0,False
2020-01-08 10:18:37.900,0.1291376218852257,-0.1644722151111066,0.1397722262635889,-24.699504956517995,-31.208910985448544,27.009504956518,,,11.64652091062271,0.0,False
2020-01-08 10:18:38.000,0.111029989888,0.276709660416,-0.223209725696,-24.7680000768,-31.96249984,27.1080002048,,,11.731555613155555,0.0,False
2020-01-08 10:18:38.100,0.0979750016,-0.083339611904,0.08919977856,-24.9555003648,-31.8340003584,27.3890000384,,,11.816888926577779,0.0,False
2020-01-08 10:18:38.200,0.0940999744,0.312804491008,-0.138569716992,-25.3829997568,-32.263499801600005,27.4580000768,,,11.892611220622221,0.0,False
2020-01-08 10:18:38.300,0.0660394154411859,-0.2758057442225492,0.1846179910994805,-25.12666690801331,-31.990909057998184,27.597878925007564,,,12.05880478892081,0.0,False
2020-01-08 10:18:38.400,0.0536920503078338,0.161671254223369,-0.0588989772666786,-25.53009902897364,-31.791089014551456,27.770396014508364,,,12.1715236501624,0.0,False
2020-01-08 10:18:38.500,-0.1895848520501966,-0.0641240611400008,0.15695736671847,-25.538484299969745,-31.189394625037817,27.446363224977308,,,12.185168466423079,0.0,False
2020-01-08 10:18:38.600,-0.2119554562252396,0.1178444920677969,-0.1129346195862935,-24.788217884019254,-32.09158405803346,26.781485130446026,,,12.361523650162402,0.0,False
2020-01-08 10:18:38.700,-0.29602497664,-0.36679983616,0.217510198016,-25.3565001984,-31.2680000768,26.6014998784,,,12.378597373866667,0.0,False
2020-01-08 10:18:38.800,-0.2252422803120612,-0.2085941544118597,0.485833352641065,-25.63969704100393,-31.456363949017245,26.55363677502269,,,12.585303049501057,0.0,False
2020-01-08 10:18:38.900,-0.0215307050650012,-0.4852791724858123,0.4229949907611823,-25.759504956518,-31.86079202901673,27.22009902897364,,,12.640962612711181,0.0,False
2020-01-08 10:18:39.000,-0.113504963328,-0.13097475584,-0.080330046208,-25.8009999616,-31.4490000384,27.4640003584,,,12.793763952355555,0.0,False
2020-01-08 10:18:39.100,-0.0757545851121874,0.1478907447009327,-0.1087453352434196,-25.712121074992435,-31.41515120798305,27.806666183973377,,,12.88196971113967,0.0,False
2020-01-08 10:18:39.200,-0.1216861288466559,-0.0628989823359888,0.025059373788118,-25.549108942009628,-31.06831691299289,26.961782115980743,,,12.933195838152695,0.0,False
2020-01-08 10:18:39.300,-0.0373757487995159,0.0776542176619198,-0.1540754302219441,-25.74333309198669,-31.645454166979125,26.524848792016943,,,13.10058926794678,0.0,False
2020-01-08 10:18:39.400,-0.004584146239459,-0.3438395497438731,0.2894563958218746,-25.430198057947287,-31.129703014465274,27.02059407245565,,,13.167035204105916,0.0,False
2020-01-08 10:18:39.500,0.097154998528,0.0241046305279999,0.0068252185599999,-25.82500032,-31.46249984,27.09249984,,,13.19506954311111,0.0,False
2020-01-08 10:18:39.600,0.086634963456,-0.375339610624,0.2493847964159999,-26.21249984,-31.25,26.9265001984,,,13.330277795555556,0.0,False
2020-01-08 10:18:39.700,0.028829960448,0.10459984128,-0.024420014592,-25.9804999168,-31.25,27.1059996416,,,13.373097304177778,0.0,False
2020-01-08 10:18:39.800,-0.0104699435519999,-0.039059713536,-0.077670144512,-25.87,-31.36250048,26.6014998784,,,13.496486173155555,0.0,False
2020-01-08 10:18:39.900,0.062534991616,0.341129998848,-0.258754953728,-25.90750016,-31.9429997568,26.47750016,,,13.580263894755555,0.0,False
2020-01-08 10:18:40.000,0.038904946688,0.323009929216,-0.223745112832,-26.0734998016,-31.5269996032,26.72750016,,,13.596430591288888,0.0,False
2020-01-08 10:18:40.100,-0.022209958656,0.22960000256,-0.328719808512,-25.8295000832,-31.0930003968,26.9955002368,,,13.657555613866666,0.0,False
2020-01-08 10:18:40.200,0.031439994624,0.212134910976,-0.0736649968639999,-25.86499968,-31.5179995648,27.2079995648,,,13.744583374222222,0.0,False
2020-01-08 10:18:40.300,0.006209922816,0.100785029376,-0.06679998848,-25.552500480000003,-30.9670001152,26.6765001984,,,13.812388946488888,0.0,False
2020-01-08 10:18:40.400,-0.0823199403519999,0.06847469568,0.00677524864,-26.2830003968,-31.1485001216,26.8184994816,,,13.893263907555555,0.0,False
2020-01-08 10:18:40.500,-0.0041909130402178,-0.2942150013317163,0.2952119699316558,-26.60242349095855,-31.37666690801331,26.10121201699425,,,13.932449547058429,0.0,False
2020-01-08 10:18:40.600,-0.0326208062230851,-0.0719118875322851,0.0752831772408251,-25.40990097102636,-31.710396014508365,26.01920797098327,,,14.018732126809358,0.0,False
2020-01-08 10:18:40.700,-0.145154974208,-0.1157099599359999,0.121284877056,-25.2965001984,-31.5,26.5060002816,,,14.060472271644445,0.0,False
2020-01-08 10:18:40.800,-0.11307500928,-0.060654992128,-0.025289928704,-25.5314998784,-31.4159996416,26.8604999168,,,14.13736115911111,0.0,False
2020-01-08 10:18:40.900,-0.1129757125975191,-0.0521697041003933,0.0720515247505294,-25.43666690801331,-31.08090960102814,26.77878798300575,,,14.208518545334814,0.0,False
2020-01-08 10:18:41.000,-0.0523029759385194,-0.0712158466635068,0.1086346672378089,-25.740296985534723,-31.860495043482008,26.959009913035985,,,14.255544557968827,0.0,False
2020-01-08 10:18:41.100,-0.0981299937279999,-0.093219912192,0.187484843776,-25.4180002048,-31.69749952,27.02249984,,,14.297583387022222,0.0,False
2020-01-08 10:18:41.200,-0.094885021696,-0.0164101698559999,-0.000964918784,-25.6704999168,-31.0885001216,26.7919999232,,,14.373847243377778,0.0,False
2020-01-08 10:18:41.300,-0.1074272138167506,-0.2026968274121519,0.0975514813081332,-25.43727228297549,-31.22121201699425,26.56727228297549,,,14.41739062830864,0.0,False
2020-01-08 10:18:41.400,-0.0427713039026084,0.014057423624506,0.0350455381199449,-24.84821788401925,-31.020396014508364,26.07801992745817,,,14.513261832121907,0.0,False
2020-01-08 10:18:41.500,-0.15617488384,-0.015205049088,-0.020280005888,-25.3234998016,-30.92250048,27.0069994752,,,14.562888888177778,0.0,False
2020-01-08 10:18:41.600,5.000832000000028e-05,-0.0631499264,-0.02104996992,-25.1545004032,-31.5690000384,26.3205000448,,,14.576486173155557,0.0,False
2020-01-08 10:18:41.700,-0.0142940313250706,0.0196150972670078,0.0215212216105234,-25.64151497599032,-31.6775759660115,26.38,,,14.663897324528776,0.0,False
2020-01-08 10:18:41.800,-0.1066465030631306,-0.0468425631952875,0.0228138529038275,-25.43970301446528,-31.97940592754435,26.438613898527617,,,14.699381192831208,0.0,False
2020-01-08 10:18:41.900,0.1406090272264874,0.0903698579588797,-0.0644667251932281,-25.71606026598124,-31.860909057998185,26.65606026598124,,,14.745875446168062,0.0,False
2020-01-08 10:18:42.000,0.0605554572391016,0.2691900545204305,-0.1684653550671556,-25.178910884062343,-31.84960398549164,26.11891088406234,,,14.812106727847608,0.0,False
2020-01-08 10:18:42.100,0.14202492928,-0.096404968448,-0.1791147402239999,-25.2145004032,-32.02249984,26.1080002048,,,14.952652763022222,0.0,False
2020-01-08 10:18:42.200,0.0371349532159999,-0.040684941056,0.154409950976,-25.8910006016,-31.8295000832,26.3694999552,,,14.931263881244444,0.0,False
2020-01-08 10:18:42.300,-0.042265073664,-0.043280345088,0.085414983424,-26.6614998784,-31.816999475200003,26.4330005248,,,14.949444565333332,0.0,False
2020-01-08 10:18:42.400,-0.0917967948303548,-0.3732813536443775,-0.0082669261143104,-26.4424240339885,-31.253333816026625,27.025454166979124,,,15.103013442720828,0.0,False
2020-01-08 10:18:42.500,0.1146524346629289,0.2583138062661743,-0.3419247095918952,-26.04079202901673,-32.00950495651799,26.52871292750126,,,15.080214531797106,0.0,False
2020-01-08 10:18:42.600,-0.202094899712,-0.161229818368,0.019685008896,-25.6109999616,-31.94749952,26.92499968,,,15.182111175822223,0.0,False
2020-01-08 10:18:42.700,-0.0789303393420028,0.0668332856673708,0.0415757940520119,-25.60696986700938,-31.367575966011497,26.509090942001816,,,15.25290398555253,0.0,False
2020-01-08 10:18:42.800,-0.119196,-0.03314,0.09112,-25.87,-31.7492,26.5104,,,15.181655555555555,126.6001745431414,False
2020-01-08 10:18:42.900,-0.0345277220294476,-0.1658148482628741,0.0682277311542058,-25.920693101429293,-31.95069300004309,26.259504956518,,,15.25050329871276,126.59959489998364,False
2020-01-08 10:18:43.000,-0.0238299809279999,-0.140345006592,0.144230024448,-26.1419997952,-31.3609999616,26.3205000448,,,15.23456943431111,0.0,False
2020-01-08 10:18:43.100,0.0052575893607503,-0.1514030386404598,0.1706999782788019,-25.88060609900212,-31.291818115996367,26.35121201699425,,,15.216397289332393,0.0,False
2020-01-08 10:18:43.200,0.0219435615959202,-0.1530524681203758,0.1247277149324134,-25.949504956517995,-31.16940592754435,26.16940592754435,,,15.190308030998267,0.0,False
2020-01-08 10:18:43.300,0.0177091593637757,-0.0713453750656161,0.0540757397490167,-26.084848792016945,-31.097878925007564,25.99484824898699,,,15.185757553359876,0.0,False
2020-01-08 10:18:43.400,0.09079205841873,0.0677267428921935,0.0258821778263305,-26.51089105799037,-31.319504956517992,25.688613898527617,,,15.149526951691444,0.0,False
2020-01-08 10:18:43.500,-0.071859950336,0.148764980224,0.0012699089919999,-26.1284994816,-31.3805000448,25.9159996416,,,15.147527805155557,0.0,False
2020-01-08 10:18:43.600,0.001615032064,0.0947648816639999,-0.101719923712,-25.5240003584,-31.5420004352,25.5060002816,,,15.172222172444442,0.0,False
2020-01-08 10:18:43.700,0.061420073472,-0.0581849820159999,-0.002080007168,-26.0,-31.9609993216,25.8980000768,,,15.102777763555554,0.0,False
2020-01-08 10:18:43.800,0.1375453768757159,-0.0105877929452651,-0.0220242801620815,-25.848484299969744,-31.00393919098881,25.90606026598124,,,15.081026925666094,0.0,False
2020-01-08 10:18:43.900,0.0117039999999999,0.1214,-0.075712,-25.0592,-30.8788,25.42,,,15.04642222222222,0.0,False
2020-01-08 10:18:44.000,0.0096653641919139,0.1249148563737703,-0.0820227918718681,-25.430198057947287,-31.80188114495439,25.80742585500252,,,14.960638071251406,0.0,False
2020-01-08 10:18:44.100,0.1614272862207442,0.1405362718149354,-0.1977846728503124,-25.730302958996067,-31.32636322497731,26.75,,,15.009713756414003,0.0,False
2020-01-08 10:18:44.200,0.1674564262377354,-0.0012306928986568,0.0825336688371762,-25.580396014508366,-30.797722840537247,26.71990097102636,,,14.925671061195304,0.0,False
2020-01-08 10:18:44.300,0.07599994624,-0.0029200133119999,0.0802047943679999,-25.48250048,-31.40750016,26.5044997632,,,14.877152782222222,0.0,False
2020-01-08 10:18:44.400,0.00219998976,-0.029060036096,-0.1651498816,-26.1485001216,-31.5269996032,26.1329997568,,,14.867763823644445,0.0,False
2020-01-08 10:18:44.500,-0.0202200376319999,-0.084620032512,0.0239751359999999,-26.2064995584,-31.0465001984,25.88500032,,,14.771486070044446,0.0,False
2020-01-08 10:18:44.600,-0.067394988032,-0.160830140928,0.223155079168,-25.7055003648,-31.3760002816,26.3205000448,,,14.723111137422222,0.0,False
2020-01-08 10:18:44.700,-0.0610700408319999,-0.3140398551039999,0.284934814976,-26.11499968,-31.7409999616,26.3890000384,,,14.744097162666668,0.0,False
2020-01-08 10:18:44.800,-0.1150424233099485,-0.0552058202467424,0.0197908388261243,-25.614242149984875,-31.699090942001817,26.41121201699425,,,14.657592565776296,0.0,False
2020-01-08 10:18:44.900,-0.0913742433420947,0.3244891139099335,-0.1161633836124411,-25.32782186951089,-31.78009902897364,26.259504956518,,,14.608982393722616,0.0,False
2020-01-08 10:18:45.000,0.028380007168,0.352944942592,-0.259829995008,-26.0795000832,-31.86499968,26.2829998848,,,14.56661109191111,0.0,False
2020-01-08 10:18:45.100,0.034975746989416,0.2970182553740571,-0.26632125962262,-26.12333309198669,-31.420302958996068,26.110302958996066,,,14.538670024832845,0.0,False
2020-01-08 10:18:45.200,0.0269326785474398,0.4027049453655099,-0.3120613685616593,-25.740495043482007,-31.270396014508364,26.039603985491635,,,14.509774467799879,0.0,False
2020-01-08 10:18:45.300,0.069069990912,0.345779940608,-0.144284912896,-25.7080000768,-31.1065001984,26.2695000832,,,14.418263843555554,0.0,False
2020-01-08 10:18:45.400,0.049559968256,0.273365027584,-0.08515024128,-25.7919999232,-31.3805000448,26.3229997568,,,14.367513929244442,0.0,False
2020-01-08 10:18:45.500,0.0097181902104628,0.2956363116371319,-0.3720392724432986,-25.71727282600545,-31.277878200967628,25.98181811599637,,,14.414587518470919,0.0,False
2020-01-08 10:18:45.600,0.0389693172399634,0.2469623963642907,-0.1926861440545863,-25.850990086964018,-30.57910904339583,25.86891088406234,,,14.347956526581914,0.0,False
2020-01-08 10:18:45.700,0.119309974016,0.392629901568,-0.244030024448,-25.8340003584,-31.5579994368,25.88500032,,,14.194055581155554,0.0,False
2020-01-08 10:18:45.800,0.093131702878347,0.2866723358308071,-0.2811930804091937,-26.235742398588705,-30.875346689241937,26.255049374955643,,,14.23131463917305,0.0,False
2020-01-08 10:18:45.900,0.1372939653701146,0.4266636510325353,-0.2877930755744496,-25.77464671931485,-31.293838068049585,25.88626301335857,,,14.24124024267468,0.0,False
2020-01-08 10:18:46.000,0.108634971136,0.439185106176,-0.210670196992,-25.6920005632,-31.5795000832,25.6830005248,,,14.171680485688888,0.0,False
2020-01-08 10:18:46.100,0.065034977536,0.542654839808,-0.447084892416,-26.4490000384,-31.7365001984,26.3604999168,,,14.069472182044443,0.0,False
2020-01-08 10:18:46.200,0.028029969408,0.364265146624,-0.308865019904,-26.4429997568,-31.9714998784,26.1659996416,,,14.029277833955554,0.0,False
2020-01-08 10:18:46.300,-0.0294182427033582,0.4795148637641285,-0.2924816631714501,-26.14878798300575,-31.81,25.72787892500757,,,14.077710342939216,0.0,False
2020-01-08 10:18:46.400,-0.1279564384040797,0.1122455938823565,-0.0719316953547376,-26.359108942009627,-31.800495043482005,26.01920797098327,,,13.905104493971605,0.0,False
2020-01-08 10:18:46.500,-0.146164978944,0.407389494784,-0.11357474176,-26.62,-31.71249984,26.5330003968,,,13.763652763733335,0.0,False
2020-01-08 10:18:46.600,-0.102029931008,-0.1680945925119999,0.165094725632,-26.5179995648,-31.5090000384,26.8724992,,,13.7540000384,0.0,False
2020-01-08 10:18:46.700,-0.008359991296,0.239584430336,-0.124779682048,-25.9670001152,-31.6635004416,25.8385001216,,,13.817291719111111,0.0,False
2020-01-08 10:18:46.800,-0.0094818640925323,-0.4504997592567213,0.2588937996322911,-26.110909057998185,-32.1924240339885,26.09545489101906,,,13.863164897078587,0.0,False
2020-01-08 10:18:46.900,-0.0564999847920695,-0.1351614222963468,0.0753495256393033,-26.02990097102636,-31.762277159462755,26.55079202901673,,,13.756622679136042,0.0,False
2020-01-08 10:18:47.000,0.0493249075199999,-0.408854874368,0.259180044288,-25.90750016,-31.2455002368,26.09249984,,,13.876013794844443,0.0,False
2020-01-08 10:18:47.100,-0.060944946432,-0.23142495488,0.298544916992,-26.1305000448,-31.5690000384,25.9640003584,,,13.744777750755555,0.0,False
2020-01-08 10:18:47.200,-0.01125009152,-0.164929971968,0.166909908736,-26.2365001984,-31.7235004416,26.4114998784,,,13.707097214577775,0.0,False
2020-01-08 10:18:47.300,-0.1047089892143908,-0.0968514034738401,0.0326999529374041,-26.47121201699425,-32.31,26.212121074992435,,,13.696944444444444,0.0,False
2020-01-08 10:18:47.400,0.0132811632039053,0.0614207829042584,-0.031450489568627,-26.27990097102636,-32.24029698553473,26.02059407245565,,,13.678418580120024,0.0,False
2020-01-08 10:18:47.500,-0.174389909504,0.039595235072,-0.0243051655679999,-26.1395000832,-31.83249984,26.1765001984,,,13.577583323022223,0.0,False
2020-01-08 10:18:47.600,-0.0729121889537364,0.307163474771087,-0.2203514288152379,-26.259090942001816,-31.695757850015127,26.31727228297549,,,13.562373731888584,0.0,False
2020-01-08 10:18:47.700,-0.1542385989947557,0.1024119098372497,-0.103497040283273,-26.26089105799037,-32.15009902897364,25.61891088406234,,,13.567222230671073,0.0,False
2020-01-08 10:18:47.800,-0.0394939752119756,0.3269029734768656,-0.1785635869972771,-26.104545833020875,-32.24333309198669,25.617575966011497,,,13.635909083138461,0.0,False
2020-01-08 10:18:47.900,-0.0759692949349987,0.239776238115636,-0.1441802246211324,-26.541089014551456,-31.850990086964018,25.97009902897364,,,13.605539042277767,0.0,False
2020-01-08 10:18:48.000,0.01732496896,0.223454912768,-0.308669750272,-25.8535004416,-31.8340003584,26.0069994752,,,13.520513942044445,0.0,False
2020-01-08 10:18:48.100,-0.002359908096,0.109610008576,0.0060799278079999,-26.3079994368,-32.3009999616,25.4330005248,,,13.57640271502222,0.0,False
2020-01-08 10:18:48.200,0.111644965632,0.08739985664,-0.071154920448,-25.6170002432,-32.2034998016,26.2140003584,,,13.511347300266667,0.0,False
2020-01-08 10:18:48.300,0.0688181920205627,-0.0909090471375856,0.0293939209089804,-25.89151497599032,-31.89151497599032,26.59454510898094,,,13.60788717963747,0.0,False
2020-01-08 10:18:48.400,0.0727663291350996,-0.0333227786916617,0.0116831752131011,-25.72930699995691,-31.670693101429293,26.09009902897364,,,13.587681530588078,0.0,False
2020-01-08 10:18:48.500,-0.0039150589439999,-0.050559844096,0.06477497984,-26.2259996416,-31.9490000384,26.2034998016,,,13.674402702933333,0.0,False
2020-01-08 10:18:48.600,-0.07837498368,0.187970134272,0.0030648509439999,-25.7785001216,-31.9534998016,25.9490000384,,,13.58429170631111,0.0,False
2020-01-08 10:18:48.700,-0.076440084224,0.315764784384,-0.154384827136,-25.9294999552,-31.7080000768,25.9339997184,,,13.647152821333332,0.0,False
2020-01-08 10:18:48.800,-0.1771076445538461,0.1058714801230769,0.0128631955692307,-25.771922658461538,-31.81,25.596057846153844,,,13.699511194529915,0.0,False
2020-01-08 10:18:48.900,-0.1095885352,0.4399628456,-0.3055288672,-25.26104208,-31.77447896,25.79624992,,,13.673246564444444,0.0,False
2020-01-08 10:18:49.000,-0.081109915136,-0.4033346536959999,0.104665053184,-25.7919999232,-31.6590006784,25.7080000768,,,13.738736182755554,0.0,False
2020-01-08 10:18:49.100,0.0166302488370108,-0.0110972147735177,0.2012546394151826,-25.78393973401876,-32.39939335796793,25.896363949017243,,,13.830732311804926,0.0,False
2020-01-08 10:18:49.200,-0.0423286971112536,-0.3691465213126471,0.2917405592969881,-26.25138610147238,-31.55861389852761,26.329306898570707,,,13.820008255230753,0.0,False
2020-01-08 10:18:49.300,0.099805042688,-0.2521549780479999,0.0031800122879999,-25.90249984,-31.75749952,26.0705000448,,,13.872111175822221,0.0,False
2020-01-08 10:18:49.400,0.1285756564844241,-0.2537728386761447,0.0621365179885136,-25.66121201699425,-31.18666690801331,26.016363224977308,,,13.96184344805631,0.0,False
2020-01-08 10:18:49.500,-0.0438158517328169,-0.3656484765455692,0.2639257191450102,-25.60930699995691,-31.59960398549164,25.47821788401925,,,13.987015954104718,0.0,False
2020-01-08 10:18:49.600,-0.132980017408,-0.07322512256,0.08445007232,-26.19,-31.81,25.9339997184,,,14.01718059448889,0.0,False
2020-01-08 10:18:49.700,-0.1292348853759999,-0.1248645258239999,0.11704972928,-26.2455002368,-31.7634998016,25.5885001216,,,14.073263907555557,0.0,False
2020-01-08 10:18:49.800,0.015094966272,0.464444827392,-0.2428300014079999,-26.5134998016,-31.4339997184,25.82500032,,,14.119930648888888,0.0,False
2020-01-08 10:18:49.900,-0.0113666002963392,0.2490939896927743,-0.2552606442921087,-26.17424214998488,-31.12666690801331,26.15606026598124,,,14.2514646738904,0.0,False
2020-01-08 10:18:50.000,0.0864524721758239,0.2946623558098096,-0.276332649145441,-25.878316912992894,-31.57920797098327,25.72821788401925,,,14.29661716344498,0.0,False
2020-01-08 10:18:50.100,0.0632454637605082,0.1032181087559701,-0.0596302506471106,-26.56909094200181,-31.9424240339885,26.22121201699425,,,14.309595954110808,0.0,False
2020-01-08 10:18:50.200,0.088018818546578,0.0182554633222737,-0.0032970453525831,-26.55188114495439,-31.580396014508366,26.08059407245565,,,14.328173834530393,0.0,False
2020-01-08 10:18:50.300,0.125794922752,0.109174752,-0.096459837696,-26.1044996352,-31.3519999232,26.2080000768,,,14.45606937671111,0.0,False
2020-01-08 10:18:50.400,0.033805045248,-0.15164970752,0.079364830464,-25.6019999232,-31.3160002816,26.2454997248,,,14.393402894222223,0.0,False
2020-01-08 10:18:50.500,0.0806249433599999,0.192894812672,-0.12149989632,-25.5465001984,-31.6329997568,25.8694999552,,,14.542513865244445,0.0,False
2020-01-08 10:18:50.600,0.008990922090717,-0.0385059976365267,-0.0092394860350797,-25.867575966011497,-31.443333816026623,25.791818115996367,,,14.524410822558211,0.0,False
2020-01-08 10:18:50.700,0.0009019623299563,0.0634940623170295,-0.1478346510160164,-26.19,-32.11079202901673,25.76920797098327,,,14.618690881634704,0.0,False
2020-01-08 10:18:50.800,-0.1194642868005637,0.0525682332485071,-0.072200859752821,-26.207821824338712,-31.60534633439113,26.16178211146371,,,14.702354184479614,0.0,False
2020-01-08 10:18:50.900,0.0361202969605759,-0.1462384109350999,0.2420171838393868,-26.212424945308985,-31.235958760647293,26.0,,,14.587373676253325,0.0,False
2020-01-08 10:18:51.000,-0.046960013056,-0.082959827456,0.168604730368,-25.58249984,-31.9294999552,25.8784994816,,,14.63888888888889,0.0,False
2020-01-08 10:18:51.100,-0.0495575223870562,0.1435030205394614,-0.187727266309646,-25.304848248987,-31.87,25.199090942001817,,,14.647222252390552,0.0,False
2020-01-08 10:18:51.200,0.0134673143555259,0.145873278398909,-0.1564455310229107,-25.02871292750126,-31.860495043482008,25.398910985448545,,,14.691204618761123,0.0,False
2020-01-08 10:18:51.300,-0.073094926592,0.168004698368,-0.048430023168,-25.6035004416,-31.8295000832,26.15249984,,,14.681736131555555,0.0,False
2020-01-08 10:18:51.400,0.025540004864,-0.231414994944,-0.019079743488,-26.066999475200003,-31.8364995584,25.8829997568,,,14.715638917688889,0.0,False
2020-01-08 10:18:51.500,0.0176666147771379,-0.218730281418808,0.2968726377550624,-25.360909057998185,-31.354545833020875,25.60848502400968,,,14.749511768665792,0.0,False
2020-01-08 10:18:51.600,-0.0630277230433096,-0.1850148513044602,0.1544712846392298,-25.34960398549164,-31.86079202901673,25.88,,,14.737497257644026,0.0,False
2020-01-08 10:18:51.700,-0.076655048448,-0.1215497356799999,0.116469926912,-25.56,-31.5330003968,25.9070001152,,,14.807055569066668,0.0,False
2020-01-08 10:18:51.800,-0.1400735266214567,0.2255293998062434,-0.0098942058739377,-25.62470607723159,-31.940881994187304,26.12470607723159,,,14.827941185328708,121.35981120136404,False
2020-01-08 10:18:51.900,-0.122664999762474,0.193212410729838,-0.1747340422162752,-26.025463808965814,-31.36659744105398,26.441031179237065,,,14.84016038718486,121.35916361529088,False
2020-01-08 10:18:52.000,-0.0378821737708823,0.1158851375430574,-0.0970257140756999,-26.129801942052715,-32.07089105799037,26.031485130446026,,,14.818745880833472,0.0,False
2020-01-08 10:18:52.100,0.0159600706559999,0.0419000768,0.140009991936,-25.7439997184,-31.7544997632,25.8229997568,,,14.879027811555556,0.0,False
2020-01-08 10:18:52.200,0.100259959296,0.1846251737599999,0.038534612736,-25.40750016,-31.4580000768,25.57500032,,,14.930055581866668,0.0,False
2020-01-08 10:18:52.300,0.0501150167039999,0.36042476544,-0.450869893632,-25.6395000832,-31.52249984,25.96249984,,,14.971458360888889,0.0,False
2020-01-08 10:18:52.400,0.064529966848,0.071445096192,-0.2487447403519999,-25.7034998016,-31.3565001984,25.7785001216,,,15.005513878044445,0.0,False
2020-01-08 10:18:52.500,0.044333419614759,0.1197603184741375,0.1174031074242537,-25.524848792016943,-31.62,25.84454510898094,,,14.983366975331789,0.0,False
2020-01-08 10:18:52.600,0.186888,-0.267868,0.195932,-26.0896,-31.6504,25.35,,,14.969777777777777,0.0,False
2020-01-08 10:18:52.700,0.1615860923476229,0.0445445620242769,0.0081336799896586,-26.50138610147238,-31.81,25.65029708692093,,,15.118806376009319,0.0,False
2020-01-08 10:18:52.800,-0.198984883456,0.100154966528,0.093544769792,-26.1614998784,-31.7814998784,26.01749952,,,15.085250022399999,0.0,False
2020-01-08 10:18:52.900,-0.0730637408557634,0.0175331951623788,-0.1565634349488905,-26.037878925007565,-31.62,25.36939390099788,,,15.120008435639889,0.0,False
2020-01-08 10:18:53.000,-0.2378366356509374,-0.1289999574177948,0.1445128646418152,-26.180296985534724,-31.62,25.40980204343892,,,15.151707923106452,0.0,False
2020-01-08 10:18:53.100,-0.2133331843017798,0.1878180363519765,0.0518150176226148,-25.75393919098881,-31.65787892500757,26.04454583302088,,,15.188830030475762,0.0,False
2020-01-08 10:18:53.200,0.01536,-0.0211519999999999,-0.135764,-25.5792,-31.83,26.4892,,,15.285166666666667,0.0,False
2020-01-08 10:18:53.300,0.0302544710048133,0.0384187962416134,-0.0047960216053998,-26.22128707249874,-31.69920797098327,25.81970301446528,,,15.261463140905136,0.0,False
2020-01-08 10:18:53.400,0.1201089439618948,-0.0431543660901067,0.0957816360199524,-25.796969867009377,-32.139697041003934,26.15212107499244,,,15.232777838114437,0.0,False
2020-01-08 10:18:53.500,-0.1017821747847444,0.1750207545161216,-0.1751485079752922,-26.09009902897364,-32.16128707249874,26.01920797098327,,,15.333679872782843,0.0,False
2020-01-08 10:18:53.600,-0.062469955072,-0.114864893184,-0.08427485824,-26.2034998016,-31.65249984,26.2989993984,,,15.371513878755556,0.0,False
2020-01-08 10:18:53.700,0.001835019776,-0.0067651440639999,0.137330142208,-25.9670001152,-31.4114998784,25.5090000384,,,15.361055568355555,0.0,False
2020-01-08 10:18:53.800,0.020228694250403,-0.1662583405148378,0.2424522771283444,-26.14821788853629,-31.258910912169355,25.579306976366937,,,15.393773414520943,0.0,False
2020-01-08 10:18:53.900,-0.0242777822599413,-0.0052089359688455,-0.1987406846849642,-26.23929343862969,-31.424544629419884,25.69848478736444,,,15.480942782165124,0.0,False
2020-01-08 10:18:54.000,-0.021985006336,-0.147410049536,0.050385053696,-25.84750016,-32.0179995648,25.6944997632,,,15.471763926044444,0.0,False
2020-01-08 10:18:54.100,-0.024354974208,-0.164329791488,0.10474992768,-26.1635004416,-31.570500556800003,25.45500032,,,15.530236150044445,0.0,False
2020-01-08 10:18:54.200,0.0003599592959999,0.07539984128,0.0007799662079999,-26.75,-32.2814998784,25.8514998784,,,15.584361121422221,0.0,False
2020-01-08 10:18:54.300,-0.0365332711865721,-0.0891725599207693,-0.0529182137417608,-26.63636322497731,-32.14878798300575,25.73696986700938,,,15.6053367266959,0.0,False
2020-01-08 10:18:54.400,0.0601386142026862,0.1199890774109005,-0.069998989433023,-25.97940592754435,-32.23079202901673,25.91128707249874,,,15.643558854268317,0.0,False
2020-01-08 10:18:54.500,0.0441514469162363,-0.0830846275978165,0.0655695665328054,-25.945757850015127,-31.856969867009376,25.420302958996068,,,15.6410690636411,0.0,False
2020-01-08 10:18:54.600,-0.0560296995673343,0.2011583794429335,-0.1195663260935135,-26.43970301446528,-32.051881144954386,25.321089115937657,,,15.714276684778186,0.0,False
2020-01-08 10:18:54.700,-0.03642503808,-0.046714755584,-0.049770079232,-26.7064995584,-31.6794999552,25.3890000384,,,15.776013897955556,0.0,False
2020-01-08 10:18:54.800,-0.0850294058297652,0.2730764560609178,-0.1308087506713717,-26.083235183391142,-31.60235288802775,25.44,,,15.79230393436369,0.0,False
2020-01-08 10:18:54.900,-0.0469836186283669,0.2656452732339947,-0.041172979841966,-25.96247383256005,-31.608556238222672,25.34752616743995,,,15.824725052739556,0.0,False
2020-01-08 10:18:55.000,0.118045540147669,0.3713742403005087,-0.3470237487041576,-26.42217813048911,-32.23079202901673,24.82920797098327,,,15.892909802327882,0.0,False
2020-01-08 10:18:55.100,0.063339924224,0.194259856896,-0.174184751616,-25.7080000768,-31.7814998784,25.28750016,,,15.995097252266666,0.0,False
2020-01-08 10:18:55.200,-0.018309918976,0.028965105664,0.111959813376,-25.8940003584,-31.5554997248,25.4339997184,,,16.0380000128,0.0,False
2020-01-08 10:18:55.300,0.047779822848,0.174115020544,-0.151830067968,-26.3429998848,-31.19,25.1455003648,,,16.06879172551111,0.0,False
2020-01-08 10:18:55.400,-0.164594902272,0.213820052992,-0.215204885248,-26.15249984,-31.2920004352,25.6194999552,,,16.146944444444443,0.0,False
2020-01-08 10:18:55.500,-0.0319949880319999,0.232284778496,-0.0224648279039999,-25.9490000384,-31.8519999232,25.63500032,,,16.163611182222223,0.0,False
2020-01-08 10:18:55.600,0.0002500697599999,0.001685271296,0.128519668992,-26.0,-31.7590000384,26.0885001216,,,16.264180581688887,0.0,False
2020-01-08 10:18:55.700,0.0750649239039999,0.292669704192,-0.268979820288,-25.9339997184,-31.77249984,26.0909993216,,,16.29859722097778,0.0,False
2020-01-08 10:18:55.800,-0.0083749248,-0.087044943872,-0.03247500928,-25.6815005184,-31.5795000832,25.2830003968,,,16.307152821333332,0.0,False
2020-01-08 10:18:55.900,0.088304986368,-0.019865031424,-0.022389904384,-26.219999360000003,-31.6239997184,25.7634998016,,,16.363499993599998,0.0,False
2020-01-08 10:18:56.000,0.0727606153305113,-0.0475999493172044,0.0724332168835769,-25.4275759660115,-31.203030132990623,25.443939190988807,,,16.359545471000907,0.0,False
2020-01-08 10:18:56.100,0.0839950475374558,0.0266019775378867,-0.1080009902897364,-25.66128707249874,-31.15702984049416,25.29792089848453,,,16.39798130635559,0.0,False
2020-01-08 10:18:56.200,0.062969980672,-0.004130035968,-0.097569948672,-25.22750016,-32.2544997632,26.11499968,,,16.446402690133333,0.0,False
2020-01-08 10:18:56.300,0.02094993024,-0.022529874688,-0.055650112,-25.4294999552,-31.8454995968,25.65249984,,,16.342583387022223,0.0,False
2020-01-08 10:18:56.400,-0.0700181757296641,0.1396272572591468,-0.1487785865188935,-25.33212107499244,-31.40545489101906,25.420302958996068,,,16.40904880402681,0.0,False
2020-01-08 10:18:56.500,-0.0374554308786888,0.1093316791329452,0.1439593940653586,-25.12,-31.84019795656108,25.389207970983268,,,16.372439487926453,0.0,False
2020-01-08 10:18:56.600,0.051404854528,0.080165019904,0.00959985152,-25.1680002048,-31.3190000384,25.7169996032,,,16.326902798933332,0.0,False
2020-01-08 10:18:56.700,-0.131014953984,0.07847488,-0.1677399152639999,-25.47750016,-31.4270002432,25.2455002368,,,16.357416676977778,0.0,False
2020-01-08 10:18:56.800,-0.0838394444027834,-0.081490911230118,-0.0015785937592929,-25.679393900997884,-31.76818188400363,25.66454583302088,,,16.3650504831099,0.0,False
2020-01-08 10:18:56.900,-0.12078,-0.113968,0.286828,-25.540000000000003,-31.87,26.1604,,,16.321955555555554,0.0,False
2020-01-08 10:18:57.000,0.0803356342087187,-0.2903713018748843,0.1977435474018518,-25.080396014508366,-31.80188114495439,25.629801942052715,,,16.266760171500398,0.0,False
2020-01-08 10:18:57.100,0.0017636358699727,-0.375333193352279,0.0459939046180818,-24.88060609900212,-31.55363677502269,25.32060609900212,,,16.230277782805832,0.0,False
2020-01-08 10:18:57.200,-0.0145406039069173,-0.2124871627324595,0.0730554967797207,-24.99861389852762,-32.04108901455145,25.289702913079072,,,16.236295378422593,0.0,False
2020-01-08 10:18:57.300,-0.09604999552,-0.394109558016,0.41889964288,-25.27249984,-31.28750016,24.8955003648,,,16.211486045155556,0.0,False
2020-01-08 10:18:57.400,-0.097870033152,0.119039684864,-0.044059951616,-25.13500032,-31.5465001984,25.34249984,,,16.133972265244445,0.0,False
2020-01-08 10:18:57.500,-0.0955048020479999,-0.196014558464,-0.041210262016,-25.5885001216,-31.8190000384,25.09249984,,,16.17040268942222,0.0,False
2020-01-08 10:18:57.600,0.1609799726079999,0.35732485888,-0.3202297057279999,-25.82500032,-31.7679995648,24.8980000768,,,16.049305539555554,0.0,False
2020-01-08 10:18:57.700,0.105279917568,0.20095013248,0.0169147709439999,-26.1464995584,-31.3490006784,25.0195000832,,,16.030305565155555,0.0,False
2020-01-08 10:18:57.800,0.002406084521319,0.3730666527892345,-0.2844515048394312,-25.60696986700938,-32.14545416697912,25.13,,,16.05214649755737,0.0,False
2020-01-08 10:18:57.900,0.0366594042039788,0.3224356250839604,-0.2085554075598622,-25.860495043482008,-31.66930699995691,25.19811885504561,,,16.084661704516108,0.0,False
2020-01-08 10:18:58.000,0.0263575911708501,0.1809697457326896,0.0369300388654294,-25.791818115996367,-32.11666618397338,25.408484299969743,,,15.977264274720289,0.0,False
2020-01-08 10:18:58.100,0.030984146239459,0.1973742200232681,-0.3129435271246112,-25.65990097102636,-31.38108911593766,24.739010014422185,,,15.932692525358519,0.0,False
2020-01-08 10:18:58.200,-0.059159949056,-0.05222472704,0.000835006976,-25.5660002816,-31.55250048,25.6704999168,,,15.971013833955556,0.0,False
2020-01-08 10:18:58.300,-0.000439426301785,0.1866480372053093,0.0612517003302139,-26.015757850015127,-32.10363605098275,25.56,,,15.904242446640124,0.0,False
2020-01-08 10:18:58.400,-0.0596247582572725,-0.4529207585715698,0.3050702700168047,-26.36079202901673,-31.69920797098327,25.48079202901673,,,15.939372937600456,0.0,False
2020-01-08 10:18:58.500,-0.10937500544,-0.2362002739199999,0.152340314624,-25.8544996352,-32.00749952,25.0509999616,,,15.948694473244444,0.0,False
2020-01-08 10:18:58.600,-0.119795013632,-0.57164987904,0.5191697822720001,-25.4360002816,-31.37,25.0840003584,,,15.984236099555554,0.0,False
2020-01-08 10:18:58.700,-0.1490818586622327,-0.4620001846301836,0.2668183151073519,-25.82969704100393,-31.4275759660115,25.446363224977308,,,15.953442705024694,0.0,False
2020-01-08 10:18:58.800,-0.2176881226063351,-0.7208752305902452,0.4771188144911299,-25.959009913035985,-31.680296985534724,24.889207970983268,,,15.89783555312792,0.0,False
2020-01-08 10:18:58.900,-0.214639851264,-0.518959744256,0.443094761472,-26.02249984,-31.3760002816,25.3295000832,,,16.054736080355553,0.0,False
2020-01-08 10:18:59.000,-0.02617503872,-0.228635210496,0.152235110656,-25.8009999616,-31.7965001984,25.44,,,16.016472233244443,0.0,False
2020-01-08 10:18:59.100,-0.054978705985483,-0.3658358482515728,0.2183209193238501,-25.703030132990623,-32.01303013299062,25.41121201699425,,,16.03624580983436,0.0,False
2020-01-08 10:18:59.200,0.0490306787045884,0.2984890246900751,-0.138520731197295,-25.49861389852762,-31.80861389852761,25.230990086964017,,,16.061655663447375,0.0,False
2020-01-08 10:18:59.300,-0.031994831872,-0.347764744704,0.302284702976,-25.8385001216,-32.0929998848,25.1945002752,,,16.05888895288889,0.0,False
2020-01-08 10:18:59.400,0.140614783744,0.010170080512,-0.087954981888,-25.9909999616,-31.8919997952,25.4954997248,,,16.150638917688887,0.0,False
2020-01-08 10:18:59.500,-0.080164716544,0.125155034368,-0.088620105472,-25.97750016,-31.6109999616,25.1480000768,,,16.19580558506667,0.0,False
2020-01-08 10:18:59.600,0.2830575278173557,0.1341786553026874,-0.1933816903229476,-26.12333309198669,-31.550909057998183,25.259090942001816,,,16.2460690636411,0.0,False
2020-01-08 10:18:59.700,0.161284,-0.050516,0.011968,-25.75,-31.58,25.23,,,16.31507777777778,0.0,False
2020-01-08 10:18:59.800,-0.1047950597038002,0.0173078959574786,0.0616168379671052,-25.759504956518,-32.0,24.91930699995691,,,16.35115236473461,0.0,False
2020-01-08 10:18:59.900,-0.1682544656455979,-0.1887181739195643,0.1156636413002722,-25.800909057998183,-32.0,25.509090942001816,,,16.35860273580788,0.0,False
2020-01-08 10:19:00.000,-0.0534811936197662,-0.1424722556655877,0.090998989433023,-25.68980194205272,-32.049108942009624,25.59009902897364,,,16.44131464250521,0.0,False
2020-01-08 10:19:00.100,-0.0997060609900211,0.0759364998875152,-0.0839636485406716,-25.35181811599637,-32.24333309198669,25.75,,,16.543442795529685,0.0,False
2020-01-08 10:19:00.200,-0.0745257262420443,0.2008385594541367,-0.0863247420354801,-25.378316912992894,-31.920693101429293,25.759504956518,,,16.59918867028897,0.0,False
2020-01-08 10:19:00.300,0.067245020672,-0.207704796928,0.0092250342399999,-26.0044997632,-32.1419997952,25.8385001216,,,16.637194555733334,0.0,False
2020-01-08 10:19:00.400,0.090919983872,0.04114991104,0.04667496576,-25.6704999168,-31.87,25.9819999232,,,16.79116669297778,0.0,False
2020-01-08 10:19:00.500,0.076490029824,-0.044494861312,-0.010305049088,-25.5795000832,-31.8429998848,25.91750016,,,16.846777865955556,0.0,False
2020-01-08 10:19:00.600,0.0655998171799161,0.1227756963066205,-0.0443938267837887,-25.62333309198669,-31.66121201699425,26.0724240339885,,,16.95845957630447,0.0,False
2020-01-08 10:19:00.700,-0.2075049443516479,0.0799921121534176,0.0747504601666282,-25.31970301446528,-31.60930699995691,25.759504956518,,,16.959870757233833,0.0,False
2020-01-08 10:19:00.800,-0.153254988288,0.27047463424,-0.163759769856,-25.61499968,-32.0954995968,25.8205000448,,,17.126055543466666,121.211930077354,False
2020-01-08 10:19:00.900,-0.1275749568,-0.1484597148159999,0.1134598786559999,-25.2740003584,-31.6170002432,25.80499968,,,17.13804178631111,121.21120812573486,False
2020-01-08 10:19:01.000,-0.063269970432,0.132094580992,0.005970228992,-25.6554995968,-31.9490000384,25.3980000768,,,17.30311113742222,0.0,False
2020-01-08 10:19:01.100,-0.002579908608,-0.368104759808,0.2608847900159999,-25.1680002048,-31.96249984,25.53750016,,,17.352763951644445,0.0,False
2020-01-08 10:19:01.200,0.068834786816,-0.077990123264,0.024360180736,-25.552500480000003,-31.63749952,25.6839997184,,,17.443736143644443,0.0,False
2020-01-08 10:19:01.300,-0.188664890624,-0.198184814336,0.213369782272,-26.039999360000003,-31.2160009216,25.2259996416,,,17.49881949511111,0.0,False
2020-01-08 10:19:01.400,-0.031564949504,0.0763151191039999,-0.110330147328,-25.2740003584,-32.3739997184,24.7965001984,,,17.58486119111111,0.0,False
2020-01-08 10:19:01.500,0.0466970102322358,0.2591516043949224,-0.2697574445527631,-25.740909057998184,-31.85757524197156,25.07969704100393,,,17.696077459056546,0.0,False
2020-01-08 10:19:01.600,0.1088772273915104,0.3964396034785606,-0.0983564556397342,-25.709009913035985,-31.14871292750126,25.10128707249874,,,17.724548955313747,0.0,False
2020-01-08 10:19:01.700,0.13512512384,0.448920241152,-0.293120115712,-25.81,-31.5929998848,24.6765001984,52.54426,-1.439995,17.735555587555556,0.0,True
2020-01-08 10:19:01.800,0.224854681088,0.688754656768,-0.3651846517759999,-25.7814998784,-31.5330003968,25.061500518400003,52.54426,-1.439995,17.78105556835556,0.0,True
2020-01-08 10:19:01.900,-0.1806999348364057,0.2893699014012759,0.0076330087220953,-25.800303683036,-31.966060265981245,25.712121074992435,52.54426,-1.439995,17.801212132639524,0.0,True
2020-01-08 10:19:02.000,-0.080216831883933,0.4797543757017827,-0.3701434855562681,-26.711782115980743,-31.47960398549164,25.460396014508365,52.54426,-1.439995,17.81730472946922,0.0,True
2020-01-08 10:19:02.100,-0.05917490304,-0.1183596994559999,0.1922645808639999,-26.2365001984,-31.57749952,25.21249984,52.54426,-1.439995,17.804847204977776,0.0,True
2020-01-08 10:19:02.200,0.0441598914559999,0.196619640832,-0.285154661888,-26.4534998016,-31.0045002752,25.0570002432,52.54426,-1.439995,17.782694447644445,0.0,True
2020-01-08 10:19:02.300,-0.092544968192,-0.1867996006399999,0.121959821056,-26.2365001984,-31.3519999232,25.3980000768,52.54426,-1.439995,17.78036108302222,0.0,True
2020-01-08 10:19:02.400,-0.063755057408,0.202104396288,-0.046684705536,-26.4159996416,-31.1284994816,25.46249984,52.54426,-1.439995,17.750263919644443,0.0,True
2020-01-08 10:19:02.500,-0.141290005504,-0.513434631936,0.305744835072,-25.8364995584,-30.617000755200003,25.25,52.54426,-1.439995,17.789611104711113,0.0,True
2020-01-08 10:19:02.600,-0.139464961024,-0.099615320064,0.116205125888,-25.3160002816,-31.5179995648,25.1839997184,52.54426,-1.439995,17.776736092444445,0.0,True
2020-01-08 10:19:02.700,-0.099715051264,-0.5073449259520001,0.289910027776,-25.6794999552,-30.9955002368,24.73499968,52.54426,-1.439995,17.748944431644443,0.0,True
2020-01-08 10:19:02.800,-0.140454883328,-0.400134962176,0.3129999411199999,-25.5929998848,-31.3385001216,24.31,52.54426,-1.439995,17.732694447644445,0.0,True
2020-01-08 10:19:02.900,-0.0056061333940147,-0.4048547444009733,0.2531940059836729,-25.4960608090112,-31.537878925007565,24.37666690801331,52.54426,-1.439995,17.735597638221954,0.0,True
2020-01-08 10:19:03.000,-0.0941524600094796,-0.5615662409291031,0.3026870948037036,-25.870198057947285,-31.72940592754435,24.66128707249874,52.54426,-1.439995,17.727087458132427,0.0,True
2020-01-08 10:19:03.100,0.028769979392,0.1611346600959999,0.012879976448,-26.0579994368,-31.5269996032,24.3775008,52.54426,-1.439995,17.71656942151111,0.0,True
2020-01-08 10:19:03.200,0.002855006208,-0.168004478208,-0.0728802324479999,-25.3760002816,-31.1215005184,25.4309999616,52.54426,-1.439995,17.674694395733333,0.0,True
2020-01-08 10:19:03.300,0.024330056448,0.5221199877120001,-0.35257487616,-25.7785001216,-31.81,25.34249984,52.54426,-1.439995,17.61179167431111,0.0,True
2020-01-08 10:19:03.400,0.0668756401935255,0.5155576110819484,-0.2196001140362899,-26.00515175101301,-31.725151207983057,25.11939390099788,52.54426,-1.439995,17.63166670186305,0.0,True
2020-01-08 10:19:03.500,-0.109884,0.5899920000000001,-0.38616,-26.3604,-31.2404,25.1304,52.54426,-1.439995,17.67522222222222,0.0,True
2020-01-08 10:19:03.600,-0.0697881094261287,0.604363309600513,-0.2393712268490942,-26.240296985534723,-31.150396014508367,25.56970301446528,52.54426,-1.439995,17.60995874074393,0.0,True
2020-01-08 10:19:03.700,0.027290078464,0.211170351872,0.117454366208,-25.83249984,-31.070500556800003,25.789999360000003,52.54426,-1.439995,17.569819456711112,0.0,True
2020-01-08 10:19:03.800,0.108504901888,0.4836041684479999,-0.5620293076480001,-25.65750016,-31.69749952,25.052500480000003,52.54426,-1.439995,17.571402715022224,0.0,True
2020-01-08 10:19:03.900,0.0098819328763262,-0.4940874200646981,0.2688936186223071,-25.85181811599637,-31.088787983005748,25.60515120798306,52.54426,-1.439995,17.487129626277593,0.0,True
2020-01-08 10:19:04.000,0.145012,0.045772,-0.147876,-25.8092,-31.3892,25.3188,52.54426,-1.439995,17.48532222222222,0.0,True
2020-01-08 10:19:04.100,-0.053592,-0.771588,0.296956,-26.1008,-32.011199999999995,26.0908,52.54426,-1.439995,17.501144444444446,0.0,True
2020-01-08 10:19:04.200,0.0349554237816546,-0.3659702852247352,0.4283564262377354,-26.039603985491635,-31.47960398549164,24.85128707249874,52.54426,-1.439995,17.48697469484865,0.0,True
2020-01-08 10:19:04.300,-0.134764945664,-0.307620173312,0.325019895552,-26.1659996416,-31.76500032,24.4820004352,52.54426,-1.439995,17.45854163911111,0.0,True
2020-01-08 10:19:04.400,-0.0887819129652279,-0.4287086959782167,0.1853151479498033,-25.679393900997884,-32.17939390099788,24.975151207983057,52.54426,-1.439995,17.40696122521923,0.0,True
2020-01-08 10:19:04.500,-0.21082968740099,0.1315702649474946,0.1355385858145494,-25.62,-32.131089115937655,24.618811956474904,52.54426,-1.439995,17.336344892909416,0.0,True
2020-01-08 10:19:04.600,-0.085220020992,-0.0692097090559999,-0.1216350940159999,-25.5734998016,-32.1704999168,25.2034998016,52.54426,-1.439995,17.411902798933333,0.0,True
2020-01-08 10:19:04.700,-0.118560023296,0.302454937088,-0.231259934976,-25.2544997632,-32.1170002432,24.9490000384,52.54426,-1.439995,17.423208261688888,0.0,True
2020-01-08 10:19:04.800,-0.1281138107935478,0.2478753160706862,-0.1924694194640739,-24.986039712875,-32.40287119929435,24.934653310758065,52.54426,-1.439995,17.33057206315894,0.0,True
2020-01-08 10:19:04.900,-0.0174427635497319,0.4068429132315601,-0.3769721199962383,-25.25857136139933,-32.13571471113758,24.631428011661075,52.54426,-1.439995,17.3382937033496,0.0,True
2020-01-08 10:19:05.000,-0.0781217752217189,0.2901415374203802,0.1963762654899108,-25.34009902897364,-31.800495043482005,24.98079202901673,52.54426,-1.439995,17.302632016101256,0.0,True
2020-01-08 10:19:05.100,-0.01372497408,-0.09427496832,0.3162995148799999,-25.5090000384,-31.7680000768,24.6260002816,52.54426,-1.439995,17.315402728533332,0.0,True
2020-01-08 10:19:05.200,0.019004992768,-0.084705138688,-0.279639793664,-25.4759996416,-31.87,25.0840003584,52.54426,-1.439995,17.245791648711112,0.0,True
2020-01-08 10:19:05.300,0.006414987264,-0.2391998732799999,0.036805180928,-25.07500032,-31.7769996032,25.3829992448,52.54426,-1.439995,17.224361121422223,0.0,True
2020-01-08 10:19:05.400,-0.028485076736,-0.048429904128,0.223339770624,-25.5285001216,-31.1554995968,24.4730003968,52.54426,-1.439995,17.23293053368889,0.0,True
2020-01-08 10:19:05.500,-0.1121749222399999,0.1261502015999999,-0.075884976896,-25.72750016,-30.5554997248,24.8409993216,52.54426,-1.439995,17.197013859555554,0.0,True
2020-01-08 10:19:05.600,0.0160901066239999,0.323279698688,0.028720315392,-25.8829997568,-30.066999475200003,24.01500032,52.54426,-1.439995,17.183847332266666,0.0,True
2020-01-08 10:19:05.700,0.099859753216,-0.057639917824,0.3069744,-25.5795000832,-29.5020005632,24.5240003584,52.54426,-1.439995,17.3044998912,0.0,True
2020-01-08 10:19:05.800,-0.18522481792,-0.0533654474239999,-0.392204583168,-25.6794999552,-30.4090006784,24.96249984,52.54426,-1.439995,17.155333313422222,0.0,True
2020-01-08 10:19:05.900,0.073055070208,-0.579214708224,0.176880066048,-25.6109999616,-31.31,24.7319999232,52.54426,-1.439995,17.123055530666665,0.0,True
2020-01-08 10:19:06.000,0.128289837824,-0.182339960064,0.23114985728,-25.5690000384,-31.3940003584,24.6194999552,52.54426,-1.439995,17.08429164231111,0.0,True
2020-01-08 10:19:06.100,-0.0831549831679999,-0.124394979072,0.045320015872,-25.6770002432,-31.90750016,24.6545004032,52.54426,-1.439995,17.068152846933334,0.0,True
2020-01-08 10:19:06.200,-0.042964923904,-0.125145121792,0.095545124352,-26.03750016,-32.0554997248,25.0489993984,52.54426,-1.439995,17.138833243022223,0.0,True
2020-01-08 10:19:06.300,0.073985067776,-0.326545169152,0.253919971072,-26.1554995968,-31.6614998784,24.28750016,52.54426,-1.439995,17.027597259377778,0.0,True
2020-01-08 10:19:06.400,0.130564857344,-0.448029559808,0.183714864384,-25.7145004032,-31.57500032,24.4534998016,52.54426,-1.439995,17.080402792533334,0.0,True
2020-01-08 10:19:06.500,-0.032169885952,0.0959348264959999,0.011085031936,-26.17499968,-31.88749952,24.26500032,52.54426,-1.439995,17.08829161671111,0.0,True
2020-01-08 10:19:06.600,0.081334838016,-0.033564569344,-0.045740423424,-25.8715005184,-31.2590000384,24.5954995968,52.54426,-1.439995,17.021652776533333,0.0,True
2020-01-08 10:19:06.700,-0.124269662468097,0.5210211492065298,-0.5073723626198867,-26.597878925007564,-31.28121201699425,24.088787983005748,52.54426,-1.439995,17.01545452899909,0.0,True
2020-01-08 10:19:06.800,-0.0191613533537288,0.4054663250796515,0.0219752255209349,-26.711782115980743,-31.15960398549164,24.28009902897364,52.54426,-1.439995,16.9945764605457,0.0,True
2020-01-08 10:19:06.900,0.2106392308110022,0.2742816939431473,-0.1721060953819181,-26.2460608090112,-31.49424287402481,24.54454583302088,52.54426,-1.439995,17.01329122552666,0.0,True
2020-01-08 10:19:07.000,-0.023624741021618,0.0886108952148247,-0.1817811601623193,-26.45069300004309,-32.04108901455145,25.079306898570707,52.54426,-1.439995,16.986212873991875,0.0,True
2020-01-08 10:19:07.100,0.0633242095681877,0.1177454347989108,0.0120847018119099,-25.766969323979428,-31.334848792016945,24.74484824898699,52.54426,-1.439995,16.99739894830326,0.0,True
2020-01-08 10:19:07.200,-0.0044346641962228,0.058146516243337,-0.2236237679675361,-25.22960398549164,-31.83059407245565,24.44811885504561,52.54426,-1.439995,16.934331683976957,0.0,True
2020-01-08 10:19:07.300,-0.097745014272,-0.0676248780799999,-0.178729608448,-25.4204999168,-31.8919997952,24.73499968,52.54426,-1.439995,16.931777737955557,0.0,True
2020-01-08 10:19:07.400,-0.079739842304,0.129970152192,0.275089717504,-25.2259996416,-31.5734998016,24.34750016,52.54426,-1.439995,16.889555601066668,0.0,True
2020-01-08 10:19:07.500,0.119304955648,0.34770006656,-0.09394997376,-24.8535004416,-31.3009999616,24.5134998016,52.54426,-1.439995,16.933333262222224,0.0,True
2020-01-08 10:19:07.600,0.061735005696,0.405934871296,-0.115815241984,-25.3919997952,-31.3340003584,24.25,52.54426,-1.439995,16.844597246577777,0.0,True
2020-01-08 10:19:07.700,0.059834959616,0.2205699384319999,-0.371484719616,-25.2145004032,-31.8295000832,24.1944997632,52.54426,-1.439995,16.877861115022224,0.0,True
2020-01-08 10:19:07.800,-0.001015030784,0.141785012736,-0.032715143424,-25.7034998016,-31.8829997568,23.9070001152,52.54426,-1.439995,16.880347210666667,0.0,True
2020-01-08 10:19:07.900,-0.0328999674182028,0.1369120423356494,-0.220230292279407,-25.48696986700938,-31.53121201699425,24.050909057998183,52.54426,-1.439995,16.856961250359507,0.0,True
2020-01-08 10:19:08.000,0.0335792181096035,0.038092093903901,-0.1699049291437174,-25.82920797098327,-31.420693101429293,24.0,52.54426,-1.439995,16.806399886475614,0.0,True
2020-01-08 10:19:08.100,0.1016449259519999,0.128269859072,-0.008195073792,-26.2590000384,-31.7080000768,24.0840003584,52.54426,-1.439995,16.76586106382222,0.0,True
2020-01-08 10:19:08.200,0.004380004608,-0.035304899328,-0.069404843008,-26.3009999616,-31.8385001216,24.5705000448,52.54426,-1.439995,16.722097303466665,0.0,True
2020-01-08 10:19:08.300,0.02235005056,0.078614915584,0.126964948224,-26.2034998016,-32.0,24.5639997184,52.54426,-1.439995,16.84395839288889,0.0,True
2020-01-08 10:19:08.400,0.093790018304,-0.026044968192,0.044129939968,-25.94,-32.0,24.293500441600003,52.54426,-1.439995,16.914347185066667,0.0,True
2020-01-08 10:19:08.500,0.1136899811839999,0.0122999833599999,-0.007564880384,-25.9580000768,-31.9909999616,24.84249984,52.54426,-1.439995,16.869333351822224,0.0,True
2020-01-08 10:19:08.600,0.0857151407094039,-0.0144515319909288,0.0938452465485274,-26.07969704100393,-31.967272826005445,24.63,52.54426,-1.439995,16.892373731888586,0.0,True
2020-01-08 10:19:08.700,0.0474237487041576,-0.024484148267183,-0.1907673032030436,-26.16940592754435,-32.051881144954386,24.69811885504561,52.54426,-1.439995,16.90910342631856,0.0,True
2020-01-08 10:19:08.800,-0.0486058966066123,0.0867683787373394,-0.0175743143775409,-26.013960287125,-31.707821824338712,25.02287119929436,52.54426,-1.439995,17.024037358749663,0.0,True
2020-01-08 10:19:08.900,0.0375573030625999,0.182857565593555,-0.1420286777843954,-25.75,-31.837142644431207,24.85571392746309,52.54426,-1.439995,16.92884909781651,0.0,True
2020-01-08 10:19:09.000,-0.0756425682645977,-0.1262890997158651,-0.024956413057529,-25.799108942009628,-31.95089105799037,25.079306898570707,52.54426,-1.439995,17.010844333736344,0.0,True
2020-01-08 10:19:09.100,-0.02254998784,-0.040514962944,0.134594872832,-26.13500032,-31.80250048,24.7259996416,52.54426,-1.439995,17.01520837688889,0.0,True
2020-01-08 10:19:09.200,-0.021535064576,0.0075749951999999,-0.0273399703039999,-26.4564995584,-32.3919997952,24.2965001984,52.54426,-1.439995,17.06268051128889,0.0,True
2020-01-08 10:19:09.300,-0.083344897792,0.032715134464,-0.01055009664,-25.9930005248,-32.0734998016,24.4759996416,52.54426,-1.439995,17.011847256177777,0.0,True
2020-01-08 10:19:09.400,0.010639821824,0.1807148695039999,-0.112979889408,-26.511499238400003,-31.8670002432,24.11250048,52.54426,-1.439995,17.071361172622222,0.0,True
2020-01-08 10:19:09.500,-0.184929824768,0.0176000435199999,0.027014970624,-25.5930003968,-32.1794999552,24.8160002816,52.54426,-1.439995,17.148847204266666,0.0,True
2020-01-08 10:19:09.600,0.02694991104,0.063189947904,-0.016935021056,-26.1305000448,-32.08249984,25.1434998016,52.54426,-1.439995,17.147958431288888,0.0,True
2020-01-08 10:19:09.700,-0.02804973056,0.033330167808,-0.09860022912,-26.0579994368,-31.8519999232,24.9070001152,52.54426,-1.439995,17.264847165866666,0.0,True
2020-01-08 10:19:09.800,0.2943248486399999,0.2490449694719999,-0.370169860352,-25.42250048,-31.8055002368,25.0509999616,52.54426,-1.439995,17.19733336462222,120.6265511182113,True
2020-01-08 10:19:09.900,0.1198651133439999,0.202214973184,-0.190220023552,-25.8814992384,-32.08249984,25.0570002432,52.5441534995456,-1.43969919873792,17.253763952355555,120.62580008702317,True
2020-01-08 10:19:10.000,0.2719600066559999,0.174505033728,-0.2264800212479999,-24.8895000832,-31.83249984,25.41750016,52.54355,-1.438023,17.33788888817778,0.0,True
2020-01-08 10:19:10.100,0.225029762048,0.204389936384,-0.24059993984,-25.07500032,-31.761000601600003,25.6570001152,52.54355,-1.438023,17.321361044622222,0.0,True
2020-01-08 10:19:10.200,-0.062769879552,0.138980081408,-0.153364968704,-25.5555002368,-32.5314998784,25.7079995648,52.54355,-1.438023,17.26168067768889,0.0,True
2020-01-08 10:19:10.300,0.0723968799050473,0.2501757687106141,-0.1164212288509227,-25.73818134097368,-32.27606026598124,25.10121201699425,52.54355,-1.438023,17.415260911526055,0.0,True
2020-01-08 10:19:10.400,-0.054964,0.300584,-0.154204,-25.1296,-31.7196,24.9304,52.54355,-1.438023,17.373033333333332,0.0,True
2020-01-08 10:19:10.500,0.0209029799939675,0.399995992203401,-0.177808886247215,-25.770396014508364,-31.66930699995691,24.899009913035982,52.54355,-1.438023,17.4073762391295,0.0,True
2020-01-08 10:19:10.600,0.096034973696,0.058805239808,-0.0152401879039999,-25.4939997184,-32.2034998016,25.0,52.54355,-1.438023,17.43170838328889,0.0,True
2020-01-08 10:19:10.700,0.059509993216,0.280039585024,-0.1969247103999999,-25.1395000832,-31.9294999552,24.9714998784,52.54355,-1.438023,17.490680524088887,0.0,True
2020-01-08 10:19:10.800,0.0589559078200372,-0.2159527750867136,0.1346851344500273,-25.15735266214568,-31.943529633217715,25.00411823169477,52.54355,-1.438023,17.44905228807382,0.0,True
2020-01-08 10:19:10.900,0.087611298235165,0.0540889556753706,-0.1266369016645246,-24.64520399047052,-32.34612253534372,26.013265728347072,52.54355,-1.438023,17.45729589197831,0.0,True
2020-01-08 10:19:11.000,-0.0679122016244353,-0.2492665858155404,0.1638363224977309,-24.85696986700938,-32.1324240339885,25.22121201699425,52.54355,-1.438023,17.500454528999093,0.0,True
2020-01-08 10:19:11.100,-0.170796,-0.178312,0.117464,-25.1104,-31.93,25.1,52.54355,-1.438023,17.48171111111111,0.0,True
2020-01-08 10:19:11.200,-0.0640940633308916,-0.4803010014422187,0.2451059640433831,-25.06,-32.55049504348201,25.22128707249874,52.54355,-1.438023,17.51426017431668,0.0,True
2020-01-08 10:19:11.300,-0.0584998606223123,-0.507505814816443,0.3949119518306574,-25.06909094200181,-32.5,24.81666690801331,52.54355,-1.438023,17.49894780763868,0.0,True
2020-01-08 10:19:11.400,0.1431593971069447,-0.1773435960672292,0.1536524883976164,-24.98217813048912,-32.390693000043086,25.22960398549164,52.54355,-1.438023,17.496707923106452,0.0,True
2020-01-08 10:19:11.500,0.0730091050607805,-0.356290594462646,0.2151877024402732,-24.354545833020875,-31.92363677502269,25.430909057998186,52.54355,-1.438023,17.517626268111414,0.0,True
2020-01-08 10:19:11.600,0.0757633542104422,0.0806257110341139,-0.0360554318925508,-24.900396014508367,-32.422178130489115,25.359405927544348,52.54355,-1.438023,17.518014296299487,0.0,True
2020-01-08 10:19:11.700,-0.0334454818615066,-0.1068603275246367,0.0315361939806422,-24.699090942001817,-31.69,25.27878798300575,52.54355,-1.438023,17.484259292779626,0.0,True
2020-01-08 10:19:11.800,-0.0553277098631032,0.2230098369963323,-0.1682148117638411,-24.878316912992894,-31.76920797098327,25.47960398549164,52.54355,-1.438023,17.540511553943514,0.0,True
2020-01-08 10:19:11.900,0.057970021632,-0.29647492736,0.161394985472,-25.56,-32.03999936,25.6614998784,52.54355,-1.438023,17.551763837155555,0.0,True
2020-01-08 10:19:12.000,0.0441543914315045,-0.2327122396365319,0.1686152475052945,-25.52212107499244,-31.19,25.462121074992435,52.54355,-1.438023,17.485917518778347,0.0,True
2020-01-08 10:19:12.100,-0.1828524681203758,-0.437903974339152,0.3152465334789915,-25.34009902897364,-31.099702913079074,25.40841594196654,52.54355,-1.438023,17.512417498385567,0.0,True
2020-01-08 10:19:12.200,-0.1155696697084963,-0.4716178806833902,0.2596422585908631,-25.727273550045386,-30.695757850015127,26.212121074992435,52.54355,-1.438023,17.56548820619393,0.0,True
2020-01-08 10:19:12.300,-0.0858514930385698,-0.0611188469347148,0.0506079507060281,-26.62297005811964,-30.95207910151547,25.752871130532203,52.54355,-1.438023,17.54666666385038,0.0,True
2020-01-08 10:19:12.400,-0.1386363152573315,-0.2665451343223374,0.2382482562273899,-24.62,-30.21151570003025,24.60060664203207,52.54355,-1.438023,17.52166666163861,0.0,True
2020-01-08 10:19:12.500,-0.0753009973867706,0.1758257090063898,-0.0843980001571486,-24.65960398549164,-31.09960398549164,25.52059407245565,52.54355,-1.438023,17.521369641703977,0.0,True
2020-01-08 10:19:12.600,-0.1007298478079999,-0.0613798113279999,0.0334248,-24.8609999616,-31.4045004032,25.4889993984,52.54355,-1.438023,17.557194427733332,0.0,True
2020-01-08 10:19:12.700,0.085544932352,0.133714763264,-0.184514796544,-24.8190000384,-31.9580000768,24.793500441600003,52.54355,-1.438023,17.53770834488889,0.0,True
2020-01-08 10:19:12.800,0.039845188352,-0.10599968128,0.0393648023039999,-24.8985001216,-32.0885001216,25.4070001152,52.54355,-1.438023,17.549138872177778,0.0,True
2020-01-08 10:19:12.900,0.273679930368,0.2902998848,-0.208934939136,-25.02249984,-32.28750016,25.71000064,52.54355,-1.438023,17.532944470044445,0.0,True
2020-01-08 10:19:13.000,0.1539920148429024,0.1730179062788316,-0.1555307579613314,-24.801089087830643,-32.47178211146371,26.47683148641935,52.54355,-1.438023,17.562200208798725,0.0,True
2020-01-08 10:19:13.100,0.0073615487254278,0.337596249204847,-0.2814628520006826,-24.670808651265265,-32.372221774005865,25.983030425271128,52.54355,-1.438023,17.537828262454813,0.0,True
2020-01-08 10:19:13.200,0.0881701022719999,0.125930138368,-0.118095114752,-24.22750016,-32.71249984,25.84249984,52.54355,-1.438023,17.567750054399998,0.0,True
2020-01-08 10:19:13.300,0.215164962304,0.278304866048,-0.246979899648,-24.4865001984,-32.4534998016,25.7695005952,52.54355,-1.438023,17.65033337742222,0.0,True
2020-01-08 10:19:13.400,0.135039871744,0.106715026944,-0.097694931712,-24.71249984,-32.1704999168,26.48499968,52.54355,-1.438023,17.716263920355555,0.0,True
2020-01-08 10:19:13.500,-0.0199999347199999,0.156480059648,-0.035110119936,-24.4804999168,-32.1260002816,25.9579995648,52.54355,-1.438023,17.746513839644443,0.0,True
2020-01-08 10:19:13.600,0.0237848168959999,0.1749497408,-0.14092477184,-24.3429998848,-32.4159996416,25.4445002752,52.54355,-1.438023,17.67661109191111,0.0,True
2020-01-08 10:19:13.700,-0.2224303140006051,-0.1174664790196499,0.1379180942751713,-24.22787892500757,-31.94,25.867575966011497,52.54355,-1.438023,17.667441136558814,0.0,True
2020-01-08 10:19:13.800,-0.2128811713148016,0.0999761914779827,0.0320920979593492,-24.46851486955397,-31.959009913035985,26.22960398549164,52.54355,-1.438023,17.76478548228431,0.0,True
2020-01-08 10:19:13.900,-0.076920020992,-0.246444827392,0.166004900608,-24.58249984,-32.09750016,26.51500032,52.54355,-1.438023,17.79311109831111,0.0,True
2020-01-08 10:19:14.000,-0.0630848220159999,-0.060835186176,0.05927510784,-24.29499968,-32.243999718400005,26.90249984,52.54355,-1.438023,17.763194389333332,0.0,True
2020-01-08 10:19:14.100,0.176060011776,-0.270614840064,0.181814911744,-23.79499968,-31.8895000832,26.6704999168,52.54355,-1.438023,17.706666737777777,0.0,True
2020-01-08 10:19:14.200,0.1444725563005696,-0.1147911139613,0.0864788670843687,-23.48363677502269,-31.980302958996067,26.49484824898699,52.54355,-1.438023,17.825774500060483,0.0,True
2020-01-08 10:19:14.300,-0.0934494881264083,-0.4153989995716433,0.215035647388925,-24.12,-31.94920797098327,26.13,52.54355,-1.438023,17.96626512801839,0.0,True
2020-01-08 10:19:14.400,0.0127513889930414,-0.3703910596583048,0.2749485856655608,-24.168485024009684,-32.40787892500756,26.21484879201694,52.54355,-1.438023,17.97556396102711,0.0,True
2020-01-08 10:19:14.500,-0.1501306726214163,-0.6292643728883155,0.4362227756500756,-24.428910884062343,-32.48217813048911,26.69,52.54355,-1.438023,17.96869362680696,0.0,True
2020-01-08 10:19:14.600,-0.0142951518719999,-0.691284676096,0.435264875264,-24.3805000448,-31.8160002816,26.61499968,52.54355,-1.438023,18.04473616924444,0.0,True
2020-01-08 10:19:14.700,-0.2095692754181547,-0.2251592298197099,0.2481692019131576,-24.402871105185653,-32.19891093475544,26.2360398295698,52.54355,-1.438023,18.110516995707133,0.0,True
2020-01-08 10:19:14.800,-0.1372330319948075,-0.0612417721911775,0.1543467114364693,-24.19,-32.14393849280744,26.570707671461708,52.54355,-1.438023,18.084871270296464,0.0,True
2020-01-08 10:19:14.900,0.0361301510916194,-0.2796604705225241,0.3050332404148749,-24.132424033988503,-31.57575785001513,26.92424214998488,52.54355,-1.438023,18.310151454357758,0.0,True
2020-01-08 10:19:15.000,-0.1944643536249369,-0.0982614040468302,0.162123762898226,-23.81,-32.0,26.480990086964017,52.54355,-1.438023,18.226232129625643,0.0,True
2020-01-08 10:19:15.100,-0.1646120984487444,-0.2045210532712383,0.1413938485049868,-23.800909057998183,-32.10454583302088,26.445151751013007,52.54355,-1.438023,18.29683507778114,0.0,True
2020-01-08 10:19:15.200,-0.1230475207271418,0.0324712815976437,0.0008950495651799,-23.799108942009628,-32.550593971069446,26.781485130446026,52.54355,-1.438023,18.395863589370105,0.0,True
2020-01-08 10:19:15.300,-0.0775120785376462,0.0172819310662263,-0.0190243163640783,-24.07969704100393,-31.81,26.68606080901119,52.54355,-1.438023,18.419259252555182,0.0,True
2020-01-08 10:19:15.400,-0.019148,0.153164,-0.0981199999999999,-24.0988,-31.8404,26.9904,52.54355,-1.438023,18.422666666666665,0.0,True
2020-01-08 10:19:15.500,-0.044948,-0.038664,0.082652,-23.6104,-32.0496,26.8792,52.54355,-1.438023,18.507177777777777,0.0,True
2020-01-08 10:19:15.600,0.022144,-0.00922,0.0688199999999999,-23.6704,-32.3308,26.5904,52.54355,-1.438023,18.571422222222225,0.0,True
2020-01-08 10:19:15.700,-0.00884355652661,-0.1497088963858353,0.097065332762191,-24.10108901455145,-32.36079202901673,26.75,52.54355,-1.438023,18.583836640494944,0.0,True
2020-01-08 10:19:15.800,0.0462090525678852,-0.035266692611431,0.0050091756546743,-23.40545489101906,-31.920302958996068,26.72121201699425,52.54355,-1.438023,18.628063925830727,0.0,True
2020-01-08 10:19:15.900,0.0071297157891268,-0.0719940572477194,0.1165989975439192,-23.949504956517995,-31.879703014465274,26.61069310142929,52.54355,-1.438023,18.56925743477699,0.0,True
2020-01-08 10:19:16.000,0.1077817934986385,-0.0635212469519211,0.0252121654224385,-23.990909057998184,-32.25,26.86939390099788,52.54355,-1.438023,18.648787892500756,0.0,True
2020-01-08 10:19:16.100,0.0652594031901168,-0.0932732520384963,0.0720237487041575,-23.91940592754435,-32.21039601450837,26.84009902897364,52.54355,-1.438023,18.65891088406234,0.0,True
2020-01-08 10:19:16.200,0.048560027136,0.032994991872,-0.0275249356799999,-23.7634998016,-31.9804999168,27.0570002432,52.54355,-1.438023,18.589208287288887,0.0,True
2020-01-08 10:19:16.300,0.0664029644263664,0.0268212288509227,0.0535514994091316,-23.52878798300575,-31.93666690801331,27.33151497599032,52.54355,-1.438023,18.531548834195142,0.0,True
2020-01-08 10:19:16.400,-0.0355316831883933,0.0523673265218702,0.0298653469562594,-23.71851486955397,-32.26089105799038,27.01089105799037,52.54355,-1.438023,18.555863589370105,0.0,True
2020-01-08 10:19:16.500,-0.050415062784,0.0227448811519999,0.048145062912,-23.8609999616,-31.9909999616,26.8445004032,52.54355,-1.438023,18.573277744355554,0.0,True
2020-01-08 10:19:16.600,-0.1304666545993344,-0.1451151877719998,0.139487906981555,-23.791818115996367,-31.949090942001817,27.275454166979124,52.54355,-1.438023,18.529983168944664,0.0,True
2020-01-08 10:19:16.700,-0.0866752316041071,-0.2047485171000504,0.1781415810164474,-23.74861389852762,-31.97940592754435,26.69,52.54355,-1.438023,18.53008250443072,0.0,True
2020-01-08 10:19:16.800,0.0300771881621769,-0.247332729411049,0.1586762538906856,-24.02287119929436,-31.91752486490323,26.85633702716129,52.54355,-1.438023,18.503088570762323,0.0,True
2020-01-08 10:19:16.900,-0.0594788334134951,-0.3549901036414131,0.1940838673141669,-23.82838370595628,-32.215454362093304,27.713839076536388,52.54355,-1.438023,18.518667323476024,0.0,True
2020-01-08 10:19:17.000,-0.0363727825630496,-0.2260304606186921,0.1854576328031464,-23.94,-32.25636322497731,27.13,52.54355,-1.438023,18.436540398555252,0.0,True
2020-01-08 10:19:17.100,-0.0815514595811228,-0.3990989651003343,0.216781152051423,-23.83069300004309,-31.610495043482008,27.19811885504561,52.54355,-1.438023,18.42818756884053,0.0,True
2020-01-08 10:19:17.200,0.1146649226239999,-0.120670414592,0.002810377216,-23.2965001984,-31.5044997632,27.5329998848,52.54355,-1.438023,18.423222198044442,0.0,True
2020-01-08 10:19:17.300,0.016595020032,-0.520369356032,0.399009552896,-23.6260002816,-31.2545002752,27.4070001152,52.54355,-1.438023,18.396027798755554,0.0,True
2020-01-08 10:19:17.400,0.037589976064,0.232659563776,-0.1231746943999999,-23.88749952,-31.5644997632,27.6170002432,52.54355,-1.438023,18.427055569066667,0.0,True
2020-01-08 10:19:17.500,-0.0016700318719999,-0.209719415552,0.176664547584,-23.2785001216,-31.2965001984,27.8364995584,52.54355,-1.438023,18.42129156551111,0.0,True
2020-01-08 10:19:17.600,-0.0473939516806777,0.4745148185116324,-0.3418057623235476,-23.37333309198669,-31.541818115996367,27.3075759660115,52.54355,-1.438023,18.29784515730773,0.0,True
2020-01-08 10:19:17.700,-0.0321979981294245,0.0551307537303785,0.0437662885806185,-23.148910985448545,-31.449504956517995,27.44148502905982,52.54355,-1.438023,18.370946102249675,0.0,True
2020-01-08 10:19:17.800,0.1237148899839999,0.53167486336,-0.326189859584,-23.9580000768,-31.4534998016,26.561500518400003,52.54355,-1.438023,18.419416600177776,0.0,True
2020-01-08 10:19:17.900,-0.0072349352959999,0.339444954112,-0.132709970176,-24.0509999616,-31.2365001984,27.2590000384,52.54355,-1.438023,18.32494441813333,0.0,True
2020-01-08 10:19:18.000,0.0867000289615974,0.309439505946178,-0.1300849823773851,-23.980302958996067,-31.490909057998184,27.32060609900212,52.54355,-1.438023,18.289242421499846,0.0,True
2020-01-08 10:19:18.100,0.1084504804438687,0.3856227107629058,-0.272186097416933,-23.930198057947287,-31.428910884062343,27.329306898570707,52.54355,-1.438023,18.280247521741007,0.0,True
2020-01-08 10:19:18.200,-0.01520000512,-0.0649547220479999,0.039239855104,-24.3340003584,-31.3519999232,27.1080002048,52.54355,-1.438023,18.270166731377778,0.0,True
2020-01-08 10:19:18.300,-0.018819986432,0.226889670144,-0.092779742208,-24.7919999232,-31.2034998016,27.4265001984,52.54355,-1.438023,18.347694408533332,0.0,True
2020-01-08 10:19:18.400,0.016840075264,-0.147539728384,0.184184720896,-24.6794999552,-31.0045002752,27.6434998016,52.54355,-1.438023,18.300916670577774,0.0,True
2020-01-08 10:19:18.500,0.097359917056,0.137734678016,-0.12147472256,-24.6680002048,-31.29499968,27.41750016,52.54355,-1.438023,18.315236150044445,0.0,True
2020-01-08 10:19:18.600,-0.006694973952,-0.214539678464,0.197334788096,-24.8829997568,-30.9555003648,27.5729997568,52.54355,-1.438023,18.360819418311113,0.0,True
2020-01-08 10:19:18.700,0.005834905856,0.130044648192,-0.035229791488,-24.59750016,-31.5420004352,27.3160002816,52.54355,-1.438023,18.340486172444443,0.0,True
2020-01-08 10:19:18.800,-0.09759990784,-0.285614779904,0.215254887168,-24.88500032,-32.1109999616,27.6704999168,52.54355,-1.438023,18.416861089422223,0.0,True
2020-01-08 10:19:18.900,-0.0088451435519999,-0.066245311232,0.118470226432,-25.2919999232,-32.013499801600005,27.6260002816,52.54355,-1.438023,18.401555613155555,121.9063337377296,True
2020-01-08 10:19:19.000,-0.1750605175851199,-0.4300543660901068,0.3736695321409085,-25.20818188400364,-31.740909057998184,27.92424214998488,52.54343181775398,-1.4377108776579377,18.482727289639822,121.90553547582624,True
2020-01-08 10:19:19.100,-0.072101011580839,-0.2205921222920379,0.1453930862213615,-25.33059407245565,-31.709009913035985,27.480990086964017,52.54277,-1.435963,18.502904286636824,0.0,True
2020-01-08 10:19:19.200,-0.2339299220479999,-0.554439883264,0.303310068736,-25.3544996352,-31.8295000832,27.3604999168,52.54277,-1.435963,18.479194478933334,0.0,True
2020-01-08 10:19:19.300,-0.1139599298559999,-0.4159000704,0.40802505728,-24.9645004032,-31.9670001152,27.3160002816,52.54277,-1.435963,18.52979168711111,0.0,True
2020-01-08 10:19:19.400,-0.024265014784,-0.5122950123519999,0.4480998464,-25.5,-32.0179995648,27.7830003968,52.54277,-1.435963,18.55711111182222,0.0,True
2020-01-08 10:19:19.500,-0.0343696624680969,-0.4887150067620158,0.2312211654974283,-25.453030132990623,-31.48696986700938,28.16909039897186,52.54277,-1.435963,18.56895626841884,0.0,True
2020-01-08 10:19:19.600,0.022488,-0.3010879999999999,0.18942,-25.2988,-31.71,27.4392,52.54277,-1.435963,18.63542222222222,0.0,True
2020-01-08 10:19:19.700,-0.0071366640390742,-0.3849702294623236,0.3060019532051981,-25.87,-31.39069300004309,27.631188043525096,52.54277,-1.435963,18.674978004826542,0.0,True
2020-01-08 10:19:19.800,-0.2231414927052811,0.1560296427159267,0.0597692597812091,-25.77792057425,-30.967426114991937,26.934653310758065,52.54277,-1.435963,18.73537404091711,0.0,True
2020-01-08 10:19:19.900,-0.0241260996384962,0.0202100274618714,-0.0591100678013436,-25.20616193195041,-31.76394015794455,26.657575054691016,52.54277,-1.435963,18.755516190092006,0.0,True
2020-01-08 10:19:20.000,-0.1655303176208047,0.0955636847426684,-0.0598877802745662,-25.024848792016943,-31.271515700030253,27.287878925007565,52.54277,-1.435963,18.824722217194168,0.0,True
2020-01-08 10:19:20.100,-0.1512841350869767,0.1294019542190601,0.0889990076825395,-25.460396014508365,-32.012277159462755,27.45089105799037,52.54277,-1.435963,18.83106986593646,0.0,True
2020-01-08 10:19:20.200,0.0373151262286052,-0.0576726160338643,0.0487332548956736,-25.32575785001513,-31.429393900997884,27.274848792016943,52.54277,-1.435963,18.908047145055942,0.0,True
2020-01-08 10:19:20.300,0.0013207940567407,0.092712857544781,-0.054572265804208,-25.710396014508365,-31.330396014508366,27.59158405803346,52.54277,-1.435963,18.932530261669342,0.0,True
2020-01-08 10:19:20.400,0.016939995904,-0.0096599452159999,0.026529937408,-25.5180000768,-31.12,26.8070002432,52.54277,-1.435963,19.00366666097778,0.0,True
2020-01-08 10:19:20.500,0.014980014848,0.031164863744,-0.03064988928,-25.6019999232,-31.1395000832,27.1855002368,52.54277,-1.435963,19.006736156444447,0.0,True
2020-01-08 10:19:20.600,0.046070048512,-0.1173848616959999,0.08879988224,-25.5660002816,-31.3055002368,27.4534998016,52.54277,-1.435963,19.075944482844445,0.0,True
2020-01-08 10:19:20.700,0.066864813824,0.0306298478079999,-0.0411398871039999,-25.8829997568,-31.54499968,27.2830003968,52.54277,-1.435963,19.123486096355553,0.0,True
2020-01-08 10:19:20.800,-0.174114973184,-0.124654800128,0.09882495744,-25.6065001984,-31.1485001216,27.7454997248,52.54277,-1.435963,19.12188896568889,0.0,True
2020-01-08 10:19:20.900,-0.137179994368,0.075504721408,0.0655950993919999,-25.87,-31.3009999616,27.30499968,52.54277,-1.435963,19.223138885688886,0.0,True
2020-01-08 10:19:21.000,-0.159790128384,-0.243859783936,0.206780039168,-25.87,-31.2590000384,26.8980000768,52.54277,-1.435963,19.239763977955555,0.0,True
2020-01-08 10:19:21.100,-0.290819831552,-0.098335603456,0.3434303610879999,-25.9360002816,-31.3295000832,27.0465001984,52.54277,-1.435963,19.344555497955554,0.0,True
2020-01-08 10:19:21.200,-0.0722666853710316,-0.7980723589996872,0.7135602098681472,-26.26303013299062,-31.37333309198669,27.31,52.54277,-1.435963,19.292887295282735,0.0,True
2020-01-08 10:19:21.300,-0.0890653388453632,-0.3244000608317217,0.1455633947649234,-26.10930699995691,-31.05861389852761,27.281485130446026,52.54277,-1.435963,19.42037127979522,0.0,True
2020-01-08 10:19:21.400,-0.021630292279407,-0.8044301945340157,0.4149455669361991,-26.500605374962184,-31.33212107499244,27.13,52.54277,-1.435963,19.376186931309007,0.0,True
2020-01-08 10:19:21.500,-0.0152653530394316,-0.593003932770809,0.5515247288552737,-25.538217884019254,-31.04079202901673,27.179108942009627,52.54277,-1.435963,19.47591584339662,0.0,True
2020-01-08 10:19:21.600,-0.0761750272,-0.387935113216,0.34322495616,-26.0314998784,-30.7145004032,27.4580000768,52.54277,-1.435963,19.492736118044444,0.0,True
2020-01-08 10:19:21.700,-0.1106030241596611,-0.4727240050269058,0.2535604922437222,-25.84272717399456,-31.334848792016945,27.53272717399455,52.54277,-1.435963,19.514823278947016,0.0,True
2020-01-08 10:19:21.800,-0.0821059285582121,-0.0102286525013243,0.0399237385655373,-25.61079202901673,-31.73079202901673,27.310296985534723,52.54277,-1.435963,19.58962871457221,0.0,True
2020-01-08 10:19:21.900,0.013669978112,0.4538998208,-0.170980048128,-25.311500518400003,-31.2919999232,26.90249984,52.54277,-1.435963,19.599263869155553,0.0,True
2020-01-08 10:19:22.000,-0.017665009664,0.144844696832,-0.16799971456,-25.88749952,-31.2170001152,26.76500032,52.54277,-1.435963,19.58293059768889,0.0,True
2020-01-08 10:19:22.100,-0.0359848683410952,-0.1528905292990517,0.1551301004088239,-25.3060608090112,-31.35181811599637,27.06727228297549,52.54277,-1.435963,19.62739894830326,0.0,True
2020-01-08 10:19:22.200,-0.0735435686929544,0.3672573830700249,-0.1388623639207058,-25.65960398549164,-31.31970301446528,26.46871292750126,52.54277,-1.435963,19.566531905393152,0.0,True
2020-01-08 10:19:22.300,-0.1074605972295129,0.0415607221264018,-0.0501152040628983,-25.88060609900212,-31.699090942001817,26.85515120798306,52.54277,-1.435963,19.58121210749924,0.0,True
2020-01-08 10:19:22.400,-0.1173406089762274,0.1987158274001282,-0.1106158284139902,-25.959009913035985,-31.66128707249874,26.389504956517992,52.54277,-1.435963,19.564928495972293,0.0,True
2020-01-08 10:19:22.500,-0.191414782464,0.0715649648639999,-0.0292101237759999,-26.0419999232,-31.22750016,26.4580000768,52.54277,-1.435963,19.588986102044444,0.0,True
2020-01-08 10:19:22.600,0.0661210985237343,0.0014453696353165,-0.134084633028116,-25.94,-31.45818188400364,26.597878925007564,52.54277,-1.435963,19.57075755335988,0.0,True
2020-01-08 10:19:22.700,-0.0726257191450101,-0.1042524589956175,0.1659960185638137,-25.91940592754435,-31.59009902897364,26.821089115937657,52.54277,-1.435963,19.533558854268314,0.0,True
2020-01-08 10:19:22.800,0.087979847168,-0.014710199296,0.0145601064959999,-25.9135004416,-31.63749952,26.8980000768,52.54277,-1.435963,19.528416702577772,0.0,True
2020-01-08 10:19:22.900,-0.0954241715560911,-0.2243694977490115,0.1397726685267597,-26.43333309198669,-31.01818188400363,26.962121074992435,52.54277,-1.435963,19.574427603332996,0.0,True
2020-01-08 10:19:23.000,-0.0169199999999999,0.043176,0.049524,-26.0104,-31.1312,26.7404,52.54277,-1.435963,19.56291111111111,0.0,True
2020-01-08 10:19:23.100,-0.1429455208842904,-0.1075890693000043,0.0039128403091265,-25.759504956518,-31.150396014508367,26.65990097102636,52.54277,-1.435963,19.557180971415004,0.0,True
2020-01-08 10:19:23.200,0.047534966016,0.18564983424,-0.193084732416,-25.8009999616,-31.0045002752,26.5465001984,52.54277,-1.435963,19.59041668977778,0.0,True
2020-01-08 10:19:23.300,-0.004590029824,-0.020279939328,0.1249948408319999,-25.8340003584,-31.3429998848,26.7544997632,52.54277,-1.435963,19.619444437333335,0.0,True
2020-01-08 10:19:23.400,-0.049285021696,0.056669984512,-0.048044836352,-26.38500032,-31.1704999168,26.552500480000003,52.54277,-1.435963,19.624416728177778,0.0,True
2020-01-08 10:19:23.500,-0.0591150827862091,-0.01393048414999,0.1994213211660146,-26.76303013299062,-31.050909057998183,27.180909057998186,52.54277,-1.435963,19.704595954110804,0.0,True
2020-01-08 10:19:23.600,0.0492910904339582,-0.2427732348028418,0.2824445001786931,-26.381188043525096,-30.97940592754435,26.83217802910291,52.54277,-1.435963,19.688498345011052,0.0,True
2020-01-08 10:19:23.700,0.072340050944,-0.053980357888,-0.126039801344,-25.9180007168,-30.8805000448,25.40000064,52.54277,-1.435963,19.653888913777777,0.0,True
2020-01-08 10:19:23.800,0.146060025856,-0.520929964288,0.166570122752,-26.719999360000003,-30.9204999168,26.2590000384,52.54277,-1.435963,19.690402792533337,0.0,True
2020-01-08 10:19:23.900,0.1362786281511898,-0.4442423183241578,0.3140090344668868,-25.93666690801331,-30.885757850015125,26.32969704100393,52.54277,-1.435963,19.713198664778417,0.0,True
2020-01-08 10:19:24.000,-0.0965425652230116,-0.3319802307043046,0.2435554562252396,-26.319504956517992,-31.23079202901673,26.41940592754435,52.54277,-1.435963,19.720814074883286,0.0,True
2020-01-08 10:19:24.100,-0.035800064,-0.5082595829759999,0.291069820672,-26.37,-30.9135004416,26.31,52.54277,-1.435963,19.66819445333333,0.0,True
2020-01-08 10:19:24.200,-0.12207500544,-0.00592521984,0.080515117824,-26.3985001216,-31.4054995968,26.3385001216,52.54277,-1.435963,19.682541677511107,0.0,True
2020-01-08 10:19:24.300,-0.132855015168,-0.2209196715519999,0.169244710912,-26.5419999232,-30.9360002816,26.46249984,52.54277,-1.435963,19.696652776533334,0.0,True
2020-01-08 10:19:24.400,-0.142169953792,0.171514813184,-0.156019749632,-26.4204999168,-31.2439997184,26.2034998016,52.54277,-1.435963,19.684958290488886,0.0,True
2020-01-08 10:19:24.500,-0.096595067392,-0.056109912576,0.156789915904,-26.34750016,-30.8895000832,25.94,52.54277,-1.435963,19.647097303466666,0.0,True
2020-01-08 10:19:24.600,-0.1761849576959999,0.078240077824,0.016104876288,-26.5885001216,-31.03750016,25.9490000384,52.54277,-1.435963,19.73908326542222,0.0,True
2020-01-08 10:19:24.700,-0.08497485056,0.143709838336,-0.128969917952,-26.71249984,-31.2965001984,26.0285001216,52.54277,-1.435963,19.650388895288888,0.0,True
2020-01-08 10:19:24.800,0.08859989376,-0.0176297722879999,-0.031520049152,-26.5090000384,-31.52249984,26.2365001984,52.54277,-1.435963,19.647347172977774,0.0,True
2020-01-08 10:19:24.900,-0.0045907356504335,0.2222240158875048,-0.0744514342455374,-26.50393919098881,-31.25393919098881,26.395454166979125,52.54277,-1.435963,19.586363652361992,0.0,True
2020-01-08 10:19:25.000,0.2555415789887233,-0.081990069728361,0.0265890936326929,-26.12029698553473,-30.97960398549164,25.83059407245565,52.54277,-1.435963,19.596985689619093,0.0,True
2020-01-08 10:19:25.100,0.167034807296,0.130259858176,-0.065409846016,-25.6929997568,-31.1614998784,25.9955002368,52.54277,-1.435963,19.52406945351111,0.0,True
2020-01-08 10:19:25.200,-0.062859888896,-0.026689865984,0.098119825152,-25.3519999232,-30.9804999168,26.2829998848,52.54277,-1.435963,19.538361120711112,0.0,True
2020-01-08 10:19:25.300,0.048954847488,0.1196348648959999,-0.113669912832,-25.2304999168,-30.9180002048,26.09249984,52.54277,-1.435963,19.537444386133334,0.0,True
2020-01-08 10:19:25.400,-0.14399995904,-0.037104903168,-0.002460019456,-25.23250048,-31.2830003968,25.7944996352,52.54277,-1.435963,19.463583348622223,0.0,True
2020-01-08 10:19:25.500,-0.08104996352,0.070619910912,-0.0046748991999999,-25.8985001216,-31.7439997184,25.34750016,52.54277,-1.435963,19.473097176177777,0.0,True
2020-01-08 10:19:25.600,-0.0305207871604838,-0.0137197215941926,0.0944028879786684,-26.125346689241937,-31.41752486490323,25.56,52.54277,-1.435963,19.414914748500895,0.0,True
2020-01-08 10:19:25.700,-0.0215413929530045,0.1202216506601709,-0.0637083789738258,-26.46464671931485,-31.64474780072301,25.622221774005865,52.54277,-1.435963,19.426720015187637,0.0,True
2020-01-08 10:19:25.800,-0.0256177891780641,-0.1656522771283444,0.1253572784970547,-26.25,-31.30613846278629,26.08316851358065,52.54277,-1.435963,19.392937288849687,0.0,True
2020-01-08 10:19:25.900,0.0543898918591842,0.2622195685227995,-0.1891750523637379,-26.36454462941989,-31.02767613609917,26.56989891859184,52.54277,-1.435963,19.37757578304259,0.0,True
2020-01-08 10:19:26.000,0.032454880768,-0.0030297774079999,0.0393748787199999,-26.9669996032,-31.6260002816,26.5639997184,52.54277,-1.435963,19.355777776355556,0.0,True
2020-01-08 10:19:26.100,-0.113254946048,0.272664914944,-0.12215000192,-26.4294999552,-31.88749952,26.1809999616,52.54277,-1.435963,19.351055543466664,0.0,True
2020-01-08 10:19:26.200,-0.038119985152,0.172345053952,-0.132155031808,-26.4645004032,-31.2965001984,26.1765001984,52.54277,-1.435963,19.337416676977778,0.0,True
2020-01-08 10:19:26.300,-0.0175666636498336,0.2417727192095552,-0.1734454510898093,-26.895454166979125,-31.51303013299062,26.420302958996068,52.54277,-1.435963,19.354267688195076,0.0,True
2020-01-08 10:19:26.400,0.0049376350654321,0.2144405846435388,-0.1618425702923217,-26.27990097102636,-31.21990097102636,26.34960398549164,52.54277,-1.435963,19.372736524154273,0.0,True
2020-01-08 10:19:26.500,0.0890649546239999,0.140135019776,-0.137615038464,-26.1860002816,-31.17250048,26.5044997632,52.54277,-1.435963,19.375611105422223,0.0,True
2020-01-08 10:19:26.600,0.035265027584,0.145294909952,-0.17047492224,-26.5314998784,-31.7919999232,26.2740003584,52.54277,-1.435963,19.346763798044442,0.0,True
2020-01-08 10:19:26.700,0.071539998464,0.027995009792,-0.0575549588479999,-26.2859996416,-31.7455002368,26.78750016,52.54277,-1.435963,19.24994454613333,0.0,True
2020-01-08 10:19:26.800,0.0500445084302414,-0.0002723748643962,0.0228376846491539,-25.958515202822586,-32.04217817566129,26.953960287125,52.54277,-1.435963,19.381287119929432,0.0,True
2020-01-08 10:19:26.900,-0.0572434650055078,-0.2173708477495229,0.1580687756970195,-26.703940157944547,-31.913131506679285,26.592424945308984,52.54277,-1.435963,19.35418634939844,0.0,True
2020-01-08 10:19:27.000,-0.039635035136,-0.148570212352,0.112570125312,-26.0314998784,-31.7214998784,25.9714998784,52.54277,-1.435963,19.33388895288889,0.0,True
2020-01-08 10:19:27.100,-0.085054994688,-0.412134921216,0.266894948352,-25.8805000448,-31.5419999232,25.8580002048,52.54277,-1.435963,19.420555562666667,0.0,True
2020-01-08 10:19:27.200,-0.0854697240114915,-0.3252273369035398,0.201300010860599,-25.87333309198669,-31.50515175101301,26.10121201699425,52.54277,-1.435963,19.424865301276753,0.0,True
2020-01-08 10:19:27.300,-0.1319891118822095,-0.4399930791243273,0.2463455624526336,-25.57920797098327,-31.841485130446024,25.98910894200963,52.54277,-1.435963,19.398003301529048,0.0,True
2020-01-08 10:19:27.400,-0.1313702366347977,-0.464557289142579,0.3450285913436679,-25.90643542222177,-31.782079425750005,26.306435777072583,52.54277,-1.435963,19.40999450403685,0.0,True
2020-01-08 10:19:27.500,0.012652542162506,-0.1857521488526523,0.0847361170154996,-25.47605984205545,-32.266161931950414,26.514041239352707,52.54277,-1.435963,19.42617841467598,0.0,True
2020-01-08 10:19:27.600,-0.001780000768,-0.36859942656,0.209844646912,-26.1680002048,-32.0180000768,25.8385001216,52.54277,-1.435963,19.457569447111112,0.0,True
2020-01-08 10:19:27.700,-0.012190040064,0.327944722432,-0.2079197816319999,-26.36499968,-32.0554997248,26.0195000832,52.54277,-1.435963,19.464986127644444,0.0,True
2020-01-08 10:19:27.800,-0.048614928384,0.0411553492479999,0.030634780416,-25.9294999552,-31.6614998784,26.1390000384,52.54277,-1.435963,19.493569472711112,121.22634655616532,True
2020-01-08 10:19:27.900,0.047970006272,0.514285039616,-0.273285052416,-25.9555003648,-31.4804999168,26.1704999168,52.5426469994752,-1.4356293985766402,19.53486112711111,121.22549142149114,True
2020-01-08 10:19:28.000,0.0409969142969443,0.5730666889912314,-0.3310666238276371,-26.288484299969745,-31.360909057998185,26.146363949017243,52.54195,-1.433739,19.553670024832847,0.0,True
2020-01-08 10:19:28.100,-0.0191950333433874,0.6334693233231355,-0.3237307304115519,-25.46851486955397,-31.43831691299289,26.55079202901673,52.54195,-1.433739,19.55126513365095,0.0,True
2020-01-08 10:19:28.200,0.067354791168,0.67497459072,-0.548554623488,-25.7145004032,-32.1485001216,26.09249984,52.54195,-1.433739,19.60015273102222,0.0,True
2020-01-08 10:19:28.300,-0.164894807552,0.19372526592,-0.0905001792,-26.2214998784,-32.263499801600005,25.8694999552,52.54195,-1.433739,19.554847293866665,0.0,True
2020-01-08 10:19:28.400,0.080904958208,0.417539448064,-0.264869728512,-26.0795000832,-32.03750016,25.9135004416,52.54195,-1.433739,19.645208312888887,0.0,True
2020-01-08 10:19:28.500,0.0346424577018455,-0.2342421300737744,0.0651392833038976,-26.132424033988503,-32.17424214998487,26.395454166979125,52.54195,-1.433739,19.627904076057522,0.0,True
2020-01-08 10:19:28.600,0.0701465243542332,0.165116796398762,-0.0469900616174647,-25.77990097102636,-31.759504956518,25.870198057947285,52.54195,-1.433739,19.687323985102985,0.0,True
2020-01-08 10:19:28.700,-0.0076696660882966,-0.072987669858476,0.1821512097931573,-25.58212107499244,-31.800909057998183,26.21878798300575,52.54195,-1.433739,19.71122054313913,0.0,True
2020-01-08 10:19:28.800,0.0258584068172082,0.1767108445217232,-0.2287662977053767,-25.37,-31.838712927501263,26.389504956517992,52.54195,-1.433739,19.73042079991461,0.0,True
2020-01-08 10:19:28.900,-0.039389955584,-0.159009766656,0.085929950208,-25.3234998016,-32.263499801600005,26.243499161600003,52.54195,-1.433739,19.803444475733336,0.0,True
2020-01-08 10:19:29.000,0.010644961792,0.07244966528,0.05115013376,-25.13500032,-31.96249984,25.16750016,52.54195,-1.433739,19.843208325688884,0.0,True
2020-01-08 10:19:29.100,-0.0133698859519999,-0.320529779968,0.20734990848,-25.4939997184,-31.7965001984,25.3980000768,52.54195,-1.433739,19.837263906844445,0.0,True
2020-01-08 10:19:29.200,0.098964833024,-0.086485248256,0.127545178112,-25.1485001216,-32.013499801600005,25.5465001984,52.54195,-1.433739,19.866194466133333,0.0,True
2020-01-08 10:19:29.300,-0.093309874176,-0.369369800192,0.30979976832,-25.38500032,-31.6929997568,25.7079995648,52.54195,-1.433739,19.881208274488888,0.0,True
2020-01-08 10:19:29.400,0.049454896128,-0.131105115648,0.04755019392,-25.77249984,-31.4645004032,25.24250048,52.54195,-1.433739,19.802305552355552,0.0,True
2020-01-08 10:19:29.500,-0.045696814741453,-0.2398210496510386,0.2418270436673656,-25.64484879201694,-31.91515120798305,25.92696986700938,52.54195,-1.433739,19.799696975639215,0.0,True
2020-01-08 10:19:29.600,0.135312,-0.021812,-0.075908,-26.08,-31.52,26.0892,52.54195,-1.433739,19.791466666666665,0.0,True
2020-01-08 10:19:29.700,-0.151584,-0.147244,0.091128,-25.83,-31.959200000000003,25.6208,52.54195,-1.433739,19.71648888888889,0.0,True
2020-01-08 10:19:29.800,0.00452,0.076,-0.035076,-25.58,-32.06,26.06,52.54195,-1.433739,19.763677777777776,0.0,True
2020-01-08 10:19:29.900,0.2214623649345679,-0.1085257384083887,-0.0069485150723263,-25.430198057947287,-31.95069300004309,26.61079202901673,52.54195,-1.433739,19.466515344238545,0.0,True
2020-01-08 10:19:30.000,0.0706557135614575,-0.0884235740566913,0.018905965796435,-25.81470607723159,-31.38029414865048,26.01499947294184,52.54195,-1.433739,19.03521256618205,0.0,True
2020-01-08 10:19:30.100,-0.2613377300084637,-0.1932234013040343,0.1867765046550265,-26.197959154885428,-31.51428544559732,25.18306056236481,52.54195,-1.433739,19.353015753598804,0.0,True
2020-01-08 10:19:30.200,-0.2742098613759999,-0.278454838528,0.203384870656,-26.1179994368,-32.0465001984,26.2764995584,52.54195,-1.433739,19.580472271644442,0.0,True
2020-01-08 10:19:30.300,-0.120040127744,-0.11110020096,0.067555153408,-25.4180002048,-32.263499801600005,25.72750016,52.54195,-1.433739,19.644152769422224,0.0,True
2020-01-08 10:19:30.400,-0.240679790848,-0.268694533632,0.193389667584,-25.802500480000003,-32.0555002368,25.94,52.54195,-1.433739,19.62718053048889,0.0,True
2020-01-08 10:19:30.500,0.000169842432,0.277934689536,-0.183794725632,-26.3079994368,-32.2484994816,26.061500518400003,52.54195,-1.433739,19.566597105777777,0.0,True
2020-01-08 10:19:30.600,-0.143144718592,-0.054494659072,0.10507467776,-25.5509999616,-31.6170002432,26.6194994432,52.54195,-1.433739,19.42006947911111,0.0,True
2020-01-08 10:19:30.700,0.203914886144,0.351364799744,-0.286584845056,-25.5660002816,-31.9670001152,25.8890000384,52.54195,-1.433739,19.455902734222224,0.0,True
2020-01-08 10:19:30.800,0.0610762574391937,0.1226476128679042,-0.1054238206279845,-25.986039712875,-32.09326726349193,25.986039712875,52.54195,-1.433739,19.391826167881607,0.0,True
2020-01-08 10:19:30.900,0.1195221471459823,0.3224405031573394,-0.2436727483592695,-26.223131506679284,-31.83394015794455,26.33909026732658,52.54195,-1.433739,19.351986561697846,0.0,True
2020-01-08 10:19:31.000,0.1448648381439999,0.242065013504,-0.225869999872,-25.90999936,-31.3295005952,26.7194993152,52.54195,-1.433739,19.321236086755558,0.0,True
2020-01-08 10:19:31.100,-0.0558199390719999,0.269735041536,-0.217989967104,-25.1065001984,-32.04499968,25.8760002816,52.54195,-1.433739,19.26522212124444,0.0,True
2020-01-08 10:19:31.200,0.009394932992,0.312629947648,-0.165584962816,-25.33249984,-31.6109999616,26.3340003584,52.54195,-1.433739,19.145777840355553,0.0,True
2020-01-08 10:19:31.300,-0.055554897408,0.236664972544,-0.1249450373119999,-25.2235004416,-31.44749952,26.9135004416,52.54195,-1.433739,19.21676383715555,0.0,True
2020-01-08 10:19:31.400,0.0306447864319999,0.164634848256,-0.142159862016,-26.0065008384,-30.8760002816,27.4159996416,52.54195,-1.433739,19.141888862577776,0.0,True
2020-01-08 10:19:31.500,-0.245259966976,-0.001784850176,0.041340001024,-27.0554997248,-31.2680000768,26.752499200000003,52.54195,-1.433739,19.106652776533334,0.0,True
2020-01-08 10:19:31.600,-0.1641877440725694,0.1185482001142948,0.0802607420375001,-26.54757524197156,-31.4275759660115,25.7460608090112,52.54195,-1.433739,19.075454438494102,0.0,True
2020-01-08 10:19:31.700,0.034232,-0.229452,0.21532,-25.83,-31.7404,25.9208,52.54195,-1.433739,18.9212,0.0,True
2020-01-08 10:19:31.800,0.0134247724513409,0.0995751484674208,-0.0925969743822412,-26.121683087007103,-31.699504956517995,25.19,52.54195,-1.433739,18.983652367550896,0.0,True
2020-01-08 10:19:31.900,0.1757939209089804,-0.6494603112337382,0.3415483775040792,-25.449090942001817,-31.730302958996067,25.29454583302088,52.54195,-1.433739,18.991523527275476,0.0,True
2020-01-08 10:19:32.000,0.126384145225597,-0.227301011580839,0.1869059478215907,-25.490495043482007,-31.68970301446528,25.987722840537245,52.54195,-1.433739,18.933765130834672,0.0,True
2020-01-08 10:19:32.100,0.035285083136,-0.4297950955519999,0.241469974272,-25.3739997184,-32.02249984,26.4954997248,52.54195,-1.433739,18.952291591111113,0.0,True
2020-01-08 10:19:32.200,0.0890147581439999,-0.45499956608,0.190679929088,-25.1680007168,-31.8760002816,26.1104999168,52.54195,-1.433739,18.863361159822222,0.0,True
2020-01-08 10:19:32.300,-0.2352450129919999,0.074319799552,0.10227502464,-25.9894994432,-32.2785001216,25.9339997184,52.54195,-1.433739,18.914097162666668,0.0,True
2020-01-08 10:19:32.400,-0.195169755392,-0.158794858752,0.088994803712,-25.2965001984,-32.3739997184,25.63500032,52.54195,-1.433739,18.83754167751111,0.0,True
2020-01-08 10:19:32.500,0.109554914048,-0.0183302010879999,-0.1022047034879999,-25.59750016,-32.11250048,26.0329998848,52.54195,-1.433739,18.855694460444443,0.0,True
2020-01-08 10:19:32.600,0.0138200785919999,-0.20432465408,0.222014703104,-25.8190000384,-32.6659996416,25.8139997184,52.54195,-1.433739,18.865986064355553,0.0,True
2020-01-08 10:19:32.700,0.1142757433692164,0.202145262839426,-0.1429514089041397,-25.88060609900212,-32.14151497599032,25.591515700030257,52.54195,-1.433739,18.805740747444812,0.0,True
2020-01-08 10:19:32.800,0.078092,0.016272,-0.018536,-25.8888,-31.8812,26.3504,52.54195,-1.433739,18.819133333333333,0.0,True
2020-01-08 10:19:32.900,0.0100425784032179,0.5826782085564887,-0.2561445721628972,-25.69920797098327,-32.02871292750126,25.859405927544348,52.54195,-1.433739,18.83183168116067,0.0,True
2020-01-08 10:19:33.000,0.04907501824,0.506710007296,-0.402259990016,-26.0554997248,-32.4159996416,25.75,52.54195,-1.433739,18.822041696711107,0.0,True
2020-01-08 10:19:33.100,0.0311648202239999,0.543070113792,-0.380269962752,-25.5864995584,-32.09000064,25.7409999616,52.54195,-1.433739,18.863736118755558,0.0,True
2020-01-08 10:19:33.200,-0.1179746176,0.619964683264,-0.273334754816,-25.15000064,-32.770499276799995,25.69,52.54195,-1.433739,18.85063878968889,0.0,True
2020-01-08 10:19:33.300,0.430145171712,0.228460124416,-0.0605304814079999,-25.9429997568,-31.8940003584,25.7560002816,52.54195,-1.433739,18.738263971555554,0.0,True
2020-01-08 10:19:33.400,0.4952903193274703,0.3572301710027177,-0.6218542629144158,-25.64878798300575,-32.351818115996366,26.043636050982755,52.54195,-1.433739,18.846540398555256,0.0,True
2020-01-08 10:19:33.500,-0.3646910559626493,0.2294198504046576,-0.1817584139142424,-25.859108942009627,-32.28960398549163,25.639207970983268,52.54195,-1.433739,18.84294004709952,0.0,True
2020-01-08 10:19:33.600,-0.075189950464,0.5034594370559999,-0.096794706432,-26.1395000832,-32.4429997568,26.1080002048,52.54195,-1.433739,18.86859722097778,0.0,True
2020-01-08 10:19:33.700,-0.0194545047157257,-0.144189608928069,0.1970549748942415,-26.23069297469653,-32.16752498536236,26.426039829569792,52.54195,-1.433739,18.881796002370184,0.0,True
2020-01-08 10:19:33.800,-0.0429140178102624,0.3137562381632808,-0.2784565539832764,-26.111428504256647,-32.404285434402695,26.707142991486705,52.54195,-1.433739,18.9489681130938,0.0,True
2020-01-08 10:19:33.900,0.171213867097896,-0.3165633268361675,0.1283762097274992,-26.06,-32.21851486955397,26.800495043482005,52.54195,-1.433739,18.868965914240228,0.0,True
2020-01-08 10:19:34.000,0.1928271776147538,-0.0240062003677088,-0.0746211003338341,-25.91757524197156,-32.33212107499244,26.65606026598124,52.54195,-1.433739,19.01437709508282,0.0,True
2020-01-08 10:19:34.100,0.0865314237884533,-0.2107097669142173,0.0786137007858206,-25.159215735486413,-32.11058822348326,26.158235329550216,52.54195,-1.433739,18.98745096464435,0.0,True
2020-01-08 10:19:34.200,0.2138564207589606,-0.0611572130518033,-0.0034998142696303,-25.441429131194607,-32.06,26.28428551276994,52.54195,-1.433739,18.929285787055296,0.0,True
2020-01-08 10:19:34.300,-0.3080138417513453,-0.1081673224664221,0.1330603924659912,-25.988811956474905,-32.15980204343892,26.158514869553976,52.54195,-1.433739,18.976463140905135,0.0,True
2020-01-08 10:19:34.400,-0.134894963712,-0.072640001024,0.0994249843199999,-26.54499968,-32.7170001152,26.31,52.54195,-1.433739,18.942486159644442,0.0,True
2020-01-08 10:19:34.500,-0.091170019072,-0.088730062848,0.082860018176,-26.12,-32.7769996032,26.23499968,52.54195,-1.433739,19.00381943111111,0.0,True
2020-01-08 10:19:34.600,-0.1156212089398245,-0.1421241335439944,0.1007424015887504,-26.08212107499244,-32.25,25.847878925007564,52.54195,-1.433739,18.973232276608535,0.0,True
2020-01-08 10:19:34.700,-0.0962999908752417,-0.010024775492927,0.0697871313027366,-25.860495043482008,-32.180296985534724,26.00138610147238,52.54195,-1.433739,18.91501651046151,0.0,True
2020-01-08 10:19:34.800,-0.046545114112,-0.13842472448,0.075809933056,-25.8670002432,-31.8760002816,25.7185001216,52.54195,-1.433739,18.987847217777777,0.0,True
2020-01-08 10:19:34.900,-0.174384898816,0.226194994432,-0.025610053376,-26.19,-32.2785001216,25.8890000384,52.54195,-1.433739,18.972944406044444,0.0,True
2020-01-08 10:19:35.000,-0.066085111296,0.228820042752,-0.116135083776,-26.1329997568,-32.3364995584,25.9114998784,52.54195,-1.433739,18.911736067555555,0.0,True
2020-01-08 10:19:35.100,-0.200564943104,0.312330114048,-0.200864886784,-25.88500032,-31.71249984,25.7214998784,52.54195,-1.433739,18.874013974755552,0.0,True
2020-01-08 10:19:35.200,-0.111259941376,0.371534606336,-0.01659985536,-26.1884994816,-31.4804999168,25.56,52.54195,-1.433739,18.965555459555553,0.0,True
2020-01-08 10:19:35.300,-0.044455047168,-0.07749968512,0.1279197969919999,-25.5555002368,-31.44500032,25.5419999232,52.54195,-1.433739,18.859930648888888,0.0,True
2020-01-08 10:19:35.400,-0.089114923264,0.194359375616,-0.0658446763519999,-25.75749952,-31.8805000448,25.4955002368,52.54195,-1.433739,18.96709715057778,0.0,True
2020-01-08 10:19:35.500,0.009334985216,-0.573444737792,0.337284886016,-25.19500032,-31.789999360000003,25.7169996032,52.54195,-1.433739,18.86911109902222,0.0,True
2020-01-08 10:19:35.600,-0.024955062528,-0.284495252992,0.212210112256,-25.6860002816,-31.1170007552,25.2455002368,52.54195,-1.433739,18.889055709155556,0.0,True
2020-01-08 10:19:35.700,-0.1153939661614764,-0.6338182300326595,0.381587952234051,-25.975151207983057,-31.93060537496218,25.57060609900212,52.54195,-1.433739,19.07790398555253,0.0,True
2020-01-08 10:19:35.800,-0.1490059356552463,-0.6230613320626263,0.4490217529167543,-25.59821788401925,-31.118713028887463,25.590396014508364,52.54195,-1.433739,18.99701595410472,0.0,True
2020-01-08 10:19:35.900,-0.1319940277048709,-0.2263517202413121,0.2441092371980688,-26.00636322497731,-32.41121201699425,25.445151751013007,52.54195,-1.433739,19.00925922741491,0.0,True
2020-01-08 10:19:36.000,-0.1959504490141459,-0.3918692107844503,0.3530771533795823,-25.46980204343892,-32.18980194205272,25.928811956474902,52.54195,-1.433739,18.95903190257687,0.0,True
2020-01-08 10:19:36.100,0.167394903552,0.329194637312,-0.220429787648,-25.9909999616,-31.8895000832,26.44749952,52.54195,-1.433739,18.952722217244443,0.0,True
2020-01-08 10:19:36.200,0.0497697348720905,-0.1149695611025059,0.0364332422249747,-25.864242149984875,-31.980302958996067,25.791818115996367,52.54195,-1.433739,18.93516831055337,0.0,True
2020-01-08 10:19:36.300,0.113247527824176,0.1142257546301811,-0.1245079334703736,-25.47960398549164,-31.87,25.680495043482008,52.54195,-1.433739,18.878993402574476,0.0,True
2020-01-08 10:19:36.400,0.17065013504,0.189064888064,-0.226884983296,-25.7455002368,-31.8895000832,25.6945002752,52.54195,-1.433739,18.925902862222223,0.0,True
2020-01-08 10:19:36.500,0.2554545966079999,0.093935228416,-0.1989849756159999,-26.06,-32.0465001984,26.06,52.54195,-1.433739,19.023347159466663,0.0,True
2020-01-08 10:19:36.600,-0.242934840576,0.400645014272,-0.170605017088,-26.02249984,-32.168999398400004,26.0509999616,52.54195,-1.433739,18.959791751111112,0.0,True
2020-01-08 10:19:36.700,-0.0351802175240982,0.3696839138115889,-0.1850425337932887,-25.77287110518565,-31.40712889481435,25.94504923567476,52.54195,-1.433739,19.071655664151443,120.4226556858315,True
2020-01-08 10:19:36.800,-0.0565575635021811,0.1177366545217586,-0.1266696032519736,-25.568484920575404,-31.665252909735493,25.690808597457067,52.54183969603252,-1.4334301488910552,19.067603795578243,120.42181175616612,True
2020-01-08 10:19:36.900,-0.0546762713196174,0.2425203849634122,-0.0095165857689256,-25.602178130489115,-31.8375242503124,25.9857422103713,52.54117,-1.431555,19.05499450895142,0.0,True
2020-01-08 10:19:37.000,-0.0950050581947098,-0.19387844869272,0.2193146512066901,-25.562222750886303,-31.418284258078863,25.649091666041752,52.54117,-1.431555,19.06850731553287,0.0,True
2020-01-08 10:19:37.100,-0.094634974976,-0.03767536768,-0.0725147197439999,-25.9294999552,-32.36499968,26.0864995584,52.54117,-1.431555,19.081263881244443,0.0,True
2020-01-08 10:19:37.200,-0.0529151207983057,-0.4692270671986636,0.2948363460290288,-25.98363677502269,-31.87333309198669,25.56666690801331,52.54117,-1.431555,19.06837541097168,0.0,True
2020-01-08 10:19:37.300,-0.0341049686843365,-0.2160921202643138,0.2816831772408252,-26.48217813048912,-31.509504956518,25.97960398549164,52.54117,-1.431555,19.05635588767986,0.0,True
2020-01-08 10:19:37.400,-0.2058450821119999,-0.5282748633600001,0.34344994432,-25.6929997568,-31.6635004416,26.1434998016,52.54117,-1.431555,19.078722242844442,0.0,True
2020-01-08 10:19:37.500,-0.259759764736,-0.317834876416,0.235794856192,-25.4555003648,-32.2785001216,25.8319997952,52.54117,-1.431555,19.09890274702222,0.0,True
2020-01-08 10:19:37.600,0.026563541744781,-0.2068365560006102,0.0868153036183895,-25.929393900997884,-32.3824240339885,25.57060609900212,52.54117,-1.431555,19.06243267577865,0.0,True
2020-01-08 10:19:37.700,-0.1035306827600366,-0.4027286484458762,0.2615059021977994,-25.841485130446024,-32.09960398549163,25.609405927544348,52.54117,-1.431555,19.098341591380372,0.0,True
2020-01-08 10:19:37.800,-0.009434967296,0.046814613504,-0.0010897469439999,-25.6614998784,-32.2544997632,25.6410006016,52.54117,-1.431555,19.157722217244444,0.0,True
2020-01-08 10:19:37.900,-0.0321202821119999,-0.365054567168,0.302419860992,-25.5,-31.9204999168,26.3739997184,52.54117,-1.431555,19.169861191111114,0.0,True
2020-01-08 10:19:38.000,-0.356969787392,0.162039796224,0.108814961664,-25.65000064,-31.8940003584,25.9819999232,52.54117,-1.431555,19.272652763022222,0.0,True
2020-01-08 10:19:38.100,-0.072266658219534,-0.0694483431121822,0.0319605121548204,-26.33939335796793,-32.37,25.88909094200181,52.54117,-1.431555,19.268207125558583,0.0,True
2020-01-08 10:19:38.200,-0.0914851689727803,0.1421801931914095,-0.0949871171086682,-25.47960398549164,-32.4888119564749,25.930495043482008,52.54117,-1.431555,19.35384763526539,0.0,True
2020-01-08 10:19:38.300,-0.1787768150031303,0.1173980967275068,-0.0404724868261302,-25.66178203994109,-32.99970238080151,25.897821869510885,52.54117,-1.431555,19.3607370868477,0.0,True
2020-01-08 10:19:38.400,0.2788149366852934,0.1786078361807927,-0.2488047370312811,-25.47313108484455,-32.22232248738749,25.98303015884919,52.54117,-1.431555,19.396302079517397,0.0,True
2020-01-08 10:19:38.500,0.1413455126332039,0.0709972129634178,-0.0636334739177542,-25.37666690801331,-31.70818188400364,25.766363224977308,52.54117,-1.431555,19.516195276443906,0.0,True
2020-01-08 10:19:38.600,0.185344,0.3151239999999999,-0.182876,-25.7404,-31.8196,25.21,52.54117,-1.431555,19.51115555555555,0.0,True
2020-01-08 10:19:38.700,-0.086005959987935,-0.3759485130446023,0.3138059285582121,-25.72960398549164,-31.830396014508366,25.579306898570707,52.54117,-1.431555,19.559136410629893,0.0,True
2020-01-08 10:19:38.800,-0.199849792,-0.36522501888,0.204514964224,-25.9580000768,-31.6109999616,25.31,52.54117,-1.431555,19.557305655466667,0.0,True
2020-01-08 10:19:38.900,0.06212722105715,-0.3970727517913524,0.1940607402274002,-26.088787983005748,-31.588787983005748,25.434242874024807,52.54117,-1.431555,19.70346806222491,0.0,True
2020-01-08 10:19:39.000,-0.0182118814491129,-0.3559662865528944,0.3127128149625758,-26.30861389852761,-31.799108942009628,26.079306898570707,52.54117,-1.431555,19.776380636474414,0.0,True
2020-01-08 10:19:39.100,-0.020730001408,-0.015480338688,-0.0885046970879999,-26.50749952,-31.98499968,25.7454997248,52.54117,-1.431555,19.781055632355553,0.0,True
2020-01-08 10:19:39.200,-0.032230041088,-0.352409518336,0.246284711936,-25.8054997248,-31.5795000832,25.38,52.54117,-1.431555,19.887263906844442,0.0,True
2020-01-08 10:19:39.300,-0.1064364347239209,0.1960117907317716,-0.0825270780592626,-25.47787892500757,-31.78393973401876,25.38909094200181,52.54117,-1.431555,19.92230643783557,0.0,True
2020-01-08 10:19:39.400,-0.1812316608834286,-0.2336316314814298,0.155233623213385,-25.76920797098327,-32.22128707249874,25.44,52.54117,-1.431555,20.010962612711182,0.0,True
2020-01-08 10:19:39.500,-0.0136879486138513,0.121184564244322,-0.1116421717060708,-26.15212107499244,-31.730302958996067,25.524848792016943,52.54117,-1.431555,20.144343417887978,0.0,True
2020-01-08 10:19:39.600,-0.0959890926188309,-0.2515217397365479,0.2514989924746091,-25.959009913035985,-31.738811956474905,26.02059407245565,52.54117,-1.431555,20.141859200474034,0.0,True
2020-01-08 10:19:39.700,0.063595098112,0.112595035392,0.051069768192,-26.0044997632,-32.3985001216,26.13,52.54117,-1.431555,20.270513917155558,0.0,True
2020-01-08 10:19:39.800,0.1691798945279999,0.1585199953919999,-0.2390249241599999,-25.7080000768,-32.438499481600005,26.0444996352,52.54117,-1.431555,20.31826393244444,0.0,True
2020-01-08 10:19:39.900,0.0696001728,0.22522531072,-0.160680095488,-25.8940003584,-31.78750016,25.56,52.54117,-1.431555,20.397111200711112,0.0,True
2020-01-08 10:19:40.000,0.2175087955337079,0.4972025209519056,-0.1783329381282016,-26.37,-32.01818188400363,25.617575966011497,52.54117,-1.431555,20.515942760333303,0.0,True
2020-01-08 10:19:40.100,-0.197625716103424,-0.1544781315029744,0.2925009010698779,-26.30188114495439,-32.091485130446024,25.890891057990373,52.54117,-1.431555,20.54272278984414,0.0,True
2020-01-08 10:19:40.200,-0.0388652695039999,0.341964030464,-0.292979313408,-25.9865001984,-31.8544996352,25.7230003968,52.54117,-1.431555,20.696458360888887,0.0,True
2020-01-08 10:19:40.300,-0.38059993088,-0.845484572416,0.577304822528,-26.2034998016,-31.4270002432,26.2214998784,52.54117,-1.431555,20.732305552355555,0.0,True
2020-01-08 10:19:40.400,-0.2630574825648598,-0.3733427708491178,0.3929486707402532,-26.071818659026324,-31.66515120798305,26.07969704100393,52.54117,-1.431555,20.747584245781677,0.0,True
2020-01-08 10:19:40.500,-0.1440881347726794,-0.920256442459528,0.6553118652273205,-26.870198057947285,-31.12029698553473,26.10128707249874,52.54117,-1.431555,20.870717830509868,0.0,True
2020-01-08 10:19:40.600,-0.25119988608,-0.90224967936,0.4940348828159999,-27.0294993152,-30.8535004416,25.5444996352,52.54117,-1.431555,20.943472220444445,0.0,True
2020-01-08 10:19:40.700,-0.106740029184,-0.536985258496,0.392460230656,-26.0644997632,-31.4955002368,25.2205006848,52.54117,-1.431555,20.933152743822223,0.0,True
2020-01-08 10:19:40.800,-0.144494995712,-0.747414433024,0.603054591488,-25.7785001216,-31.77249984,26.13,52.54117,-1.431555,20.92793072568889,0.0,True
2020-01-08 10:19:40.900,-0.1332999800889017,-0.0714457334653844,0.0752273260429407,-25.949090942001817,-31.65545489101906,26.28151570003025,52.54117,-1.431555,21.15952863994557,0.0,True
2020-01-08 10:19:41.000,-0.1037514859415356,-0.3685791228065729,0.0943177816191883,-26.049108942009628,-32.19950495651799,27.02069300004309,52.54117,-1.431555,21.191243124396085,0.0,True
2020-01-08 10:19:41.100,-0.1394758628358058,0.2331814133776721,-0.1510814875917656,-26.16757524197156,-32.16515120798306,26.44,52.54117,-1.431555,21.199814843307127,0.0,True
2020-01-08 10:19:41.200,-0.2510207595854318,-0.2729999239603479,0.2605296397494747,-25.509406028930552,-31.66940592754435,26.40990097102636,52.54117,-1.431555,21.24626512801839,0.0,True
2020-01-08 10:19:41.300,-0.0183501696,0.2394444664319999,-0.185844643072,-26.17499968,-31.5690000384,26.2214998784,52.54117,-1.431555,21.25409720177778,0.0,True
2020-01-08 10:19:41.400,-0.156209627136,-0.304379296768,0.18109954304,-25.8340003584,-31.5734998016,26.02249984,52.54117,-1.431555,21.24540285653333,0.0,True
2020-01-08 10:19:41.500,0.293489805824,0.51514951168,-0.370719764992,-26.2169996032,-31.19749952,25.88500032,52.54117,-1.431555,21.331416587377777,0.0,True
2020-01-08 10:19:41.600,0.084815209984,0.055705806848,-0.179560516096,-25.829500595200003,-30.67250048,26.38500032,52.54117,-1.431555,21.232694472533332,0.0,True
2020-01-08 10:19:41.700,0.333414870784,1.015714523904,-0.799629721088,-26.5734998016,-31.19749952,26.7544997632,52.54117,-1.431555,21.27254167751111,0.0,True
2020-01-08 10:19:41.800,0.1696564542293147,0.4877764845437126,-0.4620515628643558,-26.27287119929436,-30.579306976366937,26.44891091216936,52.54117,-1.431555,21.291276137860102,0.0,True
2020-01-08 10:19:41.900,0.1909284540673048,1.0659213581989977,-0.6526484686515756,-25.94545537058012,-30.760706561370306,26.52686849332072,52.54117,-1.431555,21.320039253409462,0.0,True
2020-01-08 10:19:42.000,0.0114998502399999,0.66447381248,-0.4847992256,-25.3160002816,-31.19,26.69,52.54117,-1.431555,21.318722114844448,0.0,True
2020-01-08 10:19:42.100,-0.169519923712,-0.7684593845759999,0.418134464256,-25.7365001984,-31.22750016,26.5954995968,52.54117,-1.431555,21.185111149511112,0.0,True
2020-01-08 10:19:42.200,-0.09265010432,-0.085470573312,-0.12329927424,-26.0930003968,-31.4204999168,26.1830005248,52.54117,-1.431555,21.230694421333332,0.0,True
2020-01-08 10:19:42.300,-0.2020938340241881,-0.6783084805763357,0.7166753089452549,-26.544242149984875,-31.40545489101906,26.793636050982755,52.54117,-1.431555,21.213804763780534,0.0,True
2020-01-08 10:19:42.400,-0.0343,0.185576,0.025308,-26.1712,-31.82,26.2908,52.54117,-1.431555,21.264533333333333,0.0,True
2020-01-08 10:19:42.500,-0.0162287173884941,-0.1296038932301897,-0.0016653723028101,-26.400396014508367,-31.27871292750126,26.16940592754435,52.54117,-1.431555,21.14211772261805,0.0,True
2020-01-08 10:19:42.600,-0.068920063232,0.396779843328,-0.193879898368,-26.1239997184,-31.6659996416,26.1080002048,52.54117,-1.431555,21.224055517155556,0.0,True
2020-01-08 10:19:42.700,-0.127114889984,0.225360156416,-0.088465126144,-25.7680000768,-31.2830003968,26.3604999168,52.54117,-1.431555,21.170055542755556,0.0,True
2020-01-08 10:19:42.800,0.0113636087184751,0.2934934339921234,-0.1571511573002619,-25.93666690801331,-31.75393919098881,26.16515120798305,52.54117,-1.431555,21.15107743391627,0.0,True
2020-01-08 10:19:42.900,-0.0246514808722255,-0.4398564049466328,0.3706415678362409,-26.240296985534723,-31.508118855045613,25.838910985448543,52.54117,-1.431555,21.138415840580333,0.0,True
2020-01-08 10:19:43.000,0.0054878581088594,-0.2428790064620564,0.2526334015137606,-25.89878798300575,-31.83212107499244,26.58151497599032,52.54117,-1.431555,21.11956225177569,0.0,True
2020-01-08 10:19:43.100,0.0072584372330691,-0.5274554116153103,0.3205712633481272,-26.15980204343892,-31.80851497094018,26.270396014508364,52.54117,-1.431555,21.059658964976414,0.0,True
2020-01-08 10:19:43.200,0.127859749376,-0.2626800839679999,0.139815079424,-26.57749952,-32.5939990784,26.1635004416,52.54117,-1.431555,21.050444438044444,0.0,True
2020-01-08 10:19:43.300,-0.174579870208,-0.345309876736,0.224779912448,-25.9114998784,-31.4270002432,26.67499968,52.54117,-1.431555,21.02981939271111,0.0,True
2020-01-08 10:19:43.400,-0.0214121907638362,-0.1734484553383723,0.1051363514593283,-25.77878798300575,-31.72121201699425,26.18333309198669,52.54117,-1.431555,20.966414160612167,0.0,True
2020-01-08 10:19:43.500,-0.1286198017392803,-0.1065722637764839,0.0874564363763557,-25.91940592754435,-31.609108942009627,25.90980204343892,52.54117,-1.431555,20.97692518036183,0.0,True
2020-01-08 10:19:43.600,-0.1229099842559999,-0.0289151498239999,0.10830006272,-25.8385001216,-31.7859996416,26.4114998784,52.54117,-1.431555,20.88370837048889,0.0,True
2020-01-08 10:19:43.700,-0.0985349852159999,-0.201439887104,0.17824994304,-25.9804999168,-31.3565001984,26.2214998784,52.54117,-1.431555,20.920597169066664,0.0,True
2020-01-08 10:19:43.800,-0.064514938624,-0.10895024512,0.154980223488,-25.90750016,-31.65750016,26.2385007616,52.54117,-1.431555,20.834833268622223,0.0,True
2020-01-08 10:19:43.900,0.002659938816,-0.373689740544,0.357614598144,-26.1680002048,-31.83249984,27.1464995584,52.54117,-1.431555,20.757013923555554,0.0,True
2020-01-08 10:19:44.000,-0.091410054656,-0.079395214592,-0.13244981376,-26.289999360000003,-31.69500032,26.5885001216,52.54117,-1.431555,20.799597207466665,0.0,True
2020-01-08 10:19:44.100,-0.1916667668255244,-0.3274453207626209,0.1385819039147287,-25.6187885260357,-32.092727173994554,26.67424214998488,52.54117,-1.431555,20.7910690636411,0.0,True
2020-01-08 10:19:44.200,-0.320872,-0.149892,0.252928,-26.6312,-31.9496,26.33,52.54117,-1.431555,20.834966666666666,0.0,True
2020-01-08 10:19:44.300,-0.2024811986890763,-0.313166342315306,0.191312893029952,-26.61079202901673,-31.96990097102636,26.75,52.54117,-1.431555,20.742992301126037,0.0,True
2020-01-08 10:19:44.400,-0.259914866944,-0.34062491392,0.3588399370239999,-26.0954995968,-31.7634998016,26.7319999232,52.54117,-1.431555,20.752138860088888,0.0,True
2020-01-08 10:19:44.500,-0.111745121792,-0.3016753216,0.297235094016,-25.59750016,-31.5555002368,26.6480000768,52.54117,-1.431555,20.712263881955554,0.0,True
2020-01-08 10:19:44.600,-0.227719804672,-0.618534529536,0.3652197573119999,-25.77249984,-31.87,26.7214998784,52.54117,-1.431555,20.708597245866667,0.0,True
2020-01-08 10:19:44.700,0.012394917632,-0.083385382656,0.106635271936,-25.56,-31.7394994432,26.6455003648,52.54117,-1.431555,20.72304159431111,0.0,True
2020-01-08 10:19:44.800,-0.066939871744,-0.433829326848,0.358479533568,-25.6815005184,-31.1305005568,27.0819997952,52.54117,-1.431555,20.645694524444448,0.0,True
2020-01-08 10:19:44.900,0.086584928256,0.382664669184,-0.228314860544,-26.2769996032,-31.87,26.8760002816,52.54117,-1.431555,20.73861105422222,0.0,True
2020-01-08 10:19:45.000,0.000405038848,0.0814655895039999,-0.12530035072,-25.7965001984,-31.8985001216,27.13749952,52.54117,-1.431555,20.665305565155556,0.0,True
2020-01-08 10:19:45.100,0.059620032512,0.8013547310079999,-0.549909824256,-25.9669996032,-31.9939997184,26.4909999616,52.54117,-1.431555,20.67834722346667,0.0,True
2020-01-08 10:19:45.200,0.101644995072,0.48115015808,-0.340065100544,-25.5045002752,-31.5359996416,26.47750016,52.54117,-1.431555,20.71120846648889,0.0,True
2020-01-08 10:19:45.300,0.0780544837465963,0.6730393285563937,-0.4701302904693072,-25.82303013299062,-31.088787983005748,26.75666690801331,52.54117,-1.431555,20.869242356135132,0.0,True
2020-01-08 10:19:45.400,-0.0183504956517992,0.5116544172701257,-0.4121890845079347,-25.50138610147238,-31.299108942009628,27.079306898570707,52.54117,-1.431555,20.775462053538114,0.0,True
2020-01-08 10:19:45.500,-0.0331273079419423,0.205903082082856,-0.1744332132633773,-25.28393973401876,-31.60696986700938,26.791818115996367,52.54117,-1.431555,20.82877943172059,0.0,True
2020-01-08 10:19:45.600,-0.0874732672464267,0.1728118094649089,0.0630386466462711,-25.770396014508364,-31.73217813048912,26.699504956517995,52.54117,-1.431555,20.79586084419785,0.0,True
2020-01-08 10:19:45.700,-0.0816939209089804,-0.3108632104965104,0.2354753867795479,-25.57969704100393,-31.104545833020875,26.693939190988807,52.54117,-1.431555,20.867255904445116,0.0,True
2020-01-08 10:19:45.800,-0.0537653469562594,0.3034801698725828,-0.2589078706109279,-25.62029698553473,-31.73910894200963,26.31980194205272,52.54117,-1.431555,20.872953787042224,120.28608505170467,True
2020-01-08 10:19:45.900,-0.0415649328639999,0.071385016576,0.155739974144,-25.25,-31.84999936,26.0570002432,52.541042499456005,-1.43119604846848,20.80438889457778,120.28517865573173,True
2020-01-08 10:19:46.000,0.0073725816419674,0.1141273477641388,0.0567330992270873,-25.296969867009377,-31.16060664203207,26.360302958996066,52.54032,-1.429162,20.82663304980849,0.0,True
2020-01-08 10:19:46.100,-0.199507909137685,0.1477920269890071,-0.2261920290167312,-25.59960398549164,-31.990296985534727,26.259504956518,52.54032,-1.429162,20.929174930346267,0.0,True
2020-01-08 10:19:46.200,-0.1104515464717275,-0.2446361994109417,0.170781731955244,-25.791818115996367,-31.72454583302088,26.291818115996367,52.54032,-1.429162,21.017415754218323,0.0,True
2020-01-08 10:19:46.300,-0.1350900839224294,-0.0545841989602845,0.0399821798540545,-25.709009913035985,-32.24029698553473,26.25970301446528,52.54032,-1.429162,20.933710137268466,0.0,True
2020-01-08 10:19:46.400,-0.0010549678079999,-0.392624992,0.115020261632,-25.77249984,-31.8234998016,26.6480000768,52.54032,-1.429162,21.046749900800002,0.0,True
2020-01-08 10:19:46.500,0.0305484444777732,-0.2566056066549613,0.3651360111605584,-25.597878925007564,-31.48424214998488,26.67424214998488,52.54032,-1.429162,20.924553906640796,0.0,True
2020-01-08 10:19:46.600,0.0022227938995921,0.3570454884407055,-0.1199494668353057,-25.740296985534723,-31.09009902897364,26.35930699995691,52.54032,-1.429162,20.986460401365445,0.0,True
2020-01-08 10:19:46.700,0.1748939082382815,-0.0450209645763461,0.107933001481696,-25.46545489101906,-31.334848792016945,26.882424033988503,52.54032,-1.429162,21.02913298947183,0.0,True
2020-01-08 10:19:46.800,0.094303939867843,0.2563316314814298,-0.3397049088664768,-26.019009913035983,-31.70069300004309,26.56,52.54032,-1.429162,21.014887236716227,0.0,True
2020-01-08 10:19:46.900,-0.0464335096608378,-0.1187373382573232,-0.0040961052490171,-25.981880511290623,-31.20465388017672,26.51396017043021,52.54032,-1.429162,20.99731297765927,0.0,True
2020-01-08 10:19:47.000,0.0966997123922123,0.1614424350792684,-0.0251995634944476,-25.322858184021964,-31.6542854344027,26.25857149574336,52.54032,-1.429162,20.995198429491392,0.0,True
2020-01-08 10:19:47.100,-0.0819633400163738,-0.0996801587201005,0.2202553893103457,-26.04079202901673,-31.47960398549164,26.281485130446026,52.54032,-1.429162,21.00946369726192,0.0,True
2020-01-08 10:19:47.200,0.09654982016,0.148244652032,-0.18474971648,-25.6019999232,-31.7080000768,26.1855002368,52.54032,-1.429162,21.01906945351111,0.0,True
2020-01-08 10:19:47.300,-0.132141534378794,-0.2776324955453437,0.1838841196255807,-25.491089065244555,-31.75504923567476,26.388613315556952,52.54032,-1.429162,21.02397411244124,0.0,True
2020-01-08 10:19:47.400,-0.0919870223599047,-0.0966113397583258,0.159415329218373,-25.57151626891877,-31.465454761726217,25.741515079424595,52.54032,-1.429162,20.997197089847898,0.0,True
2020-01-08 10:19:47.500,-0.1675119970831534,-0.2488029897677642,0.2633393104553952,-26.266969323979428,-31.63969704100393,25.80363677502269,52.54032,-1.429162,21.08469697563922,0.0,True
2020-01-08 10:19:47.600,0.0196207889874306,-0.1429474974083152,0.1068415668223789,-25.788217884019254,-31.66128707249874,26.430495043482008,52.54032,-1.429162,21.093272826892353,0.0,True
2020-01-08 10:19:47.700,-0.03660012928,0.028069751552,-0.0138248947199999,-26.2919999232,-31.2455002368,26.3890000384,52.54032,-1.429162,21.07979162311111,0.0,True
2020-01-08 10:19:47.800,-0.170694839552,-0.269154860288,0.110519933952,-26.1704999168,-31.6260002816,26.4114998784,52.54032,-1.429162,21.030486147555553,0.0,True
2020-01-08 10:19:47.900,0.017394893312,-0.1124751232,0.0805502464,-26.1170002432,-31.9714998784,26.2319999232,52.54032,-1.429162,21.077097214577776,0.0,True
2020-01-08 10:19:48.000,-0.075144790272,-0.251889896704,0.348309746176,-26.2989993984,-31.7919999232,26.16750016,52.54032,-1.429162,21.063819431111114,0.0,True
2020-01-08 10:19:48.100,0.188069934592,-0.154480169728,0.041560129536,-25.5090000384,-31.6990000384,26.3604999168,52.54032,-1.429162,21.040527753955555,0.0,True
2020-01-08 10:19:48.200,0.076509894656,-0.35072487552,0.249570153472,-25.59750016,-31.7785001216,26.25,52.54032,-1.429162,20.999888850488887,0.0,True
2020-01-08 10:19:48.300,-0.030189858304,-0.188430012928,0.374514663424,-25.8295000832,-31.8364995584,26.2785001216,52.54032,-1.429162,20.95009722737778,0.0,True
2020-01-08 10:19:48.400,0.0889997056,-0.215230041088,-0.0490098997759999,-25.97750016,-31.2590000384,26.44,52.54032,-1.429162,20.95186108942222,0.0,True
2020-01-08 10:19:48.500,-0.275989889024,-0.278185035776,0.127420184832,-26.2455002368,-31.31,26.3364995584,52.54032,-1.429162,20.935347274666665,0.0,True
2020-01-08 10:19:48.600,-0.1363550330879999,-0.3098599324159999,0.356714930944,-26.6065001984,-31.38500032,25.86250048,52.54032,-1.429162,20.979958226488886,0.0,True
2020-01-08 10:19:48.700,-0.194820061952,-0.2014849205759999,0.229284847616,-26.79499968,-31.8009999616,26.3784994816,52.54032,-1.429162,20.844638916977775,0.0,True
2020-01-08 10:19:48.800,-0.250504886528,-0.072404899328,0.018304963328,-26.3805000448,-31.7214998784,25.91500096,52.54032,-1.429162,20.876111086222224,0.0,True
2020-01-08 10:19:48.900,-0.132635140096,0.049104947968,-0.016479940608,-26.4490000384,-31.56,27.002499200000003,52.54032,-1.429162,20.833305513955555,0.0,True
2020-01-08 10:19:49.000,-0.2631097628159999,-0.045260107776,0.083835091456,-26.5465001984,-31.5419999232,25.9685001216,52.54032,-1.429162,20.781805571555555,0.0,True
2020-01-08 10:19:49.100,0.021194868992,-0.203445064192,0.195444957952,-26.6419992832,-31.3919997952,26.1480000768,52.54032,-1.429162,20.80155554915556,0.0,True
2020-01-08 10:19:49.200,-0.09047473408,-0.278829957888,0.123189929984,-25.7545002752,-31.23250048,26.1659996416,52.54032,-1.429162,20.78193050808889,0.0,True
2020-01-08 10:19:49.300,0.2469423671968535,-0.2454152330244958,0.0493212813438181,-26.13969704100393,-31.776060265981243,25.75666690801331,52.54032,-1.429162,20.727853567807347,0.0,True
2020-01-08 10:19:49.400,0.1275,-0.289276,0.118928,-26.3604,-31.2692,26.17,52.54032,-1.429162,20.770544444444443,0.0,True
2020-01-08 10:19:49.500,-0.0301059366691083,0.0978534371190096,-0.0496178039241529,-26.74198007254183,-31.30188114495439,26.538415941966537,52.54032,-1.429162,20.71922991546362,0.0,True
2020-01-08 10:19:49.600,-0.0038300282879999,-0.088219784192,0.081019918592,-25.820500556800003,-30.8364995584,27.1819991552,52.54032,-1.429162,20.667361159111106,0.0,True
2020-01-08 10:19:49.700,-0.038954989568,0.167154866688,-0.042430065408,-26.4759996416,-30.3805005568,25.9954997248,52.54032,-1.429162,20.733361120711113,0.0,True
2020-01-08 10:19:49.800,-0.040100064,0.027240158464,-0.14190005376,-26.0285001216,-31.2430005248,25.6570001152,52.54032,-1.429162,20.744736105244446,0.0,True
2020-01-08 10:19:49.900,-0.1149749567999999,0.1732297249279999,-0.16634979968,-26.1419997952,-31.9114998784,25.8385001216,52.54032,-1.429162,20.710402664533337,0.0,True
2020-01-08 10:19:50.000,-0.0515999782788019,-0.1243573305164732,0.055654386001205,-25.88060609900212,-31.68333309198669,26.019697041003933,52.54032,-1.429162,20.545900622358296,0.0,True
2020-01-08 10:19:50.100,-0.0460554633222737,0.247221777249443,-0.1592692868241025,-25.928910884062343,-31.33059407245565,26.149009913035982,52.54032,-1.429162,20.4791336710902,0.0,True
2020-01-08 10:19:50.200,-0.1430846601796136,0.2026727155893555,0.0082545416697912,-25.88060609900212,-31.41121201699425,26.27878798300575,52.54032,-1.429162,20.528148091163523,0.0,True
2020-01-08 10:19:50.300,0.1626633755015448,0.193518817532716,-0.0545505311369702,-25.949504956517995,-31.30861389852761,26.291089014551456,52.54032,-1.429162,20.432695264898207,0.0,True
2020-01-08 10:19:50.400,0.195354811648,0.23204996224,-0.3202598428159999,-26.0930003968,-31.6485001216,25.5,52.54032,-1.429162,20.40859728497778,0.0,True
2020-01-08 10:19:50.500,-0.053284993536,0.25675031936,-0.137105109248,-26.50749952,-32.0635010816,25.5570002432,52.54032,-1.429162,20.466736003555553,0.0,True
2020-01-08 10:19:50.600,-0.034214955264,0.612454707968,-0.258784900096,-25.94500032,-33.1714985984,25.88,52.54032,-1.429162,20.324513891555554,0.0,True
2020-01-08 10:19:50.700,0.029415017984,0.2345000422399999,-0.132040025344,-26.4735004416,-31.2919999232,25.7569994752,52.54032,-1.429162,20.302388779377775,0.0,True
2020-01-08 10:19:50.800,0.06702505856,0.202984626176,-0.1089547578879999,-27.0795000832,-31.1990000384,25.2205006848,52.54032,-1.429162,20.159069453511112,0.0,True
2020-01-08 10:19:50.900,0.159800064,-0.281664949504,0.183679876608,-27.1990000384,-31.1929997568,26.1194999552,52.54032,-1.429162,20.168986102044443,0.0,True
2020-01-08 10:19:51.000,0.21577487616,-0.211869988352,0.007889949184,-27.2304999168,-30.9735004416,26.0134998016,52.54032,-1.429162,20.148402741333335,0.0,True
2020-01-08 10:19:51.100,0.0984002009599999,-0.227045130752,-0.0316998809599999,-26.89499904,-31.4564995584,25.8715005184,52.54032,-1.429162,20.09445830968889,0.0,True
2020-01-08 10:19:51.200,0.276004619008,-0.38659993984,0.13480003584,-25.7235004416,-30.83249984,26.48499968,52.54032,-1.429162,20.054930520888888,0.0,True
2020-01-08 10:19:51.300,-0.2287878743997579,-0.2986999710384025,0.2076122124850343,-26.291818115996367,-30.71545489101906,26.117575966011497,52.54032,-1.429162,20.005269347165942,0.0,True
2020-01-08 10:19:51.400,-0.195734636821948,-0.2628188175327161,0.3347168227591748,-26.19,-31.289603985491635,26.36079202901673,52.54032,-1.429162,19.978663362321335,0.0,True
2020-01-08 10:19:51.500,-0.05927501312,-0.278804866048,0.239514913024,-26.22750016,-31.4714998784,26.061500518400003,52.54032,-1.429162,19.92983326862222,0.0,True
2020-01-08 10:19:51.600,-0.066784957696,-0.127390113024,0.152005119488,-26.561500518400003,-31.27249984,26.7965001984,52.54032,-1.429162,19.84676390115556,0.0,True
2020-01-08 10:19:51.700,-0.0445901450239999,-0.217169742592,0.2386546926079999,-27.1089993984,-31.0885001216,26.9009993216,52.54032,-1.429162,19.838763785244442,0.0,True
2020-01-08 10:19:51.800,-0.208159876096,0.0922998617599999,-0.14814990848,-26.23499968,-31.2785001216,25.96249984,52.54032,-1.429162,19.69944443733333,0.0,True
2020-01-08 10:19:51.900,-0.070315113984,-0.063279880448,-0.0103999308799999,-25.8385001216,-31.4670001152,25.8535004416,52.54032,-1.429162,19.684916644977775,0.0,True
2020-01-08 10:19:52.000,-0.167414768384,0.083184947456,0.07262496256,-26.0180000768,-31.62,26.3739997184,52.54032,-1.429162,19.661027798755555,0.0,True
2020-01-08 10:19:52.100,0.066519685632,0.060230199808,-0.01370015616,-26.1770002432,-31.6019999232,25.9534998016,52.54032,-1.429162,19.671972150044443,0.0,True
2020-01-08 10:19:52.200,-0.271964662784,0.298614884864,-0.203834926336,-26.46249984,-31.61250048,25.76500032,52.54032,-1.429162,19.57086108871111,0.0,True
2020-01-08 10:19:52.300,0.098994671872,0.1572050490879999,-0.119440057344,-26.1464995584,-32.2034998016,26.1614998784,52.54032,-1.429162,19.52536104391111,0.0,True
2020-01-08 10:19:52.400,-0.372512250497131,0.1714907247898344,-0.1105845407130241,-25.635757850015125,-31.8157571259752,25.962121074992435,52.54032,-1.429162,19.4485269809747,0.0,True
2020-01-08 10:19:52.500,-0.5466465182710611,-0.1184792110125693,0.3510841492810451,-26.069504956517992,-31.091485130446024,25.78009902897364,52.54032,-1.429162,19.496185354678506,0.0,True
2020-01-08 10:19:52.600,-0.415735027456,-0.13367495424,0.263939954944,-26.1680002048,-30.9955002368,26.043500441600003,52.54032,-1.429162,19.378499993600002,0.0,True
2020-01-08 10:19:52.700,-0.358584600576,-0.076740016384,0.191289945344,-26.4580000768,-31.2919999232,26.55499968,52.54032,-1.429162,19.37,0.0,True
2020-01-08 10:19:52.800,0.160642547626048,-0.1199158922470167,0.0956504405219348,-26.551089087830643,-31.124653310758063,26.13,52.54032,-1.429162,19.361377867391685,0.0,True
2020-01-08 10:19:52.900,0.083100101877684,-0.2055574339362402,-0.0405999678693457,-26.428571988338923,-30.89285602332216,26.14714272279866,52.54032,-1.429162,19.30595242791065,0.0,True
2020-01-08 10:19:53.000,0.044444,-0.059724,-0.0177279999999999,-26.0304,-31.71,26.41,52.54032,-1.429162,19.24728888888889,0.0,True
2020-01-08 10:19:53.100,0.1255979403392889,-0.3812167791631076,0.2143910782676139,-26.21851486955397,-31.460396014508365,27.20089105799037,52.54032,-1.429162,19.11745048832946,0.0,True
2020-01-08 10:19:53.200,-0.5194499097599999,0.001364753664,0.150215113984,-26.3519999232,-31.25,26.9114998784,52.54032,-1.429162,19.05390274702222,0.0,True
2020-01-08 10:19:53.300,-0.352889800704,-0.278279797248,0.26507484416,-26.1464995584,-31.2214998784,26.7319999232,52.54032,-1.429162,19.020555587555556,0.0,True
2020-01-08 10:19:53.400,-0.112485103616,-0.0336001049599999,0.0754700741119999,-25.59750016,-30.9564995584,26.7230003968,52.54032,-1.429162,19.052555510755553,0.0,True
2020-01-08 10:19:53.500,-0.178954696448,-0.136144842752,0.141604862208,-25.69749952,-30.52000064,27.13749952,52.54032,-1.429162,19.007138948977776,0.0,True
2020-01-08 10:19:53.600,0.198759891456,0.068919983872,-0.050865040384,-25.1065001984,-31.3429998848,26.3784994816,52.54032,-1.429162,19.073736054755557,0.0,True
2020-01-08 10:19:53.700,0.0372666039165388,-0.003121395380108,-0.0605604469912261,-25.34272717399456,-31.265757850015127,25.69,52.54032,-1.429162,18.984494897386018,0.0,True
2020-01-08 10:19:53.800,-0.0315385959531697,-0.1965088538036301,0.1293890733554524,-25.24861389852762,-31.599702913079074,25.640891057990373,52.54032,-1.429162,18.902964795894086,0.0,True
2020-01-08 10:19:53.900,0.082918052642875,0.2133573268962735,-0.1079876589978769,-25.56909094200181,-31.168485024009684,25.549697584033883,52.54032,-1.429162,18.90622056827941,0.0,True
2020-01-08 10:19:54.000,-0.084551464650433,-0.1066969885763096,0.1655761955334308,-25.710297086920928,-31.38930689857071,26.480990086964017,52.54032,-1.429162,18.935486788251257,0.0,True
2020-01-08 10:19:54.100,0.0433301438512201,0.1305390045485223,-0.1097845678645217,-26.132424033988503,-31.12,26.455757850015125,52.54032,-1.429162,18.845614469277294,0.0,True
2020-01-08 10:19:54.200,-0.204500001013862,-0.3959979717690118,0.2749851172658168,-25.83059407245565,-31.110495043482008,26.899009913035982,52.54032,-1.429162,18.840349290254334,0.0,True
2020-01-08 10:19:54.300,-0.187439890944,-0.0284151498239999,0.030430074368,-26.0240003584,-30.9939997184,27.0,52.54032,-1.429162,18.87508329102222,0.0,True
2020-01-08 10:19:54.400,-0.0976502348799999,-0.210764929024,0.113884934656,-26.5465001984,-30.6680002048,26.92499968,52.54032,-1.429162,18.819055556266665,0.0,True
2020-01-08 10:19:54.500,-0.3197814930220651,-0.0561664482479526,-0.0157031852585469,-26.81909094200181,-31.024848792016943,26.5,52.54032,-1.429162,18.840454619504083,0.0,True
2020-01-08 10:19:54.600,0.1557782004455923,0.2181752072714184,-0.2079227421926287,-26.850990086964018,-31.41128707249874,26.539603985491635,52.54032,-1.429162,18.94294278663921,0.0,True
2020-01-08 10:19:54.700,0.032180094208,-0.03694964864,-0.005230211328,-26.78750016,-30.9865001984,26.5819992832,52.54032,-1.429162,18.87305553066667,0.0,True
2020-01-08 10:19:54.800,0.149634967296,0.368154737408,-0.258419882752,-26.9054995968,-31.1839997184,25.6945002752,52.54032,-1.429162,18.834916644977778,120.42835622418755,True
2020-01-08 10:19:54.900,0.091484937216,0.0830602716159999,-0.113560046336,-26.3519999232,-30.8295000832,25.9294994432,52.54019894948352,-1.42882314855424,18.81315280782222,120.42749864935968,True
2020-01-08 10:19:55.000,-6.003481600000242e-05,0.4324449515519999,-0.187730053888,-26.17499968,-31.1740009984,25.2830003968,52.539513,-1.426903,18.853930559288887,0.0,True
2020-01-08 10:19:55.100,-0.032544941312,0.295439689984,-0.2183648253439999,-25.75,-32.3784994816,25.88500032,52.539513,-1.426903,18.85138885688889,0.0,True
2020-01-08 10:19:55.200,0.031569940992,-0.0648347804159999,0.0076899747839999,-25.71249984,-31.7740003584,26.2079995648,52.539513,-1.426903,18.82313894968889,0.0,True
2020-01-08 10:19:55.300,-0.032909940736,0.112919514112,0.035295260672,-25.5,-32.1839997184,25.66750016,52.539513,-1.426903,18.88813882168889,0.0,True
2020-01-08 10:19:55.400,0.0372999692283027,-0.4563542701548152,0.3182270436673657,-25.453030132990623,-31.81,25.98303067602057,52.539513,-1.426903,18.829823344311734,0.0,True
2020-01-08 10:19:55.500,0.0101673397020766,-0.1043693537389964,0.0183475592538989,-25.26920797098327,-31.69118804352509,26.531485130446026,52.539513,-1.426903,18.974364668288285,0.0,True
2020-01-08 10:19:55.600,0.108879957248,-0.48277494016,0.2848749030399999,-25.6990000384,-31.1260002816,26.3604999168,52.539513,-1.426903,18.809944393244443,0.0,True
2020-01-08 10:19:55.700,0.03432492416,-0.266559416576,0.101619767552,-25.7409999616,-31.5840003584,26.2214998784,52.539513,-1.426903,18.75798617955556,0.0,True
2020-01-08 10:19:55.800,-0.0519249382399999,0.36174937472,-0.129414668544,-25.69,-32.0795000832,26.0044997632,52.539513,-1.426903,18.840222185244446,0.0,True
2020-01-08 10:19:55.900,-0.0346123554829217,-0.3799117997822708,0.2507543280780101,-25.614242149984875,-32.15212107499244,25.812727717024508,52.539513,-1.426903,18.77865315355307,0.0,True
2020-01-08 10:19:56.000,-0.2453801019438269,0.0878980011710106,-0.0621494901541323,-25.26920797098327,-31.90990097102636,26.5,52.539513,-1.426903,18.71905391183174,0.0,True
2020-01-08 10:19:56.100,0.4750239344330121,-0.0157543552295077,0.0330362591442365,-25.71727282600545,-31.88181865902632,26.56666690801331,52.539513,-1.426903,18.777306412695292,0.0,True
2020-01-08 10:19:56.200,-0.063208,0.154916,-0.0528239999999999,-25.8412,-32.5304,26.7896,52.539513,-1.426903,18.81022222222222,0.0,True
2020-01-08 10:19:56.300,-0.2498464473007191,-0.3308899957164329,0.2131662530954474,-25.650396014508367,-31.980792029016733,26.03009902897364,52.539513,-1.426903,18.81765949035409,0.0,True
2020-01-08 10:19:56.400,0.47109995136,0.505594874112,-0.4354497792,-25.47750016,-31.5314998784,26.0954995968,52.539513,-1.426903,18.623888977777778,0.0,True
2020-01-08 10:19:56.500,0.306509573376,0.35872508672,-0.172485129216,-25.811500518400003,-31.2769996032,25.67250048,52.539513,-1.426903,18.730986064355555,0.0,True
2020-01-08 10:19:56.600,-0.226514856704,0.500780114688,-0.3335999552,-26.3679994368,-30.7590000384,26.1794994432,52.539513,-1.426903,18.644763785955554,0.0,True
2020-01-08 10:19:56.700,-0.052115067904,0.561479609088,-0.223954786048,-25.6305000448,-30.9045004032,25.6275008,52.539513,-1.426903,18.550805737955553,0.0,True
2020-01-08 10:19:56.800,-0.148360025856,0.1261053575679999,-0.0020652656639999,-25.76500032,-31.40249984,26.5309993216,52.539513,-1.426903,18.76168042168889,0.0,True
2020-01-08 10:19:56.900,-0.155429883648,0.450729358848,-0.2701646384639999,-26.1239997184,-31.2545002752,25.8175008,52.539513,-1.426903,18.581055543466665,0.0,True
2020-01-08 10:19:57.000,-0.0040060718506202,-0.348390719359535,0.1918787222763815,-25.81666690801331,-31.57303013299062,26.80424214998488,52.539513,-1.426903,18.55818179349864,0.0,True
2020-01-08 10:19:57.100,-0.005944,-0.0763399999999999,0.101296,-26.1196,-31.2396,26.4488,52.539513,-1.426903,18.494888888888887,0.0,True
2020-01-08 10:19:57.200,0.0781623781147742,-0.1942544588384689,0.1441475156578317,-25.789603985491635,-30.94920797098327,26.65158405803346,52.539513,-1.426903,18.37652091062271,0.0,True
2020-01-08 10:19:57.300,0.096540011264,-0.22285000064,0.075385031936,-25.96249984,-31.3144997632,25.92250048,52.539513,-1.426903,18.434555497955554,0.0,True
2020-01-08 10:19:57.400,0.1226061008122176,-0.211806017547625,0.109496939638342,-25.740909057998184,-31.01818188400363,26.52212107499244,52.539513,-1.426903,18.334696885134225,0.0,True
2020-01-08 10:19:57.500,0.1396356149453401,-0.0955524437876871,0.0328534462437679,-25.65990097102636,-31.13108911593766,26.321089115937657,52.539513,-1.426903,18.24366889209382,0.0,True
2020-01-08 10:19:57.600,-0.032259709696,0.2336152791039999,-0.1934952824319999,-25.4909999616,-31.19,26.4265001984,52.539513,-1.426903,18.436999923200002,0.0,True
2020-01-08 10:19:57.700,0.3033301221300221,0.563860459661925,-0.5224028630607754,-25.515757850015127,-31.16121201699425,26.556666183973377,52.539513,-1.426903,18.344848520501966,0.0,True
2020-01-08 10:19:57.800,0.0499237791200184,0.4078950941751091,-0.3051257688242496,-25.900396014508367,-30.97940592754435,25.879703014465274,52.539513,-1.426903,18.368492829319987,0.0,True
2020-01-08 10:19:57.900,0.1906787892500756,0.7958697457326896,-0.5202302850390077,-25.8687885260357,-30.729090398971863,26.334848792016945,52.539513,-1.426903,18.222449572198705,0.0,True
2020-01-08 10:19:58.000,0.1430415526283106,0.7937395548131833,-0.4578336414629015,-26.90960398549164,-29.849702913079074,26.76089105799037,52.539513,-1.426903,18.302340458952813,0.0,True
2020-01-08 10:19:58.100,-0.095769891072,0.481315425024,-0.30562513408,-27.15750016,-29.4360002816,26.3589993984,52.539513,-1.426903,18.095236125155555,0.0,True
2020-01-08 10:19:58.200,0.063060060416,0.824609056256,-0.369159511296,-27.2859996416,-29.8760002816,25.5795000832,52.539513,-1.426903,18.10159716977778,0.0,True
2020-01-08 10:19:58.300,0.13069994624,-0.33699960832,0.210059702016,-26.7634998016,-30.3340003584,25.69,52.539513,-1.426903,18.043194492444446,0.0,True
2020-01-08 10:19:58.400,0.054844980992,0.0830745728,-0.08527457152,-26.5,-30.7439997184,25.7830003968,52.539513,-1.426903,18.102444425244443,0.0,True
2020-01-08 10:19:58.500,0.011104921088,-0.414189700864,0.390769603072,-26.46249984,-30.5395007232,26.34750016,52.539513,-1.426903,18.05206933831111,0.0,True
2020-01-08 10:19:58.600,-0.097810017536,-0.044665118464,-0.07219972608,-26.17499968,-31.4339997184,26.5134998016,52.539513,-1.426903,17.916652801422224,0.0,True
2020-01-08 10:19:58.700,-0.095914892544,-0.140979739648,0.215489675264,-25.8430003968,-31.0885001216,26.2695000832,52.539513,-1.426903,17.95163890417778,0.0,True
2020-01-08 10:19:58.800,0.031244933632,0.187489926144,-0.203709948416,-26.4180002048,-31.2785001216,26.2764995584,52.539513,-1.426903,17.95756938311111,0.0,True
2020-01-08 10:19:58.900,-0.0244604886235225,0.1131425101947408,-0.1224575296274555,-26.556666183973377,-31.48696986700938,25.80363677502269,52.539513,-1.426903,17.86323227660854,0.0,True
2020-01-08 10:19:59.000,0.094144,0.22466,-0.031324,-25.8996,-31.7196,26.4096,52.539513,-1.426903,17.79093333333333,0.0,True
2020-01-08 10:19:59.100,-0.2449633714460967,0.1978663909806834,0.0224722455269674,-26.262277159462755,-31.609108942009627,26.17079202901673,52.539513,-1.426903,17.777326724642677,0.0,True
2020-01-08 10:19:59.200,-0.199693620432407,0.3966657368787155,-0.1024964599618844,-25.7460608090112,-31.81393919098881,25.66515120798305,52.539513,-1.426903,17.712441086278268,0.0,True
2020-01-08 10:19:59.300,0.247108,-0.932736,0.603488,-26.0904,-31.42,25.3404,52.539513,-1.426903,17.69713333333333,0.0,True
2020-01-08 10:19:59.400,-0.0024425773893559,-0.2010731658602239,0.0716860761258304,-26.180296985534724,-30.97940592754435,26.109405927544348,52.539513,-1.426903,17.538487344608043,0.0,True
2020-01-08 10:19:59.500,-0.0185181449579668,0.638327231917749,-0.4537303085703055,-25.867575966011497,-30.97454583302088,25.98181811599637,52.539513,-1.426903,17.501616153388433,0.0,True
2020-01-08 10:19:59.600,0.0344128686972633,0.6219643860685219,-0.4629336637678661,-26.150396014508367,-31.56,25.86891088406234,52.539513,-1.426903,17.48096809179056,0.0,True
2020-01-08 10:19:59.700,0.021145036032,0.7262643850239999,-0.402939729664,-26.01500032,-31.5795000832,25.8580002048,52.539513,-1.426903,17.441472233244443,0.0,True
2020-01-08 10:19:59.800,0.084802017580323,0.0642231383005687,-0.1032763780884693,-26.328613597883063,-31.624653310758063,26.13,52.539513,-1.426903,17.450748062120294,0.0,True
2020-01-08 10:19:59.900,0.1503557359626394,0.6945503343521636,-0.2846950847904674,-25.69848478736444,-31.28535328068515,26.22616092346361,52.539513,-1.426903,17.429741792899907,0.0,True
2020-01-08 10:20:00.000,0.0170950801919999,-0.669404168448,0.5350793786879999,-25.7965001984,-31.5285001216,26.7829998848,52.539513,-1.426903,17.471805482666667,0.0,True
2020-01-08 10:20:00.100,0.097448390174778,0.1228776579376756,-0.0813113653583092,-26.041818115996367,-31.670302958996068,26.543636050982755,52.539513,-1.426903,17.3824074342237,0.0,True
2020-01-08 10:20:00.200,-0.0225445376915882,-1.5311860791674166,0.9977613290210402,-25.949504956517995,-31.59960398549164,26.00138610147238,52.539513,-1.426903,17.426749176729952,0.0,True
2020-01-08 10:20:00.300,0.0809998885648457,-0.9995793117122362,0.5186058814671292,-25.91764681079616,-31.818823555986125,25.670882295363395,52.539513,-1.426903,17.45709971884654,0.0,True
2020-01-08 10:20:00.400,-0.135006117363092,-0.8781344362245698,0.5549845561267672,-25.55540774583869,-31.779796244631832,25.7178565718943,52.539513,-1.426903,17.499640186740923,0.0,True
2020-01-08 10:20:00.500,-0.1350959949915215,-1.063161000529743,0.6283357728543512,-26.36643592011781,-31.207821869510887,26.721782039941093,52.539513,-1.426903,17.243443542248052,0.0,True
2020-01-08 10:20:00.600,-0.0758999405252909,0.4042634388276759,-0.2790880417047003,-26.67161600541996,-31.26616124369374,26.507676323118336,52.539513,-1.426903,17.46847918140964,0.0,True
2020-01-08 10:20:00.700,-0.0485818731430315,-0.1618655920707283,0.1419053930631802,-26.53121201699425,-31.0,26.132424033988503,52.539513,-1.426903,17.427079118027418,0.0,True
2020-01-08 10:20:00.800,-0.1296396014508365,1.41059400249917,-0.8420346226278798,-26.43970301446528,-31.049108942009628,25.879703014465274,52.539513,-1.426903,17.419320683573943,0.0,True
2020-01-08 10:20:00.900,-0.090494922752,0.96335012736,-0.5914650339840001,-26.73499968,-31.2919999232,26.1194994432,52.539513,-1.426903,17.430444438044443,0.0,True
2020-01-08 10:20:01.000,0.0028599605759999,1.167960151296,-0.6828151971840001,-26.3190000384,-31.1704999168,25.41750016,52.539513,-1.426903,17.42015277013333,0.0,True
2020-01-08 10:20:01.100,-0.010304832768,1.192919249152,-0.83377452672,-26.37,-30.9294994432,25.7230003968,52.539513,-1.426903,17.411208338488887,0.0,True
2020-01-08 10:20:01.200,0.195014928384,0.305920470272,-0.269730275328,-26.4180002048,-30.367000755200003,26.1944997632,52.539513,-1.426903,17.427347261866664,0.0,True
2020-01-08 10:20:01.300,0.095804982528,0.733279158528,-0.513884481536,-26.5954995968,-31.3234998016,25.88,52.539513,-1.426903,17.483000012799998,0.0,True
2020-01-08 10:20:01.400,0.088155066368,-0.287714587904,0.116694752512,-26.06,-31.2475008,25.8694999552,52.539513,-1.426903,17.487083278222222,0.0,True
2020-01-08 10:20:01.500,0.12449776595502,0.1572727658916536,-0.1314451498107879,-26.068910934755444,-32.27287110518565,25.81,52.539513,-1.426903,17.420159546679756,0.0,True
2020-01-08 10:20:01.600,-0.1473563520282168,-0.3764116710065965,0.2785854183528609,-26.040807407962888,-31.972322487387483,25.784545238273783,52.539513,-1.426903,17.463456852535188,0.0,True
2020-01-08 10:20:01.700,-0.009115061504,-0.029529892608,-0.0274199633919999,-25.6635004416,-31.47750016,25.7230003968,52.539513,-1.426903,17.50176386204444,0.0,True
2020-01-08 10:20:01.800,-0.064579888128,0.073304830208,0.019369992192,-26.2034998016,-31.7365001984,26.0534991616,52.539513,-1.426903,17.461277757155553,0.0,True
2020-01-08 10:20:01.900,0.082739994624,-0.199885203456,0.033915106304,-25.9670001152,-31.9429997568,25.09000064,52.539513,-1.426903,17.431638879288887,0.0,True
2020-01-08 10:20:02.000,0.057884924416,-0.325139381504,0.09904967552,-26.0734998016,-31.7145004032,25.86499968,52.539513,-1.426903,17.42338890808889,0.0,True
2020-01-08 10:20:02.100,-0.05427505024,0.410694634752,-0.2439996249599999,-25.88500032,-32.1464995584,25.4204999168,52.539513,-1.426903,17.440347185777778,0.0,True
2020-01-08 10:20:02.200,-0.0899498675199999,-0.08160003072,0.219029850368,-26.2064995584,-31.6545004032,25.3670002432,52.539513,-1.426903,17.402736157155555,0.0,True
2020-01-08 10:20:02.300,0.0842299924479999,-0.19687531776,0.071660219136,-25.6485001216,-32.0954995968,25.7185001216,52.539513,-1.426903,17.45638885688889,0.0,True
2020-01-08 10:20:02.400,0.041259859456,-0.4311591989759999,0.274604624128,-25.88500032,-31.5419999232,25.76749952,52.539513,-1.426903,17.419888914488887,0.0,True
2020-01-08 10:20:02.500,-0.1654152239739966,0.5364572273407824,-0.1877816848926481,-26.31909094200181,-31.47787892500757,25.18606080901119,52.539513,-1.426903,17.44176763288647,0.0,True
2020-01-08 10:20:02.600,-0.1855078625000317,0.045214881720321,0.0024791978323629,-26.46980204343892,-31.650396014508367,25.60930699995691,52.539513,-1.426903,17.375165017310287,0.0,True
2020-01-08 10:20:02.700,0.262789827584,0.267154865408,-0.104630096128,-26.9534998016,-31.4955002368,26.002499200000003,52.539513,-1.426903,17.37911109902222,0.0,True
2020-01-08 10:20:02.800,0.0372650147839999,0.080554966528,-0.213909921536,-26.6990000384,-31.84750016,24.9955002368,52.539513,-1.426903,17.360930546488888,0.0,True
2020-01-08 10:20:02.900,0.068420049152,0.08290019968,-0.103294972672,-26.71249984,-32.0419999232,25.3760002816,52.539513,-1.426903,17.339305514666666,0.0,True
2020-01-08 10:20:03.000,0.1107908261554255,0.2442359876292605,-0.0209392271908026,-26.604545833020875,-31.864242149984875,25.787878925007565,52.539513,-1.426903,17.2908922772234,0.0,True
2020-01-08 10:20:03.100,0.0026188246297502,-0.2606791593056058,0.1823940248041345,-27.129801942052715,-31.508118855045613,26.03009902897364,52.539513,-1.426903,17.313283821662797,0.0,True
2020-01-08 10:20:03.200,0.081764881664,0.066634657536,-0.0430347240959999,-26.7259996416,-31.9180002048,26.2560002816,52.539513,-1.426903,17.251402754133334,0.0,True
2020-01-08 10:20:03.300,-0.0595149322239999,-0.3396747929599999,0.2750247936,-26.28750016,-32.03999936,26.6014998784,52.539513,-1.426903,17.21895832888889,0.0,True
2020-01-08 10:20:03.400,0.02104995968,-0.1138402096639999,0.0343801428479999,-26.4339997184,-31.2740003584,26.4204999168,52.539513,-1.426903,17.200763836444445,0.0,True
2020-01-08 10:20:03.500,-0.034015006464,-0.39890002816,0.2317950328319999,-26.0509999616,-31.71249984,26.3385001216,52.539513,-1.426903,17.12811109831111,0.0,True
2020-01-08 10:20:03.600,-0.0275090362769866,-0.4237393484674919,0.2303240792409992,-26.084848792016945,-31.5560608090112,26.41515120798305,52.539513,-1.426903,17.116835037556697,0.0,True
2020-01-08 10:20:03.700,0.063688,-0.463256,0.08182,-26.5104,-31.8012,26.06,52.539513,-1.426903,17.155955555555554,0.0,True
2020-01-08 10:20:03.800,0.081648,-0.6978880000000001,0.4043279999999999,-26.3204,-31.5296,26.6404,52.539513,-1.426903,17.167277777777777,0.0,True
2020-01-08 10:20:03.900,-0.0153386182581343,0.8913721461684887,-0.6398454641080169,-26.65990097102636,-31.930296985534724,26.44811885504561,52.539513,-1.426903,17.028160063608578,121.36609022373273,True
2020-01-08 10:20:04.000,-0.024389881344,0.0619861493759999,-0.1146506368,-26.57500032,-31.6065001984,26.65999936,52.53940304953088,-1.42660644873472,17.019597271466665,121.36532839593916,True
2020-01-08 10:20:04.100,0.110429902848,1.49632460672,-0.918969823232,-26.8304992768,-31.8234998016,25.8760002816,52.53878,-1.424926,17.0714999424,0.0,True
2020-01-08 10:20:04.200,0.0471578138131304,0.9522574970456584,-0.6964879232724537,-25.84272717399456,-31.49333309198669,26.22121201699425,52.53878,-1.424926,17.00076601414004,0.0,True
2020-01-08 10:20:04.300,0.3837168116066925,0.8197118743520788,-0.7292603732026127,-25.74861389852762,-31.14059407245565,26.071089115937657,52.53878,-1.424926,17.02799504629829,0.0,True
2020-01-08 10:20:04.400,0.238920100352,0.642444488192,-0.4740947281919999,-26.1065001984,-31.28750016,26.09249984,52.53878,-1.424926,16.988777725155558,0.0,True
2020-01-08 10:20:04.500,0.3581749401599999,-0.016344910592,-0.115860011776,-26.33249984,-31.4909999616,25.8229997568,52.53878,-1.424926,16.92413891128889,0.0,True
2020-01-08 10:20:04.600,0.2016239633946095,0.1008545398596914,-0.1276060465092224,-26.168485024009684,-31.48696986700938,25.5575759660115,52.53878,-1.424926,16.945555525387224,0.0,True
2020-01-08 10:20:04.700,-0.1879405674078843,0.0999148563737703,-0.0801366174014209,-26.44,-31.72940592754435,25.908514869553976,52.53878,-1.424926,16.886083600246593,0.0,True
2020-01-08 10:20:04.800,0.01832492672,0.09694981248,0.057220004352,-26.3739997184,-31.7055003648,26.0134998016,52.53878,-1.424926,16.816263881244442,0.0,True
2020-01-08 10:20:04.900,-0.0931364148128227,-0.1482666527892345,0.0738333725521632,-26.180303683036,-32.1324240339885,25.75,52.53878,-1.424926,16.809436038972887,0.0,True
2020-01-08 10:20:05.000,-0.144268,-0.13144,0.132372,-27.0188,-31.7204,25.7404,52.53878,-1.424926,16.831255555555554,0.0,True
2020-01-08 10:20:05.100,-0.010913870139482,-0.1777881327449554,0.1490019978151273,-26.18970301446528,-31.22940592754435,25.680495043482008,52.53878,-1.424926,16.840442789455494,0.0,True
2020-01-08 10:20:05.200,-0.072494949632,-0.2683198878719999,0.264119860992,-26.5419999232,-31.27000064,25.7230003968,52.53878,-1.424926,16.801958341688888,0.0,True
2020-01-08 10:20:05.300,0.0129455216837031,-0.1469152511254942,0.1017576563344443,-26.449090942001817,-32.092727173994554,26.15606026598124,52.53878,-1.424926,16.813350169416726,0.0,True
2020-01-08 10:20:05.400,0.1079603904382672,-0.2328653033601922,0.1797148219024614,-26.5,-31.90990097102636,25.649009913035982,52.53878,-1.424926,16.808839380034634,0.0,True
2020-01-08 10:20:05.500,0.054489972224,0.0981548679679999,-0.067939998464,-26.5090000384,-31.7214998784,25.6944997632,52.53878,-1.424926,16.784027811555557,0.0,True
2020-01-08 10:20:05.600,0.0297050516479999,-0.063984943616,-0.0812750656,-26.5509999616,-31.5885001216,25.41750016,52.53878,-1.424926,16.830722230044444,0.0,True
2020-01-08 10:20:05.700,0.105215029504,-0.084665407744,-0.098184700416,-26.4714998784,-31.7965001984,25.6194999552,52.53878,-1.424926,16.835694421333333,0.0,True
2020-01-08 10:20:05.800,0.097659800576,-0.430209163776,0.208664611584,-26.31,-31.9669996032,25.5795000832,52.53878,-1.424926,16.79808330382222,0.0,True
2020-01-08 10:20:05.900,-0.180340056064,0.619679740928,-0.276989871104,-26.2919999232,-31.40249984,25.793500441600003,52.53878,-1.424926,16.772722281244445,0.0,True
2020-01-08 10:20:06.000,-0.180804684288,0.234439824384,-0.104914996224,-26.2170001152,-31.22750016,26.41750016,52.53878,-1.424926,16.84511108551111,0.0,True
2020-01-08 10:20:06.100,0.1858647754239999,-0.005445028352,-0.08819995008,-26.4360002816,-31.4670001152,26.6104999168,52.53878,-1.424926,16.808861101511113,0.0,True
2020-01-08 10:20:06.200,-0.117635022336,-0.0185448952319999,-0.030420036352,-26.69749952,-31.6485001216,26.4069996032,52.53878,-1.424926,16.796527779555557,0.0,True
2020-01-08 10:20:06.300,-0.1334363134472317,0.0727361903604426,-0.0654120731073466,-26.050909057998183,-31.77212107499244,25.92696986700938,52.53878,-1.424926,16.812988266530596,0.0,True
2020-01-08 10:20:06.400,-0.053328711305322,-0.2165911026003026,0.0364851659311942,-26.0,-31.50138610147238,26.12029698553473,52.53878,-1.424926,16.889568205314944,0.0,True
2020-01-08 10:20:06.500,-0.035519980032,-0.233489589504,0.124254751488,-26.11250048,-31.2455002368,25.78750016,52.53878,-1.424926,16.867194402844444,0.0,True
2020-01-08 10:20:06.600,-0.0032249753599999,0.272054830848,-0.191744940032,-26.6659996416,-31.6260002816,25.9069996032,52.53878,-1.424926,16.810611105422222,0.0,True
2020-01-08 10:20:06.700,0.04547506816,0.135690376704,-0.165635228416,-26.2080000768,-31.92499968,25.45500032,52.53878,-1.424926,16.81234726186667,0.0,True
2020-01-08 10:20:06.800,0.162295112192,0.542609601536,-0.437124864,-26.1884994816,-31.53750016,25.9355002368,52.53878,-1.424926,16.837541549511112,0.0,True
2020-01-08 10:20:06.900,0.2260724187329818,0.2413856738355239,-0.3433033445473328,-25.669697584033884,-31.84393973401876,26.22121201699425,52.53878,-1.424926,16.69650678672513,0.0,True
2020-01-08 10:20:07.000,-0.2804594244812194,1.561395076939455,-0.8533208072369471,-26.41247511602384,-32.35099008696401,25.95227715946276,52.53878,-1.424926,16.78835259178338,0.0,True
2020-01-08 10:20:07.100,-0.3235965631375753,1.4440654092506446,-0.7862629335512349,-25.39484879201694,-32.18333309198669,25.43606080901119,52.53878,-1.424926,16.82895617791385,0.0,True
2020-01-08 10:20:07.200,0.313956,-0.303944,0.16602,-25.9404,-31.7508,25.6396,52.53878,-1.424926,16.746488888888887,0.0,True
2020-01-08 10:20:07.300,0.284984,0.464312,-0.363556,-26.3308,-31.4992,25.18,52.53878,-1.424926,16.734277777777777,0.0,True
2020-01-08 10:20:07.400,-0.064337597552537,-0.773066234845931,0.469483102215035,-26.400396014508367,-31.79099008696401,25.821089115937657,52.53878,-1.424926,16.752995040665724,0.0,True
2020-01-08 10:20:07.500,0.132659902976,-0.074155659008,-0.003969655552,-26.1704999168,-31.61499968,25.8319997952,52.53878,-1.424926,16.668847179377778,0.0,True
2020-01-08 10:20:07.600,0.0466486399685559,-0.9087937923918918,0.4310908279655253,-25.99333309198669,-31.21727282600545,25.617575966011497,52.53878,-1.424926,16.61829968630682,0.0,True
2020-01-08 10:20:07.700,0.2149801526369284,-0.5021682032590595,0.2123405349642993,-25.65960398549164,-31.360495043482008,25.97960398549164,52.53878,-1.424926,16.644251919085924,0.0,True
2020-01-08 10:20:07.800,-0.155329956608,0.363089629184,-0.22579975552,-25.8985001216,-31.3295000832,26.0864995584,52.53878,-1.424926,16.591263881244444,0.0,True
2020-01-08 10:20:07.900,-0.087844957952,-0.025269555712,0.047914782464,-26.0134998016,-31.4955002368,25.53750016,52.53878,-1.424926,16.587236137244446,0.0,True
2020-01-08 10:20:08.000,-0.0519394661239814,0.5636636322497731,-0.2474394172512858,-25.76818188400363,-31.856969867009376,25.693939190988807,52.53878,-1.424926,16.615126237943084,0.0,True
2020-01-08 10:20:08.100,-0.1227603701610266,0.5211177988548429,-0.3070564505704241,-25.860495043482008,-32.091485130446024,25.329306898570707,52.53878,-1.424926,16.56774751892472,0.0,True
2020-01-08 10:20:08.200,0.10387504128,0.343735063296,-0.3922098293759999,-25.77249984,-31.9670001152,25.1170002432,52.53878,-1.424926,16.513805533866666,0.0,True
2020-01-08 10:20:08.300,0.1219877458826693,0.3661179585176833,-0.1037815943876561,-25.550909057998183,-32.016969323979424,25.53393973401876,52.53878,-1.424926,16.49030304950106,0.0,True
2020-01-08 10:20:08.400,-0.0830455442031171,0.0849376644674309,0.1272316101903272,-25.509504956518,-31.56831691299289,25.91267317397112,52.53878,-1.424926,16.529989005229556,0.0,True
2020-01-08 10:20:08.500,-0.100665087744,0.351679682048,-0.42474974464,-25.5885001216,-32.13749952,25.13,52.53878,-1.424926,16.566555485155554,0.0,True
2020-01-08 10:20:08.600,-0.162209765376,-0.0447248896,-0.107530093568,-25.7214998784,-31.5840003584,25.1570001152,52.53878,-1.424926,16.480263919644443,0.0,True
2020-01-08 10:20:08.700,0.114044849152,0.0602748224,-0.144304626688,-25.6920005632,-31.9384994816,25.27249984,52.53878,-1.424926,16.514194414933332,0.0,True
2020-01-08 10:20:08.800,-0.079594971392,-0.10367469312,0.264889630464,-26.4865001984,-31.3430003968,25.1080002048,52.53878,-1.424926,16.475750003199998,0.0,True
2020-01-08 10:20:08.900,-0.026809936896,0.175079450368,-0.151034680576,-26.8430003968,-31.8054997248,25.41750016,52.53878,-1.424926,16.493333390222222,0.0,True
2020-01-08 10:20:09.000,0.04342494208,-0.4879847144959999,0.255319923712,-27.29499968,-31.36499968,25.66750016,52.53878,-1.424926,16.552722153244446,0.0,True
2020-01-08 10:20:09.100,-0.022489953024,-0.164705238528,0.1616950328319999,-26.8054997248,-30.8739997184,25.84249984,52.53878,-1.424926,16.453277744355553,0.0,True
2020-01-08 10:20:09.200,0.0448242602509832,-0.4800151461397035,0.2096485005908683,-26.3157571259752,-30.480302958996067,25.59212107499244,52.53878,-1.424926,16.405563961027113,0.0,True
2020-01-08 10:20:09.300,0.0586811794256978,-0.3578939872912394,0.171821742778134,-25.54079202901673,-30.499901072412563,25.31980194205272,52.53878,-1.424926,16.38329207689355,0.0,True
2020-01-08 10:20:09.400,-0.032860079616,0.163029643008,-0.102234759936,-25.2805006848,-31.1704999168,25.0660002816,52.53878,-1.424926,16.372763926755557,0.0,True
2020-01-08 10:20:09.500,-0.12644994816,-0.1858494655999999,0.162989771264,-26.2080000768,-31.0885001216,25.47750016,52.53878,-1.424926,16.40113879537778,0.0,True
2020-01-08 10:20:09.600,-0.066780039168,0.502779909888,-0.159535079936,-26.3009999616,-31.3160002816,25.6329997568,52.53878,-1.424926,16.281902798933334,0.0,True
2020-01-08 10:20:09.700,-0.0658347740159999,0.332954786048,-0.2389248857599999,-26.21249984,-31.6044996352,25.3385001216,52.53878,-1.424926,16.30308330382222,0.0,True
2020-01-08 10:20:09.800,0.195734835456,0.062690059264,-0.0954500352,-25.9909999616,-30.9984994816,25.5195000832,52.53878,-1.424926,16.27213892408889,0.0,True
2020-01-08 10:20:09.900,-0.021164993024,0.0750697169919999,-0.0950997990399999,-26.0240003584,-30.4510006016,25.63,52.53878,-1.424926,16.31138885688889,0.0,True
2020-01-08 10:20:10.000,0.0011800558079999,-0.302630007808,0.176780021248,-26.4054995968,-31.21249984,25.5819997952,52.53878,-1.424926,16.25463882808889,0.0,True
2020-01-08 10:20:10.100,0.058544928512,-0.281589865984,0.18504991488,-25.90750016,-31.0555002368,25.2919999232,52.53878,-1.424926,16.19309730417778,0.0,True
2020-01-08 10:20:10.200,-0.011844895232,-0.128485106176,0.075390014464,-26.12,-31.3805000448,25.2365001984,52.53878,-1.424926,16.279611015822223,0.0,True
2020-01-08 10:20:10.300,0.109554924288,-0.18939965824,0.048069801472,-26.04499968,-31.5420004352,25.4069996032,52.53878,-1.424926,16.154263894044444,0.0,True
2020-01-08 10:20:10.400,-0.0294243815276725,0.2459393267462938,-0.1845089783537918,-25.68666690801331,-32.07303013299062,24.98303067602057,52.53878,-1.424926,16.160479795694318,0.0,True
2020-01-08 10:20:10.500,-0.2307227634837313,0.0936672961060094,0.0056158517328169,-26.06,-31.81,25.61069310142929,52.53878,-1.424926,16.137626500410192,0.0,True
2020-01-08 10:20:10.600,-0.1642879051714552,-0.1515696552276976,0.1031697421124899,-26.088787983005748,-31.81,25.793636050982755,52.53878,-1.424926,16.054991654865105,0.0,True
2020-01-08 10:20:10.700,-0.1593653175542606,-0.1582238075081552,0.1881920888345909,-26.240495043482007,-31.870198057947285,25.43990107241256,52.53878,-1.424926,16.16012375805422,0.0,True
2020-01-08 10:20:10.800,0.0799699845119999,-0.510964890624,0.25554994304,-26.1044996352,-32.1044996352,26.0639997184,52.53878,-1.424926,16.12584723057778,0.0,True
2020-01-08 10:20:10.900,0.0280210985237342,-0.3297150212428146,0.1556271848551532,-25.76242475802844,-31.71545489101906,25.56727228297549,52.53878,-1.424926,16.106346690577222,0.0,True
2020-01-08 10:20:11.000,-0.1420762340601879,-0.1815703308485264,0.0592089359264544,-26.44118804352509,-32.25,25.08752488397616,52.53878,-1.424926,15.947849293070622,0.0,True
2020-01-08 10:20:11.100,-0.133665091584,-0.398454715648,0.236204859648,-25.9045004032,-32.2680000768,26.0309993216,52.53878,-1.424926,16.000652711822223,0.0,True
2020-01-08 10:20:11.200,-0.235544915712,-0.053470139392,0.090255172608,-26.3544996352,-32.2769996032,25.24250048,52.53878,-1.424926,15.923097265066666,0.0,True
2020-01-08 10:20:11.300,-0.103934916096,-0.205269857792,0.28057483392,-25.8429998848,-31.7034998016,25.9070001152,52.53878,-1.424926,15.972791635911111,0.0,True
2020-01-08 10:20:11.400,-0.009585072896,-0.04100010496,0.051344963072,-25.7740003584,-31.4580000768,25.94749952,52.53878,-1.424926,15.925944418844443,0.0,True
2020-01-08 10:20:11.500,-0.0948349506559999,-0.105414680064,-0.045820205312,-26.2304999168,-31.4564995584,25.3009999616,52.53878,-1.424926,15.872319360711113,0.0,True
2020-01-08 10:20:11.600,-0.0375879087916549,0.2551512821971509,-0.2496209627662463,-26.08212107499244,-30.945757850015127,25.32575785001513,52.53878,-1.424926,15.76064814647213,0.0,True
2020-01-08 10:20:11.700,-0.0608554308786888,-0.0224751951050741,0.0613910417685809,-25.89059407245565,-31.360495043482008,25.691386101472386,52.53878,-1.424926,15.743490089780298,0.0,True
2020-01-08 10:20:11.800,0.0729676797895783,0.3797204759586184,-0.3071763852845361,-26.220588899653144,-31.318823555986125,25.406470667958377,52.53878,-1.424926,15.667990201737787,0.0,True
2020-01-08 10:20:11.900,0.1375814365568241,0.2028884918686956,-0.1621050727621098,-27.28154732308277,-31.361958797168693,25.417938749980205,52.53878,-1.424926,15.68413800740377,0.0,True
2020-01-08 10:20:12.000,0.1119759999999999,0.492216,-0.314552,-25.7404,-31.3996,24.4104,52.53878,-1.424926,15.686544444444444,0.0,True
2020-01-08 10:20:12.100,-0.042516,0.567976,-0.426664,-25.1096,-31.790000000000003,24.1096,52.53878,-1.424926,15.521555555555555,0.0,True
2020-01-08 10:20:12.200,0.1247702913079073,0.0323336799896586,-0.1956059163918678,-25.44920797098327,-31.420693101429293,25.148910985448545,52.53878,-1.424926,15.51583607850559,0.0,True
2020-01-08 10:20:12.300,0.0654899517439999,0.1590099458559999,0.01562503552,-25.83249984,-31.6614998784,25.8739997184,52.53878,-1.424926,15.475013897244445,0.0,True
2020-01-08 10:20:12.400,0.0303351234559999,0.096910041856,0.0079597660159999,-25.69500032,-31.46249984,25.5465001984,52.53878,-1.424926,15.497027824355554,0.0,True
2020-01-08 10:20:12.500,0.18687496832,0.133764920064,-0.257079804928,-26.0929998848,-31.36250048,25.81,52.53878,-1.424926,15.545097163377777,0.0,True
2020-01-08 10:20:12.600,0.146855008768,0.073590196224,-0.040855182848,-25.8739997184,-31.9714998784,25.7919999232,52.53878,-1.424926,15.466194441244443,0.0,True
2020-01-08 10:20:12.700,0.1174240937217979,0.2674118794266638,-0.2413513618415438,-25.40454510898094,-31.5736355079528,25.7460608090112,52.53878,-1.424926,15.460303024360782,0.0,True
2020-01-08 10:20:12.800,-0.1049009852204262,-0.0739979991432865,-0.0080019826071969,-25.08861399991382,-30.30861389852761,26.15980204343892,52.53878,-1.424926,15.458371841784578,0.0,True
2020-01-08 10:20:12.900,-0.065365005824,0.0667098613759999,0.000735123456,-26.2785001216,-30.7610006016,26.6329997568,52.53878,-1.424926,15.484361057422223,121.0180259309726,True
2020-01-08 10:20:13.000,-0.073640002304,-0.09969992448,0.138539888384,-26.51500032,-31.4939997184,26.1224992,52.5386794995712,-1.42465119882752,15.410347210666666,121.01732389742426,True
2020-01-08 10:20:13.100,-0.0575938702261849,-0.0336425482068375,0.0246486091968586,-26.90212107499244,-31.1775759660115,25.15545489101906,52.53811,-1.423094,15.398324927861774,0.0,True
2020-01-08 10:20:13.200,0.0112239999999999,-0.229672,0.194024,-26.6388,-31.5592,25.6996,52.53811,-1.423094,15.417433333333333,0.0,True
2020-01-08 10:20:13.300,-0.1378098684260552,-0.2064920503078338,0.0413999797227594,-26.37,-31.79079202901673,25.71990097102636,52.53811,-1.423094,15.40464245451491,0.0,True
2020-01-08 10:20:13.400,0.1236799508479999,0.000684850176,-0.0755597736959999,-26.3609999616,-31.3805000448,25.71000064,52.53811,-1.423094,15.337430616888888,0.0,True
2020-01-08 10:20:13.500,0.047149952,-0.131009712896,0.185519831552,-26.2169996032,-31.4670001152,26.3829992448,52.53811,-1.423094,15.402555485866667,0.0,True
2020-01-08 10:20:13.600,0.0071122070547348,0.2356484318070744,-0.0622152384547953,-25.71727282600545,-31.65787892500757,25.35121201699425,52.53811,-1.423094,15.328771111725972,0.0,True
2020-01-08 10:20:13.700,0.140892,0.146112,-0.166412,-25.8812,-31.8108,25.27,52.53811,-1.423094,15.415355555555555,0.0,True
2020-01-08 10:20:13.800,0.1453461538461538,0.1209846153846153,-0.0443999999999999,-25.88153846153846,-31.45230769230769,25.80538461538461,52.53811,-1.423094,15.317115384615384,0.0,True
2020-01-08 10:20:13.900,0.1271958670488195,0.1248597448971512,-0.1788195420500071,-25.590927855457554,-31.204845370619623,26.385566974394703,52.53811,-1.423094,15.32122280108171,0.0,True
2020-01-08 10:20:14.000,0.0381818550420331,-0.3486028431496771,0.2720453153323214,-25.81,-31.32969704100393,26.019697041003933,52.53811,-1.423094,15.36724740344051,0.0,True
2020-01-08 10:20:14.100,0.0938376228990877,-0.086870314626734,0.0631316872438414,-25.90980204343892,-31.40990097102636,26.149009913035982,52.53811,-1.423094,15.266449400962436,0.0,True
2020-01-08 10:20:14.200,0.0699649290239999,-0.1440246144,0.042009764096,-26.4294999552,-31.2680000768,26.2409999616,52.53811,-1.423094,15.318319450311114,0.0,True
2020-01-08 10:20:14.300,-0.034710044416,0.341984888576,-0.2374148554239999,-26.44500032,-31.44500032,26.22750016,52.53811,-1.423094,15.331027798755555,0.0,True
2020-01-08 10:20:14.400,-0.095545007872,0.191869990912,-0.07045010688,-26.75749952,-31.8609999616,26.4204999168,52.53811,-1.423094,15.351555524266665,0.0,True
2020-01-08 10:20:14.500,-0.0972849628159999,0.1586949099519999,-0.17534984192,-26.0929998848,-31.7814998784,26.2544997632,52.53811,-1.423094,15.30970833208889,0.0,True
2020-01-08 10:20:14.600,-0.026494908672,0.054610066176,0.021039942144,-25.9204999168,-31.6860002816,25.9955002368,52.53811,-1.423094,15.317513929244445,0.0,True
2020-01-08 10:20:14.700,0.0877649699839999,0.1352699691519999,-0.074685080576,-25.81,-32.0690000384,26.27249984,52.53811,-1.423094,15.359694395733335,0.0,True
2020-01-08 10:20:14.800,0.077672835055945,0.0790726721469594,-0.1628514469162363,-25.76303013299062,-32.08212107499244,26.06,52.53811,-1.423094,15.306658291363437,0.0,True
2020-01-08 10:20:14.900,0.216122754358973,0.0131425865141142,-0.0656960449242264,-25.549108942009628,-31.850990086964018,26.04099008696401,52.53811,-1.423094,15.354210659829858,0.0,True
2020-01-08 10:20:15.000,0.059944974592,0.11492499584,-0.111035003136,-25.8670002432,-31.78750016,25.9865001984,52.53811,-1.423094,15.273333390222222,0.0,True
2020-01-08 10:20:15.100,0.027010003456,0.076969861632,-0.09787492608,-26.0579994368,-31.9429997568,26.2034998016,52.53811,-1.423094,15.336597169777777,0.0,True
2020-01-08 10:20:15.200,0.0033271703743545,-0.0555422386797648,-0.0066848737713947,-25.367575966011497,-31.71545489101906,25.98696986700938,52.53811,-1.423094,15.27999162972483,0.0,True
2020-01-08 10:20:15.300,-0.1285445376915882,0.233923763912088,-0.0534673315911804,-25.650396014508367,-32.1311880435251,26.20089105799037,52.53811,-1.423094,15.355563807970025,0.0,True
2020-01-08 10:20:15.400,0.005669972992,0.1950947793919999,-0.064169871872,-25.5045002752,-31.5285001216,25.9580000768,52.53811,-1.423094,15.353472156444445,0.0,True
2020-01-08 10:20:15.500,-0.012942361766554,-0.0542634783912867,0.056014970560019,-25.766969323979428,-31.57636322497731,26.01303013299062,52.53811,-1.423094,15.271708774473339,0.0,True
2020-01-08 10:20:15.600,0.068244,0.1454599999999999,-0.173612,-25.1196,-30.9896,25.8908,52.53811,-1.423094,15.298877777777777,0.0,True
2020-01-08 10:20:15.700,-0.032628,-0.061476,0.070224,-24.7804,-31.2196,26.6092,52.53811,-1.423094,15.275211111111112,0.0,True
2020-01-08 10:20:15.800,-0.125491082323062,-0.0064188682258174,-0.0019415627669308,-25.008118855045613,-31.08059407245565,26.490495043482007,52.53811,-1.423094,15.268795381238878,0.0,True
2020-01-08 10:20:15.900,-0.0581908714079215,-0.481784859290596,0.2121880047269464,-25.456363949017245,-31.08545416697913,26.40212107499244,52.53811,-1.423094,15.262600936051472,0.0,True
2020-01-08 10:20:16.000,0.0193158537605409,-0.3862306219283148,0.3111583551102448,-25.99861389852762,-30.539603985491635,26.22960398549164,52.53811,-1.423094,15.159936751203047,0.0,True
2020-01-08 10:20:16.100,0.1231575821203509,0.1451997646870208,-0.1596362247523395,-26.32969704100393,-30.63636322497731,26.31727228297549,52.53811,-1.423094,15.22166666163861,0.0,True
2020-01-08 10:20:16.200,0.1126118682689066,-0.0898494232392385,-0.0121267753357784,-26.459009913035985,-30.07920797098327,25.59990097102636,52.53811,-1.423094,15.197431232695699,0.0,True
2020-01-08 10:20:16.300,-0.011465067264,0.5556448312319999,-0.343609888256,-26.4669996032,-30.6785007616,25.51500032,52.53811,-1.423094,15.116458360888888,0.0,True
2020-01-08 10:20:16.400,-0.057029813248,0.35077508224,-0.227045135872,-25.9670001152,-31.69,25.9490000384,52.53811,-1.423094,15.136847153066666,0.0,True
2020-01-08 10:20:16.500,0.16332488192,0.44754994688,-0.3821348917759999,-26.0929998848,-31.6614998784,26.07500032,52.53811,-1.423094,15.057458386488888,0.0,True
2020-01-08 10:20:16.600,0.0299901002239999,0.342094851072,-0.221134926336,-25.9294999552,-31.4159996416,26.46249984,52.53811,-1.423094,15.11618050488889,0.0,True
2020-01-08 10:20:16.700,0.158963621389174,0.1504666889912313,-0.1246636413002723,-25.9275759660115,-30.9960608090112,26.203030132990623,52.53811,-1.423094,15.036935983664279,0.0,True
2020-01-08 10:20:16.800,0.1252494982650286,0.1510197804481777,-0.0945177978409808,-26.09158405803346,-31.19118804352509,25.97960398549164,52.53811,-1.423094,14.97871287680816,0.0,True
2020-01-08 10:20:16.900,0.049804917248,-0.007044904192,0.060284804096,-25.2409999616,-30.6635004416,26.15249984,52.53811,-1.423094,15.018833307022224,0.0,True
2020-01-08 10:20:17.000,-0.0627060700405203,0.080957433692164,-0.1443997990789177,-25.23696986700938,-31.15454510898094,26.04454583302088,52.53811,-1.423094,14.974797946887072,0.0,True
2020-01-08 10:20:17.100,-0.0687772223222002,-0.096297002770378,0.1201583865399677,-25.509504956518,-30.63108911593766,26.679108942009627,52.53811,-1.423094,14.941006611506943,0.0,True
2020-01-08 10:20:17.200,-0.0338350440959999,0.060394705152,-0.093084861696,-25.59750016,-30.6614998784,26.8934998016,52.53811,-1.423094,15.016361044622222,0.0,True
2020-01-08 10:20:17.300,-0.074759924736,-0.255719677952,0.079079950848,-25.8760002816,-30.5555002368,26.5639997184,52.53811,-1.423094,14.938847268266667,0.0,True
2020-01-08 10:20:17.400,0.005369915392,0.0846396272639999,0.054015171584,-26.2304999168,-30.98250048,26.26500032,52.53811,-1.423094,15.001208338488887,0.0,True
2020-01-08 10:20:17.500,-0.127430087168,-0.33772468992,0.2323097884159999,-26.0929998848,-31.5929998848,26.5579994368,52.53811,-1.423094,15.008930559288888,0.0,True
2020-01-08 10:20:17.600,-0.195469796352,-0.03795047808,0.010355251968,-25.9114998784,-31.5045002752,25.8385001216,52.53811,-1.423094,15.00938886968889,0.0,True
2020-01-08 10:20:17.700,0.0742499968,-0.6780000217600001,0.3528900336639999,-25.6929997568,-31.8234998016,25.9714998784,52.53811,-1.423094,14.988388908088888,0.0,True
2020-01-08 10:20:17.800,0.038964867584,-0.612159595776,0.362184848896,-25.33249984,-31.5134998016,25.8385001216,52.53811,-1.423094,15.013763888355555,0.0,True
2020-01-08 10:20:17.900,-0.16060010112,-0.13852526976,0.187810112256,-25.2145004032,-31.2214998784,26.0945004032,52.53811,-1.423094,15.021013922844444,0.0,True
2020-01-08 10:20:18.000,-0.26047485312,-0.378479495168,0.262619683072,-25.6839997184,-31.0795000832,26.5444996352,52.53811,-1.423094,15.062027760355555,0.0,True
2020-01-08 10:20:18.100,-0.07755005184,0.207789640704,-0.097204739328,-25.3670002432,-31.22750016,26.06,52.53811,-1.423094,15.042805572266666,0.0,True
2020-01-08 10:20:18.200,-0.103589817344,-0.167204563968,0.192254757888,-25.6990000384,-31.3739997184,26.0419999232,52.53811,-1.423094,15.087500096000001,0.0,True
2020-01-08 10:20:18.300,0.0997877368321701,0.3454452139667303,-0.1293909094200181,-25.82575785001513,-31.084848792016945,25.95818188400364,52.53811,-1.423094,15.205151479498033,0.0,True
2020-01-08 10:20:18.400,-0.0832692837825164,0.0653713454709515,-0.1400703034742517,-26.180296985534724,-31.48079202901673,26.129703014465274,52.53811,-1.423094,15.153960398549163,0.0,True
2020-01-08 10:20:18.500,0.086454896128,0.434544488192,-0.120089684224,-25.8190000384,-31.13500032,26.4339997184,52.53811,-1.423094,15.193166744177777,0.0,True
2020-01-08 10:20:18.600,-0.05780002688,-0.24955001856,0.263539847424,-25.9180002048,-31.5314998784,26.0134998016,52.53811,-1.423094,15.292944430933332,0.0,True
2020-01-08 10:20:18.700,-0.105365050624,-0.241514860544,0.045479934208,-26.1419997952,-31.3609999616,25.7409999616,52.53811,-1.423094,15.283541703111112,0.0,True
2020-01-08 10:20:18.800,-0.166854975488,-0.069590056704,0.0049601999359999,-25.8429998848,-31.3940003584,25.802500480000003,52.53811,-1.423094,15.336902798933334,0.0,True
2020-01-08 10:20:18.900,-0.12222494848,-0.157980055808,0.256444940032,-25.69,-31.8429998848,26.4685001216,52.53811,-1.423094,15.38958343822222,0.0,True
2020-01-08 10:20:19.000,-0.0388302488370108,-0.2437364057623235,0.1701939154786809,-25.73696986700938,-31.73696986700938,26.63,52.53811,-1.423094,15.52846801194436,0.0,True
2020-01-08 10:20:19.100,0.0417366315954893,-0.2543415495867245,0.0979366113182487,-26.03009902897364,-31.93980194205272,26.590396014508364,52.53811,-1.423094,15.530379540658542,0.0,True
2020-01-08 10:20:19.200,0.0048999168,0.0099698910719999,-0.059804873728,-26.1239997184,-31.5644997632,26.4070001152,52.53811,-1.423094,15.56113892337778,0.0,True
2020-01-08 10:20:19.300,-0.105840001024,-0.0796797652479999,0.071959846656,-25.7214998784,-31.2965001984,26.4954997248,52.53811,-1.423094,15.610111124622222,0.0,True
2020-01-08 10:20:19.400,-0.097689959424,0.20307487616,-0.116519935232,-25.59750016,-31.5419999232,26.2605005568,52.53811,-1.423094,15.650097316266667,0.0,True
2020-01-08 10:20:19.500,-0.039089979904,0.05307506176,-0.043490055424,-25.7814998784,-31.4490000384,26.84999936,52.53811,-1.423094,15.77454166471111,0.0,True
2020-01-08 10:20:19.600,0.000706108052617,0.1292514939788321,-0.1174181829700635,-25.60181811599637,-31.56666690801331,26.09545489101906,52.53811,-1.423094,15.773459601444749,0.0,True
2020-01-08 10:20:19.700,0.0804207960844648,0.1001752498536236,-0.1234613888388998,-25.509504956518,-31.711881043568187,26.59990097102636,52.53811,-1.423094,15.779876236313214,0.0,True
2020-01-08 10:20:19.800,0.0866968708545481,0.0729119518306574,-0.1173271685642546,-25.49333309198669,-30.56666690801331,26.430909057998186,52.53811,-1.423094,15.782230688030442,0.0,True
2020-01-08 10:20:19.900,-0.0463663240657895,-0.2059237730368462,0.0778277443344122,-25.100990086964018,-30.97960398549164,26.34990097102636,52.53811,-1.423094,15.834282163857567,0.0,True
2020-01-08 10:20:20.000,0.0807425029543415,-0.2320724983773748,0.2001149397883217,-25.084848792016945,-31.29303067602057,26.14303013299062,52.53811,-1.423094,15.721170060029234,0.0,True
2020-01-08 10:20:20.100,0.2008366326093513,0.0961306766768644,-0.1079465223265092,-25.629703014465274,-31.860495043482008,25.938613898527617,52.53811,-1.423094,15.760052254026512,0.0,True
2020-01-08 10:20:20.200,0.16942490368,0.013855235328,-0.034285126656,-25.9909999616,-31.7814998784,26.2695000832,52.53811,-1.423094,15.74729165511111,0.0,True
2020-01-08 10:20:20.300,0.0210302289259126,0.2920210876631353,-0.18527266490656,-25.920302958996068,-31.59272717399456,26.40727282600545,52.53811,-1.423094,15.72361108094278,0.0,True
2020-01-08 10:20:20.400,-0.080007912179271,0.1186366457895577,-0.098590105213532,-25.72128707249874,-31.379801942052715,26.531485130446026,52.53811,-1.423094,15.674744223028242,0.0,True
2020-01-08 10:20:20.500,-0.0236788453631706,0.1913605012942213,-0.126205972295129,-25.31666690801331,-31.050909057998183,26.40727282600545,52.53811,-1.423094,15.651397264192116,0.0,True
2020-01-08 10:20:20.600,-0.0800138407374832,0.051715855788265,-0.0200158608575752,-25.678910884062343,-31.03009902897364,26.45227715946276,52.53811,-1.423094,15.596232129625639,0.0,True
2020-01-08 10:20:20.700,0.100315030784,0.17087500032,-0.166059933696,-25.6485001216,-31.19,25.95500032,52.53811,-1.423094,15.626916568177778,0.0,True
2020-01-08 10:20:20.800,0.1217449169919999,0.154364927744,-0.06119992832,-25.7259996416,-31.26500032,26.4070001152,52.53811,-1.423094,15.517527869155556,0.0,True
2020-01-08 10:20:20.900,0.045205143808,0.097520166912,-0.00897518336,-25.2214998784,-31.7170001152,26.5795000832,52.53811,-1.423094,15.615055453866667,0.0,True
2020-01-08 10:20:21.000,0.202419855872,0.26647477504,-0.21267483008,-25.09750016,-31.8519999232,26.5579994368,52.53811,-1.423094,15.464249932800001,0.0,True
2020-01-08 10:20:21.100,0.0289849135935912,0.0278971876220201,-0.023333464867255,-25.443333816026623,-31.65454510898094,25.867575966011497,52.53811,-1.423094,15.371506721360413,0.0,True
2020-01-08 10:20:21.200,0.1103574134858857,0.2993999584316568,-0.1931841371147007,-26.08069300004309,-31.21980204343892,26.12029698553473,52.53811,-1.423094,15.357489002413272,0.0,True
2020-01-08 10:20:21.300,-0.0130550881279999,-0.0242598940159999,-0.015035001856,-25.5285001216,-31.7214998784,25.90000064,52.53811,-1.423094,15.365361019022222,0.0,True
2020-01-08 10:20:21.400,-0.0916756184723274,0.0721968093111535,0.0002879431835518,-25.699090942001817,-31.56909094200181,26.796969867009377,52.53811,-1.423094,15.243939397139066,0.0,True
2020-01-08 10:20:21.500,0.0850366092905247,-0.1704821747847444,0.1059039642005317,-25.80861389852761,-31.53128707249874,26.92217813048911,52.53811,-1.423094,15.234807471825198,0.0,True
2020-01-08 10:20:21.600,-0.095134896896,-0.15700006528,0.140785012736,-26.15750016,-31.1170002432,26.22750016,52.53811,-1.423094,15.159541664711112,0.0,True
2020-01-08 10:20:21.700,0.0025725852621671,-0.2593212686731192,0.1737152094931979,-26.34272717399456,-31.47787892500757,26.48696986700938,52.53811,-1.423094,15.146632959303496,0.0,True
2020-01-08 10:20:21.800,-0.1576148137915651,-0.2240593281643267,0.1622355794601691,-26.15990097102636,-31.629801942052715,26.789603985491635,52.53811,-1.423094,15.08638063647442,121.36505157835684,True
2020-01-08 10:20:21.900,0.1486878436280607,0.3811513455506453,-0.3284574065406664,-26.009090942001816,-31.300909057998183,26.953030132990623,52.53801393904618,-1.4228349081529483,15.053484777634981,121.36439471797156,True
2020-01-08 10:20:22.000,0.0934603955075773,0.1523208133201193,-0.0997930902768096,-26.06,-31.31970301446528,26.69,52.537476,-1.421384,14.951985703700512,0.0,True
2020-01-08 10:20:22.100,0.121415138304,0.261414705664,-0.228109797376,-26.0134998016,-31.6704999168,26.65249984,52.537476,-1.421384,14.987333300622222,0.0,True
2020-01-08 10:20:22.200,0.326910093056,-0.083689804544,-0.0163902448639999,-25.7590000384,-31.5419999232,26.3934998016,52.537476,-1.421384,14.939388869688887,0.0,True
2020-01-08 10:20:22.300,0.3964240466592021,0.1814454746211073,-0.3180544602152985,-25.75393919098881,-31.33545416697913,26.13909094200181,52.537476,-1.421384,14.889814727661859,0.0,True
2020-01-08 10:20:22.400,0.1186138772365162,0.2391297198445749,-0.1966871353581847,-25.48910894200963,-30.75,26.199504956517995,52.537476,-1.421384,14.771325642908218,0.0,True
2020-01-08 10:20:22.500,0.216534850816,0.304204674048,-0.194304752128,-25.7590000384,-30.6179994368,26.3445004032,52.537476,-1.421384,14.841097149866666,0.0,True
2020-01-08 10:20:22.600,0.0555213465074123,-0.0562451922455323,0.074793721797998,-25.74333309198669,-29.84272717399456,26.83151497599032,52.537476,-1.421384,14.730311394635956,0.0,True
2020-01-08 10:20:22.700,0.2220059143641437,0.2495395406191148,-0.196738572634343,-25.350990086964018,-29.61079202901673,26.50138610147238,52.537476,-1.421384,14.649639714975219,0.0,True
2020-01-08 10:20:22.800,0.018975072,-0.2101296954879999,0.100734794496,-25.25,-29.22750016,26.1329997568,52.537476,-1.421384,14.654013871644445,0.0,True
2020-01-08 10:20:22.900,0.1030999583677036,0.1159057768043463,-0.1208967839697558,-25.16515120798305,-29.44,25.85848502400968,52.537476,-1.421384,14.615791190330274,0.0,True
2020-01-08 10:20:23.000,0.0403158426080586,-0.2965019633438183,0.1527920705850744,-24.74861389852762,-29.46851486955397,26.01118804352509,52.537476,-1.421384,14.530792079709833,0.0,True
2020-01-08 10:20:23.100,0.0325969106767446,-0.1605333526410649,0.0901212469519211,-25.06909094200181,-29.78212179903237,25.417878925007564,52.537476,-1.421384,14.526834987276146,0.0,True
2020-01-08 10:20:23.200,-0.0497336576846939,-0.2162059569463489,0.1485148543460463,-25.249901072412563,-30.74861389852762,25.590396014508364,52.537476,-1.421384,14.482343235104183,0.0,True
2020-01-08 10:20:23.300,-0.007020020992,-0.28294969984,0.13372483456,-25.94,-31.0509999616,25.3319997952,52.537476,-1.421384,14.472263817955556,0.0,True
2020-01-08 10:20:23.400,-0.032634990336,0.052489730304,-0.046369830912,-25.9204999168,-30.9804999168,25.1830005248,52.537476,-1.421384,14.371888862577777,0.0,True
2020-01-08 10:20:23.500,-0.0175499904,-0.229694675712,0.13079979776,-25.8385001216,-30.9180002048,25.8604999168,52.537476,-1.421384,14.330944418844444,0.0,True
2020-01-08 10:20:23.600,-0.0081750144,0.188039944704,-0.124539943424,-26.0090000384,-31.2545002752,25.8340003584,52.537476,-1.421384,14.28856940871111,0.0,True
2020-01-08 10:20:23.700,-0.034695031552,0.160185194496,-0.093605188608,-26.0690000384,-31.6019999232,26.3205000448,52.537476,-1.421384,14.231486070044445,0.0,True
2020-01-08 10:20:23.800,-0.069954971648,0.398084912896,-0.309164850944,-26.0644997632,-31.57500032,26.4070001152,52.537476,-1.421384,14.176652776533333,0.0,True
2020-01-08 10:20:23.900,-0.042935045376,0.272244956672,-0.101734959616,-25.75,-31.9534998016,26.48499968,52.537476,-1.421384,14.171833319822223,0.0,True
2020-01-08 10:20:24.000,-0.094379962368,0.245720132352,-0.087520168192,-25.7590000384,-31.7080000768,26.0885001216,52.537476,-1.421384,14.145972188444443,0.0,True
2020-01-08 10:20:24.100,-0.05055002624,0.330644612352,-0.25922477952,-25.7439997184,-31.7814998784,26.3160002816,52.537476,-1.421384,14.093277744355555,0.0,True
2020-01-08 10:20:24.200,-0.090755022848,-0.146564839424,0.0420600360959999,-25.33249984,-31.6395000832,26.65249984,52.537476,-1.421384,14.033472156444445,0.0,True
2020-01-08 10:20:24.300,-0.083914841344,0.0451149079039999,0.090810003456,-25.2430005248,-31.7680000768,26.3934998016,52.537476,-1.421384,13.957486159644446,0.0,True
2020-01-08 10:20:24.400,0.0927998769132108,-0.0172300859280252,0.0771878128563634,-25.87333309198669,-31.88969704100393,26.043636050982755,52.537476,-1.421384,14.0183249027215,0.0,True
2020-01-08 10:20:24.500,-0.076277214211304,0.2970554318925509,-0.0600633886817512,-25.490495043482007,-32.00950495651799,25.54099008696401,52.537476,-1.421384,13.96716444687208,0.0,True
2020-01-08 10:20:24.600,-0.0216352501759999,0.202415084544,-0.222034891776,-25.59000064,-32.02249984,25.4204999168,52.537476,-1.421384,13.78368047288889,0.0,True
2020-01-08 10:20:24.700,-0.33859993472,0.292079903488,-0.0856800314879999,-26.316999475200003,-31.81,25.31,52.537476,-1.421384,13.695972316444447,0.0,True
2020-01-08 10:20:24.800,-0.2107180327317768,0.1987334594369555,-0.1546819165854276,-25.60181811599637,-31.847878925007564,25.31,52.537476,-1.421384,13.794132898966836,0.0,True
2020-01-08 10:20:24.900,0.0223712886946779,0.3579187891445792,-0.2653158152337839,-25.57920797098327,-32.001386101472384,25.389207970983268,52.537476,-1.421384,13.650008255230755,0.0,True
2020-01-08 10:20:25.000,0.0181599260159999,0.202355149568,-0.039914980864,-25.9159996416,-31.7455002368,25.73499968,52.537476,-1.421384,13.676611067022224,0.0,True
2020-01-08 10:20:25.100,-0.083970016512,0.39042495488,-0.0728352488959999,-25.552500480000003,-31.9759996416,25.3205000448,52.537476,-1.421384,13.615180543288888,0.0,True
2020-01-08 10:20:25.200,-0.0763998932041094,0.2488027345436868,-0.3312179205055867,-26.16121201699425,-31.546969867009377,25.30424214998488,52.537476,-1.421384,13.591944419304168,0.0,True
2020-01-08 10:20:25.300,0.085936,-0.15558,0.044264,-25.8992,-31.8804,24.9488,52.537476,-1.421384,13.54358888888889,0.0,True
2020-01-08 10:20:25.400,0.0265910610319594,0.0739375924832269,-0.1047306918847948,-25.488811956474905,-32.200891057990376,25.34009902897364,52.537476,-1.421384,13.49626512801839,0.0,True
2020-01-08 10:20:25.500,-0.191279925248,-0.161194884352,-0.0306297262079999,-26.12,-31.9490000384,25.5660002816,52.537476,-1.421384,13.491513814755557,0.0,True
2020-01-08 10:20:25.600,-0.073804922368,-0.067600256,0.342690041344,-26.0929998848,-31.9909999616,25.7989993984,52.537476,-1.421384,13.393055555555556,0.0,True
2020-01-08 10:20:25.700,0.020059960576,-0.3802248832,0.346239780864,-25.9114998784,-31.8919997952,24.8964995584,52.537476,-1.421384,13.38493052088889,0.0,True
2020-01-08 10:20:25.800,-0.0442412124345569,-0.22136469463254,0.0563764741314834,-25.914706378407683,-31.703823781868195,24.329117704636605,52.537476,-1.421384,13.328594740238408,0.0,True
2020-01-08 10:20:25.900,-0.1091622605874424,-0.192191863891414,0.08657338484687,-26.79571455440268,-32.10642887370302,24.50632629071189,52.537476,-1.421384,13.264540832053333,0.0,True
2020-01-08 10:20:26.000,-0.068589947904,-0.137084974336,0.199094828032,-26.4795007232,-31.5134998016,24.94,52.537476,-1.421384,13.23986112711111,0.0,True
2020-01-08 10:20:26.100,-0.004440021504,-0.069954859008,-0.029540001024,-27.4114998784,-31.1659996416,24.82749952,52.537476,-1.421384,13.24611104711111,0.0,True
2020-01-08 10:20:26.200,-0.031544993792,0.123720027392,-0.056190107904,-27.3535004416,-30.7545002752,24.3310006016,52.537476,-1.421384,13.157027760355556,0.0,True
2020-01-08 10:20:26.300,-0.028040020224,0.143329928448,-0.15734982016,-27.8454995968,-31.1109999616,25.2605005568,52.537476,-1.421384,13.129263869155555,0.0,True
2020-01-08 10:20:26.400,-0.057285010176,0.058710044416,0.045244845312,-27.3760002816,-31.1260002816,26.0,52.537476,-1.421384,13.090597169066669,0.0,True
2020-01-08 10:20:26.500,-0.038129860608,0.081954847488,-0.137699904,-27.59999936,-31.53750016,26.0090000384,52.537476,-1.421384,13.022083342222222,0.0,True
2020-01-08 10:20:26.600,0.128819922432,-0.115394977792,0.0076050759679999,-26.7965001984,-31.71249984,26.1080002048,52.537476,-1.421384,13.017097150577777,0.0,True
2020-01-08 10:20:26.700,0.018314968064,-0.09737504896,0.112220015872,-26.94749952,-31.5465001984,26.3229997568,52.537476,-1.421384,12.904861038222222,0.0,True
2020-01-08 10:20:26.800,-0.03677505408,-0.1493799444479999,0.121554949888,-26.3190000384,-31.8190000384,26.0285001216,52.537476,-1.421384,12.782263778844444,0.0,True
2020-01-08 10:20:26.900,-0.123135062016,-0.081090023424,0.077440095744,-26.3895000832,-31.8805000448,26.1434998016,52.537476,-1.421384,12.609860999111111,0.0,True
2020-01-08 10:20:27.000,-0.182444901632,-0.0859948881919999,0.177494884352,-26.5090000384,-31.94,25.8694999552,52.537476,-1.421384,12.414277577955556,0.0,True
2020-01-08 10:20:27.100,-0.073310091776,0.04427492224,0.042020077312,-26.6260002816,-31.8454995968,25.7634998016,52.537476,-1.421384,12.115013744355554,0.0,True
2020-01-08 10:20:27.200,-0.1865749632,-0.0176448235519999,0.116559879936,-27.03750016,-31.3670002432,25.6410006016,52.537476,-1.421384,11.880305373155554,0.0,True
2020-01-08 10:20:27.300,-0.1259575332476552,0.1227602659812422,0.0107971640907221,-27.15454510898094,-31.632424033988503,26.32636322497731,52.537476,-1.421384,11.599713665909011,0.0,True
2020-01-08 10:20:27.400,-0.0856732834682192,-0.3727732479830482,0.2843950323295254,-26.591485130446024,-31.40980204343892,25.808811956474905,52.537476,-1.421384,11.337783248408309,0.0,True
2020-01-08 10:20:27.500,-0.178654819328,-0.20999999744,0.13837499136,-26.59000064,-31.9114998784,26.3364995584,52.537476,-1.421384,11.050485955555555,0.0,True
2020-01-08 10:20:27.600,0.054894972672,-0.22250006784,0.132105022208,-27.289999360000003,-31.7304999168,25.71249984,52.537476,-1.421384,10.791388664888888,0.0,True
2020-01-08 10:20:27.700,0.0046949406719999,-0.276734846976,0.139459905536,-26.4490000384,-31.6109999616,25.5465001984,52.537476,-1.421384,10.431221954844444,0.0,True
2020-01-08 10:20:27.800,-0.0633272337278489,-0.0890606623931071,0.0345758320641085,-26.509090942001816,-31.693333816026623,25.82969704100393,52.537476,-1.421384,10.0648736966922,0.0,True
2020-01-08 10:20:27.900,-0.0171307020234151,-0.1355821524797797,0.1161841371147007,-26.59960398549164,-32.31009892758744,25.91940592754435,52.537476,-1.421384,9.94905112159895,0.0,True
2020-01-08 10:20:28.000,-0.086229974528,0.0671499443199999,-0.043454919168,-26.7634998016,-31.5644997632,25.9045004032,52.537476,-1.421384,9.612680319288888,0.0,True
2020-01-08 10:20:28.100,-0.046759975936,0.0060400547839999,0.055394963712,-26.4804999168,-31.3160002816,26.3934998016,52.537476,-1.421384,9.25313869368889,0.0,True
2020-01-08 10:20:28.200,-0.0129435599647176,0.0627900611357253,0.0005316673932659,-26.295742398588708,-31.66178211146371,26.08247513509677,52.537476,-1.421384,8.96166934072099,0.0,True
2020-01-08 10:20:28.300,-0.0020171737545187,-0.0189455269731432,-0.0360171838393868,-25.940706561370305,-31.437778225994133,25.801515212635564,52.537476,-1.421384,8.742298229372997,0.0,True
2020-01-08 10:20:28.400,-0.002160007936,0.0369999782399999,-0.025394998272,-26.3895000832,-31.2295007232,25.7409999616,52.537476,-1.421384,8.516652712533332,0.0,True
2020-01-08 10:20:28.500,-0.015055010048,0.008190000384,-0.0266100149759999,-26.4804999168,-32.1239997184,25.7830003968,52.537476,-1.421384,8.396833191822223,0.0,True
2020-01-08 10:20:28.600,-0.02307497728,0.010380007168,-0.038954967808,-26.2859996416,-31.7409999616,26.2079995648,52.537476,-1.421384,8.168555383466666,0.0,True
2020-01-08 10:20:28.700,0.004234987776,0.021565007104,0.000619986432,-25.9510006016,-31.7455002368,25.6570001152,52.537476,-1.421384,7.9195832462222215,0.0,True
2020-01-08 10:20:28.800,-0.011459997696,0.0336250112,-0.022695022592,-26.5909993216,-32.013499801600005,25.7919999232,52.537476,-1.421384,7.768513737955556,0.0,True
2020-01-08 10:20:28.900,-0.0105212198004235,0.0492272753601452,-0.0492908967493192,-25.632424033988503,-31.82575785001513,25.821818659026324,52.537476,-1.421384,7.540319764911128,0.0,True
2020-01-08 10:20:29.000,-0.0230178221736694,0.0558188134772679,-0.0311029708692092,-25.44940602893056,-32.25,26.491881144954387,52.537476,-1.421384,7.339543425541269,0.0,True
2020-01-08 10:20:29.100,-0.0188757306985175,0.0618969432585417,-0.0338393864795885,-26.2460608090112,-32.17424214998487,26.11939390099788,52.537476,-1.421384,7.0595453151312,0.0,True
2020-01-08 10:20:29.200,0.0208306918847948,0.0287465395621636,-0.0269257455054228,-26.50138610147238,-31.81970301446528,26.04099008696401,52.537476,-1.421384,6.820918577303741,0.0,True
2020-01-08 10:20:29.300,0.0094909039897186,0.0589151117478065,-0.0420454203181121,-26.15212107499244,-32.14151497599032,25.949090942001817,52.537476,-1.421384,6.6699746427997795,0.0,True
2020-01-08 10:20:29.400,0.0043722789844144,0.0087584230390007,-0.0007118885461471,-26.047722840537247,-31.860495043482008,26.03009902897364,52.537476,-1.421384,6.461938914671963,0.0,True
2020-01-08 10:20:29.500,0.0171049914879999,0.053694934272,-0.049469944832,-26.5554997248,-31.7634998016,26.2365001984,52.537476,-1.421384,6.169110907022222,0.0,True
2020-01-08 10:20:29.600,0.006670003712,-0.0223199518719999,0.01232495104,-26.2170001152,-31.5465001984,26.5660002816,52.537476,-1.421384,5.866555421155556,0.0,True
2020-01-08 10:20:29.700,0.0075049825279999,0.025054929408,-0.042184955136,-26.3805000448,-31.8760002816,26.761499238400003,52.537476,-1.421384,5.628930303288889,0.0,True
2020-01-08 10:20:29.800,-0.0110199800319999,-0.058859958016,0.0154499916799999,-26.44,-32.1554995968,25.82500032,52.537476,-1.421384,5.2573053994666665,0.0,True
2020-01-08 10:20:29.900,0.0132499904,-0.010135030016,0.005990006784,-26.4294999552,-31.6109999616,26.2319999232,52.537476,-1.421384,4.992083086222222,0.0,True
2020-01-08 10:20:30.000,0.00282500992,-0.047569989632,0.0161250048,-26.3234998016,-31.5419999232,26.0444996352,52.537476,-1.421384,4.612888671288888,0.0,True
2020-01-08 10:20:30.100,0.01067497728,-0.0301849845759999,0.0208649930239999,-26.1065001984,-31.4865001984,25.5134998016,52.537476,-1.421384,4.291805418666667,0.0,True
2020-01-08 10:20:30.200,-0.015239981824,-0.00902499712,0.010564995584,-26.33249984,-31.6929997568,25.4090006784,52.537476,-1.421384,4.0582497792,0.0,True
2020-01-08 10:20:30.300,0.0055211998893253,-0.0015484716292708,0.0039727246398547,-26.15787892500757,-31.48363677502269,26.206969323979425,52.537476,-1.421384,3.7098651202667687,0.0,True
2020-01-08 10:20:30.400,-0.0144297036227824,0.0146702943494934,0.0022287143469081,-26.311386101472383,-32.0011880435251,25.590396014508364,52.537476,-1.421384,3.361507125619477,0.0,True
2020-01-08 10:20:30.500,-0.018909995776,-0.0028199787519999,0.011929988608,-26.0,-31.3805000448,25.41750016,52.537476,-1.421384,3.092902529422222,0.0,True
2020-01-08 10:20:30.600,-0.014755006208,0.0205249791999999,-0.0032,-25.9429997568,-31.47750016,25.6390000384,52.537476,-1.421384,2.737388779377778,0.0,True
2020-01-08 10:20:30.700,-0.022909999616,-0.004594989312,-0.002329996288,-25.6019999232,-31.6614998784,25.7365001984,52.537476,-1.421384,2.5604443100444443,0.0,True
2020-01-08 10:20:30.800,-0.02262500096,0.0078899927039999,0.001954997248,-25.5180000768,-31.5285001216,25.9909999616,52.537476,-1.421384,2.353444322844444,121.42797027015428,True
2020-01-08 10:20:30.900,-0.022909995776,0.0021150167039999,-0.001684999936,-25.58249984,-31.7455002368,25.94,52.53742559978496,-1.42124839942144,2.171402690133333,121.4276215852238,True
2020-01-08 10:20:31.000,-0.0161299950079999,0.0227249932799999,-0.001885001216,-25.4180002048,-32.1260002816,25.9955002368,52.53714,-1.42048,2.0369999232,0.0,True
2020-01-08 10:20:31.100,-0.010640004864,0.0130649968639999,-0.00560000896,-25.6614998784,-32.3679994368,26.3205000448,52.53714,-1.42048,1.9171665905777777,0.0,True
2020-01-08 10:20:31.200,-0.015779994368,0.007894995712,-0.013614983424,-25.4909999616,-31.65750016,26.2569994752,52.53714,-1.42048,1.7981110343111109,0.0,True
2020-01-08 10:20:31.300,-0.0098303085703055,0.0026242439600847,0.0063848411895976,-25.47787892500757,-31.85181811599637,25.57969704100393,52.53714,-1.42048,1.6802019626079343,0.0,True
2020-01-08 10:20:31.400,-0.0160237608705019,0.005316831883933,-0.0022069289865688,-25.71851486955397,-31.68980194205272,25.59019795656108,52.53714,-1.42048,1.5643124142617717,0.0,True
2020-01-08 10:20:31.500,-0.003490000384,0.0062499968,0.0092949880319999,-25.8519999232,-31.29499968,25.09750016,52.53714,-1.42048,1.415069415111111,0.0,True
2020-01-08 10:20:31.600,-0.004420001792,0.001639998464,-0.005594995712,-25.71249984,-30.9180002048,25.3580002048,52.53714,-1.42048,1.3496943317333334,0.0,True
2020-01-08 10:20:31.700,-0.007355002368,0.002165010944,0.002110008576,-25.4429997568,-31.1419997952,25.5639997184,52.53714,-1.42048,1.1870832782222223,0.0,True
2020-01-08 10:20:31.800,-0.0090302977097065,0.0160484824898699,0.0114999927596006,-25.253333816026625,-30.945757850015127,25.19,52.53714,-1.42048,1.0822389426603467,0.0,True
2020-01-08 10:20:31.900,-0.0015920797098326,0.0123841584058033,-0.0021871302888746,-25.93980194205272,-31.40009902897364,25.25970301446528,52.53714,-1.42048,0.8953190257687116,0.0,True
2020-01-08 10:20:32.000,-0.0057242421499848,0.0135575803102511,-0.0144757542298154,-25.668485024009684,-31.597878925007564,25.64818188400363,52.53714,-1.42048,0.8219191123845021,0.0,True
2020-01-08 10:20:32.100,-0.0069792089848452,0.0181920776821086,-0.0076999989861379,-25.96851486955397,-31.83059407245565,25.680296985534724,52.53714,-1.42048,0.6802310112794967,0.0,True
2020-01-08 10:20:32.200,-0.014129992448,0.005910002176,-0.00347501824,-26.0644997632,-31.8829997568,25.34750016,52.53714,-1.42048,0.5725277411555555,0.0,True
2020-01-08 10:20:32.300,-0.005360005376,0.00722499328,-0.021354972928,-25.8160002816,-31.5885001216,25.5044997632,52.53714,-1.42048,0.5060554794666666,0.0,True
2020-01-08 10:20:32.400,-0.007639979264,0.0031450206719999,0.01077498368,-26.07749952,-31.7214998784,25.19,52.53714,-1.42048,0.40349999360000005,0.0,True
2020-01-08 10:20:32.500,0.01599998336,0.025994980352,-0.009039992064,-25.5240003584,-31.4384994816,25.1329997568,52.53714,-1.42048,0.391249984,0.0,True
2020-01-08 10:20:32.600,-0.0042060537496218,0.006506084521319,-0.0010454637605082,-26.009090942001816,-30.901515700030256,24.838787983005748,52.53714,-1.42048,0.3554376577193144,0.0,True
2020-01-08 10:20:32.700,0.004016,0.035724,-0.0102119999999999,-26.0408,-31.6092,25.04,52.53714,-1.42048,0.26464444444444446,0.0,True
2020-01-08 10:20:32.800,-0.004292,3.999999999999664e-06,0.007636,-26.0488,-31.0012,25.29,52.53714,-1.42048,0.21015555555555554,0.0,True
2020-01-08 10:20:32.900,0.0133801952191336,0.021857422610644,-0.0299494992788906,-26.512277159462755,-31.72960398549164,25.52059407245565,52.53714,-1.42048,0.1665676489581582,0.0,True
2020-01-08 10:20:33.000,-0.0076099893759999,0.0001150192639999,0.012859979776,-25.97750016,-31.8454995968,25.63,52.53714,-1.42048,0.08773605404444444,0.0,True
2020-01-08 10:20:33.100,0.0040454456595098,0.0190333091986688,-0.009878772959177,-26.14151497599032,-31.338787983005748,25.58151497599032,52.53714,-1.42048,0.01438553072270964,0.0,True
2020-01-08 10:20:33.200,-0.0057396014508365,-0.0136584129003804,0.0085425713061837,-25.988811956474905,-31.460396014508365,25.300495043482005,52.53714,-1.42048,0.030123763686785304,0.0,True
2020-01-08 10:20:33.300,0.010154978048,0.0070999833599999,-0.01177498112,-26.6019999232,-31.2590000384,25.2409999616,52.53714,-1.42048,0.03644442453333333,0.0,True
2020-01-08 10:20:33.400,-0.015069983232,-0.0075449681919999,0.011334991616,-26.38749952,-31.27249984,25.26500032,52.53714,-1.42048,0.01316668017777775,0.0,True
2020-01-08 10:20:33.500,0.004289987584,0.026869966592,0.000485001216,-25.82500032,-31.1440003584,25.6704999168,52.53714,-1.42048,0.029444437333333306,0.0,True
2020-01-08 10:20:33.600,-0.009064986624,-0.012684979456,0.0014699973119999,-26.2409999616,-31.5929998848,25.63500032,52.53714,-1.42048,0.01833332622222222,0.0,True
2020-01-08 10:20:33.700,0.0042449809919999,0.009289977344,-0.000239992064,-26.2080000768,-31.4114998784,25.94749952,52.53714,-1.42048,0.009222223644444444,0.0,True
2020-01-08 10:20:33.800,-0.016679981568,-0.01599997952,0.009414996224,-26.31,-31.32500032,25.27249984,52.53714,-1.42048,0.012152782222222222,0.0,True
2020-01-08 10:20:33.900,0.0045149859839999,0.008169987072,0.00282499328,-26.3385001216,-31.6839997184,25.09750016,52.53714,-1.42048,0.017597220266666668,0.0,True
2020-01-08 10:20:34.000,-0.012509993216,-0.005354984448,-0.004089991424,-26.46249984,-31.2439997184,25.3385001216,52.53714,-1.42048,0.013666660977777778,0.0,True
2020-01-08 10:20:34.100,-0.0070151642407019,0.0129818097895371,0.0082848520501966,-26.296969867009377,-30.956363949017245,25.453030132990623,52.53714,-1.42048,0.008973074333904804,0.0,True
2020-01-08 10:20:34.200,-0.0231,0.0025919999999999,0.010424,-26.5008,-31.4992,25.2204,52.53714,-1.42048,0.023399999999999997,0.0,True
2020-01-08 10:20:34.300,-0.0063227736223516,0.0124297005811964,-0.0049554440588952,-26.26920797098327,-31.770396014508364,25.389504956517992,52.53714,-1.42048,0.01706820813122978,0.0,True
2020-01-08 10:20:34.400,-0.016414994944,-0.004794988032,0.006254994688,-26.65249984,-31.5419999232,25.3934998016,52.53714,-1.42048,0.027013884444444417,0.0,True
2020-01-08 10:20:34.500,-0.011065005824,0.008819990272,0.0016600104959999,-26.40249984,-31.4490000384,25.1765001984,52.53714,-1.42048,0.019736105244444444,0.0,True
2020-01-08 10:20:34.600,-0.0175424196897488,-0.0040545452899909,0.0128272626894463,-26.22787892500757,-31.509090942001816,25.524848792016943,52.53714,-1.42048,0.012996636805765639,0.0,True
2020-01-08 10:20:34.700,-0.0115196091226467,-0.0060431400698228,0.0009235339589445,-26.45882355303348,-31.60862751200316,25.91215675251044,52.53714,-1.42048,0.01779956290315519,0.0,True
2020-01-08 10:20:34.800,-0.0162646402167982,-0.0150171455242695,0.0174868439357776,-26.51616124369374,-31.81767632311833,25.502222750886304,52.53714,-1.42048,0.012101572603248222,0.0,True
2020-01-08 10:20:34.900,-0.0134950072319999,0.002679995648,0.0018700088319999,-26.2965001984,-31.4909999616,25.7944996352,52.53714,-1.42048,0.013180556088888889,0.0,True
2020-01-08 10:20:35.000,-0.0211049914879999,-0.005380009728,0.011469990912,-26.48499968,-31.4490000384,25.2829998848,52.53714,-1.42048,0.01613889848888889,0.0,True
2020-01-08 10:20:35.100,-0.0116150077439999,-0.015944989952,0.000735005696,-26.0314998784,-31.3964995584,25.1945002752,52.53714,-1.42048,0.025305540266666666,0.0,True
2020-01-08 10:20:35.200,-0.02032499328,-0.003110002176,0.0094250048,-25.9270002432,-30.9315005184,25.4954997248,52.53714,-1.42048,0.006791674311111083,0.0,True
2020-01-08 10:20:35.300,-0.0119757596601149,-0.004833329109767,0.0119515012192315,-26.230302958996067,-31.56393919098881,25.22393973401876,52.53714,-1.42048,0.018333338361388445,0.0,True
2020-01-08 10:20:35.400,-0.0161663372459958,0.0008445539133806,-0.0044039571034975,-26.15960398549164,-31.22940592754435,25.740495043482007,52.53714,-1.42048,0.023866885266585137,0.0,True
2020-01-08 10:20:35.500,-0.020939998464,-0.002364994304,0.020334987776,-26.3429998848,-31.23250048,25.6704999168,52.53714,-1.42048,0.013611118222222222,0.0,True
2020-01-08 10:20:35.600,-0.0175363586997277,0.0044121183598426,0.0040696968599939,-26.25515175101301,-31.718484299969745,25.62666690801331,52.53714,-1.42048,0.02427609869468814,0.0,True
2020-01-08 10:20:35.700,-0.0099,0.0034851507232638,0.0015237608705019,-26.610495043482008,-31.06801992745817,25.91128707249874,52.53714,-1.42048,0.028074805556752444,0.0,True
2020-01-08 10:20:35.800,-0.008804995328,0.01847498496,-0.009719994112,-26.5795000832,-32.00749952,25.44,52.53714,-1.42048,0.013152782933333333,0.0,True
2020-01-08 10:20:35.900,-0.0009030241596611,0.0021666799407321,-0.0038090978203812,-26.57636322497731,-31.38060609900212,25.571818659026324,52.53714,-1.42048,0.018947807638678777,0.0,True
2020-01-08 10:20:36.000,0.0052891068128993,0.01858118550887,-0.0115851466678157,-26.06831691299289,-31.379801942052715,26.241881144954387,52.53714,-1.42048,0.012747524557287278,0.0,True
2020-01-08 10:20:36.100,-0.009959990016,0.00090001792,0.0021749926399999,-26.75,-31.1065001984,25.8694999552,52.53714,-1.42048,0.011986114844444444,0.0,True
2020-01-08 10:20:36.200,0.0016199928319999,0.0190899760639999,-0.00624999424,-26.75,-31.3054997248,25.8009999616,52.53714,-1.42048,0.019486121955555557,0.0,True
2020-01-08 10:20:36.300,-0.007354543479891,-0.0087908949392194,3.6358699727709375e-05,-26.67424214998488,-30.97787892500757,25.703030132990623,52.53714,-1.42048,0.033888888888888885,0.0,True
2020-01-08 10:20:36.400,-0.0066287143469081,0.0099950475374558,-0.0039247501463763,-26.417920898484528,-31.23910894200963,25.41940592754435,52.53714,-1.42048,0.0323047294692235,0.0,True
2020-01-08 10:20:36.500,-0.01622498816,-0.004264990464,0.0107849794559999,-27.2259996416,-31.4429997568,25.3760002816,52.53714,-1.42048,0.02359722097777775,0.0,True
2020-01-08 10:20:36.600,-0.003920014592,0.0060599900159999,-0.013229986048,-26.7304999168,-31.2145004032,25.71249984,52.53714,-1.42048,0.020444438044444443,0.0,True
2020-01-08 10:20:36.700,-0.0212393864795885,-0.0069424233099485,0.0052545452899909,-26.64878798300575,-31.68333309198669,25.537878925007565,52.53714,-1.42048,0.012112795222255833,0.0,True
2020-01-08 10:20:36.800,-0.011664357680385,-0.0082089126076277,0.0067267337674352,-26.63257414499748,-31.389207970983268,25.70089105799037,52.53714,-1.42048,0.01433168397695264,0.0,True
2020-01-08 10:20:36.900,-0.01894998656,-0.0205449912319999,0.01274998656,-25.76500032,-31.7544997632,25.4865001984,52.53714,-1.42048,0.019736105244444444,0.0,True
2020-01-08 10:20:37.000,-0.0031000072403993,-0.0061878689694584,-0.0046606044699122,-26.274848792016943,-31.44,25.73181811599637,52.53714,-1.42048,0.011355216722104556,0.0,True
2020-01-08 10:20:37.100,-0.0136504946379371,0.0067188104356818,0.0004138630424478,-26.710396014508365,-31.47960398549164,25.63,52.53714,-1.42048,0.00787953784225936,0.0,True
2020-01-08 10:20:37.200,-0.011235004416,-0.005084998656,0.012094990592,-26.4429997568,-31.69,25.6194999552,52.53714,-1.42048,0.008902786133333333,0.0,True
2020-01-08 10:20:37.300,-0.0172363641300272,-0.0062091014405808,0.0019333417804659,-26.18666690801331,-31.64151497599032,25.57060609900212,52.53714,-1.42048,0.019831649222188583,0.0,True
2020-01-08 10:20:37.400,-0.0185069310142929,-0.017557422610644,0.0147782176812468,-26.54099008696401,-31.40960398549164,25.72821788401925,52.53714,-1.42048,0.017656764895815805,0.0,True
2020-01-08 10:20:37.500,-0.021215000064,0.0062249894399999,0.0122349941759999,-26.3919997952,-31.6109999616,26.09999936,52.53714,-1.42048,0.012902785422222222,0.0,True
2020-01-08 10:20:37.600,-0.0202545416697912,-0.0077393937199878,0.004515151570003,-26.13969704100393,-31.455454166979123,25.296969867009377,52.53714,-1.42048,0.023644783277895418,0.0,True
2020-01-08 10:20:37.700,-0.0162217833326151,-0.0079069310142929,0.0043782176812468,-26.240495043482007,-30.93970301446528,25.571089115937657,52.53714,-1.42048,0.024260174316678082,0.0,True
2020-01-08 10:20:37.800,-0.025314997504,-0.007884988416,0.001579993088,-26.2365001984,-31.2919999232,25.6014998784,52.53714,-1.42048,0.0107500032,0.0,True
2020-01-08 10:20:37.900,-0.0208749952,0.005669992192,-0.00467498752,-26.4339997184,-31.2545002752,25.5330003968,52.53714,-1.42048,0.014416664177777778,0.0,True
2020-01-08 10:20:38.000,-0.0124242349095855,0.001890932951316,0.0047030042485629,-26.097878925007564,-31.56393919098881,25.99484824898699,52.53714,-1.42048,0.013215495833753529,0.0,True
2020-01-08 10:20:38.100,-0.004976,0.032832,-0.027248,-26.3596,-31.2292,25.6092,52.53714,-1.42048,0.021799999999999996,0.0,True
2020-01-08 10:20:38.200,-0.020262372031602,0.0061732702880128,0.011657422610644,-26.52178211598075,-31.15009902897364,25.549108942009628,52.53714,-1.42048,0.007068208131229777,0.0,True
2020-01-08 10:20:38.300,0.011669985792,0.026319980032,-0.015410003456,-26.0840003584,-31.31,25.7829998848,52.53714,-1.42048,0.01818055608888889,0.0,True
2020-01-08 10:20:38.400,-0.004409988096,0.0080350351359999,-0.01819999232,-26.5419999232,-31.3565001984,25.5819997952,52.53714,-1.42048,0.018597220977777777,0.0,True
2020-01-08 10:20:38.500,0.009044989952,0.048309972736,-0.011195013632,-26.4294999552,-31.6485001216,25.4045004032,52.53714,-1.42048,0.014986102755555529,0.0,True
2020-01-08 10:20:38.600,-0.003009994496,0.015460014336,-0.028279995648,-26.37,-31.7634998016,25.8829997568,52.53714,-1.42048,0.0040555562666666385,0.0,True
2020-01-08 10:20:38.700,0.005545005312,0.035955006208,-0.022139998464,-26.40750016,-31.4054995968,25.6080002048,52.53714,-1.42048,0.007541677511111083,0.0,True
2020-01-08 10:20:38.800,0.011114993664,0.040644984832,-0.022605010688,-26.6485001216,-30.9180002048,25.8229997568,52.53714,-1.42048,0.022694447644444414,0.0,True
2020-01-08 10:20:38.900,0.001289993984,0.018039989504,-0.0334249856,-26.8295000832,-31.1990000384,25.3964995584,52.53714,-1.42048,0.025319437511111084,0.0,True
2020-01-08 10:20:39.000,-0.006109088769882,0.0052818224602359,-0.0132999963798003,-26.91121201699425,-31.240909057998184,24.96151570003025,52.53714,-1.42048,0.020656582112018724,0.0,True
2020-01-08 10:20:39.100,-0.0016435636236442,0.0173495084036488,-0.009664357680385,-26.72940592754435,-31.209009913035985,25.73079202901673,52.53714,-1.42048,0.03942243800585728,0.0,True
2020-01-08 10:20:39.200,0.0034799956479999,0.038529966848,-0.016229983488,-26.58249984,-31.3009999616,25.31,52.53714,-1.42048,0.00688890168888886,0.0,True
2020-01-08 10:20:39.300,-0.001954998528,-0.001479982848,0.000569978112,-26.29499968,-31.2785001216,25.3385001216,52.53714,-1.42048,0.02197221404444444,0.0,True
2020-01-08 10:20:39.400,-0.000645002752,0.019424992,-0.021959972096,-25.94500032,-31.3454995968,25.4534998016,52.53714,-1.42048,0.012277782755555555,0.0,True
2020-01-08 10:20:39.500,-0.00227499136,0.010060005376,0.008409971456,-26.3895000832,-30.8760002816,25.19,52.53714,-1.42048,0.018472220444444416,0.0,True
2020-01-08 10:20:39.600,0.006289987584,0.013989986304,-0.025119981312,-26.34999936,-31.2304999168,25.2365001984,52.53714,-1.42048,0.016694446933333305,0.0,True
2020-01-08 10:20:39.700,-0.0078088991739559,-0.0003831496130849,0.0003386169908068,-25.592079659139586,-31.1942577896287,25.537128894814348,52.53714,-1.42048,0.019422439413998998,0.0,True
2020-01-08 10:20:39.800,0.0034252314988402,0.0174555211923903,0.0013838161559168,-26.094545238273785,-31.505453572232035,25.66232248738748,52.53714,-1.42048,0.017800238818251858,0.0,True
2020-01-08 10:20:39.900,-0.011765000704,-0.005734994176,-0.009939980544,-26.052500480000003,-30.92250048,25.2320004352,52.53714,-1.42048,0.024430540088888834,0.0,True
2020-01-08 10:20:40.000,-0.009594986752,0.003335005696,0.013754990848,-26.65249984,-31.56,25.7454997248,52.53714,-1.42048,0.0035972209777777498,0.0,True
2020-01-08 10:20:40.100,0.004609985536,0.006039979264,0.000564995584,-26.4204999168,-31.5134998016,25.3514998784,52.53714,-1.42048,0.006319463111111083,0.0,True
2020-01-08 10:20:40.200,-0.012709991936,-0.013789967104,-0.004459996416,-26.4135004416,-31.17499968,25.320500556800003,52.53714,-1.42048,0.03077777635555553,0.0,True
2020-01-08 10:20:40.300,-0.002015000064,0.02517497984,-6.000153599999998e-05,-26.84999936,-30.82500032,26.02249984,52.53714,-1.42048,0.02622221084444444,0.0,True
2020-01-08 10:20:40.400,-0.002310000896,0.0015800135679999,-0.0040800084479999,-26.0555002368,-31.28750016,25.8295000832,52.53714,-1.42048,0.010486108444444446,0.0,True
2020-01-08 10:20:40.500,-0.003109998336,0.020230002688,-0.013664993024,-26.33249984,-31.5180000768,25.94,52.53714,-1.42048,0.006486109155555527,0.0,True
2020-01-08 10:20:40.600,-0.0012750016,0.021714991104,-0.006065007104,-26.23250048,-31.6680002048,25.8364995584,52.53714,-1.42048,0.00434722417777775,0.0,True
2020-01-08 10:20:40.700,-0.003294999552,0.011355006208,-0.0155150000639999,-26.79499968,-31.8454995968,25.3535004416,52.53714,-1.42048,0.008444450844444444,0.0,True
2020-01-08 10:20:40.800,-0.005565012224,0.02057500416,-0.013709991936,-26.3895000832,-31.4420005632,25.9580000768,52.53714,-1.42048,0.01606944071111111,0.0,True
2020-01-08 10:20:40.900,-0.0187393828593888,0.0247666618397337,-0.0052575839304507,-26.5,-32.08545416697912,25.956969323979425,52.53714,-1.42048,0.011405724972281027,0.0,True
2020-01-08 10:20:41.000,-0.0042297046366445,0.0143059386968324,-0.0143831660883428,-26.509504956518,-31.430296985534724,25.38,52.53714,-1.42048,0.013671617552092083,0.0,True
2020-01-08 10:20:41.100,-0.0171306878293467,0.0023059597344695,0.0051316872438414,-26.52287110518565,-31.097128894814347,25.50029761919849,52.53714,-1.42048,0.015170508358869973,0.0,True
2020-01-08 10:20:41.200,-0.0121000086203969,0.0188713828945203,0.0091142795568593,-26.31857149574336,-31.3285715741106,26.01142717201349,52.53714,-1.42048,0.005714291311946028,0.0,True
2020-01-08 10:20:41.300,-0.0180346530437405,-0.0110148482628741,0.0038297026089204,-26.38108911593766,-31.37029698553473,25.02871292750126,52.53714,-1.42048,0.012552256842794193,0.0,True
2020-01-08 10:20:41.400,-0.012654992128,0.013539989504,0.002570007552,-26.4294999552,-31.07500032,25.5,52.53714,-1.42048,0.022652763022222223,0.0,True
2020-01-08 10:20:41.500,-0.002064999424,0.00500002304,0.01079999232,-26.3805000448,-31.5555002368,25.5285001216,52.53714,-1.42048,0.006638904177777749,0.0,True
2020-01-08 10:20:41.600,-0.001164999424,0.034354994688,-0.004455021568,-26.44,-31.8054997248,25.61499968,52.53714,-1.42048,0.026069440711111082,0.0,True
2020-01-08 10:20:41.700,-0.00287501056,0.025229991168,-0.0261549703679999,-26.4294999552,-31.4204999168,25.3490006784,52.53714,-1.42048,0.021236111644444444,0.0,True
2020-01-08 10:20:41.800,-0.0153699934719999,0.016470012672,0.008654980608,-26.4360002816,-31.3385001216,26.0909993216,52.53714,-1.42048,0.020152770133333334,0.0,True
2020-01-08 10:20:41.900,-0.007960005376,0.02527496576,-0.014714989824,-26.8009999616,-31.5090000384,25.19,52.53714,-1.42048,0.009999999999999998,0.0,True
2020-01-08 10:20:42.000,-0.014589997824,-0.0147999769599999,-0.0008399984639999,-26.6659996416,-31.5419999232,25.2740003584,52.53714,-1.42048,0.009541664711111111,0.0,True
2020-01-08 10:20:42.100,-0.0099878725896581,0.0125121093093434,6.363224977309098e-05,-26.265757850015127,-31.41121201699425,25.693939190988807,52.53714,-1.42048,0.007870373722407112,0.0,True
2020-01-08 10:20:42.200,-0.0019049514486821,-0.0071198027531423,-0.004557424638368,-26.69,-31.21990097102636,25.44811885504561,52.53714,-1.42048,0.012571506843991111,0.0,True
2020-01-08 10:20:42.300,-0.009119996672,-0.0104949867519999,0.00297499264,-26.6239997184,-31.09750016,25.7169996032,52.53714,-1.42048,0.00895832888888886,0.0,True
2020-01-08 10:20:42.400,-0.003754995968,0.006514997504,-0.0041899888639999,-26.28750016,-31.2439997184,25.311500518400003,52.53714,-1.42048,0.003805558755555528,0.0,True
2020-01-08 10:20:42.500,0.00039999488,0.004910007296,0.007419986432,-26.5180000768,-30.8985001216,25.9534998016,52.53714,-1.42048,0.008513890844444417,0.0,True
2020-01-08 10:20:42.600,-0.006129998848,0.013939997184,-0.009279994368,-26.6395000832,-31.17250048,25.65249984,52.53714,-1.42048,0.011527779555555555,0.0,True
2020-01-08 10:20:42.700,-0.005185002496,0.011715006464,-0.001394998272,-26.6554995968,-31.8190000384,25.552500480000003,52.53714,-1.42048,0.013013885155555526,0.0,True
2020-01-08 10:20:42.800,-0.007659996416,0.0189649943039999,-0.001935012096,-26.1485001216,-31.8054997248,26.1329997568,52.53714,-1.42048,0.009555561955555528,0.0,True
2020-01-08 10:20:42.900,-0.0033848502400968,0.0127333381602662,-0.0151666564094342,-26.31,-31.4960608090112,25.78272717399455,52.53714,-1.42048,0.017003363194234334,0.0,True
2020-01-08 10:20:43.000,-0.0055613857973137,0.0199623760870501,-0.0020089126076277,-26.34009902897364,-31.77990097102636,25.609405927544348,52.53714,-1.42048,0.011419142109379362,0.0,True
2020-01-08 10:20:43.100,-0.0063600156159999,0.018339998464,-0.014779993088,-26.57500032,-31.58249984,25.5840003584,52.53714,-1.42048,0.012305552355555527,0.0,True
2020-01-08 10:20:43.200,-0.024234987776,0.01795000704,-0.00379999232,-26.96249984,-31.4180002048,26.0134998016,52.53714,-1.42048,0.009555561955555528,0.0,True
2020-01-08 10:20:43.300,-0.0078939390099788,0.0227848321390984,0.0048393882896883,-26.712121074992435,-31.65212107499244,25.740909057998184,52.53714,-1.42048,0.017424240138762807,0.0,True
2020-01-08 10:20:43.400,-0.0093752488397616,-0.0024841584058033,-0.0025376228990877,-26.41128707249874,-31.321188043525098,25.650396014508367,52.53714,-1.42048,0.014240924315481168,0.0,True
2020-01-08 10:20:43.500,-0.01687498496,0.0003600117759999,0.003769996032,-25.97750016,-30.802500480000003,25.4490000384,52.53714,-1.42048,0.014736105244444415,0.0,True
2020-01-08 10:20:43.600,0.000515835470887,0.0107128587795159,-0.0020940608112903,-26.227128800705646,-31.41178211146371,25.48217817566129,52.53714,-1.42048,0.008140816911626362,0.0,True
2020-01-08 10:20:43.700,-0.0113020417978992,-0.011143495260112,-0.0060232285541402,-26.50080764277846,-31.28535328068515,25.43232285541402,52.53714,-1.42048,0.013428743080659972,0.0,True
2020-01-08 10:20:43.800,0.0053696914296944,0.0356393774290893,-0.0088212107499243,-26.84272717399456,-31.462121074992435,25.68333309198669,52.53714,-1.42048,0.0040572396667002495,0.0,True
2020-01-08 10:20:43.900,-0.0024396034785606,0.0127138630424478,-0.0074128717388494,-26.65990097102636,-31.240495043482007,25.34960398549164,52.53714,-1.42048,0.005792079709832667,0.0,True
2020-01-08 10:20:44.000,0.00092499712,0.026419999232,-0.01089999872,-26.5660002816,-31.2545002752,25.5795000832,52.53714,-1.42048,0.009541664711111111,0.0,True
2020-01-08 10:20:44.100,-0.0022849973759999,0.0260450027519999,-0.010160004096,-26.8919997952,-31.6305000448,25.7185001216,52.53714,-1.42048,0.008736118755555555,0.0,True
2020-01-08 10:20:44.200,0.0005484824898699,0.0277605990396127,-0.0161454565201089,-26.554848248987,-31.66121201699425,25.83151497599032,52.53714,-1.42048,0.01813131038873761,0.0,True
2020-01-08 10:20:44.300,-0.00305247521741,0.0186584169558285,-0.0190415840580334,-26.199504956517995,-31.45089105799037,25.639207970983268,52.53714,-1.42048,0.01358085789062061,0.0,True
2020-01-08 10:20:44.400,-0.0037393973401875,0.0261969631696399,-0.0165787820096762,-26.1924240339885,-31.19,26.03272717399455,52.53714,-1.42048,0.01181818136108589,0.0,True
2020-01-08 10:20:44.500,-0.0083439999999999,0.015396,-0.006012,-25.95,-31.23,25.8496,52.53714,-1.42048,0.012355555555555555,0.0,True
2020-01-08 10:20:44.600,-0.0039019795656108,0.0139019815933348,0.0024653469562594,-26.39059407245565,-31.36079202901673,25.58069300004309,52.53714,-1.42048,0.017788778180787914,0.0,True
2020-01-08 10:20:44.700,0.0008848466198971,0.0191908858887202,0.0045302977097065,-26.480302958996067,-30.9960608090112,25.046969867009377,52.53714,-1.42048,0.01223905830561436,0.0,True
2020-01-08 10:20:44.800,-0.0033148523183222,-0.0133891068128993,-0.0027019795656108,-26.23217813048912,-31.19118804352509,25.321089115937657,52.53714,-1.42048,0.015165017310285972,0.0,True
2020-01-08 10:20:44.900,-0.010390000384,0.0015599887359999,0.006695017472,-25.5840003584,-30.67250048,25.3980000768,52.53714,-1.42048,0.019694434844444445,0.0,True
2020-01-08 10:20:45.000,-0.007794986752,-0.012409995776,0.02157496448,-26.0690000384,-31.2919999232,25.53750016,52.53714,-1.42048,0.006944444444444445,0.0,True
2020-01-08 10:20:45.100,0.007489990144,-0.005194993152,-0.019644974592,-26.1109999616,-31.22750016,25.82500032,52.53714,-1.42048,0.007236112355555555,0.0,True
2020-01-08 10:20:45.200,-0.0040545398596914,0.0046575785001512,0.0089484661989713,-26.03121201699425,-31.306666183973377,26.18333309198669,52.53714,-1.42048,0.009057239666700278,0.0,True
2020-01-08 10:20:45.300,0.0021128697111253,0.009676238115636,-0.0187910884062342,-25.93970301446528,-30.59009902897364,25.75138610147238,52.53714,-1.42048,0.008591858293630749,0.0,True
2020-01-08 10:20:45.400,-0.0076349852159999,0.013709999616,-0.0117749951999999,-26.2919999232,-30.8160002816,25.4865001984,52.53714,-1.42048,0.0022777827555555555,0.0,True
2020-01-08 10:20:45.500,0.0141666745104326,0.016184859290596,-0.0090666799407321,-26.114242149984875,-31.22787892500757,25.703030132990623,52.53714,-1.42048,0.008594275027718944,0.0,True
2020-01-08 10:20:45.600,0.0242564343486316,0.0268485110168782,-0.0251960368133302,-25.69,-31.300593971069446,25.379801942052715,52.53714,-1.42048,0.008704621577405973,0.0,True
2020-01-08 10:20:45.700,0.02330004224,0.001840030464,-0.002790004224,-25.7170001152,-30.6260002816,25.1455003648,52.53714,-1.42048,0.01668054968888889,0.0,True
2020-01-08 10:20:45.800,0.07197496832,0.038264982784,-0.010830010368,-25.8429998848,-31.0,25.6570001152,52.53714,-1.42048,0.011472233244444444,0.0,True
2020-01-08 10:20:45.900,0.0189605664578156,0.0132333254895673,-0.02344848067977,-25.65212107499244,-31.02878798300575,25.90545489101906,52.53714,-1.42048,0.02367002483284589,0.0,True
2020-01-08 10:20:46.000,-0.0424267327535732,0.0057099039112262,-0.0208019826071969,-25.428910884062343,-31.199504956517995,26.321188043525098,52.53714,-1.42048,0.009031902576871137,0.0,True
2020-01-08 10:20:46.100,-0.0412969631696399,0.0264424106392496,-0.0384393846694887,-25.38060609900212,-31.22121201699425,25.680909057998186,52.53714,-1.42048,0.004814818166851528,0.0,True
2020-01-08 10:20:46.200,-0.0308990097102635,0.0152851547787119,-0.028995052606766,-25.46851486955397,-31.09960398549164,25.658514869553976,52.53714,-1.42048,0.01158415941966536,0.0,True
2020-01-08 10:20:46.300,-0.0273605990396127,0.0566635960477762,-0.0493030096788624,-25.63060609900212,-31.31909094200181,25.85848502400968,52.53714,-1.42048,0.02058922772233986,0.0,True
2020-01-08 10:20:46.400,-0.0135376218852257,-0.0004405907267109,-0.0170831681160669,-25.709009913035985,-31.320891057990373,26.01118804352509,52.53714,-1.42048,0.022964795894084084,0.0,True
2020-01-08 10:20:46.500,0.002605001728,0.0207949713919999,-0.012654988288,-25.7259996416,-31.1065001984,25.5015005184,52.53714,-1.42048,0.018638891377777776,0.0,True
2020-01-08 10:20:46.600,0.001644986112,-0.016554997248,0.002644998912,-25.2590000384,-31.33249984,26.19,52.53714,-1.42048,0.021361108622222222,0.0,True
